0,0
0.000999999999294232,3.30745684843925e-05
0.00199999999949796,6.73420649668771e-05
0.00299999999970169,0.000113456694228214
0.00399999999990541,0.000171299981585021
0.00499999999919964,0.000240418135867088
0.00599999999940337,0.000320695708317872
0.0069999999996071,0.000412492212582161
0.00799999999981083,0.000515153162614995
0.00900000000001455,0.000627825880097854
0.00999999999930878,0.000750803029284181
0.0109999999995125,0.000883773694688048
0.0119999999997162,0.00102619282893832
0.01299999999992,0.00117848162546952
0.0139999999992142,0.00134092383344304
0.0149999999994179,0.00151315716065087
0.0159999999996217,0.0016946336180544
0.0169999999998254,0.00188464073044746
0.0179999999991196,0.00208258758450222
0.0189999999993233,0.0022876215715209
0.0199999999995271,0.0024990525644995
0.0209999999997308,0.00271635963572892
0.0219999999999345,0.002939332971036
0.0229999999992287,0.00316764698205532
0.0239999999994325,0.00339912166824985
0.0249999999996362,0.00363204629924337
0.0259999999998399,0.00386628955778567
0.0269999999991342,0.00410082987037988
0.0279999999993379,0.00433481926075485
0.0289999999995416,0.00456777526478835
0.0299999999997453,0.00479888908779397
0.0309999999999491,0.00502658378711443
0.0319999999992433,0.00525075449071298
0.032999999999447,0.00547101254015667
0.0339999999996508,0.00568835459603916
0.0349999999998545,0.00590253055345148
0.0359999999991487,0.00611342988595054
0.0369999999993524,0.00632077006304683
0.0379999999995562,0.00652394005575416
0.0389999999997599,0.00672296183422598
0.0399999999999636,0.00691980061202224
0.0409999999992579,0.00711486372419118
0.0419999999994616,0.00730886563121165
0.0429999999996653,0.00750218783792553
0.043999999999869,0.00769531020873662
0.0449999999991633,0.0078888101915847
0.045999999999367,0.00808384726419921
0.0469999999995707,0.00828144874347618
0.0479999999997744,0.00848258928535185
0.0489999999999782,0.00868985393007793
0.0499999999992724,0.00890651010495376
0.0509999999994761,0.00913364773334054
0.0519999999996799,0.00937261245385559
0.0529999999998836,0.00962650765358553
0.0539999999991778,0.00989818207620016
0.0549999999993815,0.0101902790417113
0.0559999999995853,0.010505421469645
0.056999999999789,0.0108474949833015
0.0579999999999927,0.0112205320917034
0.058999999999287,0.0116287295835851
0.0599999999994907,0.0120752099240331
0.0609999999996944,0.0125641062582638
0.0619999999998981,0.0130994450331873
0.0629999999991924,0.0136855780468165
0.0639999999993961,0.0143260630040017
0.0649999999995998,0.0150242927691049
0.0659999999998035,0.0157840625832141
0.0670000000000073,0.0166078089131429
0.0679999999993015,0.0175011113133339
0.0689999999995052,0.0184670719316882
0.069999999999709,0.0195066190542848
0.0709999999999127,0.0206213837265391
0.0719999999992069,0.0218117074717965
0.0729999999994106,0.023076168123975
0.0739999999996144,0.0244124967659402
0.0749999999998181,0.0258179642330961
0.0759999999991123,0.0272886257695813
0.0769999999993161,0.028819180574658
0.0779999999995198,0.0304027567646708
0.0789999999997235,0.0320325484404527
0.0799999999999272,0.0337017796335075
0.0809999999992215,0.0354042716690312
0.0819999999994252,0.0371335350078893
0.0829999999996289,0.0388819824878878
0.0839999999998327,0.0406447269181019
0.0849999999991269,0.0424187890364306
0.0859999999993306,0.04419957804032
0.0869999999995343,0.045983705570537
0.0879999999997381,0.0477687512575979
0.0889999999999418,0.0495541552577905
0.089999999999236,0.0513394387989579
0.0909999999994398,0.0531238042119456
0.0919999999996435,0.0549064514806209
0.0929999999998472,0.0566865599164
0.0939999999991414,0.0584639263908385
0.0949999999993452,0.0602387653480795
0.0959999999995489,0.0620112897825886
0.0969999999997526,0.0637796816326125
0.0979999999999563,0.0655426294713423
0.0989999999992506,0.0672998091618974
0.0999999999994543,0.0690496750211413
0.100999999999658,0.0707916409382815
0.101999999999862,0.072524828262621
0.102999999999156,0.0742474696111996
0.10399999999936,0.0759572674992376
0.104999999999563,0.0776527287165382
0.105999999999767,0.0793312360155483
0.106999999999971,0.0809916301274802
0.107999999999265,0.0826333002508399
0.108999999999469,0.0842543408855378
0.109999999999673,0.0858526785922809
0.110999999999876,0.087427472313053
0.111999999999171,0.0889790229746731
0.112999999999374,0.0905067806288106
0.113999999999578,0.0920103161725862
0.114999999999782,0.0934899532763386
0.115999999999985,0.0949450686924225
0.11699999999928,0.0963768205641653
0.117999999999483,0.097785652821677
0.118999999999687,0.0991714747368926
0.119999999999891,0.100535195338106
0.120999999999185,0.101876336462338
0.121999999999389,0.10319608867707
0.122999999999593,0.104495234899071
0.123999999999796,0.105774094759421
0.125,0.107032761863357
0.125999999999294,0.108271442733819
0.126999999999498,0.1094906748841
0.127999999999702,0.110690163873272
0.128999999999905,0.111868964633531
0.1299999999992,0.113027857838401
0.130999999999403,0.114166781848701
0.131999999999607,0.115285721823259
0.132999999999811,0.116384819354247
0.134000000000015,0.117464031066769
0.134999999999309,0.118522978055169
0.135999999999513,0.119561839803827
0.136999999999716,0.120579873763324
0.13799999999992,0.121576080639568
0.138999999999214,0.122551255822142
0.139999999999418,0.123504907588932
0.140999999999622,0.124435915995838
0.141999999999825,0.125346157679764
0.14299999999912,0.126235377516286
0.143999999999323,0.127104379473439
0.144999999999527,0.127953953235927
0.145999999999731,0.128784264639904
0.146999999999935,0.12959540186898
0.147999999999229,0.13038834730606
0.148999999999432,0.13116360294218
0.149999999999636,0.131922048375835
0.15099999999984,0.132664925940226
0.151999999999134,0.133392170400926
0.152999999999338,0.134103784292726
0.153999999999542,0.134799087736894
0.154999999999745,0.135478766031592
0.155999999999949,0.136142776057205
0.156999999999243,0.136790539080427
0.157999999999447,0.137422162514753
0.158999999999651,0.13803817768136
0.159999999999854,0.138639666587597
0.160999999999149,0.139226443199113
0.161999999999352,0.139798333358961
0.162999999999556,0.140355867199153
0.16399999999976,0.140899745119709
0.164999999999964,0.141430759093094
0.165999999999258,0.141948929043992
0.166999999999462,0.142454294121833
0.167999999999665,0.142947643342391
0.168999999999869,0.143431168127142
0.169999999999163,0.143904641999701
0.170999999999367,0.144369361509574
0.171999999999571,0.144825170213874
0.172999999999774,0.145273230250654
0.173999999999978,0.145714510237157
0.174999999999272,0.146149750097885
0.175999999999476,0.146578744889123
0.17699999999968,0.147002485416966
0.177999999999884,0.147420973891689
0.178999999999178,0.147834560211934
0.179999999999382,0.148243428452241
0.180999999999585,0.14864669607063
0.181999999999789,0.149044055655601
0.182999999999993,0.149435309356338
0.183999999999287,0.149819237923581
0.184999999999491,0.150195829651423
0.185999999999694,0.150564399498496
0.186999999999898,0.150924368624056
0.187999999999192,0.151274397910977
0.188999999999396,0.151612994989182
0.1899999999996,0.15193931065234
0.190999999999804,0.152252721916912
0.192000000000007,0.152552441183214
0.192999999999302,0.152837848918262
0.193999999999505,0.153107045638209
0.194999999999709,0.15335867366876
0.195999999999913,0.153591590791107
0.196999999999207,0.153805474229169
0.197999999999411,0.153999160721156
0.198999999999614,0.154172325722844
0.199999999999818,0.154325146578414
0.200999999999112,0.154455727683112
0.201999999999316,0.154563342797733
0.20299999999952,0.154646744434114
0.203999999999724,0.154704655723045
0.204999999999927,0.154736114886857
0.205999999999221,0.154740803270433
0.206999999999425,0.15471742248267
0.207999999999629,0.154664665913061
0.208999999999833,0.154582439722603
0.209999999999127,0.154468569761847
0.210999999999331,0.154321565513846
0.211999999999534,0.154141295879496
0.212999999999738,0.153927238200836
0.213999999999942,0.153679400103104
0.214999999999236,0.153397447515357
0.21599999999944,0.153080213849479
0.216999999999643,0.152727739153205
0.217999999999847,0.152340691712108
0.218999999999141,0.151918574509221
0.219999999999345,0.151460326830545
0.220999999999549,0.150965928146125
0.221999999999753,0.150435760620573
0.222999999999956,0.149870798890655
0.223999999999251,0.149272250818766
0.224999999999454,0.148639806867298
0.225999999999658,0.147973134839781
0.226999999999862,0.14727295949538
0.227999999999156,0.146540516402368
0.22899999999936,0.145776499175336
0.229999999999563,0.144981576815938
0.230999999999767,0.144156439860912
0.231999999999971,0.143300473666699
0.232999999999265,0.142413731052188
0.233999999999469,0.141496291577994
0.234999999999673,0.140548804752783
0.235999999999876,0.139572097487496
0.236999999999171,0.138566568196477
0.237999999999374,0.137532445758717
0.238999999999578,0.136469240416156
0.239999999999782,0.135377266855066
0.240999999999985,0.134257452556679
0.24199999999928,0.133110691189296
0.242999999999483,0.131936835210052
0.243999999999687,0.130736416533101
0.244999999999891,0.129509647146205
0.245999999999185,0.128256537643851
0.246999999999389,0.126978388968561
0.247999999999593,0.12567442222279
0.248999999999796,0.12434423597049
0.25,0.122988111566371
0.250999999999294,0.121606378660343
0.251999999999498,0.120198938060002
0.252999999999702,0.118765789952257
0.253999999999905,0.117305694735586
0.2549999999992,0.115818849248233
0.255999999999403,0.114305810735211
0.256999999999607,0.1127663622261
0.257999999999811,0.111201082188967
0.259000000000015,0.109610122634838
0.259999999999309,0.107994020393783
0.260999999999513,0.106352589208366
0.261999999999716,0.104686233799202
0.26299999999992,0.10299444831632
0.263999999999214,0.101278302909116
0.264999999999418,0.0995392639638576
0.265999999999622,0.0977779734068323
0.266999999999825,0.0959946009247466
0.26799999999912,0.0941902302269316
0.268999999999323,0.0923655315888968
0.269999999999527,0.0905211402838517
0.270999999999731,0.088659197696946
0.271999999999935,0.086780392413436
0.272999999999229,0.0848840889773909
0.273999999999432,0.0829719642278903
0.274999999999636,0.0810429696208547
0.27599999999984,0.079097871460236
0.276999999999134,0.0771367928383364
0.277999999999338,0.0751597519046893
0.278999999999542,0.0731668484530545
0.279999999999745,0.071157038557699
0.280999999999949,0.0691307374299692
0.281999999999243,0.0670890478776472
0.282999999999447,0.0650304933957031
0.283999999999651,0.0629544746748763
0.284999999999854,0.0608610626010279
0.285999999999149,0.0587509330443593
0.286999999999352,0.0566223735594406
0.287999999999556,0.0544767754760796
0.28899999999976,0.0523130031021011
0.289999999999964,0.0501318755473521
0.290999999999258,0.0479323567524658
0.291999999999462,0.0457153599110896
0.292999999999665,0.043482317173349
0.293999999999869,0.0412335131729862
0.294999999999163,0.0389692643883917
0.295999999999367,0.0366896645044009
0.296999999999571,0.0343951801549352
0.297999999999774,0.0320874265890266
0.298999999999978,0.0297662125509654
0.299999999999272,0.0274329159246832
0.300999999999476,0.0250884034161381
0.30199999999968,0.0227320318921534
0.302999999999884,0.0203647288654819
0.303999999999178,0.0179890717578753
0.304999999999382,0.0156062536820642
0.305999999999585,0.0132175097661834
0.306999999999789,0.0108226744910315
0.307999999999993,0.00842294223564616
0.308999999999287,0.00601995498065226
0.309999999999491,0.00361419109221353
0.310999999999694,0.00120661155878506
0.311999999999898,-0.00120275441958707
0.312999999999192,-0.00361320693451173
0.313999999999396,-0.00602275986797322
0.3149999999996,-0.00843176879744913
0.315999999999804,-0.0108398528383739
0.317000000000007,-0.013245787376418
0.317999999999302,-0.0156505107040691
0.318999999999505,-0.0180535166679974
0.319999999999709,-0.0204542883499962
0.320999999999913,-0.0228519566645051
0.321999999999207,-0.0252478611256093
0.322999999999411,-0.0276419154210563
0.323999999999614,-0.0300338940116545
0.324999999999818,-0.032424450691895
0.325999999999112,-0.0348141402514847
0.326999999999316,-0.0372017848533316
0.32799999999952,-0.0395885772679144
0.328999999999724,-0.0419742606451388
0.329999999999927,-0.0443587398498452
0.330999999999221,-0.0467428985737291
0.331999999999425,-0.0491262476490457
0.332999999999629,-0.0515094476364557
0.333999999999833,-0.0538933356651487
0.334999999999127,-0.0562789212154347
0.335999999999331,-0.0586666005292992
0.336999999999534,-0.0610574757905612
0.337999999999738,-0.0634521017717403
0.338999999999942,-0.065849641326774
0.339999999999236,-0.0682496588267943
0.34099999999944,-0.0706522399884237
0.341999999999643,-0.0730580665418384
0.342999999999847,-0.0754663623890642
0.343999999999141,-0.0778776398503451
0.344999999999345,-0.0802901824385751
0.345999999999549,-0.0827045684678853
0.346999999999753,-0.0851203515435493
0.347999999999956,-0.0875362836433432
0.348999999999251,-0.0899517240188893
0.349999999999454,-0.0923670664196917
0.350999999999658,-0.0947818306827558
0.351999999999862,-0.0971957248927663
0.352999999999156,-0.0996087186234395
0.35399999999936,-0.102019820067536
0.354999999999563,-0.104428741814071
0.355999999999767,-0.106834424254385
0.356999999999971,-0.10923750595225
0.357999999999265,-0.111638819705878
0.358999999999469,-0.114038041255734
0.359999999999673,-0.116434876481026
0.360999999999876,-0.118830028311231
0.361999999999171,-0.121222989100036
0.362999999999374,-0.123614809880459
0.363999999999578,-0.12600608333722
0.364999999999782,-0.128395811756968
0.365999999999985,-0.13078653397615
0.36699999999928,-0.133178439062067
0.367999999999483,-0.135573117006502
0.368999999999687,-0.137971327000761
0.369999999999891,-0.140373610767374
0.370999999999185,-0.142781395944297
0.371999999999389,-0.145195187390325
0.372999999999593,-0.147616636554675
0.373999999999796,-0.150046634118475
0.375,-0.152486165940881
0.375999999999294,-0.154934741910615
0.376999999999498,-0.157393649967975
0.377999999999702,-0.159863006672636
0.378999999999905,-0.162343132640916
0.3799999999992,-0.164835609430816
0.380999999999403,-0.167339657353887
0.381999999999607,-0.169855178478367
0.382999999999811,-0.172381720921006
0.384000000000015,-0.174918016757509
0.384999999999309,-0.177462951040138
0.385999999999513,-0.18001573120744
0.386999999999716,-0.182575566819311
0.38799999999992,-0.185141452127332
0.388999999999214,-0.187714288378151
0.389999999999418,-0.190291495616043
0.390999999999622,-0.192872605613582
0.391999999999825,-0.195455908652928
0.39299999999912,-0.198040531465249
0.393999999999323,-0.200624669796483
0.394999999999527,-0.203206892902034
0.395999999999731,-0.205786082145503
0.396999999999935,-0.208361703801126
0.397999999999229,-0.210931824324681
0.398999999999432,-0.213494511809012
0.399999999999636,-0.216049205539389
0.40099999999984,-0.218593133181853
0.401999999999134,-0.221125580936633
0.402999999999338,-0.223643880204211
0.403999999999542,-0.226146641111676
0.404999999999745,-0.22863329576633
0.405999999999949,-0.231102224295803
0.406999999999243,-0.233550278958585
0.407999999999447,-0.235975918301423
0.408999999999651,-0.238377661355974
0.409999999999854,-0.240754939022154
0.410999999999149,-0.243103751012156
0.411999999999352,-0.245421328445963
0.412999999999556,-0.247705080724537
0.41399999999976,-0.24995347939555
0.414999999999964,-0.252164021036659
0.415999999999258,-0.254331791667246
0.416999999999462,-0.256452987219377
0.417999999999665,-0.258523119104401
0.418999999999869,-0.260541240067625
0.419999999999163,-0.262504612685875
0.420999999999367,-0.26440779241748
0.421999999999571,-0.266247704952932
0.422999999999774,-0.268018470034198
0.423999999999978,-0.269715320820933
0.424999999999272,-0.271332635256645
0.425999999999476,-0.272868536906923
0.42699999999968,-0.274320203667777
0.427999999999884,-0.275684927537522
0.428999999999178,-0.27696091539692
0.429999999999382,-0.278145341098623
0.430999999999585,-0.279234928721108
0.431999999999789,-0.280230425468861
0.432999999999993,-0.281131754824489
0.433999999999287,-0.281938615205299
0.434999999999491,-0.282653839326299
0.435999999999694,-0.283280730821098
0.436999999999898,-0.283823416620137
0.437999999999192,-0.284285787305879
0.438999999999396,-0.284669709758797
0.4399999999996,-0.284981998398723
0.440999999999804,-0.285228462227256
0.442000000000007,-0.285411586438121
0.442999999999302,-0.285536263564657
0.443999999999505,-0.285605522888216
0.444999999999709,-0.285623289281457
0.445999999999913,-0.285591741312283
0.446999999999207,-0.28551105921122
0.447999999999411,-0.285384157407891
0.448999999999614,-0.285210579394606
0.449999999999818,-0.284990572025216
0.451000000000022,-0.284724547811488
0.451999999999316,-0.284412656217124
0.45299999999952,-0.284053584827326
0.453999999999724,-0.283646301487084
0.454999999999927,-0.283189902807901
0.455999999999221,-0.282683676735388
0.456999999999425,-0.282125583008874
0.457999999999629,-0.281517398007253
0.458999999999833,-0.280859431911975
0.459999999999127,-0.280152611896134
0.460999999999331,-0.279396587757489
0.461999999999534,-0.278591211317303
0.462999999999738,-0.277737283289995
0.463999999999942,-0.276835041794314
0.464999999999236,-0.2758854201734
0.46599999999944,-0.274888869253499
0.466999999999643,-0.273847482270599
0.467999999999847,-0.272760369709006
0.468999999999141,-0.271631060508454
0.469999999999345,-0.270460815910391
0.470999999999549,-0.269251151805919
0.471999999999753,-0.268005755893387
0.472999999999956,-0.2667277641176
0.473999999999251,-0.26541693472151
0.474999999999454,-0.264074375741054
0.475999999999658,-0.262703397031731
0.476999999999862,-0.261306534663172
0.477999999999156,-0.259884289686454
0.47899999999936,-0.258439524375195
0.479999999999563,-0.256974979849153
0.480999999999767,-0.255490981341304
0.481999999999971,-0.253989554337402
0.482999999999265,-0.252473875498343
0.483999999999469,-0.250945774816714
0.484999999999673,-0.249405786985576
0.485999999999876,-0.247856104068629
0.486999999999171,-0.246298773555139
0.487999999999374,-0.244735499458082
0.488999999999578,-0.243167311060742
0.489999999999782,-0.241594686056714
0.490999999999985,-0.240019358951228
0.49199999999928,-0.238440423134386
0.492999999999483,-0.23685993023532
0.493999999999687,-0.235279340760004
0.494999999999891,-0.233696126515267
0.495999999999185,-0.232111798737382
0.496999999999389,-0.230527258353897
0.497999999999593,-0.228945551160716
0.498999999999796,-0.227364980466555
0.5,-0.225786966180073
0.500999999999294,-0.224211419925123
0.501999999999498,-0.222640060675905
0.502999999999702,-0.221072519106832
0.503999999999905,-0.219511313366501
0.5049999999992,-0.217955607304506
0.505999999999403,-0.216407834276659
0.506999999999607,-0.214868762098156
0.507999999999811,-0.21333830013329
0.509000000000015,-0.211817305197282
0.509999999999309,-0.210306368796229
0.510999999999513,-0.208804880376731
0.511999999999716,-0.207312850247634
0.51299999999992,-0.205829016629497
0.513999999999214,-0.204355711154865
0.514999999999418,-0.202894028884659
0.515999999999622,-0.201445186339891
0.516999999999825,-0.20000912929627
0.51799999999912,-0.198584687227048
0.518999999999323,-0.19717187217934
0.519999999999527,-0.195772178559182
0.520999999999731,-0.194384928713541
0.521999999999935,-0.19301107836361
0.522999999999229,-0.191651505113724
0.523999999999432,-0.190305303299618
0.524999999999636,-0.188970993907927
0.52599999999984,-0.187649652154483
0.526999999999134,-0.186340683141316
0.527999999999338,-0.185042783501891
0.528999999999542,-0.18375634282454
0.529999999999745,-0.18247967048888
0.530999999999949,-0.181215243010604
0.531999999999243,-0.179961643894217
0.532999999999447,-0.178719702129584
0.533999999999651,-0.177487836159788
0.534999999999854,-0.176266237095393
0.535999999999149,-0.175054355960905
0.536999999999352,-0.173852381360356
0.537999999999556,-0.172660543368039
0.53899999999976,-0.171479040021916
0.539999999999964,-0.170310470283996
0.540999999999258,-0.169153533708957
0.541999999999462,-0.168008779312655
0.542999999999665,-0.166877178595612
0.543999999999869,-0.165760052179463
0.544999999999163,-0.164659549329108
0.545999999999367,-0.163576584895283
0.546999999999571,-0.162511937888424
0.547999999999774,-0.161465988034923
0.548999999999978,-0.160440524785266
0.549999999999272,-0.159436054075201
0.550999999999476,-0.158455207184383
0.55199999999968,-0.157499458332328
0.552999999999884,-0.15656864794272
0.553999999999178,-0.155663406831193
0.554999999999382,-0.154785303490464
0.555999999999585,-0.153936014901749
0.556999999999789,-0.153114768817102
0.557999999999993,-0.152322566727375
0.558999999999287,-0.151559593158815
0.559999999999491,-0.150826112055949
0.560999999999694,-0.150120855042638
0.561999999999898,-0.149444933038464
0.562999999999192,-0.148798677566008
0.563999999999396,-0.148181949152721
0.5649999999996,-0.147595799625275
0.565999999999804,-0.147040522822491
0.567000000000007,-0.146516594759072
0.567999999999302,-0.14602412308708
0.568999999999505,-0.145562795054051
0.569999999999709,-0.145132237734535
0.570999999999913,-0.144731607484654
0.571999999999207,-0.144362163246399
0.572999999999411,-0.144023606758093
0.573999999999614,-0.143715900541089
0.574999999999818,-0.143439029396829
0.576000000000022,-0.143194240558379
0.576999999999316,-0.142979105402343
0.57799999999952,-0.142794351418762
0.578999999999724,-0.14263759236785
0.579999999999927,-0.142509569319251
0.580999999999221,-0.142410033159121
0.581999999999425,-0.142338961918461
0.582999999999629,-0.142295129165993
0.583999999999833,-0.142277346733744
0.584999999999127,-0.142285125030019
0.585999999999331,-0.142316524162721
0.586999999999534,-0.142369362747753
0.587999999999738,-0.142442820367727
0.588999999999942,-0.142535309861957
0.589999999999236,-0.142645362094477
0.59099999999944,-0.142771521781487
0.591999999999643,-0.142912362743747
0.592999999999847,-0.143062733129017
0.593999999999141,-0.143218892294297
0.594999999999345,-0.143378276210813
0.595999999999549,-0.143535665203058
0.596999999999753,-0.143684831823514
0.597999999999956,-0.143820495250076
0.598999999999251,-0.143937372358693
0.599999999999454,-0.1440285380584
0.600999999999658,-0.144088214020187
0.601999999999862,-0.144107060753841
0.602999999999156,-0.144078409599083
0.60399999999936,-0.143994379970146
0.604999999999563,-0.143847070641434
0.605999999999767,-0.143628040808209
0.606999999999971,-0.143328594529869
0.607999999999265,-0.142938887778477
0.608999999999469,-0.142450912007932
0.609999999999673,-0.141850602498302
0.610999999999876,-0.141126649708754
0.611999999999171,-0.140268866634991
0.612999999999374,-0.139267229598063
0.613999999999578,-0.13811338691367
0.614999999999782,-0.136797492078818
0.615999999999985,-0.135313000518893
0.61699999999928,-0.133654857995952
0.617999999999483,-0.131819502199339
0.618999999999687,-0.129807158276203
0.619999999999891,-0.127618226186995
0.620999999999185,-0.125254723868564
0.621999999999389,-0.122724719590273
0.622999999999593,-0.120035581810984
0.623999999999796,-0.117198178206144
0.625,-0.114222929738268
0.625999999999294,-0.111121870083401
0.626999999999498,-0.107906496993184
0.627999999999702,-0.104590193013365
0.628999999999905,-0.101184228272932
0.6299999999992,-0.0976987521996903
0.630999999999403,-0.094144594201655
0.631999999999607,-0.0905313439022972
0.632999999999811,-0.0868654929784439
0.634000000000015,-0.0831518009836944
0.634999999999309,-0.0793929053433337
0.635999999999513,-0.0755925717869049
0.636999999999716,-0.0717557033108596
0.63799999999992,-0.0678849947776125
0.638999999999214,-0.0639840671768808
0.639999999999418,-0.0600541518148179
0.640999999999622,-0.0560983548032787
0.641999999999825,-0.0521197339228684
0.64299999999912,-0.0481237533428954
0.643999999999323,-0.0441152275057256
0.644999999999527,-0.0401005097666053
0.645999999999731,-0.0360817306316348
0.646999999999935,-0.0320622633319314
0.647999999999229,-0.0280462722651532
0.648999999999432,-0.0240391380013745
0.649999999999636,-0.0200453225776489
0.65099999999984,-0.0160675467584666
0.651999999999134,-0.0121091950781082
0.652999999999338,-0.00817377167809141
0.653999999999542,-0.00426216593254182
0.654999999999745,-0.000374535558659753
0.655999999999949,0.00348765546248836
0.656999999999243,0.00732496427421911
0.657999999999447,0.0111398842034141
0.658999999999651,0.0149322717791194
0.659999999999854,0.018703277549873
0.660999999999149,0.0224570323489616
0.661999999999352,0.0261950746224137
0.662999999999556,0.0299208544525339
0.66399999999976,0.0336364524633016
0.664999999999964,0.0373464497001354
0.665999999999258,0.0410540885360237
0.666999999999462,0.0447620891901179
0.667999999999665,0.0484733287281273
0.668999999999869,0.0521889231528585
0.669999999999163,0.055911280149283
0.670999999999367,0.0596417709281984
0.671999999999571,0.0633795025390758
0.672999999999774,0.0671249326110195
0.673999999999978,0.0708787687085541
0.674999999999272,0.0746398742196491
0.675999999999476,0.0784060641238982
0.67699999999968,0.082175715944496
0.677999999999884,0.0859462249017009
0.678999999999178,0.0897160207407999
0.679999999999382,0.0934825694837682
0.680999999999585,0.0972417441160748
0.681999999999789,0.100990466528586
0.682999999999993,0.104726093828064
0.683999999999287,0.108446321318419
0.684999999999491,0.112147422870527
0.685999999999694,0.115825974677128
0.686999999999898,0.119480086034491
0.687999999999192,0.123106119361966
0.688999999999396,0.126701938525454
0.6899999999996,0.13026520155596
0.690999999999804,0.133792576982706
0.692000000000007,0.137282252003241
0.692999999999302,0.140732279774141
0.693999999999505,0.144140733975043
0.694999999999709,0.147505132734165
0.695999999999913,0.150822363485808
0.696999999999207,0.154092367732867
0.697999999999411,0.157313151863594
0.698999999999614,0.160484353757143
0.699999999999818,0.163605590887801
0.701000000000022,0.1666755791166
0.701999999999316,0.169695497585368
0.70299999999952,0.172666097577061
0.703999999999724,0.175587570719567
0.704999999999927,0.178461528775023
0.705999999999221,0.181289244578269
0.706999999999425,0.184073614344077
0.707999999999629,0.18681552930373
0.708999999999833,0.189516629457073
0.709999999999127,0.192177085101876
0.710999999999331,0.194798949300288
0.711999999999534,0.197384404998844
0.712999999999738,0.199936006897321
0.713999999999942,0.202455726940903
0.714999999999236,0.204946050537052
0.71599999999944,0.207408754222585
0.716999999999643,0.209846196898543
0.717999999999847,0.212258865692242
0.718999999999141,0.214649503538216
0.719999999999345,0.217020164268878
0.720999999999549,0.219371099379467
0.721999999999753,0.221702420474683
0.722999999999956,0.224014181574798
0.723999999999251,0.226307379390813
0.724999999999454,0.228582096243243
0.725999999999658,0.230838479544322
0.726999999999862,0.233077139522468
0.727999999999156,0.235297010220719
0.72899999999936,0.237497801777833
0.729999999999563,0.23967942629111
0.730999999999767,0.241842516225935
0.731999999999971,0.243987114616082
0.732999999999265,0.246112774093143
0.733999999999469,0.248219057194192
0.734999999999673,0.250305405332459
0.735999999999876,0.252373060883954
0.736999999999171,0.254422477875217
0.737999999999374,0.25645298532222
0.738999999999578,0.258465041395629
0.739999999999782,0.260457909290263
0.740999999999985,0.26242936684871
0.74199999999928,0.264377568804277
0.742999999999483,0.266301202833136
0.743999999999687,0.268199006118046
0.744999999999891,0.270069203557886
0.745999999999185,0.271910049809917
0.746999999999389,0.273721199135938
0.747999999999593,0.275500597532295
0.748999999999796,0.277246549333162
0.75,0.278957272520291
0.750999999999294,0.280630696766967
0.751999999999498,0.282266867600095
0.752999999999702,0.283864393067393
0.753999999999905,0.285422629862096
0.7549999999992,0.286940590219309
0.755999999999403,0.288416471127291
0.756999999999607,0.289848563985225
0.757999999999811,0.29123646059221
0.759000000000015,0.292578822576377
0.759999999999309,0.293875969439667
0.760999999999513,0.295127416569764
0.761999999999716,0.296331915427983
0.76299999999992,0.297489079790564
0.763999999999214,0.298598168908126
0.764999999999418,0.299659060983505
0.765999999999622,0.300671501472302
0.766999999999825,0.301634968462005
0.76799999999912,0.302549255340839
0.768999999999323,0.303414737241132
0.769999999999527,0.304231103048004
0.770999999999731,0.304997431782954
0.771999999999935,0.305714579383813
0.772999999999229,0.306381979877769
0.773999999999432,0.306999376985766
0.774999999999636,0.307566305705611
0.77599999999984,0.308083559392782
0.776999999999134,0.308551634740955
0.777999999999338,0.308972282721766
0.778999999999542,0.309352026105797
0.779999999999745,0.309690998011837
0.780999999999949,0.309980872220503
0.781999999999243,0.310221198273596
0.782999999999447,0.310413094299484
0.783999999999651,0.310555467264393
0.784999999999854,0.310646903788549
0.785999999999149,0.310688033488122
0.786999999999352,0.31068081006225
0.787999999999556,0.310624725985163
0.78899999999976,0.310519249015107
0.789999999999964,0.31036557941326
0.790999999999258,0.310163306078374
0.791999999999462,0.309913428485668
0.792999999999665,0.309615437684682
0.793999999999869,0.309270190674848
0.794999999999163,0.308878802489082
0.795999999999367,0.308441026908409
0.796999999999571,0.307956321009539
0.797999999999774,0.307425833822615
0.798999999999978,0.306850045924785
0.799999999999272,0.306228963324073
0.800999999999476,0.305561580818022
0.80199999999968,0.304849170808938
0.802999999999884,0.304092729520019
0.803999999999178,0.30329146511451
0.804999999999382,0.302444948688714
0.805999999999585,0.301552590232317
0.806999999999789,0.300614817867831
0.807999999999993,0.299631483105609
0.808999999999287,0.298602001267051
0.809999999999491,0.297525538969803
0.810999999999694,0.296403616234361
0.811999999999898,0.29523625329929
0.812999999999192,0.294023433105655
0.813999999999396,0.292764840247942
0.8149999999996,0.291460935857439
0.815999999999804,0.290111185461706
0.817000000000007,0.288715665740246
0.817999999999302,0.28727497618943
0.818999999999505,0.285788462075284
0.819999999999709,0.284256188483009
0.820999999999913,0.282678025413177
0.821999999999207,0.281054431954728
0.822999999999411,0.279386074921898
0.823999999999614,0.277672647171196
0.824999999999818,0.275914111392337
0.826000000000022,0.274111041501228
0.826999999999316,0.272263667285479
0.82799999999952,0.270371815307525
0.828999999999724,0.268435698061417
0.829999999999927,0.266453881335917
0.830999999999221,0.264426531936876
0.831999999999425,0.262354942739647
0.832999999999629,0.260238884480975
0.833999999999833,0.258077017362942
0.834999999999127,0.255869651648877
0.835999999999331,0.253616986536975
0.836999999999534,0.251319146629605
0.837999999999738,0.248977438543863
0.838999999999942,0.246591558587565
0.839999999999236,0.244161773807672
0.84099999999944,0.241687583839066
0.841999999999643,0.239169981029838
0.842999999999847,0.236608665606926
0.843999999999141,0.234002366819071
0.844999999999345,0.231352349526254
0.845999999999549,0.228659254620578
0.846999999999753,0.225924355907897
0.847999999999956,0.223147916834482
0.848999999999251,0.220330901075461
0.849999999999454,0.21747369553417
0.850999999999658,0.214575671649711
0.851999999999862,0.21163664163006
0.852999999999156,0.208656907695252
0.85399999999936,0.205637092272403
0.854999999999563,0.202578114897155
0.855999999999767,0.199479352194938
0.856999999999971,0.196341721457622
0.857999999999265,0.193164853051009
0.858999999999469,0.189950246474332
0.859999999999673,0.18669833697213
0.860999999999876,0.183410048631348
0.861999999999171,0.180084392812071
0.862999999999374,0.176722952234919
0.863999999999578,0.173326658909254
0.864999999999782,0.16989612383115
0.865999999999985,0.166431195891388
0.86699999999928,0.162931272858064
0.867999999999483,0.159396462389095
0.868999999999687,0.155828077578276
0.869999999999891,0.152227333415909
0.870999999999185,0.148595577619775
0.871999999999389,0.144931389693
0.872999999999593,0.141234917985028
0.873999999999796,0.137505707856758
0.875,0.133744825803614
0.875999999999294,0.129952569984831
0.876999999999498,0.126130338038789
0.877999999999702,0.122279196784121
0.878999999999905,0.118398953565915
0.8799999999992,0.11449192619859
0.880999999999403,0.110558914186501
0.881999999999607,0.106600041155129
0.882999999999811,0.102615271081268
0.884000000000015,0.0986059951159622
0.884999999999309,0.0945727975587507
0.885999999999513,0.0905162804486226
0.886999999999716,0.0864379344749964
0.88799999999992,0.0823389398612087
0.888999999999214,0.0782199928493704
0.889999999999418,0.0740828530582007
0.890999999999622,0.0699284617256556
0.891999999999825,0.0657579749221341
0.89299999999912,0.0615715014291649
0.893999999999323,0.0573699702118987
0.894999999999527,0.0531548624865791
0.895999999999731,0.0489276743096925
0.896999999999935,0.0446897261871957
0.897999999999229,0.0404402064622914
0.898999999999432,0.0361792396547226
0.899999999999636,0.0319084372807653
0.90099999999984,0.0276280927446843
0.901999999999134,0.0233389879815173
0.902999999999338,0.0190421753947146
0.903999999999542,0.0147384181830561
0.904999999999745,0.0104290633867414
0.905999999999949,0.0061140317316804
0.906999999999243,0.00179337959563458
0.907999999999447,-0.00253240623591039
0.908999999999651,-0.00686257653210655
0.909999999999854,-0.0111962355056768
0.910999999999149,-0.0155330106683015
0.911999999999352,-0.0198719043951884
0.912999999999556,-0.0242119781192181
0.91399999999976,-0.0285536132696331
0.914999999999964,-0.0328953316736559
0.915999999999258,-0.0372357290376173
0.916999999999462,-0.0415742945164619
0.917999999999665,-0.045910244030762
0.918999999999869,-0.0502428989477571
0.919999999999163,-0.0545713898390481
0.920999999999367,-0.0588944519551159
0.921999999999571,-0.0632095540328226
0.922999999999774,-0.0675157717947919
0.923999999999978,-0.0718138659788357
0.924999999999272,-0.076102956906728
0.925999999999476,-0.080381368058255
0.92699999999968,-0.0846486699639028
0.927999999999884,-0.0889044570625587
0.928999999999178,-0.0931483328706862
0.929999999999382,-0.0973799531056587
0.930999999999585,-0.101599159503043
0.931999999999789,-0.105805825925367
0.932999999999993,-0.109998851140423
0.933999999999287,-0.114176667618451
0.934999999999491,-0.118337799758767
0.935999999999694,-0.122481427358227
0.936999999999898,-0.126607031167094
0.937999999999192,-0.130712538278718
0.938999999999396,-0.134796021248069
0.9399999999996,-0.138858274007633
0.940999999999804,-0.142897754492054
0.942000000000007,-0.146914542226036
0.942999999999302,-0.15090618926868
0.943999999999505,-0.154870038336766
0.944999999999709,-0.158805358973725
0.945999999999913,-0.162711029870029
0.946999999999207,-0.166587712036121
0.947999999999411,-0.170434408564096
0.948999999999614,-0.174250484981079
0.949999999999818,-0.178035055803253
0.951000000000022,-0.181786753047026
0.951999999999316,-0.18550407416768
0.95299999999952,-0.18918513054875
0.953999999999724,-0.19282865325327
0.954999999999927,-0.196433905159197
0.955999999999221,-0.200000807443796
0.956999999999425,-0.203527407764297
0.957999999999629,-0.207014180585666
0.958999999999833,-0.210459533239818
0.959999999999127,-0.21386282118777
0.960999999999331,-0.217224228207643
0.961999999999534,-0.220541995110749
0.962999999999738,-0.223814515840332
0.963999999999942,-0.227041425774789
0.964999999999236,-0.230223419465457
0.96599999999944,-0.233359116507495
0.966999999999643,-0.236447578131391
0.967999999999847,-0.239490117286978
0.968999999999141,-0.242484384454145
0.969999999999345,-0.245428266972292
0.970999999999549,-0.248320994723472
0.971999999999753,-0.251161280487255
0.972999999999956,-0.253948333422786
0.973999999999251,-0.256680740531766
0.974999999999454,-0.259358314960867
0.975999999999658,-0.261980273332665
0.976999999999862,-0.264547059985731
0.977999999999156,-0.267058309614189
0.97899999999936,-0.269512249477714
0.979999999999563,-0.271907814674882
0.980999999999767,-0.274243398243366
0.981999999999971,-0.276518010938816
0.982999999999265,-0.278730328638158
0.983999999999469,-0.280881303449587
0.984999999999673,-0.282970599794554
0.985999999999876,-0.284996550393719
0.986999999999171,-0.286958854560335
0.987999999999374,-0.288857585383482
0.988999999999578,-0.290692324846575
0.989999999999782,-0.292462322227699
0.990999999999985,-0.294167856274724
0.99199999999928,-0.295809956550837
0.992999999999483,-0.297388405548733
0.993999999999687,-0.298903919466051
0.994999999999891,-0.300356808333412
0.995999999999185,-0.301746831739911
0.996999999999389,-0.303073649911349
0.997999999999593,-0.30433661613592
0.998999999999796,-0.30553542493648
1,-0.306669757787617
1.00099999999929,-0.307737468193615
1.0019999999995,-0.308736822053274
1.0029999999997,-0.309666588926322
1.00399999999991,-0.310524759765952
1.0049999999992,-0.311310233344978
1.0059999999994,-0.312023023360909
1.00699999999961,-0.312660397690568
1.00799999999981,-0.313218961232093
1.00900000000001,-0.313695560670264
1.00999999999931,-0.314088629457666
1.01099999999951,-0.314396397537705
1.01199999999972,-0.314617274259841
1.01299999999992,-0.314749644318377
1.01399999999921,-0.314792470061984
1.01499999999942,-0.314743804880488
1.01599999999962,-0.314604890987985
1.01699999999983,-0.314379581253579
1.01799999999912,-0.314074024137856
1.01899999999932,-0.31368989350465
1.01999999999953,-0.313215214268951
1.02099999999973,-0.312650253354189
1.02199999999993,-0.311997730205877
1.02299999999923,-0.31125714032242
1.02399999999943,-0.310430148137613
1.02499999999964,-0.309520524757769
1.02599999999984,-0.308529897431222
1.02699999999913,-0.307460616543582
1.02799999999934,-0.306314143661842
1.02899999999954,-0.305093074489872
1.02999999999975,-0.303799922297834
1.03099999999995,-0.302436281821791
1.03199999999924,-0.301005650561055
1.03299999999945,-0.29950940635503
1.03399999999965,-0.297948718437461
1.03499999999985,-0.296325753524506
1.03599999999915,-0.294642692462617
1.03699999999935,-0.29290102134067
1.03799999999956,-0.291103184441795
1.03899999999976,-0.28925087295685
1.03999999999996,-0.287345720147543
1.04099999999926,-0.285389145351572
1.04199999999946,-0.283382865785441
1.04299999999967,-0.281328175815578
1.04399999999987,-0.279226186278851
1.04499999999916,-0.27707842613143
1.04599999999937,-0.274885400404757
1.04699999999957,-0.272648723416769
1.04799999999977,-0.270369276922016
1.04899999999998,-0.268047231999864
1.04999999999927,-0.265683323870045
1.05099999999948,-0.263278198324739
1.05199999999968,-0.260831942886808
1.05299999999988,-0.258344931626439
1.05399999999918,-0.255817550612334
1.05499999999938,-0.253251417247872
1.05599999999959,-0.250648477487855
1.05699999999979,-0.248010826486771
1.05799999999999,-0.245338254498993
1.05899999999929,-0.242630987402828
1.05999999999949,-0.239890229884775
1.06099999999969,-0.237117223998289
1.0619999999999,-0.23431322517622
1.06299999999919,-0.231479879099977
1.0639999999994,-0.228617676695092
1.0649999999996,-0.225727597747848
1.0659999999998,-0.222810761655653
1.06700000000001,-0.219869339288259
1.0679999999993,-0.216903612780959
1.06899999999951,-0.213914050657144
1.06999999999971,-0.21090179627637
1.07099999999991,-0.207867928592697
1.07199999999921,-0.204813044654338
1.07299999999941,-0.201738925075783
1.07399999999961,-0.19864643861789
1.07499999999982,-0.195537434145165
1.07600000000002,-0.19241455622258
1.07699999999932,-0.189279465674017
1.07799999999952,-0.186133882515651
1.07899999999972,-0.182979403937602
1.07999999999993,-0.179815909678346
1.08099999999922,-0.176646901194071
1.08199999999943,-0.173475565106899
1.08299999999963,-0.170304252990196
1.08399999999983,-0.167134947353322
1.08499999999913,-0.163969266114108
1.08599999999933,-0.160808915660472
1.08699999999953,-0.157656940965322
1.08799999999974,-0.154516087803939
1.08899999999994,-0.151388354077386
1.08999999999924,-0.148277720739444
1.09099999999944,-0.145188154744921
1.09199999999964,-0.142124164868985
1.09299999999985,-0.139087626274065
1.09399999999914,-0.136080507410978
1.09499999999935,-0.133104720850881
1.09599999999955,-0.130163662090194
1.09699999999975,-0.127259975966046
1.09799999999996,-0.12439630543792
1.09899999999925,-0.121575545544824
1.09999999999945,-0.118801935193992
1.10099999999966,-0.116077432762763
1.10199999999986,-0.113404625915899
1.10299999999916,-0.110786488096558
1.10399999999936,-0.108225050075144
1.10499999999956,-0.105723120237813
1.10599999999977,-0.103283174746306
1.10699999999997,-0.100907458533804
1.10799999999927,-0.0985972455907692
1.10899999999947,-0.0963543152459777
1.10999999999967,-0.0941800696276881
1.11099999999988,-0.092075774358396
1.11199999999917,-0.0900438936662324
1.11299999999937,-0.0880863914655172
1.11399999999958,-0.0862046320242696
1.11499999999978,-0.0843999098134541
1.11599999999999,-0.0826735891679347
1.11699999999928,-0.0810265198533895
1.11799999999948,-0.0794599030544605
1.11899999999969,-0.0779747200180095
1.11999999999989,-0.0765711486562514
1.12099999999919,-0.0752499420120044
1.12199999999939,-0.074011491984742
1.12299999999959,-0.0728563144200796
1.1239999999998,-0.0717831807381036
1.125,-0.0707917162537279
1.12599999999929,-0.0698825904067206
1.1269999999995,-0.0690555600721221
1.1279999999997,-0.0683120506662784
1.12899999999991,-0.067651707480715
1.1299999999992,-0.0670738566901736
1.1309999999994,-0.0665793311728616
1.13199999999961,-0.0661685988670197
1.13299999999981,-0.0658417643014816
1.13400000000001,-0.0655988949332034
1.13499999999931,-0.065440731320656
1.13599999999951,-0.0653673018380526
1.13699999999972,-0.0653785955121249
1.13799999999992,-0.065475118495715
1.13899999999921,-0.0656559115737165
1.13999999999942,-0.0659214709735769
1.14099999999962,-0.0662710059183478
1.14199999999983,-0.0667039881833719
1.14299999999912,-0.0672197695128507
1.14399999999932,-0.0678179893043749
1.14499999999953,-0.068497445687647
1.14599999999973,-0.0692567727386492
1.14699999999993,-0.0700943905358105
1.14799999999923,-0.0710084090631561
1.14899999999943,-0.0719967732526225
1.14999999999964,-0.0730566860046509
1.15099999999984,-0.0741856947347044
1.15199999999913,-0.0753820206458457
1.15299999999934,-0.0766438325107626
1.15399999999954,-0.0779687681219538
1.15499999999975,-0.0793529650096143
1.15599999999995,-0.0807927120605249
1.15699999999924,-0.0822858368723038
1.15799999999945,-0.0838296702999485
1.15899999999965,-0.0854216299949143
1.15999999999985,-0.0870586441188396
1.16099999999915,-0.0887367924820653
1.16199999999935,-0.0904512901924879
1.16299999999956,-0.0921974950504248
1.16399999999976,-0.0939718067167237
1.16499999999996,-0.0957701691755488
1.16599999999926,-0.0975884547294443
1.16699999999946,-0.0994218512495233
1.16799999999967,-0.101267094016846
1.16899999999987,-0.103120902464414
1.16999999999916,-0.104978674403288
1.17099999999937,-0.106836595065652
1.17199999999957,-0.10869146909813
1.17299999999977,-0.110539523571505
1.17399999999998,-0.112377726170363
1.17499999999927,-0.114202644306922
1.17599999999948,-0.116010486811098
1.17699999999968,-0.117797029861633
1.17799999999988,-0.119558659810822
1.17899999999918,-0.121290788055025
1.17999999999938,-0.12298890586912
1.18099999999959,-0.124648004269613
1.18199999999979,-0.12626376949059
1.18299999999999,-0.127833080677879
1.18399999999929,-0.129352772300653
1.18499999999949,-0.130819263451417
1.18599999999969,-0.132228738252421
1.1869999999999,-0.133577403163054
1.18799999999919,-0.134861133922934
1.1889999999994,-0.136076075276346
1.1899999999996,-0.13721814467487
1.1909999999998,-0.138284409810135
1.19200000000001,-0.139272815696066
1.1929999999993,-0.140181109623751
1.19399999999951,-0.141007282558955
1.19499999999971,-0.141748878693239
1.19599999999991,-0.142403419737312
1.19699999999921,-0.142969469537309
1.19799999999941,-0.143445857460763
1.19899999999961,-0.143831343193864
1.19999999999982,-0.144125070726963
1.20100000000002,-0.144325327092489
1.20199999999932,-0.144431907888081
1.20299999999952,-0.144445453288178
1.20399999999972,-0.144365910492735
1.20499999999993,-0.144194142241604
1.20599999999922,-0.143932257223538
1.20699999999943,-0.143583068520583
1.20799999999963,-0.143149163097405
1.20899999999983,-0.142633179561296
1.20999999999913,-0.14203895227221
1.21099999999933,-0.141371320510576
1.21199999999953,-0.140634799252696
1.21299999999974,-0.139834125082255
1.21399999999994,-0.138975584809771
1.21499999999924,-0.138066783458132
1.21599999999944,-0.137114649742174
1.21699999999964,-0.136126124488863
1.21799999999985,-0.135107093678425
1.21899999999914,-0.134063452229181
1.21999999999935,-0.133002326007619
1.22099999999955,-0.131931649397263
1.22199999999975,-0.130856681692621
1.22299999999996,-0.12978249034349
1.22399999999925,-0.128712853061067
1.22499999999945,-0.127652840739313
1.22599999999966,-0.126605925959287
1.22699999999986,-0.125574160423297
1.22799999999916,-0.124559963890201
1.22899999999936,-0.123564701066379
1.22999999999956,-0.122589275366024
1.23099999999977,-0.121633823566696
1.23199999999997,-0.120698311054097
1.23299999999927,-0.119782061263321
1.23399999999947,-0.11888371703582
1.23499999999967,-0.118001598128518
1.23599999999988,-0.11713233335744
1.23699999999917,-0.116272363141189
1.23799999999937,-0.115419396529008
1.23899999999958,-0.114571560535182
1.23999999999978,-0.1137254773967
1.24099999999999,-0.112878859645256
1.24199999999928,-0.112030263146153
1.24299999999948,-0.111176098600068
1.24399999999969,-0.110314062978207
1.24499999999989,-0.109444059965277
1.24599999999919,-0.108564436628659
1.24699999999939,-0.107673048895701
1.24799999999959,-0.106768715397086
1.2489999999998,-0.105849587208143
1.25,-0.104913455819785
1.25099999999929,-0.10395927767354
1.2519999999995,-0.102986872919317
1.2529999999997,-0.101995226230982
1.25399999999991,-0.100982853923623
1.2549999999992,-0.0999480174253251
1.2559999999994,-0.0988894362702629
1.25699999999961,-0.0978065071889261
1.25799999999981,-0.0966980858995374
1.25900000000001,-0.0955625786204889
1.25999999999931,-0.0943988155381725
1.26099999999951,-0.0932061073549945
1.26199999999972,-0.0919833932638341
1.26299999999992,-0.0907300853566615
1.26399999999921,-0.0894461804768548
1.26499999999942,-0.0881313607500661
1.26599999999962,-0.0867855414309173
1.26699999999983,-0.0854083402594465
1.26799999999912,-0.0839995152484651
1.26899999999932,-0.0825583870762716
1.26999999999953,-0.081084651854635
1.27099999999973,-0.0795777953357924
1.27199999999993,-0.0780362889445913
1.27299999999923,-0.0764590561349636
1.27399999999943,-0.074845509943081
1.27499999999964,-0.073194141916388
1.27599999999984,-0.0715034313155462
1.27699999999913,-0.0697734516479598
1.27799999999934,-0.0680038864297046
1.27899999999954,-0.0661944307647949
1.27999999999975,-0.0643450623503333
1.28099999999995,-0.0624567755319174
1.28199999999924,-0.0605301274925557
1.28299999999945,-0.0585656100841336
1.28399999999965,-0.0565638488652195
1.28499999999985,-0.0545251289653095
1.28599999999915,-0.052450012874266
1.28699999999935,-0.0503392113960543
1.28799999999956,-0.048192936993083
1.28899999999976,-0.0460114128622541
1.28999999999996,-0.0437950229254085
1.29099999999926,-0.0415427327363755
1.29199999999946,-0.0392528186369469
1.29299999999967,-0.0369247907480506
1.29399999999987,-0.0345586752682006
1.29499999999916,-0.0321533462785932
1.29599999999937,-0.0297077373411662
1.29699999999957,-0.0272208467423406
1.29799999999977,-0.0246923235057063
1.29899999999998,-0.0221218635209293
1.29999999999927,-0.0195085125518097
1.30099999999948,-0.0168519201783131
1.30199999999968,-0.01415224075214
1.30299999999988,-0.0114090945198723
1.30399999999918,-0.00862169476138724
1.30499999999938,-0.00578900055725887
1.30599999999959,-0.00291109533099443
1.30699999999979,1.2270988576174e-05
1.30799999999999,0.00298160941364377
1.30899999999929,0.00599640430465084
1.30999999999949,0.00905604691717489
1.31099999999969,0.0121608543527109
1.3119999999999,0.0153102985302668
1.31299999999919,0.0185036775114009
1.3139999999994,0.0217408241560979
1.3149999999996,0.025020980564653
1.3159999999998,0.0283424133671816
1.31700000000001,0.0317043557253213
1.3179999999993,0.0351052903449321
1.31899999999951,0.0385435163038575
1.31999999999971,0.0420185162353936
1.32099999999991,0.0455290303586744
1.32199999999921,0.0490725373194938
1.32299999999941,0.052646039135011
1.32399999999961,0.0562478033509426
1.32499999999982,0.0598767492182047
1.32600000000002,0.0635317510391414
1.32699999999932,0.0672111278479865
1.32799999999952,0.0709128451699624
1.32899999999972,0.0746364453629244
1.32999999999993,0.0783825163189892
1.33099999999922,0.0821503623202701
1.33199999999943,0.0859395658494219
1.33299999999963,0.0897507221470411
1.33399999999983,0.0935834646764145
1.33499999999913,0.0974367316902347
1.33599999999933,0.101309592289396
1.33699999999953,0.105201482043194
1.33799999999974,0.109111301507738
1.33899999999994,0.113037951161967
1.33999999999924,0.116980549006546
1.34099999999944,0.120936736947264
1.34199999999964,0.124904660167496
1.34299999999985,0.128883584077099
1.34399999999914,0.132871067660498
1.34499999999935,0.136864627518157
1.34599999999955,0.14086299488747
1.34699999999975,0.144864629079517
1.34799999999996,0.148867786430161
1.34899999999925,0.152869978979457
1.34999999999945,0.156869291719357
1.35099999999966,0.160864141072639
1.35199999999986,0.164853391641982
1.35299999999916,0.168834948036006
1.35399999999936,0.172806515163423
1.35499999999956,0.176766726752051
1.35599999999977,0.180713451001932
1.35699999999997,0.184644943567083
1.35799999999927,0.188560102793364
1.35899999999947,0.192458148191278
1.35999999999967,0.196338058214385
1.36099999999988,0.200197991383424
1.36199999999917,0.204035405778917
1.36299999999937,0.207848327914992
1.36399999999958,0.211634779052853
1.36499999999978,0.2153930001184
1.36599999999999,0.219121220727289
1.36699999999928,0.22281742670203
1.36799999999948,0.22647963143286
1.36899999999969,0.230104654824998
1.36999999999989,0.233689772049381
1.37099999999919,0.237233282481767
1.37199999999939,0.240732821795788
1.37299999999959,0.244185489383042
1.3739999999998,0.247588662733375
1.375,0.250939087158657
1.37599999999929,0.254233195768594
1.3769999999995,0.257468134286132
1.3779999999997,0.260641533325938
1.37899999999991,0.263750608593252
1.3799999999992,0.26679261497011
1.3809999999994,0.269764917625354
1.38199999999961,0.272664847693474
1.38299999999981,0.275488994740664
1.38400000000001,0.278233786000585
1.38499999999931,0.28089638964597
1.38599999999951,0.283473411292355
1.38699999999972,0.285962152595727
1.38799999999992,0.288360108824875
1.38899999999921,0.290664319120205
1.38999999999942,0.292871931335241
1.39099999999962,0.294980767958879
1.39199999999983,0.296988366136266
1.39299999999912,0.298893067009529
1.39399999999932,0.300693604473445
1.39499999999953,0.302387407475692
1.39599999999973,0.303973022423945
1.39699999999993,0.305450829476875
1.39799999999923,0.306820868700566
1.39899999999943,0.308081644121619
1.39999999999964,0.309232636092099
1.40099999999984,0.310274272751755
1.40199999999913,0.311207071839291
1.40299999999934,0.312031871464947
1.40399999999954,0.31274912710114
1.40499999999975,0.313359754534955
1.40599999999995,0.313865614367293
1.40699999999924,0.314267895307828
1.40799999999945,0.314568071871326
1.40899999999965,0.314767316004799
1.40999999999985,0.314866647481195
1.41099999999915,0.314867275031677
1.41199999999935,0.314771685078578
1.41299999999956,0.314584210067125
1.41399999999976,0.314306650022696
1.41499999999996,0.313939753812009
1.41599999999926,0.313485310176117
1.41699999999946,0.31294575383806
1.41799999999967,0.312324132101147
1.41899999999987,0.311622770316316
1.41999999999916,0.310843418949398
1.42099999999937,0.309988231794443
1.42199999999957,0.30906033475784
1.42299999999977,0.30806077458456
1.42399999999998,0.30699000746608
1.42499999999927,0.305849725997534
1.42599999999948,0.304640970775567
1.42699999999968,0.303365672632017
1.42799999999988,0.302025396804477
1.42899999999918,0.300621241586956
1.42999999999938,0.299154599441871
1.43099999999959,0.297626180815662
1.43199999999979,0.29603663421863
1.43299999999999,0.294387154116093
1.43399999999929,0.292679146476882
1.43499999999949,0.290912523308092
1.43599999999969,0.289087401211196
1.4369999999999,0.287204285799165
1.43799999999919,0.285263323204341
1.4389999999994,0.283266200610158
1.4399999999996,0.281213209753119
1.4409999999998,0.279104059440143
1.44200000000001,0.276939052645686
1.4429999999993,0.27471801802103
1.44399999999951,0.272440523202295
1.44499999999971,0.270106661625016
1.44599999999991,0.267717419360666
1.44699999999921,0.265273496231522
1.44799999999941,0.262775011906499
1.44899999999961,0.26022128312394
1.44999999999982,0.257611497377332
1.45100000000002,0.25494515590753
1.45199999999932,0.252222566462417
1.45299999999952,0.249444284545049
1.45399999999972,0.246609562588149
1.45499999999993,0.243718548600644
1.45599999999922,0.24077098337198
1.45699999999943,0.237765922838767
1.45799999999963,0.234702096684417
1.45899999999983,0.231578452058636
1.45999999999913,0.22839496579035
1.46099999999933,0.225151257675754
1.46199999999953,0.22184671518586
1.46299999999974,0.218481166689464
1.46399999999994,0.215054901691809
1.46499999999924,0.211567908766617
1.46599999999944,0.208020054602065
1.46699999999964,0.204411147341615
1.46799999999985,0.200741213332284
1.46899999999914,0.197010398954122
1.46999999999935,0.193218342357838
1.47099999999955,0.189365882917253
1.47199999999975,0.185453764795861
1.47299999999996,0.18148229466007
1.47399999999925,0.177450952980933
1.47499999999945,0.173359686857367
1.47599999999966,0.169208788784911
1.47699999999986,0.16499851903065
1.47799999999916,0.160730286835307
1.47899999999936,0.156404707478246
1.47999999999956,0.152021519528116
1.48099999999977,0.147580427596122
1.48199999999997,0.143081704317604
1.48299999999927,0.138525524040848
1.48399999999947,0.13391168263403
1.48499999999967,0.129240092333926
1.48599999999988,0.124511072943016
1.48699999999917,0.119724636548506
1.48799999999937,0.114880931885483
1.48899999999958,0.109980519388485
1.48999999999978,0.105024099521529
1.49099999999999,0.10001144245252
1.49199999999928,0.0949423460683914
1.49299999999948,0.0898168833367969
1.49399999999969,0.0846349087102785
1.49499999999989,0.0793960859067742
1.49599999999919,0.074099977448621
1.49699999999939,0.0687467981554523
1.49799999999959,0.0633368553257699
1.4989999999998,0.0578700136309462
1.5,0.0523471482803418
1.50099999999929,0.0467676613915574
1.5019999999995,0.041130943103379
1.5029999999997,0.0354379351954128
1.50399999999991,0.0296889192858334
1.5049999999992,0.0238838833500103
1.5059999999994,0.0180239606164057
1.50699999999961,0.0121089925622119
1.50799999999981,0.00613968636001196
1.50900000000001,0.000118414790293286
1.50999999999931,-0.00595425844358798
1.51099999999951,-0.0120772148399599
1.51199999999972,-0.0182495580535732
1.51299999999992,-0.0244702299386146
1.51399999999921,-0.0307371190485066
1.51499999999942,-0.0370481281492494
1.51599999999962,-0.0434003130947915
1.51699999999983,-0.0497911175173967
1.51799999999912,-0.0562191847514955
1.51899999999932,-0.0626818186857884
1.51999999999953,-0.0691753510867543
1.52099999999973,-0.0756962224478156
1.52199999999993,-0.0822410578063129
1.52299999999923,-0.0888063903366105
1.52399999999943,-0.0953889188711992
1.52499999999964,-0.101983956867345
1.52599999999984,-0.108586914736478
1.52699999999913,-0.115193107008096
1.52799999999934,-0.121798331739678
1.52899999999954,-0.128398165579693
1.52999999999975,-0.134986694609346
1.53099999999995,-0.141557794997133
1.53199999999924,-0.148105143703359
1.53299999999945,-0.154623446416318
1.53399999999965,-0.161105625577884
1.53499999999985,-0.167544980185732
1.53599999999915,-0.173934917312797
1.53699999999935,-0.180268334214958
1.53799999999956,-0.186538008171739
1.53899999999976,-0.192735780836451
1.53999999999996,-0.198854411162487
1.54099999999926,-0.204886395598696
1.54199999999946,-0.210824397380042
1.54299999999967,-0.216660713723181
1.54399999999987,-0.222386240828317
1.54499999999916,-0.227993013286695
1.54599999999937,-0.233474799791199
1.54699999999957,-0.238824419394234
1.54799999999977,-0.244034588902598
1.54899999999998,-0.249099454312038
1.54999999999927,-0.254011745659531
1.55099999999948,-0.25876487326273
1.55199999999968,-0.263354348534082
1.55299999999988,-0.267776471343257
1.55399999999918,-0.272027277662223
1.55499999999938,-0.276104630486284
1.55599999999959,-0.280006286052174
1.55699999999979,-0.283731662283722
1.55799999999999,-0.28728140114105
1.55899999999929,-0.290657371517377
1.55999999999949,-0.293862355506028
1.56099999999969,-0.296899950426524
1.5619999999999,-0.299775681994847
1.56299999999919,-0.302496090777678
1.5639999999994,-0.30506921803572
1.5649999999996,-0.307502901491883
1.5659999999998,-0.309804124633424
1.56700000000001,-0.311981469155044
1.5679999999993,-0.314042988190826
1.56899999999951,-0.315997098506332
1.56999999999971,-0.317851348859888
1.57099999999991,-0.319610850988095
1.57199999999921,-0.321281465721028
1.57299999999941,-0.322868200610554
1.57399999999961,-0.324375628782043
1.57499999999982,-0.325807098262711
1.57600000000002,-0.327164537479648
1.57699999999932,-0.328448022181585
1.57799999999952,-0.329657498900988
1.57899999999972,-0.330792460460176
1.57999999999993,-0.331850618274309
1.58099999999922,-0.332828120611138
1.58199999999943,-0.333721179253202
1.58299999999963,-0.334525626136679
1.58399999999983,-0.335236962779186
1.58499999999913,-0.335850864064871
1.58599999999933,-0.336364538937662
1.58699999999953,-0.336774269963041
1.58799999999974,-0.337074928284277
1.58899999999994,-0.337259534146386
1.58999999999924,-0.337322288039972
1.59099999999944,-0.337261675309646
1.59199999999964,-0.337076290077768
1.59299999999985,-0.336763173500448
1.59399999999914,-0.336320491762638
1.59499999999935,-0.335748513165908
1.59599999999955,-0.335048673462374
1.59699999999975,-0.334221502542256
1.59799999999996,-0.333266259960179
1.59899999999925,-0.332182936908059
1.59999999999945,-0.330973605424181
1.60099999999966,-0.329641187020777
1.60199999999986,-0.328188243241126
1.60299999999916,-0.326618015453303
1.60399999999936,-0.324933154370315
1.60499999999956,-0.323135187763337
1.60599999999977,-0.321226872267724
1.60699999999997,-0.319212645243907
1.60799999999927,-0.317095036962766
1.60899999999947,-0.314875562037738
1.60999999999967,-0.312556009609729
1.61099999999988,-0.310136895871839
1.61199999999917,-0.307619754033768
1.61299999999937,-0.305005625162975
1.61399999999958,-0.302295117865812
1.61499999999978,-0.299485560525317
1.61599999999999,-0.296575371136882
1.61699999999928,-0.293563671949447
1.61799999999948,-0.29044775368046
1.61899999999969,-0.287227979996045
1.61999999999989,-0.283906722544822
1.62099999999919,-0.2804842631996
1.62199999999939,-0.276960697452408
1.62299999999959,-0.273334233404521
1.6239999999998,-0.269600305732033
1.625,-0.265756432741826
1.62599999999929,-0.261800946270909
1.6269999999995,-0.257732557807414
1.6279999999997,-0.253551158433434
1.62899999999991,-0.249254843122963
1.6299999999992,-0.244841590324923
1.6309999999994,-0.240310065812428
1.63199999999961,-0.235659378796639
1.63299999999981,-0.23089014398267
1.63400000000001,-0.22600405406042
1.63499999999931,-0.221001774493195
1.63599999999951,-0.215887187922409
1.63699999999972,-0.210666065615577
1.63799999999992,-0.205342954191057
1.63899999999921,-0.199925292884073
1.63999999999942,-0.194418425796895
1.64099999999962,-0.188826162344951
1.64199999999983,-0.183153056644951
1.64299999999912,-0.177404285193242
1.64399999999932,-0.171584483395441
1.64499999999953,-0.165699081838608
1.64599999999973,-0.159754177097649
1.64699999999993,-0.153755148264064
1.64799999999923,-0.147707999516552
1.64899999999943,-0.1416178497622
1.64999999999964,-0.135492050339397
1.65099999999984,-0.129336232955224
1.65199999999913,-0.123156156790027
1.65299999999934,-0.116955301089922
1.65399999999954,-0.110737800511006
1.65499999999975,-0.104505999816976
1.65599999999995,-0.0982603993206717
1.65699999999924,-0.0920019336810598
1.65799999999945,-0.0857327598484468
1.65899999999965,-0.0794533928099505
1.65999999999985,-0.0731642642068816
1.66099999999915,-0.0668660348045731
1.66199999999935,-0.0605590825311363
1.66299999999956,-0.0542454993680486
1.66399999999976,-0.0479265349881107
1.66499999999996,-0.0416049155340832
1.66599999999926,-0.0352830563579374
1.66699999999946,-0.0289627805398758
1.66799999999967,-0.0226454585441146
1.66899999999987,-0.0163334990825864
1.66999999999916,-0.010028428600142
1.67099999999937,-0.00373296992635865
1.67199999999957,0.00255033868584205
1.67299999999977,0.00881971064894156
1.67399999999998,0.0150732703180686
1.67499999999927,0.0213085234868057
1.67599999999948,0.0275240525173054
1.67699999999968,0.0337175692945251
1.67799999999988,0.0398871273426882
1.67899999999918,0.046030585188172
1.67999999999938,0.0521455646591808
1.68099999999959,0.0582302912167332
1.68199999999979,0.0642819984709889
1.68299999999999,0.0702981315501809
1.68399999999929,0.076276797022934
1.68499999999949,0.0822167691763251
1.68599999999969,0.0881159617908944
1.6869999999999,0.093971399077857
1.68799999999919,0.0997808967395097
1.6889999999994,0.105542925970087
1.6899999999996,0.11125592547555
1.6909999999998,0.116917460978124
1.69200000000001,0.122525375212273
1.6929999999993,0.128077632533096
1.69399999999951,0.133572917937503
1.69499999999971,0.139009718582758
1.69599999999991,0.144385684051382
1.69699999999921,0.149698799258123
1.69799999999941,0.154946805487156
1.69899999999961,0.160127653212901
1.69999999999982,0.165238384727431
1.70100000000002,0.170277113692795
1.70199999999932,0.17524188701643
1.70299999999952,0.180131262724513
1.70399999999972,0.184942184789906
1.70499999999993,0.189672322270033
1.70599999999922,0.194320273784367
1.70699999999943,0.198884539648893
1.70799999999963,0.203362513439593
1.70899999999983,0.207752032000945
1.70999999999913,0.212051051193847
1.71099999999933,0.216256745860829
1.71199999999953,0.22036796880737
1.71299999999974,0.224382308136847
1.71399999999994,0.228296581249381
1.71499999999924,0.23210882406738
1.71599999999944,0.235817786543041
1.71699999999964,0.2394213659221
1.71799999999985,0.242917295039961
1.71899999999914,0.246301960516088
1.71999999999935,0.24957374076844
1.72099999999955,0.252729587564334
1.72199999999975,0.255766798354424
1.72299999999996,0.258682564544223
1.72399999999925,0.261475092814453
1.72499999999945,0.264141603177819
1.72599999999966,0.266680693796612
1.72699999999986,0.26909189808623
1.72799999999916,0.271372949734923
1.72899999999936,0.273521833337136
1.72999999999956,0.275537782784838
1.73099999999977,0.277420338666174
1.73199999999997,0.27916987963739
1.73299999999927,0.280785740782431
1.73399999999947,0.28226796446462
1.73499999999967,0.283616129551123
1.73599999999988,0.284831022304939
1.73699999999917,0.285913274088693
1.73799999999937,0.28686453312229
1.73899999999958,0.287685593371387
1.73999999999978,0.288377675964778
1.74099999999999,0.28894389286992
1.74199999999928,0.289385776947551
1.74299999999948,0.289705265745302
1.74399999999969,0.289904097144713
1.74499999999989,0.289984802324403
1.74599999999919,0.28995097638462
1.74699999999939,0.289805133219446
1.74799999999959,0.289550859789148
1.7489999999998,0.289190785692513
1.75,0.288728946774002
1.75099999999929,0.288168082358318
1.7519999999995,0.287512090402747
1.7529999999997,0.286765141188387
1.75399999999991,0.285930669308333
1.7549999999992,0.285012758292487
1.7559999999994,0.284015281848693
1.75699999999961,0.282943795508419
1.75799999999981,0.281803997834478
1.75900000000001,0.280602682799552
1.75999999999931,0.279343851362716
1.76099999999951,0.2780319069332
1.76199999999972,0.276670927976242
1.76299999999992,0.275265943296351
1.76399999999921,0.273819953297616
1.76499999999942,0.272337745680836
1.76599999999962,0.270821478258686
1.76699999999983,0.269273281299569
1.76799999999912,0.267695939555804
1.76899999999932,0.266091383093583
1.76999999999953,0.264460224762382
1.77099999999973,0.262802708453687
1.77199999999993,0.261118594083631
1.77299999999923,0.259410020986097
1.77399999999943,0.257675919553877
1.77499999999964,0.255915183833544
1.77599999999984,0.254126795942472
1.77699999999913,0.252308197280952
1.77799999999934,0.250458002821111
1.77899999999954,0.248572667833283
1.77999999999975,0.246648839250311
1.78099999999995,0.244683260025069
1.78199999999924,0.242674581747901
1.78299999999945,0.240620240788138
1.78399999999965,0.238517620349111
1.78499999999985,0.236363501037449
1.78599999999915,0.234155285421796
1.78699999999935,0.231890301605372
1.78799999999956,0.229566238058907
1.78899999999976,0.227180163064856
1.78999999999996,0.22473116974449
1.79099999999926,0.222217352473295
1.79199999999946,0.219636271808601
1.79299999999967,0.216986456587828
1.79399999999987,0.214266356848755
1.79499999999916,0.211474186838889
1.79599999999937,0.20860860320638
1.79699999999957,0.205668103697175
1.79799999999977,0.202651994673498
1.79899999999998,0.199559907732443
1.79999999999927,0.19639134250563
1.80099999999948,0.193146932266197
1.80199999999968,0.189825597313805
1.80299999999988,0.186426907610027
1.80399999999918,0.182950385313122
1.80499999999938,0.179395937290768
1.80599999999959,0.175762694985373
1.80699999999979,0.172051383431185
1.80799999999999,0.168262914717485
1.80899999999929,0.164397776875363
1.80999999999949,0.160456004575283
1.81099999999969,0.156438438137343
1.8119999999999,0.15234498285594
1.81299999999919,0.148175027891788
1.8139999999994,0.143927580019051
1.8149999999996,0.139603164102517
1.8159999999998,0.135201738681172
1.81700000000001,0.130724090693064
1.8179999999993,0.126169842323851
1.81899999999951,0.121540108371812
1.81999999999971,0.116836429068454
1.82099999999991,0.112059960142053
1.82199999999921,0.10721176695141
1.82299999999941,0.102291735032271
1.82399999999961,0.097299950051068
1.82499999999982,0.0922366977145428
1.82600000000002,0.087103628726714
1.82699999999932,0.0819016583202501
1.82799999999952,0.0766319089849223
1.82899999999972,0.0712939057448898
1.82999999999993,0.0658886824635428
1.83099999999922,0.0604180896586588
1.83199999999943,0.0548843723040341
1.83299999999963,0.0492894166704702
1.83399999999983,0.043636165633467
1.83499999999913,0.0379268900797042
1.83599999999933,0.032162611269721
1.83699999999953,0.0263459246115625
1.83799999999974,0.0204792141694894
1.83899999999994,0.0145635988364711
1.83999999999924,0.00860290054742723
1.84099999999944,0.00259861786265686
1.84199999999964,-0.00344725626505159
1.84299999999985,-0.00953174692330065
1.84399999999914,-0.015653238980119
1.84499999999935,-0.0218084216889148
1.84599999999955,-0.0279946447405626
1.84699999999975,-0.0342081543183376
1.84799999999996,-0.0404456020143717
1.84899999999925,-0.046703063551588
1.84999999999945,-0.0529769417484056
1.85099999999966,-0.0592633253138533
1.85199999999986,-0.0655581852346606
1.85299999999916,-0.0718579764849439
1.85399999999936,-0.0781568662251333
1.85499999999956,-0.0844489715951375
1.85599999999977,-0.0907312163849397
1.85699999999997,-0.0969980881779605
1.85799999999927,-0.103243090536934
1.85899999999947,-0.10946177286617
1.85999999999967,-0.115649099458733
1.86099999999988,-0.121799733037252
1.86199999999917,-0.127907865680692
1.86299999999937,-0.133967145367208
1.86399999999958,-0.13997176680203
1.86499999999978,-0.145915699770178
1.86599999999999,-0.151793384874579
1.86699999999928,-0.157599705882376
1.86799999999948,-0.163328820981375
1.86899999999969,-0.168976364952831
1.86999999999989,-0.174538640233582
1.87099999999919,-0.180012447152473
1.87199999999939,-0.18539591380761
1.87299999999959,-0.190687577173257
1.8739999999998,-0.195886910584226
1.875,-0.200993638929916
1.87599999999929,-0.206007315421975
1.8769999999995,-0.210927062663127
1.8779999999997,-0.215753290286181
1.87899999999991,-0.220486502507741
1.8799999999992,-0.225126325799007
1.8809999999994,-0.229674076861177
1.88199999999961,-0.234130286649896
1.88299999999981,-0.238495500282138
1.88400000000001,-0.242770734130119
1.88499999999931,-0.246956911486269
1.88599999999951,-0.251053760722745
1.88699999999972,-0.255061105367297
1.88799999999992,-0.258977024134392
1.88899999999921,-0.262797859321412
1.88999999999942,-0.266522118333918
1.89099999999962,-0.27014663887018
1.89199999999983,-0.273665776993978
1.89299999999912,-0.27707597686863
1.89399999999932,-0.280371758450785
1.89499999999953,-0.283547837266747
1.89599999999973,-0.286598518536339
1.89699999999993,-0.289520820423168
1.89799999999923,-0.292310822106061
1.89899999999943,-0.294965586609106
1.89999999999964,-0.297481075599428
1.90099999999984,-0.299855868141472
1.90199999999913,-0.302086866486295
1.90299999999934,-0.304170970355228
1.90399999999954,-0.306106833453718
1.90499999999975,-0.307893265626559
1.90599999999995,-0.30952863407414
1.90699999999924,-0.311012177610986
1.90799999999945,-0.31234375990483
1.90899999999965,-0.313523863568528
1.90999999999985,-0.314552898354062
1.91099999999915,-0.31543083339796
1.91199999999935,-0.316157278074196
1.91299999999956,-0.316733536847625
1.91399999999976,-0.3171613978761
1.91499999999996,-0.317445437260795
1.91599999999926,-0.317587346596043
1.91699999999946,-0.317591147844504
1.91799999999967,-0.317459605646251
1.91899999999987,-0.317195803218421
1.91999999999916,-0.316802545255244
1.92099999999937,-0.316283928609045
1.92199999999957,-0.315642772365191
1.92299999999977,-0.314880654189299
1.92399999999998,-0.314000180842068
1.92499999999927,-0.313003721875249
1.92599999999948,-0.311891079816762
1.92699999999968,-0.310662259118177
1.92799999999988,-0.30931800226268
1.92899999999918,-0.307857907660163
1.92999999999938,-0.306280742532421
1.93099999999959,-0.304585203610932
1.93199999999979,-0.302769607476265
1.93299999999999,-0.300833402965493
1.93399999999929,-0.298774182485736
1.93499999999949,-0.296590460329036
1.93599999999969,-0.294279174109971
1.9369999999999,-0.291839251931703
1.93799999999919,-0.289269846864363
1.9389999999994,-0.286569582569399
1.9399999999996,-0.28373797770058
1.9409999999998,-0.280774977241572
1.94200000000001,-0.277681179370513
1.9429999999993,-0.274457347937259
1.94399999999951,-0.271104388936845
1.94499999999971,-0.267624256545877
1.94599999999991,-0.26401853510381
1.94699999999921,-0.260287423749276
1.94799999999941,-0.256433511659732
1.94899999999961,-0.252459329372413
1.94999999999982,-0.248367837316222
1.95100000000002,-0.244164459690286
1.95199999999932,-0.239852283185968
1.95299999999952,-0.235437006892279
1.95399999999972,-0.230923119844749
1.95499999999993,-0.226315332756009
1.95599999999922,-0.221618735404043
1.95699999999943,-0.21683898042562
1.95799999999963,-0.211980499987107
1.95899999999983,-0.207048936859631
1.95999999999913,-0.202047246577642
1.96099999999933,-0.196979950997063
1.96199999999953,-0.191850129893035
1.96299999999974,-0.18666025313895
1.96399999999994,-0.181411325113806
1.96499999999924,-0.176104787575678
1.96599999999944,-0.170742915646699
1.96699999999964,-0.165327833621461
1.96799999999985,-0.159861226797914
1.96899999999914,-0.154346331883239
1.96999999999935,-0.148785846149301
1.97099999999955,-0.143182398597113
1.97199999999975,-0.137537856361361
1.97299999999996,-0.1318534312031
1.97399999999925,-0.12613334900442
1.97499999999945,-0.12037838473395
1.97599999999966,-0.114591185604349
1.97699999999986,-0.108773046568352
1.97799999999916,-0.10292468455227
1.97899999999936,-0.097048756049863
1.97999999999956,-0.0911488192150125
1.98099999999977,-0.0852263328993223
1.98199999999997,-0.0792817398007159
1.98299999999927,-0.0733167837412125
1.98399999999947,-0.0673335317033353
1.98499999999967,-0.0613338316970642
1.98599999999988,-0.0553195951872637
1.98699999999917,-0.0492932145431609
1.98799999999937,-0.0432559094976991
1.98899999999958,-0.0372092007943651
1.98999999999978,-0.0311552822178105
1.99099999999999,-0.0250976387092113
1.99199999999928,-0.0190370505602132
1.99299999999948,-0.0129768274424242
1.99399999999969,-0.00691942204077385
1.99499999999989,-0.000867032841381621
1.99599999999919,0.00517752007286922
1.99699999999939,0.0112110004937341
1.99799999999959,0.0172304694384046
1.9989999999998,0.023232921191439
2,0.0292130633103839
2.00099999999929,0.0351670120274346
2.0019999999995,0.0410909147476102
2.0029999999997,0.0469798765812154
2.00399999999991,0.0528293890954865
2.0049999999992,0.0586342992087632
2.0059999999994,0.0643903602950417
2.00699999999961,0.0700928389765195
2.00799999999981,0.0757371224144675
2.00900000000001,0.0813198259387845
2.00999999999931,0.0868361645461984
2.01099999999951,0.0922815774885012
2.01199999999972,0.0976510867417131
2.01299999999992,0.102941335095722
2.01399999999921,0.108149064930658
2.01499999999942,0.113271415875345
2.01599999999962,0.118301871404959
2.01699999999983,0.123238244573903
2.01799999999912,0.128077119630397
2.01899999999932,0.132815380612914
2.01999999999953,0.137450350830504
2.02099999999973,0.141979142799837
2.02199999999993,0.146398183193917
2.02299999999923,0.15070507656443
2.02399999999943,0.154896533713174
2.02499999999964,0.158969710568772
2.02599999999984,0.162922815311702
2.02699999999913,0.166753598479179
2.02799999999934,0.170459525509337
2.02899999999954,0.17403898502733
2.02999999999975,0.177490321080291
2.03099999999995,0.180811818260045
2.03199999999924,0.184001678965563
2.03299999999945,0.187058414848098
2.03399999999965,0.189981012669021
2.03499999999985,0.192767690421483
2.03599999999915,0.195416437542255
2.03699999999935,0.197926830634403
2.03799999999956,0.200299358057504
2.03899999999976,0.202534415317692
2.03999999999996,0.204632523749937
2.04099999999926,0.206594318718725
2.04199999999946,0.208420089871593
2.04299999999967,0.210110965675241
2.04399999999987,0.211670633121639
2.04499999999916,0.213103197648762
2.04599999999937,0.214411598269294
2.04699999999957,0.215598224983107
2.04799999999977,0.216667926369033
2.04899999999998,0.217625468594128
2.04999999999927,0.21847491841052
2.05099999999948,0.219221162779824
2.05199999999968,0.21987034565562
2.05299999999988,0.220427685776013
2.05399999999918,0.220897626082603
2.05499999999938,0.221285432027557
2.05599999999959,0.221599867304014
2.05699999999979,0.221847487238867
2.05799999999999,0.22203428235537
2.05899999999929,0.222168231460155
2.05999999999949,0.22225668560602
2.06099999999969,0.222308237757354
2.0619999999999,0.222330561772047
2.06299999999919,0.222329497975359
2.0639999999994,0.222312539603479
2.0649999999996,0.222286611200174
2.0659999999998,0.222258509707917
2.06700000000001,0.222234482770039
2.0679999999993,0.222220983437119
2.06899999999951,0.222221899040096
2.06999999999971,0.22224127784758
2.07099999999991,0.222282934484509
2.07199999999921,0.222347363839489
2.07299999999941,0.222436527126464
2.07399999999961,0.222549324018742
2.07499999999982,0.222684616825824
2.07600000000002,0.222840339799767
2.07699999999932,0.223011673660554
2.07799999999952,0.22319402848404
2.07899999999972,0.223380569297626
2.07999999999993,0.223566452014047
2.08099999999922,0.223744999298032
2.08199999999943,0.223910487991169
2.08299999999963,0.224056930985561
2.08399999999983,0.224176327075379
2.08499999999913,0.22426199312927
2.08599999999933,0.224307667870538
2.08699999999953,0.224307489718219
2.08799999999974,0.224254357765868
2.08899999999994,0.224142488582415
2.08999999999924,0.223966013636347
2.09099999999944,0.223719487940203
2.09199999999964,0.223397540831786
2.09299999999985,0.222996418009956
2.09399999999914,0.222509061997877
2.09499999999935,0.221933256877047
2.09599999999955,0.22126440890888
2.09699999999975,0.220498258471991
2.09799999999996,0.219632386895431
2.09899999999925,0.218664774184954
2.09999999999945,0.217593054238868
2.10099999999966,0.216414753019134
2.10199999999986,0.215128514366426
2.10299999999916,0.213732067755455
2.10399999999936,0.212224088281754
2.10499999999956,0.210602140526029
2.10599999999977,0.208865793662688
2.10699999999997,0.207014572386026
2.10799999999927,0.205047635162485
2.10899999999947,0.202964690331583
2.10999999999967,0.200765351596422
2.11099999999988,0.198449756357788
2.11199999999917,0.196017384572336
2.11299999999937,0.193470381157257
2.11399999999958,0.190809233228824
2.11499999999978,0.188035041840362
2.11599999999999,0.185148246163589
2.11699999999928,0.182150640274993
2.11799999999948,0.179043913334625
2.11899999999969,0.175830335557395
2.11999999999989,0.172511667719834
2.12099999999919,0.169088185340637
2.12199999999939,0.165562457734092
2.12299999999959,0.161937266658049
2.1239999999998,0.158215970516975
2.125,0.154400783276551
2.12599999999929,0.150494278531697
2.1269999999995,0.146497193223742
2.1279999999997,0.142412463961787
2.12899999999991,0.138242432855828
2.1299999999992,0.133989042462811
2.1309999999994,0.129654308005553
2.13199999999961,0.12524001750994
2.13299999999981,0.120748547398346
2.13400000000001,0.116180966464925
2.13499999999931,0.111537258135374
2.13599999999951,0.10682143332115
2.13699999999972,0.102035245984493
2.13799999999992,0.0971791615894903
2.13899999999921,0.0922547912238228
2.13999999999942,0.087263461460121
2.14099999999962,0.0822058267234696
2.14199999999983,0.0770831289495645
2.14299999999912,0.0718967819272661
2.14399999999932,0.0666473254503351
2.14499999999953,0.0613354614824455
2.14599999999973,0.0559616426596434
2.14699999999993,0.0505278776388382
2.14799999999923,0.0450355502729183
2.14899999999943,0.039486687311576
2.14999999999964,0.033884271351152
2.15099999999984,0.0282294828771843
2.15199999999913,0.0225236320266454
2.15299999999934,0.0167698430057638
2.15399999999954,0.0109714546653091
2.15499999999975,0.00513157647802359
2.15599999999995,-0.000746058294757421
2.15699999999924,-0.00665953654438967
2.15799999999945,-0.0126046324012973
2.15899999999965,-0.0185784829818387
2.15999999999985,-0.0245768933780089
2.16099999999915,-0.0305952386688211
2.16199999999935,-0.0366275071422273
2.16299999999956,-0.0426694777668751
2.16399999999976,-0.0487153388565452
2.16499999999996,-0.0547602577038198
2.16599999999926,-0.0607961965141925
2.16699999999946,-0.0668188405079691
2.16799999999967,-0.0728206698787668
2.16899999999987,-0.0787947923150741
2.16999999999916,-0.0847340608584576
2.17099999999937,-0.0906310455746568
2.17199999999957,-0.0964779872486447
2.17299999999977,-0.102265612604457
2.17399999999998,-0.107986772521638
2.17499999999927,-0.113632968477173
2.17599999999948,-0.119196137020137
2.17699999999968,-0.124666453598359
2.17799999999988,-0.130037797480403
2.17899999999918,-0.135300436962914
2.17999999999938,-0.140447408631619
2.18099999999959,-0.145471665307823
2.18199999999979,-0.15036341158301
2.18299999999999,-0.155114828880096
2.18399999999929,-0.159717448296967
2.18499999999949,-0.164165243016642
2.18599999999969,-0.168452627194388
2.1869999999999,-0.172573617550271
2.18799999999919,-0.176521531184258
2.1889999999994,-0.180292912289116
2.1899999999996,-0.183884319612411
2.1909999999998,-0.18729196057683
2.19200000000001,-0.190513908697784
2.1929999999993,-0.193547317511636
2.19399999999951,-0.196391692321174
2.19499999999971,-0.199048091360559
2.19599999999991,-0.20151913347815
2.19699999999921,-0.203807485145253
2.19799999999941,-0.205916167658348
2.19899999999961,-0.207849725902969
2.19999999999982,-0.209615732659255
2.20100000000002,-0.211222619391829
2.20199999999932,-0.212678665353395
2.20299999999952,-0.213994070826656
2.20399999999972,-0.215180577245468
2.20499999999993,-0.21624983569127
2.20599999999922,-0.217213394645386
2.20699999999943,-0.218081172835249
2.20799999999963,-0.218861426832566
2.20899999999983,-0.219559240107387
2.20999999999913,-0.220179944644553
2.21099999999933,-0.220728017944329
2.21199999999953,-0.221206211790885
2.21299999999974,-0.221615772647282
2.21399999999994,-0.221959337952478
2.21499999999924,-0.222237765754863
2.21599999999944,-0.222450497504022
2.21699999999964,-0.222597122271946
2.21799999999985,-0.222674881271531
2.21899999999914,-0.222679891677865
2.21999999999935,-0.22260868432931
2.22099999999955,-0.222454841225905
2.22199999999975,-0.222213237843846
2.22299999999996,-0.22187916203726
2.22399999999925,-0.221445371555046
2.22499999999945,-0.220901037683085
2.22599999999966,-0.220240410017366
2.22699999999986,-0.219456444728105
2.22799999999916,-0.21854389780833
2.22899999999936,-0.21749405545167
2.22999999999956,-0.216300026822152
2.23099999999977,-0.214957309434233
2.23199999999997,-0.213460208844056
2.23299999999927,-0.211805154281387
2.23399999999947,-0.209990038711177
2.23499999999967,-0.208015232559218
2.23599999999988,-0.205881248679125
2.23699999999917,-0.203588896595678
2.23799999999937,-0.201141722016267
2.23899999999958,-0.198543760073601
2.23999999999978,-0.195798310712189
2.24099999999999,-0.192907524919143
2.24199999999928,-0.189875606395949
2.24299999999948,-0.186707074953822
2.24399999999969,-0.183403538634845
2.24499999999989,-0.179966742065458
2.24599999999919,-0.176399348719773
2.24699999999939,-0.172705634748111
2.24799999999959,-0.168887807560745
2.2489999999998,-0.164949857286024
2.25,-0.16089421619138
2.25099999999929,-0.156724400986105
2.2519999999995,-0.152444906983372
2.2529999999997,-0.148058416428896
2.25399999999991,-0.143569355237519
2.2549999999992,-0.138981031858109
2.2559999999994,-0.134296474939077
2.25699999999961,-0.129519936891322
2.25799999999981,-0.124657483966494
2.25900000000001,-0.119713389718399
2.25999999999931,-0.114694013866884
2.26099999999951,-0.109606299246467
2.26199999999972,-0.104455722022963
2.26299999999992,-0.0992473005451223
2.26399999999921,-0.0939848335946545
2.26499999999942,-0.0886718746617642
2.26599999999962,-0.0833115328882425
2.26699999999983,-0.077905867014514
2.26799999999912,-0.0724584498857775
2.26899999999932,-0.0669741673125244
2.26999999999953,-0.0614561769733971
2.27099999999973,-0.0559090762650969
2.27199999999993,-0.050336254452285
2.27299999999923,-0.0447414994693176
2.27399999999943,-0.0391280418668765
2.27499999999964,-0.0334994425378155
2.27599999999984,-0.02785786550988
2.27699999999913,-0.0222060827151915
2.27799999999934,-0.0165476164577884
2.27899999999954,-0.0108856369628842
2.27999999999975,-0.00522250606668094
2.28099999999995,0.000438337751690887
2.28199999999924,0.00609221903432776
2.28299999999945,0.0117360899390518
2.28399999999965,0.0173662036222098
2.28499999999985,0.0229796664609981
2.28599999999915,0.0285731170198837
2.28699999999935,0.0341436358649046
2.28799999999956,0.0396888833843614
2.28899999999976,0.0452044177453711
2.28999999999996,0.0506879253767705
2.29099999999926,0.0561359529080373
2.29199999999946,0.0615472697718186
2.29299999999967,0.066917946603238
2.29399999999987,0.0722449710811364
2.29499999999916,0.0775257002779665
2.29599999999937,0.0827574501657663
2.29699999999957,0.0879389242660254
2.29799999999977,0.09306602679921
2.29899999999998,0.0981364135691251
2.29999999999927,0.103147365594954
2.30099999999948,0.108096576758908
2.30199999999968,0.112981424535736
2.30299999999988,0.117800405672164
2.30399999999918,0.122552753815002
2.30499999999938,0.127235606401056
2.30599999999959,0.131848571436824
2.30699999999979,0.13639034582177
2.30799999999999,0.140859819052584
2.30899999999929,0.145254690844919
2.30999999999949,0.149571314076173
2.31099999999969,0.153810297550036
2.3119999999999,0.157970076035865
2.31299999999919,0.162049527929538
2.3139999999994,0.166046836069849
2.3149999999996,0.169959569169089
2.3159999999998,0.173785852294267
2.31700000000001,0.177521001074438
2.3179999999993,0.181164767472551
2.31899999999951,0.184716179513723
2.31999999999971,0.188173270949351
2.32099999999991,0.19153354493958
2.32199999999921,0.194794255886145
2.32299999999941,0.197952227189908
2.32399999999961,0.201005582047614
2.32499999999982,0.203951449878216
2.32600000000002,0.206785435066045
2.32699999999932,0.209504669463922
2.32799999999952,0.212105530675598
2.32899999999972,0.214584951388163
2.32999999999993,0.216940067161278
2.33099999999922,0.219169261994868
2.33199999999943,0.221270413538709
2.33299999999963,0.223240911697178
2.33399999999983,0.225079486433615
2.33499999999913,0.226785485171038
2.33599999999933,0.228359119996144
2.33699999999953,0.229798297899519
2.33799999999974,0.231103773433928
2.33899999999994,0.232273380015121
2.33999999999924,0.233306917592077
2.34099999999944,0.234202775052196
2.34199999999964,0.234961189081109
2.34299999999985,0.235582996058459
2.34399999999914,0.236072608536302
2.34499999999935,0.236433048219296
2.34599999999955,0.236666596695956
2.34699999999975,0.23677793743759
2.34799999999996,0.236772915718359
2.34899999999925,0.236657066630671
2.34999999999945,0.23643809870256
2.35099999999966,0.236123910669132
2.35199999999986,0.235720469114081
2.35299999999916,0.235234531365596
2.35399999999936,0.234673036384652
2.35499999999956,0.234041468317492
2.35599999999977,0.233347488028315
2.35699999999997,0.232597837893494
2.35799999999927,0.231798297557087
2.35899999999947,0.230956785669657
2.35999999999967,0.230080532549359
2.36099999999988,0.229177994500842
2.36199999999917,0.228255633411412
2.36299999999937,0.227319805175646
2.36399999999958,0.226376248290711
2.36499999999978,0.225431725977709
2.36599999999999,0.224490883360224
2.36699999999928,0.223559054891257
2.36799999999948,0.222639412407869
2.36899999999969,0.221735811645065
2.36999999999989,0.220850666462334
2.37099999999919,0.219985772036318
2.37199999999939,0.219141945189952
2.37299999999959,0.21831950191883
2.3739999999998,0.21751748839283
2.375,0.216735508225839
2.37599999999929,0.215971119536863
2.3769999999995,0.215222501477656
2.3779999999997,0.214486717152059
2.37899999999991,0.213760363686189
2.3799999999992,0.213039579049238
2.3809999999994,0.212319679211213
2.38199999999961,0.211595606557635
2.38299999999981,0.210861134614663
2.38400000000001,0.21011024878943
2.38499999999931,0.209338319941597
2.38599999999951,0.208538905848645
2.38699999999972,0.207704393818158
2.38799999999992,0.206829166802326
2.38899999999921,0.205907254967157
2.38999999999942,0.204933406361929
2.39099999999962,0.203900950681075
2.39199999999983,0.202804068684577
2.39299999999912,0.201638466229256
2.39399999999932,0.200399676898233
2.39499999999953,0.199082017367855
2.39599999999973,0.197682995108055
2.39699999999993,0.196197821710039
2.39799999999923,0.19462169246555
2.39899999999943,0.192952579875082
2.39999999999964,0.191186879065517
2.40099999999984,0.189322425303192
2.40199999999913,0.187357023621924
2.40299999999934,0.185287556369452
2.40399999999954,0.18311153027303
2.40499999999975,0.180826331036577
2.40599999999995,0.178429777684358
2.40699999999924,0.175920882152322
2.40799999999945,0.173297911780735
2.40899999999965,0.170559939377085
2.40999999999985,0.167704788138575
2.41099999999915,0.164731344002287
2.41199999999935,0.1616392151457
2.41299999999956,0.158427374115338
2.41399999999976,0.15509443296951
2.41499999999996,0.151638597201392
2.41599999999926,0.148060972634477
2.41699999999946,0.144360766257703
2.41799999999967,0.140537681915622
2.41899999999987,0.136592492750871
2.41999999999916,0.132525557423037
2.42099999999937,0.128338705962229
2.42199999999957,0.124030898352263
2.42299999999977,0.119604452571057
2.42399999999998,0.115059493974149
2.42499999999927,0.110396481101301
2.42599999999948,0.105615951595622
2.42699999999968,0.100720135555219
2.42799999999988,0.0957102507565984
2.42899999999918,0.0905885633922174
2.42999999999938,0.0853568895662291
2.43099999999959,0.0800163686348493
2.43199999999979,0.074569091263789
2.43299999999999,0.0690158114874848
2.43399999999929,0.0633599824920305
2.43499999999949,0.0576055187633745
2.43599999999969,0.0517543039628378
2.4369999999999,0.0458097259419501
2.43799999999919,0.039774969023804
2.4389999999994,0.033652639641191
2.4399999999996,0.0274466350298998
2.4409999999998,0.0211589664580527
2.44200000000001,0.0147918991351922
2.4429999999993,0.00834844158260062
2.44399999999951,0.00183243152109995
2.44499999999971,-0.00475324695625749
2.44599999999991,-0.0114042416052324
2.44699999999921,-0.0181174379940335
2.44799999999941,-0.0248879046529006
2.44899999999961,-0.0317136615100816
2.44999999999982,-0.0385903275920123
2.45100000000002,-0.0455151173910273
2.45199999999932,-0.0524838368995482
2.45299999999952,-0.0594923739952296
2.45399999999972,-0.0665375384755592
2.45499999999993,-0.0736166145298463
2.45599999999922,-0.0807247254084432
2.45699999999943,-0.0878607946885993
2.45799999999963,-0.0950202586198854
2.45899999999983,-0.102197870724243
2.45999999999913,-0.109388664145701
2.46099999999933,-0.116589432760869
2.46199999999953,-0.123796362325461
2.46299999999974,-0.131003091796552
2.46399999999994,-0.13820546038035
2.46499999999924,-0.145398088710759
2.46599999999944,-0.152574980127662
2.46699999999964,-0.159730957105635
2.46799999999985,-0.166860706294476
2.46899999999914,-0.173956782046438
2.46999999999935,-0.18101332372358
2.47099999999955,-0.188022512608523
2.47199999999975,-0.194976689635687
2.47299999999996,-0.201868334811318
2.47399999999925,-0.208689082838243
2.47499999999945,-0.215430659014082
2.47599999999966,-0.22208589965117
2.47699999999986,-0.228646245391475
2.47799999999916,-0.235101430237705
2.47899999999936,-0.241442152470515
2.47999999999956,-0.247658982465229
2.48099999999977,-0.253744620632315
2.48199999999997,-0.259687114839606
2.48299999999927,-0.265477224555461
2.48399999999947,-0.271107134272781
2.48499999999967,-0.276566580976855
2.48599999999988,-0.281845650557684
2.48699999999917,-0.286936183448092
2.48799999999937,-0.291831510007068
2.48899999999958,-0.29652660004898
2.48999999999978,-0.301016827419709
2.49099999999999,-0.305298483781069
2.49199999999928,-0.30937180046168
2.49299999999948,-0.313235803534357
2.49399999999969,-0.316894603289108
2.49499999999989,-0.320356341243426
2.49599999999919,-0.323629544508047
2.49699999999939,-0.326725632134919
2.49799999999959,-0.329657286472172
2.4989999999998,-0.332434382438962
2.5,-0.335069970111466
2.50099999999929,-0.337574755459584
2.5019999999995,-0.339957828012209
2.5029999999997,-0.342225070632376
2.50399999999991,-0.344381737033867
2.5049999999992,-0.34643322990091
2.5059999999994,-0.348379821074575
2.50699999999961,-0.350220498971534
2.50799999999981,-0.351956160436627
2.50900000000001,-0.353583395925177
2.50999999999931,-0.355101084615207
2.51099999999951,-0.356504063626356
2.51199999999972,-0.357788490363914
2.51299999999992,-0.358950230957071
2.51399999999921,-0.359986502733308
2.51499999999942,-0.360896697057744
2.51599999999962,-0.361678275056866
2.51699999999983,-0.362328642489036
2.51799999999912,-0.362845881028377
2.51899999999932,-0.36322713159623
2.51999999999953,-0.363469769405692
2.52099999999973,-0.363571381080574
2.52199999999993,-0.363527702977123
2.52299999999923,-0.36333637284423
2.52399999999943,-0.362994653632484
2.52499999999964,-0.362499957458707
2.52599999999984,-0.361848631087463
2.52699999999913,-0.361039141714245
2.52799999999934,-0.360069095483006
2.52899999999954,-0.358936539608004
2.52999999999975,-0.357640001688295
2.53099999999995,-0.356179315829251
2.53199999999924,-0.354554185320493
2.53299999999945,-0.352766277823401
2.53399999999965,-0.350815582717122
2.53499999999985,-0.348701146910591
2.53599999999915,-0.346423941654497
2.53699999999935,-0.343983816374791
2.53799999999956,-0.341381354313155
2.53899999999976,-0.338616475922908
2.53999999999996,-0.335691194959836
2.54099999999926,-0.332606518225641
2.54199999999946,-0.3293641546921
2.54299999999967,-0.325965796276585
2.54399999999987,-0.322413794033002
2.54499999999916,-0.318711543941993
2.54599999999937,-0.314860258778053
2.54699999999957,-0.310863427245565
2.54799999999977,-0.306723411362358
2.54899999999998,-0.302442094463282
2.54999999999927,-0.298022688812069
2.55099999999948,-0.293466399198559
2.55199999999968,-0.288776504429581
2.55299999999988,-0.283956988341736
2.55399999999918,-0.279010522998918
2.55499999999938,-0.273941842901203
2.55599999999959,-0.268755922054038
2.55699999999979,-0.263458095750671
2.55799999999999,-0.258054798511887
2.55899999999929,-0.252552328659782
2.55999999999949,-0.246955617920635
2.56099999999969,-0.241271022814333
2.5619999999999,-0.23550379762862
2.56299999999919,-0.229660778143565
2.5639999999994,-0.223749132337047
2.5649999999996,-0.217775585529247
2.5659999999998,-0.211744218031782
2.56700000000001,-0.205661242740523
2.5679999999993,-0.199531611424416
2.56899999999951,-0.193358188164374
2.56999999999971,-0.187143628791119
2.57099999999991,-0.18089133664756
2.57199999999921,-0.174604926083574
2.57299999999941,-0.168288004059997
2.57399999999961,-0.161945906034495
2.57499999999982,-0.155580665281453
2.57600000000002,-0.149195700820923
2.57699999999932,-0.142794416303273
2.57799999999952,-0.136380871776425
2.57899999999972,-0.129958428546896
2.57999999999993,-0.123530803428496
2.58099999999922,-0.117102030043542
2.58199999999943,-0.110675654906067
2.58299999999963,-0.104254239448972
2.58399999999983,-0.0978414526837935
2.58499999999913,-0.0914418243512571
2.58599999999933,-0.0850579813940926
2.58699999999953,-0.0786940787470887
2.58799999999974,-0.0723538134924774
2.58899999999994,-0.0660414548360139
2.58999999999924,-0.0597617084320992
2.59099999999944,-0.0535189101407232
2.59199999999964,-0.0473155822391523
2.59299999999985,-0.0411560173006274
2.59399999999914,-0.0350444684951434
2.59499999999935,-0.0289842897276187
2.59599999999955,-0.0229795100845115
2.59699999999975,-0.0170338852108705
2.59799999999996,-0.0111517412514014
2.59899999999925,-0.00533524507040359
2.59999999999945,0.000410846003142909
2.60099999999966,0.00608323141534403
2.60199999999986,0.0116779082993381
2.60299999999916,0.0171912132825044
2.60399999999936,0.0226201507722405
2.60499999999956,0.0279608340340832
2.60599999999977,0.0332115375802577
2.60699999999997,0.038368257409521
2.60799999999927,0.0434271200245881
2.60899999999947,0.0483836711962338
2.60999999999967,0.0532347276623574
2.61099999999988,0.0579765315776474
2.61199999999917,0.0626055387905043
2.61299999999937,0.0671170005519128
2.61399999999958,0.0715072347488077
2.61499999999978,0.0757726810963035
2.61599999999999,0.0799098975555678
2.61699999999928,0.0839165174151769
2.61799999999948,0.0877883563863026
2.61899999999969,0.0915218203390808
2.61999999999989,0.0951154223109035
2.62099999999919,0.0985664122872232
2.62199999999939,0.101872854470289
2.62299999999959,0.105034108740255
2.6239999999998,0.1080493550543
2.625,0.110917036336739
2.62599999999929,0.11363531500544
2.6269999999995,0.116203552438059
2.6279999999997,0.118621177425494
2.62899999999991,0.120887823601522
2.6299999999992,0.123005001688813
2.6309999999994,0.124973769479279
2.63199999999961,0.126796657771829
2.63299999999981,0.128475597315615
2.63400000000001,0.130012475218901
2.63499999999931,0.131409756656956
2.63599999999951,0.13267039404347
2.63699999999972,0.133798531640648
2.63799999999992,0.134798919051544
2.63899999999921,0.135679322660287
2.63999999999942,0.136446010587788
2.64099999999962,0.137103112397559
2.64199999999983,0.137655432311968
2.64299999999912,0.138108328186526
2.64399999999932,0.138465373696619
2.64499999999953,0.138730067195287
2.64599999999973,0.138907598562284
2.64699999999993,0.13900380874334
2.64799999999923,0.139025073323673
2.64899999999943,0.138978225354914
2.64999999999964,0.138869719835767
2.65099999999984,0.138707783356039
2.65199999999913,0.138500305588153
2.65299999999934,0.138256377666339
2.65399999999954,0.137982935471886
2.65499999999975,0.137687610451847
2.65599999999995,0.137377321828884
2.65699999999924,0.137060071597644
2.65799999999945,0.136741843523741
2.65899999999965,0.136429419556841
2.65999999999985,0.13612806609874
2.66099999999915,0.135844580671936
2.66199999999935,0.135584331523344
2.66299999999956,0.135352427962769
2.66399999999976,0.1351533436603
2.66499999999996,0.134991517002884
2.66599999999926,0.13486993619682
2.66699999999946,0.134790651012562
2.66799999999967,0.134754526355194
2.66899999999987,0.134762645735709
2.66999999999916,0.134815019914752
2.67099999999937,0.134911169200383
2.67199999999957,0.135048715721393
2.67299999999977,0.135224907555482
2.67399999999998,0.135436136314724
2.67499999999927,0.135678170036281
2.67599999999948,0.135945032436631
2.67699999999968,0.136230513473285
2.67799999999988,0.136528404829969
2.67899999999918,0.136831854689541
2.67999999999938,0.137133634109525
2.68099999999959,0.137425709342919
2.68199999999979,0.137699458197508
2.68299999999999,0.137946422480594
2.68399999999929,0.138158704970366
2.68499999999949,0.138327608576983
2.68599999999969,0.13844507192784
2.6869999999999,0.138502656655329
2.68799999999919,0.138493891156199
2.6889999999994,0.138411643894492
2.6899999999996,0.138248677485381
2.6909999999998,0.137999531351367
2.69200000000001,0.137657524926904
2.6929999999993,0.137216778391963
2.69399999999951,0.136673774322823
2.69499999999971,0.136023922994308
2.69599999999991,0.135262808428373
2.69699999999921,0.13438753046152
2.69799999999941,0.133395704585301
2.69899999999961,0.132284365984365
2.69999999999982,0.131050362390217
2.70100000000002,0.12969241516067
2.70199999999932,0.128209208650721
2.70299999999952,0.126599318109496
2.70399999999972,0.124861382548231
2.70499999999993,0.122993780005802
2.70599999999922,0.120996585013745
2.70699999999943,0.11887004819151
2.70799999999963,0.116612950217048
2.70899999999983,0.114225206869899
2.70999999999913,0.111706648699618
2.71099999999933,0.109057664074697
2.71199999999953,0.10627969033693
2.71299999999974,0.10337336455884
2.71399999999994,0.100339240359496
2.71499999999924,0.0971792554882215
2.71599999999944,0.0938948921427629
2.71699999999964,0.0904879849658227
2.71799999999985,0.0869612434731166
2.71899999999914,0.0833184335760268
2.71999999999935,0.07956217735875
2.72099999999955,0.0756942035294407
2.72199999999975,0.0717178257309841
2.72299999999996,0.0676364969021908
2.72399999999925,0.0634547474383334
2.72499999999945,0.059175385993851
2.72599999999966,0.0548013280538493
2.72699999999986,0.050335520072045
2.72799999999916,0.0457805472504854
2.72899999999936,0.0411400202134628
2.72999999999956,0.0364175315878575
2.73099999999977,0.0316165510340001
2.73199999999997,0.026739678171529
2.73299999999927,0.021790020516665
2.73399999999947,0.0167693314929259
2.73499999999967,0.0116804982234398
2.73599999999988,0.00652664745092754
2.73699999999917,0.00131091296965055
2.73799999999937,-0.00396407736224817
2.73899999999958,-0.00929639161625576
2.73999999999978,-0.0146833362862417
2.74099999999999,-0.0201234705165571
2.74199999999928,-0.0256142539545267
2.74299999999948,-0.0311526724821511
2.74399999999969,-0.0367361541668717
2.74499999999989,-0.0423619729743335
2.74599999999919,-0.0480277719913681
2.74699999999939,-0.0537309813372746
2.74799999999959,-0.0594683161996542
2.7489999999998,-0.0652373303158283
2.75,-0.0710349793637352
2.75099999999929,-0.076857431774744
2.7519999999995,-0.0827016489018033
2.7529999999997,-0.088563663193277
2.75399999999991,-0.0944393570175416
2.7549999999992,-0.100324413845998
2.7559999999994,-0.106215940574819
2.75699999999961,-0.112110287144523
2.75799999999981,-0.118002711727794
2.75900000000001,-0.123888953472893
2.75999999999931,-0.129764069529623
2.76099999999951,-0.135622677245046
2.76199999999972,-0.141461116921319
2.76299999999992,-0.147274222591808
2.76399999999921,-0.153056349901313
2.76499999999942,-0.158802961445062
2.76599999999962,-0.164507827180232
2.76699999999983,-0.170164597134705
2.76799999999912,-0.175768406383055
2.76899999999932,-0.181313214328571
2.76999999999953,-0.186793733158763
2.77099999999973,-0.192203713123254
2.77199999999993,-0.197534911009394
2.77299999999923,-0.20278024457113
2.77399999999943,-0.207933699072451
2.77499999999964,-0.212987512995284
2.77599999999984,-0.217934305780644
2.77699999999913,-0.222766254966657
2.77799999999934,-0.227475930820782
2.77899999999954,-0.232055013048068
2.77999999999975,-0.236494848864033
2.78099999999995,-0.240786971758706
2.78199999999924,-0.244923329344918
2.78299999999945,-0.248895413439824
2.78399999999965,-0.252696274884483
2.78499999999985,-0.256318331706109
2.78599999999915,-0.259755074592635
2.78699999999935,-0.263002846697576
2.78799999999956,-0.266059928710174
2.78899999999976,-0.268925411606676
2.78999999999996,-0.271598013848902
2.79099999999926,-0.274078077048344
2.79199999999946,-0.276368383926073
2.79299999999967,-0.278471929173797
2.79399999999987,-0.280393292336686
2.79499999999916,-0.282140628853473
2.79599999999937,-0.283723802372836
2.79699999999957,-0.285151216984285
2.79799999999977,-0.286430349252334
2.79899999999998,-0.287570543284825
2.79999999999927,-0.288583433467798
2.80099999999948,-0.289481495808854
2.80199999999968,-0.290275628108607
2.80299999999988,-0.290975105057105
2.80399999999918,-0.291587333064002
2.80499999999938,-0.292120136686153
2.80599999999959,-0.292579791270657
2.80699999999979,-0.292969290736215
2.80799999999999,-0.293291780933683
2.80899999999929,-0.293548846300599
2.80999999999949,-0.293740035297846
2.81099999999969,-0.293863140940723
2.8119999999999,-0.29391417116991
2.81299999999919,-0.29388804830397
2.8139999999994,-0.29377957806901
2.8149999999996,-0.293583159445704
2.8159999999998,-0.29329271873996
2.81700000000001,-0.292903060953486
2.8179999999993,-0.29240880193962
2.81899999999951,-0.291805813449755
2.81999999999971,-0.291090738216494
2.82099999999991,-0.290261495045188
2.82199999999921,-0.289317082413398
2.82299999999941,-0.288255960180145
2.82399999999961,-0.287077252357177
2.82499999999982,-0.285779830536334
2.82600000000002,-0.284362221568148
2.82699999999932,-0.282823234192871
2.82799999999952,-0.281162724440955
2.82899999999972,-0.279381581594614
2.82999999999993,-0.277480654027972
2.83099999999922,-0.275460391738729
2.83199999999943,-0.273320952196394
2.83299999999963,-0.271061784838247
2.83399999999983,-0.268681650982644
2.83499999999913,-0.266179286047155
2.83599999999933,-0.263551965712917
2.83699999999953,-0.260795212078381
2.83799999999974,-0.257904070455705
2.83899999999994,-0.25487287595379
2.83999999999924,-0.251696783965213
2.84099999999944,-0.248371446999191
2.84199999999964,-0.244893505918914
2.84299999999985,-0.24126240815323
2.84399999999914,-0.237479162755412
2.84499999999935,-0.233545436948928
2.84599999999955,-0.229463519357109
2.84699999999975,-0.225236845519635
2.84799999999996,-0.220868945319877
2.84899999999925,-0.216363822786742
2.84999999999945,-0.211728666110654
2.85099999999966,-0.206971272210816
2.85199999999986,-0.202099509647469
2.85299999999916,-0.197121977964571
2.85399999999936,-0.192046710124073
2.85499999999956,-0.186883190322494
2.85599999999977,-0.181639100405621
2.85699999999997,-0.176321443528559
2.85799999999927,-0.170936771082287
2.85899999999947,-0.165491783697431
2.85999999999967,-0.159993189570322
2.86099999999988,-0.154444773106969
2.86199999999917,-0.14885089892786
2.86299999999937,-0.143215669377615
2.86399999999958,-0.137542793009708
2.86499999999978,-0.1318365640854
2.86599999999999,-0.126101445420535
2.86699999999928,-0.120341360395028
2.86799999999948,-0.114561557947872
2.86899999999969,-0.108767566126768
2.86999999999989,-0.102963250489824
2.87099999999919,-0.0971510083129555
2.87199999999939,-0.0913328246580425
2.87299999999959,-0.0855111195056941
2.8739999999998,-0.0796883337963452
2.875,-0.0738664434264765
2.87599999999929,-0.0680477597880565
2.8769999999995,-0.0622350299379371
2.8779999999997,-0.0564312583150591
2.87899999999991,-0.0506401720199824
2.8799999999992,-0.044865622834673
2.8809999999994,-0.0391115431448606
2.88199999999961,-0.0333821952210794
2.88299999999981,-0.0276823054431079
2.88400000000001,-0.0220157633181403
2.88499999999931,-0.0163857204746666
2.88599999999951,-0.010794640004747
2.88699999999972,-0.00524381593096841
2.88799999999992,0.000264204344276389
2.88899999999921,0.00572720992303198
2.88999999999942,0.0111453376503911
2.89099999999962,0.0165195642027072
2.89199999999983,0.0218492103518951
2.89299999999912,0.0271330793864168
2.89399999999932,0.032370010701059
2.89499999999953,0.0375579477589034
2.89599999999973,0.0426944941625473
2.89699999999993,0.0477789972529411
2.89799999999923,0.0528099179342219
2.89899999999943,0.0577840430454429
2.89999999999964,0.0626994218095116
2.90099999999984,0.0675558046466744
2.90199999999913,0.0723529826551648
2.90299999999934,0.077088503994561
2.90399999999954,0.0817601378615407
2.90499999999975,0.0863670318996711
2.90599999999995,0.090909078543852
2.90699999999924,0.0953851774812006
2.90799999999945,0.0997934347896708
2.90899999999965,0.104132483632163
2.90999999999985,0.108401340299205
2.91099999999915,0.112598615709432
2.91199999999935,0.116723776281655
2.91299999999956,0.120775361787906
2.91399999999976,0.124750605871583
2.91499999999996,0.128648662015441
2.91599999999926,0.132468363417873
2.91699999999946,0.136207328424816
2.91799999999967,0.139862793738292
2.91899999999987,0.143431773274421
2.91999999999916,0.146910709965062
2.92099999999937,0.150296598960067
2.92199999999957,0.153587144319081
2.92299999999977,0.15677894848841
2.92399999999998,0.159868518078216
2.92499999999927,0.162853729232196
2.92599999999948,0.16573304610461
2.92699999999968,0.168504403275687
2.92799999999988,0.171166445879062
2.92899999999918,0.173717877065994
2.92999999999938,0.176156704433399
2.93099999999959,0.178481572760976
2.93199999999979,0.180690714490155
2.93299999999999,0.182782348253501
2.93399999999929,0.184755902870175
2.93499999999949,0.186610927338552
2.93599999999969,0.188347083722566
2.9369999999999,0.189963904711369
2.93799999999919,0.191461213635774
2.9389999999994,0.192840474377798
2.9399999999996,0.194103093858025
2.9409999999998,0.195249966049214
2.94200000000001,0.19628324077513
2.9429999999993,0.197205805413291
2.94399999999951,0.198020583999366
2.94499999999971,0.198729756425149
2.94599999999991,0.199335461430375
2.94699999999921,0.199840570792921
2.94799999999941,0.200248737748042
2.94899999999961,0.200565327976559
2.94999999999982,0.200794824256874
2.95100000000002,0.200939421065476
2.95199999999932,0.2010033611168
2.95299999999952,0.200990927279815
2.95399999999972,0.200906786428478
2.95499999999993,0.200758295018212
2.95599999999922,0.200551548409551
2.95699999999943,0.200293175906818
2.95799999999963,0.199989673682152
2.95899999999983,0.19964772307992
2.95999999999913,0.199274637447103
2.96099999999933,0.198877223845702
2.96199999999953,0.198461178985101
2.96299999999974,0.198031962417942
2.96399999999994,0.197595766798358
2.96499999999924,0.197157891920865
2.96599999999944,0.196723357315513
2.96699999999964,0.196295969859255
2.96799999999985,0.195879360790447
2.96899999999914,0.195476393421768
2.96999999999935,0.195088635990098
2.97099999999955,0.194717576670139
2.97199999999975,0.194364097527842
2.97299999999996,0.194026262205676
2.97399999999925,0.193700330007896
2.97499999999945,0.193383179298372
2.97599999999966,0.193070563325878
2.97699999999986,0.192757806643842
2.97799999999916,0.192439170363122
2.97899999999936,0.192108306941141
2.97999999999956,0.191760250412329
2.98099999999977,0.19138997264674
2.98199999999997,0.190992113979527
2.98299999999927,0.190561726936268
2.98399999999947,0.190094988645045
2.98499999999967,0.189588431698165
2.98599999999988,0.189039136268122
2.98699999999917,0.188445317772613
2.98799999999937,0.187805057971935
2.98899999999958,0.187116361711653
2.98999999999978,0.186377490791027
2.99099999999999,0.185587559688213
2.99199999999928,0.184746113132616
2.99299999999948,0.183852356844338
2.99399999999969,0.182905530882929
2.99499999999989,0.181904674551686
2.99599999999919,0.180848387429069
2.99699999999939,0.179735619987426
2.99799999999959,0.178565734331219
2.9989999999998,0.177337880013133
3,0.176051607740712
3.00099999999929,0.174706332742807
3.0019999999995,0.173299624870161
3.0029999999997,0.17182921672237
3.00399999999991,0.170294019538567
3.0049999999992,0.16869187022489
3.0059999999994,0.167019977779232
3.00699999999961,0.165275476591844
3.00799999999981,0.163456003683779
3.00900000000001,0.161559510065069
3.00999999999931,0.159583232860496
3.01099999999951,0.157524293208398
3.01199999999972,0.155380508512832
3.01299999999992,0.153149000285635
3.01399999999921,0.150826951573141
3.01499999999942,0.148412350023524
3.01599999999962,0.145904140510874
3.01699999999983,0.143301293804104
3.01799999999912,0.140601982987017
3.01899999999932,0.137806148290493
3.01999999999953,0.134914672605794
3.02099999999973,0.13192766245707
3.02199999999993,0.128844657005473
3.02299999999923,0.125666085415321
3.02399999999943,0.122393522628044
3.02499999999964,0.119028412154147
3.02599999999984,0.115572118097782
3.02699999999913,0.112026028674191
3.02799999999934,0.108392727595897
3.02899999999954,0.104675130693678
3.02999999999975,0.100875167129863
3.03099999999995,0.0969947270430297
3.03199999999924,0.0930366177126809
3.03299999999945,0.0890031894584738
3.03399999999965,0.0848969272007197
3.03499999999985,0.0807206643689532
3.03599999999915,0.0764763776211621
3.03699999999935,0.0721655754585921
3.03799999999956,0.067789698569691
3.03899999999976,0.0633507511378978
3.03999999999996,0.0588504915319203
3.04099999999926,0.0542911521763662
3.04199999999946,0.0496750766724325
3.04299999999967,0.045003409589878
3.04399999999987,0.0402771251221623
3.04499999999916,0.0354972848812141
3.04599999999937,0.0306651369404967
3.04699999999957,0.0257829218576632
3.04799999999977,0.0208518482322899
3.04899999999998,0.0158731469285024
3.04999999999927,0.0108493892593144
3.05099999999948,0.00578341660476601
3.05199999999968,0.000677282583311276
3.05299999999988,-0.00446732470847296
3.05399999999918,-0.00964760001342244
3.05499999999938,-0.0148601729736466
3.05599999999959,-0.0201027874144774
3.05699999999979,-0.0253724147279409
3.05799999999999,-0.0306655817136303
3.05899999999929,-0.0359788378333368
3.05999999999949,-0.0413082567303903
3.06099999999969,-0.046648942615249
3.0619999999999,-0.0519967384473639
3.06299999999919,-0.0573465365822846
3.0639999999994,-0.0626907041584274
3.0649999999996,-0.0680232595040495
3.0659999999998,-0.0733380217498161
3.06700000000001,-0.0786280966073427
3.0679999999993,-0.0838855508927483
3.06899999999951,-0.0891023936837644
3.06999999999971,-0.0942713373358146
3.07099999999991,-0.0993848291169461
3.07199999999921,-0.104432488704867
3.07299999999941,-0.109404936044059
3.07399999999961,-0.114292542706931
3.07499999999982,-0.119083976893298
3.07600000000002,-0.123766689312891
3.07699999999932,-0.128327579264931
3.07799999999952,-0.132754857775511
3.07899999999972,-0.13703572289934
3.07999999999993,-0.141158021925156
3.08099999999922,-0.145109934288228
3.08199999999943,-0.148880646801393
3.08299999999963,-0.152460811764631
3.08399999999983,-0.155842378154004
3.08499999999913,-0.159018821200343
3.08599999999933,-0.161987109536939
3.08699999999953,-0.164746826359309
3.08799999999974,-0.16729891163149
3.08899999999994,-0.16964931364812
3.08999999999924,-0.171808585588186
3.09099999999944,-0.173786649347335
3.09199999999964,-0.175597429894536
3.09299999999985,-0.177256912671403
3.09399999999914,-0.178782940604878
3.09499999999935,-0.180191862044815
3.09599999999955,-0.181496426025379
3.09699999999975,-0.182707193375107
3.09799999999996,-0.183834881876778
3.09899999999925,-0.184888334795192
3.09999999999945,-0.18587386000071
3.10099999999966,-0.186796996327043
3.10199999999986,-0.187661763327478
3.10299999999916,-0.188470563752556
3.10399999999936,-0.189223599592709
3.10499999999956,-0.189920352971543
3.10599999999977,-0.190559679644849
3.10699999999997,-0.191138901679307
3.10799999999927,-0.191654492973851
3.10899999999947,-0.192102153748111
3.10999999999967,-0.192477971267006
3.11099999999988,-0.192777774135668
3.11199999999917,-0.192997679870724
3.11299999999937,-0.193134183305246
3.11399999999958,-0.193184514968743
3.11499999999978,-0.193147432326161
3.11599999999999,-0.193020945202154
3.11699999999928,-0.192802515963765
3.11799999999948,-0.192491062420502
3.11899999999969,-0.192086462742884
3.11999999999989,-0.191588446329103
3.12099999999919,-0.190996947729086
3.12199999999939,-0.190310852402788
3.12299999999959,-0.189529223682121
3.1239999999998,-0.188650457819361
3.125,-0.187672501439683
3.12599999999929,-0.18659437842859
3.1269999999995,-0.18541235647582
3.1279999999997,-0.184122758503387
3.12899999999991,-0.182722390457281
3.1299999999992,-0.181209067366101
3.1309999999994,-0.179580071694193
3.13199999999961,-0.177833136960858
3.13299999999981,-0.175966920699927
3.13400000000001,-0.173978923056795
3.13499999999931,-0.171866182216871
3.13599999999951,-0.1696268219198
3.13699999999972,-0.167260251811289
3.13799999999992,-0.164765453864665
3.13899999999921,-0.162142145136662
3.13999999999942,-0.159391969644369
3.14099999999962,-0.156518127221052
3.14199999999983,-0.153523247643254
3.14299999999912,-0.150409147720765
3.14399999999932,-0.147178098044334
3.14499999999953,-0.143832591151345
3.14599999999973,-0.140374119598154
3.14699999999993,-0.136804312705614
3.14799999999923,-0.133125245372173
3.14899999999943,-0.129339545236235
3.14999999999964,-0.125452002197885
3.15099999999984,-0.121468745003184
3.15199999999913,-0.117394521329457
3.15299999999934,-0.113233361164943
3.15399999999954,-0.108990817804739
3.15499999999975,-0.104672371878598
3.15599999999995,-0.100282769239935
3.15699999999924,-0.0958273018926664
3.15799999999945,-0.0913101807986288
3.15899999999965,-0.0867339715194204
3.15999999999985,-0.0821005920712008
3.16099999999915,-0.0774115577537625
3.16199999999935,-0.0726683285835434
3.16299999999956,-0.0678727387904556
3.16399999999976,-0.063027519801633
3.16499999999996,-0.0581344231643952
3.16599999999926,-0.0531961994436395
3.16699999999946,-0.0482158897750849
3.16799999999967,-0.0431967534908611
3.16899999999987,-0.0381424024666506
3.16999999999916,-0.0330564205181672
3.17099999999937,-0.027943114255661
3.17199999999957,-0.0228059893071908
3.17299999999977,-0.017648609241638
3.17399999999998,-0.0124741329714028
3.17499999999927,-0.00728579770894144
3.17599999999948,-0.00208700005667517
3.17699999999968,0.00311987077192624
3.17799999999988,0.00833140789873023
3.17899999999918,0.0135453303842277
3.17999999999938,0.0187587515081547
3.18099999999959,0.0239693558556793
3.18199999999979,0.0291761795263543
3.18299999999999,0.0343766291751107
3.18399999999929,0.0395682238886854
3.18499999999949,0.044748850536359
3.18599999999969,0.0499168303182216
3.1869999999999,0.0550704860740844
3.18799999999919,0.0602076285836193
3.1889999999994,0.0653257893264224
3.1899999999996,0.0704225989236989
3.1909999999998,0.0754961109539689
3.19200000000001,0.0805444062797283
3.1929999999993,0.0855650413265377
3.19399999999951,0.0905549798248131
3.19499999999971,0.0955111366725572
3.19599999999991,0.100430243158628
3.19699999999921,0.105309731103034
3.19799999999941,0.110146719985174
3.19899999999961,0.114937810291174
3.19999999999982,0.119680886164598
3.20100000000002,0.1243719268313
3.20199999999932,0.129007551824845
3.20299999999952,0.133585373643571
3.20399999999972,0.138102658170403
3.20499999999993,0.142556613098608
3.20599999999922,0.146943563798602
3.20699999999943,0.151261213013082
3.20799999999963,0.155507746235099
3.20899999999983,0.159680957661874
3.20999999999913,0.163778008822284
3.21099999999933,0.167797947886533
3.21199999999953,0.171738632722626
3.21299999999974,0.175597718572538
3.21399999999994,0.17937333498561
3.21499999999924,0.183063509584828
3.21599999999944,0.186666233820715
3.21699999999964,0.19017969387085
3.21799999999985,0.193602749198284
3.21899999999914,0.196932975113605
3.21999999999935,0.200168213408606
3.22099999999955,0.203305847491509
3.22199999999975,0.206343115882543
3.22299999999996,0.20927749631231
3.22399999999925,0.212106418979011
3.22499999999945,0.214827959421836
3.22599999999966,0.217441076014302
3.22699999999986,0.219942863830082
3.22799999999916,0.222330492323699
3.22899999999936,0.224601829861644
3.22999999999956,0.226754688608371
3.23099999999977,0.228787580134521
3.23199999999997,0.230700149888902
3.23299999999927,0.232490809273967
3.23399999999947,0.234157137363376
3.23499999999967,0.235699054389599
3.23599999999988,0.237115798243846
3.23699999999917,0.238406858361658
3.23799999999937,0.239571611067768
3.23899999999958,0.240610294972283
3.23999999999978,0.241524178324743
3.24099999999999,0.24231441739354
3.24199999999928,0.242981618820642
3.24299999999948,0.243525576113805
3.24399999999969,0.243949513144393
3.24499999999989,0.244256799647044
3.24599999999919,0.244448793264761
3.24699999999939,0.244527962002347
3.24799999999959,0.244497853188208
3.2489999999998,0.244362542220777
3.25,0.24412662928971
3.25099999999929,0.243793548275767
3.2519999999995,0.243368475348917
3.2529999999997,0.242857393896962
3.25399999999991,0.242265009763006
3.2549999999992,0.241597456890062
3.2559999999994,0.240859778512007
3.25699999999961,0.240059250384294
3.25799999999981,0.23920222350591
3.25900000000001,0.238295268530182
3.25999999999931,0.237343974445092
3.26099999999951,0.23635311075173
3.26199999999972,0.23532941902087
3.26299999999992,0.23427853289168
3.26399999999921,0.23320660681585
3.26499999999942,0.232120653041433
3.26599999999962,0.231027066096131
3.26699999999983,0.229930413843648
3.26799999999912,0.228835757910725
3.26899999999932,0.227748362823867
3.26999999999953,0.226672463484266
3.27099999999973,0.225611186536313
3.27199999999993,0.224566725210456
3.27299999999923,0.223540823460437
3.27399999999943,0.222534912505556
3.27499999999964,0.221550529924781
3.27599999999984,0.220587924827162
3.27699999999913,0.219645298862018
3.27799999999934,0.218721592845059
3.27899999999954,0.217815599451505
3.27999999999975,0.216924950633333
3.28099999999995,0.216046127526117
3.28199999999924,0.215176551324756
3.28299999999945,0.214312292967627
3.28399999999965,0.213449459178023
3.28499999999985,0.212583149077467
3.28599999999915,0.211708839080736
3.28699999999935,0.210821627876901
3.28799999999956,0.209916893693679
3.28899999999976,0.208990613050463
3.28999999999996,0.208037624866355
3.29099999999926,0.207053794822346
3.29199999999946,0.206035219894147
3.29299999999967,0.204978281006082
3.29399999999987,0.203877907347167
3.29499999999916,0.202729753257244
3.29599999999937,0.201531354237927
3.29699999999957,0.200279264127098
3.29799999999977,0.198970529548986
3.29899999999998,0.197601151892162
3.29999999999927,0.196169211967067
3.30099999999948,0.194672135186862
3.30199999999968,0.19310754454269
3.30299999999988,0.191473558707062
3.30399999999918,0.18976761229205
3.30499999999938,0.187986919215266
3.30599999999959,0.18612885686575
3.30699999999979,0.184192171522584
3.30799999999999,0.182175659091713
3.30899999999929,0.180078079817652
3.30999999999949,0.17789870930811
3.31099999999969,0.17563593153313
3.3119999999999,0.173288491525016
3.31299999999919,0.170855537859932
3.3139999999994,0.168336474907292
3.3149999999996,0.165730014133924
3.3159999999998,0.163037026112774
3.31700000000001,0.160258638498648
3.3179999999993,0.157395184291388
3.31899999999951,0.154445939621564
3.31999999999971,0.151412372119527
3.32099999999991,0.148294216432593
3.32199999999921,0.145092030991589
3.32299999999941,0.141806705972291
3.32399999999961,0.138439521697734
3.32499999999982,0.134991860501263
3.32600000000002,0.131464493603407
3.32699999999932,0.12785896369529
3.32799999999952,0.124176757140838
3.32899999999972,0.1204184609841
3.32999999999993,0.116585446366975
3.33099999999922,0.112678128885465
3.33199999999943,0.108697694280115
3.33299999999963,0.104644393734154
3.33399999999983,0.100518823308426
3.33499999999913,0.0963222629084618
3.33599999999933,0.0920548224781195
3.33699999999953,0.0877163762592982
3.33799999999974,0.0833075407007648
3.33899999999994,0.0788295815826963
3.33999999999924,0.074282773953205
3.34099999999944,0.069668638498239
3.34199999999964,0.0649885613115848
3.34299999999985,0.0602442475323962
3.34399999999914,0.0554363983288621
3.34499999999935,0.0505659200701063
3.34599999999955,0.0456340321543402
3.34699999999975,0.0406417709000324
3.34799999999996,0.0355895086476526
3.34899999999925,0.0304782726254951
3.34999999999945,0.0253098536983754
3.35099999999966,0.020086108655455
3.35199999999986,0.0148098418012064
3.35299999999916,0.00948242648599247
3.35399999999936,0.00410618462430121
3.35499999999956,-0.00131731861918977
3.35599999999977,-0.00678764345877193
3.35699999999997,-0.0123025225708908
3.35799999999927,-0.0178594656500939
3.35899999999947,-0.023456893065276
3.35999999999967,-0.0290917719841646
3.36099999999988,-0.0347610788138615
3.36199999999917,-0.0404628556143531
3.36299999999937,-0.0461934763693244
3.36399999999958,-0.0519507833862447
3.36499999999978,-0.0577314386835716
3.36599999999999,-0.0635322837727792
3.36699999999928,-0.0693509224433501
3.36799999999948,-0.075184550673702
3.36899999999969,-0.0810292641354575
3.36999999999989,-0.0868807127343309
3.37099999999919,-0.092733879642483
3.37199999999939,-0.0985857700404351
3.37299999999959,-0.104430958038789
3.3739999999998,-0.110265285731258
3.375,-0.116083634384424
3.37599999999929,-0.121880677550985
3.3769999999995,-0.12765098451057
3.3779999999997,-0.133387805255001
3.37899999999991,-0.139085995490183
3.3799999999992,-0.144738201746758
3.3809999999994,-0.150338429271408
3.38199999999961,-0.155879773229584
3.38299999999981,-0.161354670931822
3.38400000000001,-0.166754866086961
3.38499999999931,-0.172073401775849
3.38599999999951,-0.177299333951033
3.38699999999972,-0.182423435489442
3.38799999999992,-0.18743415333665
3.38899999999921,-0.192318353512471
3.38999999999942,-0.197065714718865
3.39099999999962,-0.201662326366105
3.39199999999983,-0.206092043761448
3.39299999999912,-0.210338082449723
3.39399999999932,-0.214385923914422
3.39499999999953,-0.218217710293797
3.39599999999973,-0.221818704515687
3.39699999999993,-0.225174145155774
3.39799999999923,-0.228270547504432
3.39899999999943,-0.231093798747314
3.39999999999964,-0.233631247056962
3.40099999999984,-0.235876027968368
3.40199999999913,-0.23782738645538
3.40299999999934,-0.239488886796046
3.40399999999954,-0.240870679030132
3.40499999999975,-0.241988446639736
3.40599999999995,-0.242865898712311
3.40699999999924,-0.243527405782806
3.40799999999945,-0.244005336354572
3.40899999999965,-0.24432964171811
3.40999999999985,-0.244531161504233
3.41099999999915,-0.244637968177582
3.41199999999935,-0.244678405808379
3.41299999999956,-0.244678209384163
3.41399999999976,-0.24465795548178
3.41499999999996,-0.244636192502532
3.41599999999926,-0.244628738175985
3.41699999999946,-0.244646931350753
3.41799999999967,-0.244697006782237
3.41899999999987,-0.244783210130003
3.41999999999916,-0.24490537994133
3.42099999999937,-0.245062006513738
3.42199999999957,-0.245249444893623
3.42299999999977,-0.245461439104938
3.42399999999998,-0.245691934553418
3.42499999999927,-0.245931574514722
3.42599999999948,-0.246169849081853
3.42699999999968,-0.246395970861494
3.42799999999988,-0.24659956880335
3.42899999999918,-0.246771080335822
3.42999999999938,-0.246899639671619
3.43099999999959,-0.246976567040127
3.43199999999979,-0.246992489829161
3.43299999999999,-0.246937372589264
3.43399999999929,-0.246803432437455
3.43499999999949,-0.246583867005765
3.43599999999969,-0.246273671190324
3.4369999999999,-0.245866863346159
3.43799999999919,-0.245361047588007
3.4389999999994,-0.244751717196502
3.4399999999996,-0.244034964316266
3.4409999999998,-0.243207425036577
3.44200000000001,-0.242265732174168
3.4429999999993,-0.241207251256797
3.44399999999951,-0.240028116775647
3.44499999999971,-0.238722284804679
3.44599999999991,-0.23728513785447
3.44699999999921,-0.235708941858129
3.44799999999941,-0.233987339446372
3.44899999999961,-0.232113844080781
3.44999999999982,-0.230083525788984
3.45100000000002,-0.22789228391738
3.45199999999932,-0.225535769289826
3.45299999999952,-0.223012744395204
3.45399999999972,-0.22032190575539
3.45499999999993,-0.217461661718831
3.45599999999922,-0.214432044760225
3.45699999999943,-0.211236891260529
3.45799999999963,-0.20788099079755
3.45899999999983,-0.204368968532403
3.45999999999913,-0.200707535683572
3.46099999999933,-0.196904482708472
3.46199999999953,-0.19296776873872
3.46299999999974,-0.188903769801286
3.46399999999994,-0.184720121496211
3.46499999999924,-0.180425105152944
3.46599999999944,-0.176027353709028
3.46699999999964,-0.171534167523184
3.46799999999985,-0.166954644603954
3.46899999999914,-0.162299818403543
3.46999999999935,-0.157578423942823
3.47099999999955,-0.152800664944293
3.47199999999975,-0.147974310266209
3.47299999999996,-0.143108308772809
3.47399999999925,-0.1382094235029
3.47499999999945,-0.133282283268007
3.47599999999966,-0.128331964090648
3.47699999999986,-0.123362123660249
3.47799999999916,-0.118374207769616
3.47899999999936,-0.113371166812477
3.47999999999956,-0.108355829667517
3.48099999999977,-0.103329480141641
3.48199999999997,-0.0982929575141333
3.48299999999927,-0.0932484229040805
3.48399999999947,-0.0881966013597762
3.48499999999967,-0.0831381554247749
3.48599999999988,-0.0780756800911768
3.48699999999917,-0.0730104796898856
3.48799999999937,-0.0679432952134488
3.48899999999958,-0.0628753715266616
3.48999999999978,-0.0578080466437364
3.49099999999999,-0.0527434606474128
3.49199999999928,-0.0476846575574412
3.49299999999948,-0.0426344763449904
3.49399999999969,-0.0375962042409981
3.49499999999989,-0.0325755529359559
3.49599999999919,-0.0275760974571635
3.49699999999939,-0.0226019179148503
3.49799999999959,-0.0176576588734933
3.4989999999998,-0.0127462028233503
3.5,-0.00787133571297034
3.50099999999929,-0.0030361259857478
3.5019999999995,0.00175583892195923
3.5029999999997,0.0065028535231067
3.50399999999991,0.0112033489232554
3.5049999999992,0.0158553134557985
3.5059999999994,0.0204565368213349
3.50699999999961,0.0250060013190662
3.50799999999981,0.0295031963633344
3.50900000000001,0.0339470403877011
3.50999999999931,0.038337305761044
3.51099999999951,0.0426737075106402
3.51199999999972,0.0469557101718607
3.51299999999992,0.0511816390355954
3.51399999999921,0.0553520534417341
3.51499999999942,0.0594669642479096
3.51599999999962,0.0635264624105796
3.51699999999983,0.0675314920509236
3.51799999999912,0.0714811424493417
3.51899999999932,0.0753763359345902
3.51999999999953,0.079217743824884
3.52099999999973,0.0830051386273469
3.52199999999993,0.0867388360144794
3.52299999999923,0.0904187551179618
3.52399999999943,0.0940455862111158
3.52499999999964,0.0976192405147124
3.52599999999984,0.101139804930664
3.52699999999913,0.104606951516558
3.52799999999934,0.108019919037357
3.52899999999954,0.111378363636681
3.52999999999975,0.114681925711063
3.53099999999995,0.117929812457657
3.53199999999924,0.121120583337263
3.53299999999945,0.124252237214105
3.53399999999965,0.127323480212901
3.53499999999985,0.130331258759875
3.53599999999915,0.133273593832095
3.53699999999935,0.136147187538947
3.53799999999956,0.138951092465079
3.53899999999976,0.141682224780664
3.53999999999996,0.144337995555128
3.54099999999926,0.146916243354614
3.54199999999946,0.14941547688813
3.54299999999967,0.15183404849141
3.54399999999987,0.154170170618175
3.54499999999916,0.156422381238789
3.54599999999937,0.158588728294171
3.54699999999957,0.160668939635223
3.54799999999977,0.162661337897239
3.54899999999998,0.164565170461917
3.54999999999927,0.166378840085895
3.55099999999948,0.168100484938473
3.55199999999968,0.169728576078418
3.55299999999988,0.171262873024594
3.55399999999918,0.172703294176139
3.55499999999938,0.174049946695179
3.55599999999959,0.175302925624351
3.55699999999979,0.176461967898151
3.55799999999999,0.177525967530488
3.55899999999929,0.178495022436191
3.55999999999949,0.179368809731964
3.56099999999969,0.180147859413711
3.5619999999999,0.18083265622575
3.56299999999919,0.181424706169167
3.5639999999994,0.181924894733324
3.5649999999996,0.182335327012089
3.5659999999998,0.182657747554609
3.56700000000001,0.182893425649315
3.5679999999993,0.183043535537527
3.56899999999951,0.183110136856538
3.56999999999971,0.183095363083402
3.57099999999991,0.183001790612687
3.57199999999921,0.18283037402861
3.57299999999941,0.182583161260735
3.57399999999961,0.182264328312875
3.57499999999982,0.181876381033202
3.57600000000002,0.181421949382317
3.57699999999932,0.180904694671117
3.57799999999952,0.180328453585835
3.57899999999972,0.17969750334273
3.57999999999993,0.179015772399533
3.58099999999922,0.178287005339718
3.58199999999943,0.177513798737607
3.58299999999963,0.176701662567676
3.58399999999983,0.175851171882047
3.58499999999913,0.174965535922645
3.58599999999933,0.174045758975138
3.58699999999953,0.173092966501615
3.58799999999974,0.172108944137013
3.58899999999994,0.171094770426179
3.58999999999924,0.170051475150715
3.59099999999944,0.16897971341508
3.59199999999964,0.16788038893102
3.59299999999985,0.166753150310917
3.59399999999914,0.165598402034969
3.59499999999935,0.164415533728009
3.59599999999955,0.163204416789705
3.59699999999975,0.161965672932831
3.59799999999996,0.160699783526668
3.59899999999925,0.159404911505429
3.59999999999945,0.158080842178747
3.60099999999966,0.156726085807017
3.60199999999986,0.15533981252765
3.60299999999916,0.153921321370373
3.60399999999936,0.152469271687863
3.60499999999956,0.15098153315705
3.60599999999977,0.14945626720879
3.60699999999997,0.147892459734457
3.60799999999927,0.146290145473688
3.60899999999947,0.144647724533049
3.60999999999967,0.142963845398915
3.61099999999988,0.141236125418064
3.61199999999917,0.139462352086279
3.61299999999937,0.137640661217741
3.61399999999958,0.135771010879123
3.61499999999978,0.133851076605926
3.61599999999999,0.131880563709508
3.61699999999928,0.12985580384417
3.61799999999948,0.127774685142624
3.61899999999969,0.125635557777752
3.61999999999989,0.123436596311657
3.62099999999919,0.12117501699729
3.62199999999939,0.118849389911044
3.62299999999959,0.116456790501102
3.6239999999998,0.113994906921956
3.625,0.111461166182258
3.62599999999929,0.108852982538675
3.6269999999995,0.106168329736337
3.6279999999997,0.103405284472085
3.62899999999991,0.100561239262106
3.6299999999992,0.0976336129093672
3.6309999999994,0.0946222037813445
3.63199999999961,0.0915270139076302
3.63299999999981,0.0883454620149843
3.63400000000001,0.0850770039786523
3.63499999999931,0.0817194220788993
3.63599999999951,0.0782726314762143
3.63699999999972,0.0747367615436447
3.63799999999992,0.0711140904695511
3.63899999999921,0.0674048139178953
3.63999999999942,0.063610431078969
3.64099999999962,0.0597321089691409
3.64199999999983,0.0557720132120923
3.64299999999912,0.0517316982317315
3.64399999999932,0.04761308248518
3.64499999999953,0.0434190287982819
3.64599999999973,0.039151575211855
3.64699999999993,0.0348144459298104
3.64799999999923,0.030409205409524
3.64899999999943,0.0259386105149159
3.64999999999964,0.0214058652971118
3.65099999999984,0.0168119152976339
3.65199999999913,0.0121590818797295
3.65299999999934,0.00744884943721894
3.65399999999954,0.00268444006246192
3.65499999999975,-0.00213308107957602
3.65599999999995,-0.0070015775015986
3.65699999999924,-0.0119203064656084
3.65799999999945,-0.0168881714706724
3.65899999999965,-0.0219034221129132
3.65999999999985,-0.0269651891530236
3.66099999999915,-0.0320715295120189
3.66199999999935,-0.0372230225838639
3.66299999999956,-0.0424192528902483
3.66399999999976,-0.0476603153806871
3.66499999999996,-0.0529454607448233
3.66599999999926,-0.0582740878317939
3.66699999999946,-0.0636456845681109
3.66799999999967,-0.0690588998460492
3.66899999999987,-0.0745116932921273
3.66999999999916,-0.0800019116153969
3.67099999999937,-0.0855282367924881
3.67199999999957,-0.0910883887994067
3.67299999999977,-0.0966810317152674
3.67399999999998,-0.102304399071289
3.67499999999927,-0.107955094958748
3.67599999999948,-0.113630648360736
3.67699999999968,-0.119329821601281
3.67799999999988,-0.125048622876443
3.67899999999918,-0.130783806800593
3.67999999999938,-0.136531450205833
3.68099999999959,-0.142287273866892
3.68199999999979,-0.148046247750844
3.68299999999999,-0.153804605630617
3.68399999999929,-0.159557509062571
3.68499999999949,-0.165297092149073
3.68599999999969,-0.17101946639187
3.6869999999999,-0.176717243435024
3.68799999999919,-0.18238345558469
3.6889999999994,-0.188010869450405
3.6899999999996,-0.193592345305799
3.6909999999998,-0.199118567591158
3.69200000000001,-0.204580624643724
3.6929999999993,-0.209971383015962
3.69399999999951,-0.215278547207379
3.69499999999971,-0.220491661881034
3.69599999999991,-0.225597789508157
3.69699999999921,-0.230585169986039
3.69799999999941,-0.235438216467686
3.69899999999961,-0.240142987933281
3.69999999999982,-0.244681987722404
3.70100000000002,-0.249033528931851
3.70199999999932,-0.253182544549618
3.70299999999952,-0.257107751256821
3.70399999999972,-0.260788534403305
3.70499999999993,-0.264205183361313
3.70599999999922,-0.267341454190671
3.70699999999943,-0.270178943293491
3.70799999999963,-0.272704838160636
3.70899999999983,-0.274911286067956
3.70999999999913,-0.276797003726841
3.71099999999933,-0.278364941553894
3.71199999999953,-0.279624592520534
3.71299999999974,-0.28059237287304
3.71399999999994,-0.281289843351043
3.71499999999924,-0.281738449654377
3.71599999999944,-0.281967601942666
3.71699999999964,-0.282003871422996
3.71799999999985,-0.28187672278437
3.71899999999914,-0.281610464880421
3.71999999999935,-0.281233069904306
3.72099999999955,-0.280763212532047
3.72199999999975,-0.280222506408148
3.72299999999996,-0.279623218223887
3.72399999999925,-0.278978494300268
3.72499999999945,-0.278294991024092
3.72599999999966,-0.27757635173365
3.72699999999986,-0.276825964452569
3.72799999999916,-0.276043927362872
3.72899999999936,-0.275226644301192
3.72999999999956,-0.274370477133587
3.73099999999977,-0.273471479186505
3.73199999999997,-0.272526411214932
3.73299999999927,-0.271529990568111
3.73399999999947,-0.270480668914937
3.73499999999967,-0.269375466319577
3.73599999999988,-0.268211778990565
3.73699999999917,-0.266983249824948
3.73799999999937,-0.265686615926829
3.73899999999958,-0.264319524977398
3.73999999999978,-0.262878158473197
3.74099999999999,-0.261359321069465
3.74199999999928,-0.259760100934298
3.74299999999948,-0.258077006632707
3.74399999999969,-0.256304389207692
3.74499999999989,-0.254436185799914
3.74599999999919,-0.252466580476359
3.74699999999939,-0.250392110634649
3.74799999999959,-0.248206215027706
3.7489999999998,-0.245905141138183
3.75,-0.24348596519819
3.75099999999929,-0.240945320629909
3.7519999999995,-0.238280881457739
3.7529999999997,-0.23549085999096
3.75399999999991,-0.2325742692428
3.7549999999992,-0.229532147626808
3.7559999999994,-0.226366886464356
3.75699999999961,-0.223080945027437
3.75799999999981,-0.219674838933365
3.75900000000001,-0.216151645115852
3.75999999999931,-0.212513893228562
3.76099999999951,-0.208763697831677
3.76199999999972,-0.204902357473001
3.76299999999992,-0.200930971400963
3.76399999999921,-0.196853459358785
3.76499999999942,-0.192673059216399
3.76599999999962,-0.188392643632698
3.76699999999983,-0.184017020583481
3.76799999999912,-0.179550357736954
3.76899999999932,-0.174994016900558
3.76999999999953,-0.1703532299391
3.77099999999973,-0.165631882679972
3.77199999999993,-0.160834445990683
3.77299999999923,-0.155964061233647
3.77399999999943,-0.151027287961994
3.77499999999964,-0.146030076382168
3.77599999999984,-0.140976140840095
3.77699999999913,-0.135870195767028
3.77799999999934,-0.130716803521763
3.77899999999954,-0.125519935998283
3.77999999999975,-0.120281878631961
3.78099999999995,-0.11500645721952
3.78199999999924,-0.109696789407499
3.78299999999945,-0.104355491211658
3.78399999999965,-0.0989865690417925
3.78499999999985,-0.0935920305402284
3.78599999999915,-0.0881768983149484
3.78699999999935,-0.0827438313958448
3.78799999999956,-0.0772956219069937
3.78899999999976,-0.0718366247038155
3.78999999999996,-0.0663706385847852
3.79099999999926,-0.0609007346006056
3.79199999999946,-0.0554304861681305
3.79299999999967,-0.049964353050051
3.79399999999987,-0.0445060395596697
3.79499999999916,-0.0390601106075324
3.79599999999937,-0.0336294222111664
3.79699999999957,-0.0282163060541178
3.79799999999977,-0.02282399078026
3.79899999999998,-0.0174540104989696
3.79999999999927,-0.0121099183448878
3.80099999999948,-0.00679335629863066
3.80199999999968,-0.00150777007947629
3.80299999999988,0.00374368982480716
3.80399999999918,0.0089583887748525
3.80499999999938,0.0141322543563103
3.80599999999959,0.0192624521011593
3.80699999999979,0.0243468251868598
3.80799999999999,0.0293828703018743
3.80899999999929,0.0343691714021577
3.80999999999949,0.0393024195401207
3.81099999999969,0.0441807017382601
3.8119999999999,0.0490038900301758
3.81299999999919,0.0537708274414157
3.8139999999994,0.0584776952116065
3.8149999999996,0.0631245175856228
3.8159999999998,0.067709320588497
3.81700000000001,0.0722327394359429
3.8179999999993,0.0766934914773886
3.81899999999951,0.081090217092401
3.81999999999971,0.0854212551692279
3.82099999999991,0.0896866215805897
3.82199999999921,0.0938864128225869
3.82299999999941,0.0980197476260696
3.82399999999961,0.102085384019088
3.82499999999982,0.106083817166852
3.82600000000002,0.11001362502292
3.82699999999932,0.113875002126417
3.82799999999952,0.117667869163962
3.82899999999972,0.121389818317531
3.82999999999993,0.12504008769159
3.83099999999922,0.128617947138138
3.83199999999943,0.132122104329065
3.83299999999963,0.135550002429203
3.83399999999983,0.138900667712723
3.83499999999913,0.142171758071489
3.83599999999933,0.145363287552985
3.83699999999953,0.148472183482317
3.83799999999974,0.151496045319081
3.83899999999994,0.15443293174962
3.83999999999924,0.157280560984585
3.84099999999944,0.160038372527764
3.84199999999964,0.162703178121956
3.84299999999985,0.165271951435846
3.84399999999914,0.167743709274591
3.84499999999935,0.17011701596085
3.84599999999955,0.17238925285671
3.84699999999975,0.174558246013121
3.84799999999996,0.176624936673932
3.84899999999925,0.178586929420767
3.84999999999945,0.180446363502954
3.85099999999966,0.182202059977487
3.85199999999986,0.183855498823179
3.85299999999916,0.185406852847928
3.85399999999936,0.1868564844454
3.85499999999956,0.188204041430795
3.85599999999977,0.189449579952364
3.85699999999997,0.190593275979346
3.85799999999927,0.191635457682108
3.85899999999947,0.192577576882568
3.85999999999967,0.19342161140318
3.86099999999988,0.19416931536264
3.86199999999917,0.194821401829647
3.86299999999937,0.195380078715829
3.86399999999958,0.195847733640197
3.86499999999978,0.196226992219764
3.86599999999999,0.196520105083882
3.86699999999928,0.196729855737014
3.86799999999948,0.196859246865138
3.86899999999969,0.196911517799216
3.86999999999989,0.196891992726914
3.87099999999919,0.196804453348845
3.87199999999939,0.19665153567986
3.87299999999959,0.196437627424796
3.8739999999998,0.196165475078903
3.875,0.195839900962559
3.87599999999929,0.195464006073997
3.8769999999995,0.19504185171007
3.8779999999997,0.194578271371419
3.87899999999991,0.194077083776553
3.8799999999992,0.19354081427998
3.8809999999994,0.192975742537553
3.88199999999961,0.192385390126038
3.88299999999981,0.191774855469821
3.88400000000001,0.191147223873657
3.88499999999931,0.190505762201753
3.88599999999951,0.189854240021338
3.88699999999972,0.189194893839112
3.88799999999992,0.188532088319665
3.88899999999921,0.18786801931593
3.88999999999942,0.18720440067487
3.89099999999962,0.186541557897216
3.89199999999983,0.185881198557328
3.89299999999912,0.185223606351569
3.89399999999932,0.184570182332457
3.89499999999953,0.183920143234437
3.89599999999973,0.18327290617418
3.89699999999993,0.18262933462165
3.89799999999923,0.181989225569266
3.89899999999943,0.181350641321093
3.89999999999964,0.18071267655989
3.90099999999984,0.180073942740374
3.90199999999913,0.179432360533452
3.90299999999934,0.178786970291803
3.90399999999954,0.178134808674319
3.90499999999975,0.177473563816168
3.90599999999995,0.176800033116662
3.90699999999924,0.176112273211943
3.90799999999945,0.175407701329558
3.90899999999965,0.174683329959851
3.90999999999985,0.17393573914513
3.91099999999915,0.173162329506026
3.91199999999935,0.172359677381237
3.91299999999956,0.17152468025431
3.91399999999976,0.170653974410124
3.91499999999996,0.16974349817364
3.91599999999926,0.168787976158783
3.91699999999946,0.167784984006378
3.91799999999967,0.16672890031662
3.91899999999987,0.165616299562937
3.91999999999916,0.164444364864733
3.92099999999937,0.163207320241093
3.92199999999957,0.161903160709431
3.92299999999977,0.160527972630743
3.92399999999998,0.159077959787252
3.92499999999927,0.157549125599951
3.92599999999948,0.155938927080233
3.92699999999968,0.154244174332698
3.92799999999988,0.15246341671494
3.92899999999918,0.150594264652795
3.92999999999938,0.148635434385288
3.93099999999959,0.146586181484483
3.93199999999979,0.144444893728847
3.93299999999999,0.142211011491188
3.93399999999929,0.139883728863061
3.93499999999949,0.137463356691331
3.93599999999969,0.134949171949463
3.9369999999999,0.132340800137562
3.93799999999919,0.129639067688821
3.9389999999994,0.126843954708942
3.9399999999996,0.123956171039914
3.9409999999998,0.120976038557965
3.94200000000001,0.11790409959286
3.9429999999993,0.114740212335435
3.94399999999951,0.111484604689279
3.94499999999971,0.108138168847285
3.94599999999991,0.104701638752508
3.94699999999921,0.10117562604478
3.94799999999941,0.0975617229073609
3.94899999999961,0.0938590888587538
3.94999999999982,0.0900685443480983
3.95100000000002,0.0861918193665542
3.95199999999932,0.0822291538848062
3.95299999999952,0.0781819865653672
3.95399999999972,0.0740511997152942
3.95499999999993,0.0698377953058975
3.95599999999922,0.0655414594833792
3.95699999999943,0.0611632926851848
3.95799999999963,0.05670292078287
3.95899999999983,0.0521614040388554
3.95999999999913,0.047539006754857
3.96099999999933,0.0428369775509655
3.96199999999953,0.0380545437271825
3.96299999999974,0.0331923849106759
3.96399999999994,0.0282510035991015
3.96499999999924,0.0232323098765428
3.96599999999944,0.0181376971215803
3.96699999999964,0.0129665386686257
3.96799999999985,0.00772152181647322
3.96899999999914,0.00240493284313693
3.96999999999935,-0.00298245417273817
3.97099999999955,-0.00843914503206296
3.97199999999975,-0.0139633730245648
3.97299999999996,-0.0195540629958576
3.97399999999925,-0.0252106587543873
3.97499999999945,-0.0309302780903071
3.97599999999966,-0.0367112111261668
3.97699999999986,-0.0425515709995561
3.97799999999916,-0.0484473393585403
3.97899999999936,-0.0543974547007173
3.97999999999956,-0.0603992221255314
3.98099999999977,-0.0664477729277242
3.98199999999997,-0.0725404063426257
3.98299999999927,-0.0786736045352868
3.98399999999947,-0.0848432298414946
3.98499999999967,-0.0910450741193073
3.98599999999988,-0.0972751416892796
3.98699999999917,-0.10353105356811
3.98799999999937,-0.109806083050893
3.98899999999958,-0.116095596994174
3.98999999999978,-0.122395289951581
3.99099999999999,-0.128700296050999
3.99199999999928,-0.135005283185836
3.99299999999948,-0.141305071667861
3.99399999999969,-0.147594823957443
3.99499999999989,-0.153869868473724
3.99599999999919,-0.160124914986
3.99699999999939,-0.166356982096122
3.99799999999959,-0.172562309456582
3.9989999999998,-0.178735742566478
4,-0.184874191505475
4.00099999999929,-0.190972411533816
4.0019999999995,-0.197026432111035
4.0029999999997,-0.203033924510365
4.00399999999991,-0.208992315853355
4.0049999999992,-0.214897810914123
4.0059999999994,-0.220746930707595
4.00699999999961,-0.226536580940813
4.00799999999981,-0.232264128100034
4.00900000000001,-0.237927043316806
4.00999999999931,-0.243521746609051
4.01099999999951,-0.249044439219367
4.01199999999972,-0.254491331516885
4.01299999999992,-0.259857692277943
4.01399999999921,-0.265137910617474
4.01499999999942,-0.270325064017965
4.01599999999962,-0.275412723836028
4.01699999999983,-0.280390947972232
4.01799999999912,-0.285250793703831
4.01899999999932,-0.289982023355246
4.01999999999953,-0.29457140983055
4.02099999999973,-0.299003950797637
4.02199999999993,-0.303266420787228
4.02299999999923,-0.307343373614187
4.02399999999943,-0.311219004876244
4.02499999999964,-0.314874360656597
4.02599999999984,-0.31829030755342
4.02699999999913,-0.321450959388929
4.02799999999934,-0.324338982826687
4.02899999999954,-0.326942244344232
4.02999999999975,-0.329249760823148
4.03099999999995,-0.331250338174702
4.03199999999924,-0.332933412756006
4.03299999999945,-0.334291127056869
4.03399999999965,-0.335316646452555
4.03499999999985,-0.336011067908373
4.03599999999915,-0.336378289514032
4.03699999999935,-0.33642821571815
4.03799999999956,-0.33617601417787
4.03899999999976,-0.335642337630397
4.03999999999996,-0.334852640298989
4.04099999999926,-0.333842139256864
4.04199999999946,-0.332643622097131
4.04299999999967,-0.3312947557512
4.04399999999987,-0.329828604864705
4.04499999999916,-0.328275987811543
4.04599999999937,-0.326659555652333
4.04699999999957,-0.324998999148455
4.04799999999977,-0.323309053205949
4.04899999999998,-0.321601447844606
4.04999999999927,-0.319883738669391
4.05099999999948,-0.318159965332019
4.05199999999968,-0.316431986539094
4.05299999999988,-0.314700202894759
4.05399999999918,-0.31296080665019
4.05499999999938,-0.311210004431333
4.05599999999959,-0.309443316301498
4.05699999999979,-0.30765579201779
4.05799999999999,-0.305841152996275
4.05899999999929,-0.303995651917648
4.05999999999949,-0.302115623970282
4.06099999999969,-0.300196458634903
4.0619999999999,-0.298232047724071
4.06299999999919,-0.296217357575696
4.0639999999994,-0.294145629524396
4.0649999999996,-0.292009965034811
4.0659999999998,-0.289804112101821
4.06700000000001,-0.287518674686618
4.0679999999993,-0.285144970179309
4.06899999999951,-0.28267475229527
4.06999999999971,-0.280103432634703
4.07099999999991,-0.277424470693138
4.07199999999921,-0.274631098347005
4.07299999999941,-0.271714227360504
4.07399999999961,-0.268662242411646
4.07499999999982,-0.265464795600872
4.07600000000002,-0.26211013496439
4.07699999999932,-0.258590731966042
4.07799999999952,-0.254900920726097
4.07899999999972,-0.251036026075919
4.07999999999993,-0.246991826845963
4.08099999999922,-0.24276814525555
4.08199999999943,-0.238364441088446
4.08299999999963,-0.233782391439524
4.08399999999983,-0.229023959591438
4.08499999999913,-0.224092581939277
4.08599999999933,-0.218995274457167
4.08699999999953,-0.213740877728761
4.08799999999974,-0.208340524158159
4.08899999999994,-0.202807583526857
4.08999999999924,-0.197156828610962
4.09099999999944,-0.191403451463059
4.09199999999964,-0.1855598684715
4.09299999999985,-0.17963901903373
4.09399999999914,-0.173651740797664
4.09499999999935,-0.167607826941325
4.09599999999955,-0.161516258791427
4.09699999999975,-0.155386567592642
4.09799999999996,-0.149226096982517
4.09899999999925,-0.143042670602712
4.09999999999945,-0.136841603256556
4.10099999999966,-0.130629017838867
4.10199999999986,-0.124410912555014
4.10299999999916,-0.118190303145494
4.10399999999936,-0.111970816902642
4.10499999999956,-0.105755201518498
4.10599999999977,-0.0995458536291731
4.10699999999997,-0.0933422988723406
4.10799999999927,-0.0871450071818485
4.10899999999947,-0.0809563253443606
4.10999999999967,-0.0747759946944965
4.11099999999988,-0.0686035925440746
4.11199999999917,-0.0624395925900098
4.11299999999937,-0.0562853204779673
4.11399999999958,-0.0501425087935862
4.11499999999978,-0.0440160533142999
4.11599999999999,-0.0379104313270271
4.11699999999928,-0.0318304569369534
4.11799999999948,-0.0257808737903477
4.11899999999969,-0.0197670644703703
4.11999999999989,-0.0137944525570985
4.12099999999919,-0.00786684288795528
4.12199999999939,-0.00198803617276687
4.12299999999959,0.00383821407107228
4.1239999999998,0.00960944765580869
4.125,0.01532316225329
4.12599999999929,0.0209765658521096
4.1269999999995,0.0265674801449542
4.1279999999997,0.0320937156234325
4.12899999999991,0.0375536608083163
4.1299999999992,0.0429446812357105
4.1309999999994,0.0482647502670234
4.13199999999961,0.0535118673672145
4.13299999999981,0.0586855559739484
4.13400000000001,0.0637831364636554
4.13499999999931,0.0688038893457622
4.13599999999951,0.0737462632007932
4.13699999999972,0.0786096651555289
4.13799999999992,0.0833941498960522
4.13899999999921,0.0880988113624483
4.13999999999942,0.0927247764745226
4.14099999999962,0.0972703066286915
4.14199999999983,0.10173546452652
4.14299999999912,0.10612095323314
4.14399999999932,0.11042722054385
4.14499999999953,0.114653852173504
4.14599999999973,0.118800467177453
4.14699999999993,0.12286627877379
4.14799999999923,0.12685125782154
4.14899999999943,0.130754850326845
4.14999999999964,0.134575845679635
4.15099999999984,0.138313931173547
4.15199999999913,0.141969457195707
4.15299999999934,0.145541720166402
4.15399999999954,0.149029330847354
4.15499999999975,0.152431325872586
4.15599999999995,0.155745367021326
4.15699999999924,0.158969517797682
4.15799999999945,0.162100961973712
4.15899999999965,0.165138472715893
4.15999999999985,0.16807898076186
4.16099999999915,0.170919774662134
4.16199999999935,0.173658695675165
4.16299999999956,0.17629345271572
4.16399999999976,0.178822346172772
4.16499999999996,0.181243590362079
4.16599999999926,0.183555850308167
4.16699999999946,0.185757165504247
4.16799999999967,0.187847304511447
4.16899999999987,0.189824984093883
4.16999999999916,0.1916881075295
4.17099999999937,0.193436306685575
4.17199999999957,0.19506946560095
4.17299999999977,0.196587304260492
4.17399999999998,0.197990164010194
4.17499999999927,0.199277699646718
4.17599999999948,0.200449671101257
4.17699999999968,0.201506512711
4.17799999999988,0.202449296402278
4.17899999999918,0.203278435744443
4.17999999999938,0.203994955123193
4.18099999999959,0.204599578163538
4.18199999999979,0.205094362821593
4.18299999999999,0.20548173136326
4.18399999999929,0.205763569592695
4.18499999999949,0.205943291713199
4.18599999999969,0.206024447438388
4.1869999999999,0.206010856257417
4.18799999999919,0.205905157979601
4.1889999999994,0.205712170937062
4.1899999999996,0.205436884438454
4.1909999999998,0.205083373904228
4.19200000000001,0.204656484161935
4.1929999999993,0.204163318940483
4.19399999999951,0.203609437568105
4.19499999999971,0.203000478826717
4.19599999999991,0.202343417452119
4.19699999999921,0.201646053585571
4.19799999999941,0.200916069637618
4.19899999999961,0.200160270002511
4.19999999999982,0.199386197786519
4.20100000000002,0.198599777694456
4.20199999999932,0.197806685984216
4.20299999999952,0.19701296568303
4.20399999999972,0.196225839213572
4.20499999999993,0.195449409285878
4.20599999999922,0.194688090703361
4.20699999999943,0.193945951836853
4.20799999999963,0.193224928476085
4.20899999999983,0.192527236934829
4.20999999999913,0.191854859346652
4.21099999999933,0.191209181317143
4.21199999999953,0.190590077533427
4.21299999999974,0.189996510191906
4.21399999999994,0.18942657238233
4.21499999999924,0.18887789721176
4.21599999999944,0.188348767035624
4.21699999999964,0.18783541583664
4.21799999999985,0.187334175588455
4.21899999999914,0.186840986662569
4.21999999999935,0.186350284549862
4.22099999999955,0.185857231109533
4.22199999999975,0.185355996049751
4.22299999999996,0.184842356145793
4.22399999999925,0.18431173595584
4.22499999999945,0.1837606103575
4.22599999999966,0.183184022229781
4.22699999999986,0.182577292928895
4.22799999999916,0.181936348655468
4.22899999999936,0.181257598846927
4.22999999999956,0.180536574170228
4.23099999999977,0.179769090059609
4.23199999999997,0.178951859738732
4.23299999999927,0.178082040002306
4.23399999999947,0.177156223944337
4.23499999999967,0.176172300233263
4.23599999999988,0.175128065801475
4.23699999999917,0.174021157370532
4.23799999999937,0.172849924066374
4.23899999999958,0.171612126891288
4.23999999999978,0.17030486924173
4.24099999999999,0.168925041866779
4.24199999999928,0.167469775587106
4.24299999999948,0.165936555480952
4.24399999999969,0.164323981372631
4.24499999999989,0.162630462024381
4.24599999999919,0.160854323307157
4.24699999999939,0.158994980196223
4.24799999999959,0.157051392275232
4.2489999999998,0.155022226828271
4.25,0.152906109956052
4.25099999999929,0.15070409386351
4.2519999999995,0.148415971481798
4.2529999999997,0.146041749415303
4.25399999999991,0.143581651655608
4.2549999999992,0.141037142710698
4.2559999999994,0.138408857742985
4.25699999999961,0.135697106013723
4.25799999999981,0.132903123165776
4.25900000000001,0.130028780915947
4.25999999999931,0.127076181947155
4.26099999999951,0.124046162184197
4.26199999999972,0.120940847093705
4.26299999999992,0.11776163822556
4.26399999999921,0.114510232991965
4.26499999999942,0.11118783068401
4.26599999999962,0.107796368167012
4.26699999999983,0.104338750531755
4.26799999999912,0.100816354250033
4.26899999999932,0.0972298345821275
4.26999999999953,0.0935798010650488
4.27099999999973,0.0898659352815097
4.27199999999993,0.0860892153167099
4.27299999999923,0.0822498898934695
4.27399999999943,0.0783486983570812
4.27499999999964,0.0743862210632746
4.27599999999984,0.0703622212524485
4.27699999999913,0.0662766226102405
4.27799999999934,0.0621297411189869
4.27899999999954,0.0579204900091855
4.27999999999975,0.0536497720473853
4.28099999999995,0.0493190195280963
4.28199999999924,0.0449276316066111
4.28299999999945,0.040474777803975
4.28399999999965,0.0359608697997671
4.28499999999985,0.0313869708397459
4.28599999999915,0.0267545275863839
4.28699999999935,0.0220642580864243
4.28799999999956,0.0173176314985408
4.28899999999976,0.012515012083939
4.28999999999996,0.00765794390583931
4.29099999999926,0.00274801917134475
4.29199999999946,-0.00221339280071262
4.29299999999967,-0.00722332684946185
4.29399999999987,-0.0122789398984988
4.29499999999916,-0.0173786778106931
4.29599999999937,-0.0225217377396425
4.29699999999957,-0.0277066021475939
4.29799999999977,-0.0329298144030298
4.29899999999998,-0.0381884524312756
4.29999999999927,-0.0434782991508832
4.30099999999948,-0.0487952330719131
4.30199999999968,-0.054135418863789
4.30299999999988,-0.059494952657898
4.30399999999918,-0.0648688958087467
4.30499999999938,-0.0702517893064388
4.30599999999959,-0.0756406252883107
4.30699999999979,-0.0810314399083011
4.30799999999999,-0.0864197127837776
4.30899999999929,-0.0918016851162984
4.30999999999949,-0.0971730130718236
4.31099999999969,-0.102528451539462
4.3119999999999,-0.107862813350975
4.31299999999919,-0.11317200594452
4.3139999999994,-0.118451713254308
4.3149999999996,-0.123697526620002
4.3159999999998,-0.128903189741823
4.31700000000001,-0.134062805440871
4.3179999999993,-0.139170316090963
4.31899999999951,-0.144217738580327
4.31999999999971,-0.149194683976428
4.32099999999991,-0.154090679953482
4.32199999999921,-0.158892872091047
4.32299999999941,-0.163586248115641
4.32399999999961,-0.168153128778165
4.32499999999982,-0.172576367598691
4.32600000000002,-0.176834230114104
4.32699999999932,-0.180905133945829
4.32799999999952,-0.184767131622684
4.32899999999972,-0.188396385522402
4.32999999999993,-0.191770745267133
4.33099999999922,-0.194868591906111
4.33199999999943,-0.197673049387653
4.33299999999963,-0.200169940225963
4.33399999999983,-0.202349907918524
4.33499999999913,-0.204207060493931
4.33599999999933,-0.205741712906918
4.33699999999953,-0.206961280356962
4.33799999999974,-0.207880223995376
4.33899999999994,-0.208519148877644
4.33999999999924,-0.208907032756918
4.34099999999944,-0.209077331686619
4.34199999999964,-0.209064035358125
4.34299999999985,-0.208897581933584
4.34399999999914,-0.208609283879824
4.34499999999935,-0.208223400977262
4.34599999999955,-0.207761266225831
4.34699999999975,-0.207237980084369
4.34799999999996,-0.206668693112379
4.34899999999925,-0.206063125318488
4.34999999999945,-0.205427964236521
4.35099999999966,-0.204765630799111
4.35199999999986,-0.204075839739982
4.35299999999916,-0.20335583672679
4.35399999999936,-0.202601521624627
4.35499999999956,-0.201807491579211
4.35599999999977,-0.200970199764531
4.35699999999997,-0.200086501469955
4.35799999999927,-0.199151660776723
4.35899999999947,-0.198161841159597
4.35999999999967,-0.19711435911181
4.36099999999988,-0.196005017711426
4.36199999999917,-0.194830289566697
4.36299999999937,-0.193585691954091
4.36399999999958,-0.192266115802925
4.36499999999978,-0.190867255517726
4.36599999999999,-0.189385871982919
4.36699999999928,-0.18781888890043
4.36799999999948,-0.186162031154898
4.36899999999969,-0.184411305165018
4.36999999999989,-0.182563224286615
4.37099999999919,-0.180614455734829
4.37199999999939,-0.178561303243204
4.37299999999959,-0.176402132426061
4.3739999999998,-0.174134910807316
4.375,-0.171757819081884
4.37599999999929,-0.169270223088296
4.3769999999995,-0.166669959576657
4.3779999999997,-0.163956623469084
4.37899999999991,-0.161129597131314
4.3799999999992,-0.158189847949312
4.3809999999994,-0.155138338197246
4.38199999999961,-0.15197714096138
4.38299999999981,-0.148707935501925
4.38400000000001,-0.14533334856236
4.38499999999931,-0.14185579282427
4.38599999999951,-0.138277126292765
4.38699999999972,-0.134600076222956
4.38799999999992,-0.130825734103074
4.38899999999921,-0.126956388154715
4.38999999999942,-0.122996097773206
4.39099999999962,-0.118948596688119
4.39199999999983,-0.114818401444936
4.39299999999912,-0.110610159781952
4.39399999999932,-0.106326967453065
4.39499999999953,-0.101973078787658
4.39599999999973,-0.0975530190776746
4.39699999999993,-0.0930728124897782
4.39799999999923,-0.0885389297659801
4.39899999999943,-0.0839568339638684
4.39999999999964,-0.0793321773938191
4.40099999999984,-0.0746699927614658
4.40199999999913,-0.0699757085493306
4.40299999999934,-0.0652553339821296
4.40399999999954,-0.0605141520320776
4.40499999999975,-0.055757697125361
4.40599999999995,-0.0509889879450726
4.40699999999924,-0.0462106721568538
4.40799999999945,-0.0414266195769052
4.40899999999965,-0.036638965528153
4.40999999999985,-0.0318489547336497
4.41099999999915,-0.0270569817617128
4.41199999999935,-0.0222645115606975
4.41299999999956,-0.0174728191881156
4.41399999999976,-0.0126822810654721
4.41499999999996,-0.00789390642547307
4.41599999999926,-0.00310921626352739
4.41699999999946,0.00166979295241035
4.41799999999967,0.006441487796797
4.41899999999987,0.0112041980810971
4.41999999999916,0.0159543817422783
4.42099999999937,0.0206890991964548
4.42199999999957,0.0254051408489825
4.42299999999977,0.0300993107772961
4.42399999999998,0.0347685027928976
4.42499999999927,0.0394093175507593
4.42599999999948,0.0440188221298346
4.42699999999968,0.0485940120383971
4.42799999999988,0.0531327116941544
4.42899999999918,0.0576324802739217
4.42999999999938,0.0620907391915787
4.43099999999959,0.06650433837967
4.43199999999979,0.0708697912997706
4.43299999999999,0.0751835526073014
4.43399999999929,0.0794421817391446
4.43499999999949,0.0836425321145175
4.43599999999969,0.0877820599946343
4.4369999999999,0.0918582313212243
4.43799999999919,0.095868866488452
4.4389999999994,0.0998117397803543
4.4399999999996,0.103684194267205
4.4409999999998,0.107484909973999
4.44200000000001,0.111211930330321
4.4429999999993,0.114863288410593
4.44399999999951,0.118438234388872
4.44499999999971,0.121935934440522
4.44599999999991,0.125354722080404
4.44699999999921,0.128693462925809
4.44799999999941,0.131950526246117
4.44899999999961,0.135124642535675
4.44999999999982,0.138214387870725
4.45100000000002,0.141218234999193
4.45199999999932,0.14413431307498
4.45299999999952,0.146960134161981
4.45399999999972,0.149693497908255
4.45499999999993,0.152332107895388
4.45599999999922,0.154873995133699
4.45699999999943,0.157317094040414
4.45799999999963,0.159659677294582
4.45899999999983,0.161899095773755
4.45999999999913,0.164033680502038
4.46099999999933,0.166062008987234
4.46199999999953,0.167981936639104
4.46299999999974,0.16979249042729
4.46399999999994,0.171492629787267
4.46499999999924,0.173081797358301
4.46599999999944,0.17455979784524
4.46699999999964,0.175926709527609
4.46799999999985,0.177182134342269
4.46899999999914,0.17832588002739
4.46999999999935,0.179359697963512
4.47099999999955,0.18028563700699
4.47199999999975,0.181104733492509
4.47299999999996,0.181818921880988
4.47399999999925,0.182430565131024
4.47499999999945,0.182941846913472
4.47599999999966,0.183355482138712
4.47699999999986,0.18367493806487
4.47799999999916,0.183903409449221
4.47899999999936,0.18404375262575
4.47999999999956,0.18409837038025
4.48099999999977,0.18407111233468
4.48199999999997,0.18396648971487
4.48299999999927,0.183788895739989
4.48399999999947,0.183542320571339
4.48499999999967,0.183230889413636
4.48599999999988,0.182859071385661
4.48699999999917,0.182431313228612
4.48799999999937,0.181952760567248
4.48899999999958,0.181429186280167
4.48999999999978,0.180866575567215
4.49099999999999,0.180270621432109
4.49199999999928,0.179646975766863
4.49299999999948,0.179001010721563
4.49399999999969,0.17833771885614
4.49499999999989,0.177661160224273
4.49599999999919,0.17697606867271
4.49699999999939,0.176287799256751
4.49799999999959,0.17559966929204
4.4989999999998,0.174915105614153
4.5,0.17423738512957
4.50099999999929,0.173568464314654
4.5019999999995,0.17291027153582
4.5029999999997,0.172264530975727
4.50399999999991,0.171632428184499
4.5049999999992,0.171015024778541
4.5059999999994,0.170412639902581
4.50699999999961,0.169826110474222
4.50799999999981,0.169256847612348
4.50900000000001,0.168705525006778
4.50999999999931,0.168171143668163
4.51099999999951,0.167652382158112
4.51199999999972,0.167149156489705
4.51299999999992,0.166661020957414
4.51399999999921,0.166186127114582
4.51499999999942,0.165722722755922
4.51599999999962,0.165269020594944
4.51699999999983,0.164822696671197
4.51799999999912,0.164381329404993
4.51899999999932,0.163942463889949
4.51999999999953,0.16350312336417
4.52099999999973,0.163060245326746
4.52199999999993,0.162611887362972
4.52299999999923,0.162154760064117
4.52399999999943,0.161684591309918
4.52499999999964,0.161197834619896
4.52599999999984,0.160691415757683
4.52699999999913,0.160161422913693
4.52799999999934,0.159603119754275
4.52899999999954,0.159012180077149
4.52999999999975,0.158384193789475
4.53099999999995,0.157714535096465
4.53199999999924,0.156998953744267
4.53299999999945,0.156233600050552
4.53399999999965,0.155413640894038
4.53499999999985,0.154533849416447
4.53599999999915,0.153590288996511
4.53699999999935,0.152579557182842
4.53799999999956,0.151497877552948
4.53899999999976,0.150341567194521
4.53999999999996,0.149106633832241
4.54099999999926,0.147789357918541
4.54199999999946,0.146386418041048
4.54299999999967,0.144894876894813
4.54399999999987,0.14331189451673
4.54499999999916,0.141635549137067
4.54599999999937,0.139864597640777
4.54699999999957,0.137997104275834
4.54799999999977,0.13603133041651
4.54899999999998,0.133966607842745
4.54999999999927,0.131801418197089
4.55099999999948,0.129534961592006
4.55199999999968,0.127167919071294
4.55299999999988,0.124699473082553
4.55399999999918,0.122128700981996
4.55499999999938,0.119456553247952
4.55599999999959,0.116683967210718
4.55699999999979,0.113810693730289
4.55799999999999,0.110836517983442
4.55899999999929,0.107761816683106
4.55999999999949,0.104587112151488
4.56099999999969,0.101312619098529
4.5619999999999,0.0979386201183019
4.56299999999919,0.0944646259339726
4.5639999999994,0.0908905284702827
4.5649999999996,0.087217540604824
4.5659999999998,0.0834461446395423
4.56700000000001,0.0795768365244734
4.5679999999993,0.0756098722497814
4.56899999999951,0.0715453580808967
4.56999999999971,0.0673836183079266
4.57099999999991,0.063125190560556
4.57199999999921,0.0587708450916912
4.57299999999941,0.0543217173865836
4.57399999999961,0.0497791458058006
4.57499999999982,0.0451436432435617
4.57600000000002,0.0404158008334525
4.57699999999932,0.0355968693013572
4.57799999999952,0.0306875167480245
4.57899999999972,0.0256890136177078
4.57999999999993,0.020603389789169
4.58099999999922,0.015432876850695
4.58199999999943,0.0101801556433649
4.58299999999963,0.00484771518211002
4.58399999999983,-0.000562065774204645
4.58499999999913,-0.00604628754986471
4.58599999999933,-0.0116026127882127
4.58699999999953,-0.0172283828915384
4.58799999999974,-0.0229205408660156
4.58899999999994,-0.0286758439640972
4.58999999999924,-0.0344900049528938
4.59099999999944,-0.0403594503388169
4.59199999999964,-0.0462803912752852
4.59299999999985,-0.0522486910715716
4.59399999999914,-0.0582598269470394
4.59499999999935,-0.0643096702531403
4.59599999999955,-0.0703939611899341
4.59699999999975,-0.0765067274231406
4.59799999999996,-0.0826432016800078
4.59899999999925,-0.0887986688953216
4.59999999999945,-0.0949673492730027
4.60099999999966,-0.10114397140009
4.60199999999986,-0.107323535605721
4.60299999999916,-0.113499197291239
4.60399999999936,-0.119665355353955
4.60499999999956,-0.125816432569156
4.60599999999977,-0.131945414000573
4.60699999999997,-0.138045302684439
4.60799999999927,-0.144109072205205
4.60899999999947,-0.150129022646211
4.60999999999967,-0.15609560212457
4.61099999999988,-0.161998558870691
4.61199999999917,-0.167827849722027
4.61299999999937,-0.173571911623957
4.61399999999958,-0.179217990636477
4.61499999999978,-0.184752364555237
4.61599999999999,-0.190157993597219
4.61699999999928,-0.195418556419328
4.61799999999948,-0.200517068847961
4.61899999999969,-0.205436165210087
4.61999999999989,-0.210158231247545
4.62099999999919,-0.214664613698354
4.62199999999939,-0.218935121349141
4.62299999999959,-0.222950046966418
4.6239999999998,-0.22668864621224
4.625,-0.230128347631917
4.62599999999929,-0.233244942394456
4.6269999999995,-0.236011978862038
4.6279999999997,-0.238406869825815
4.62899999999991,-0.240409671429088
4.6299999999992,-0.242005578541028
4.6309999999994,-0.243186183265395
4.63199999999961,-0.243951235882395
4.63299999999981,-0.244311696705457
4.63400000000001,-0.244286417688882
4.63499999999931,-0.243905610723382
4.63599999999951,-0.243208984285548
4.63699999999972,-0.242242209033407
4.63799999999992,-0.241051310729076
4.63899999999921,-0.239682657764797
4.63999999999942,-0.238183040317166
4.64099999999962,-0.236592329098031
4.64199999999983,-0.234947059827969
4.64299999999912,-0.233278479642338
4.64399999999932,-0.231612867079798
4.64499999999953,-0.229971450457047
4.64599999999973,-0.228371762755047
4.64699999999993,-0.226826601532518
4.64799999999923,-0.225344800454784
4.64899999999943,-0.223930319387074
4.64999999999964,-0.222581123368711
4.65099999999984,-0.221292768427308
4.65199999999913,-0.220058494772648
4.65299999999934,-0.218869087237278
4.65399999999954,-0.21771530697222
4.65499999999975,-0.216588447021779
4.65599999999995,-0.215481716256641
4.65699999999924,-0.214388676516664
4.65799999999945,-0.213303592159058
4.65899999999965,-0.212220454610607
4.65999999999985,-0.211133048890239
4.66099999999915,-0.210036111590337
4.66199999999935,-0.208923191310495
4.66299999999956,-0.207787185970333
4.66399999999976,-0.206621797471389
4.66499999999996,-0.20542231779566
4.66599999999926,-0.204183739006051
4.66699999999946,-0.202900254457537
4.66799999999967,-0.201566698514693
4.66899999999987,-0.200177315610332
4.66999999999916,-0.198726094010819
4.67099999999937,-0.197209111339243
4.67199999999957,-0.195622181393518
4.67299999999977,-0.193960866061976
4.67399999999998,-0.192220824633881
4.67499999999927,-0.190395860127451
4.67599999999948,-0.188480160280426
4.67699999999968,-0.186465889673696
4.67799999999988,-0.184345282593744
4.67899999999918,-0.182111013943334
4.67999999999938,-0.179755996546964
4.68099999999959,-0.177273843406437
4.68199999999979,-0.174658626631725
4.68299999999999,-0.171904054816313
4.68399999999929,-0.169006514030011
4.68499999999949,-0.165964148865971
4.68599999999969,-0.162776570994515
4.6869999999999,-0.15944476614001
4.68799999999919,-0.155971611611157
4.6889999999994,-0.152361951281681
4.6899999999996,-0.148622700845691
4.6909999999998,-0.144761064954563
4.69200000000001,-0.140785013342479
4.6929999999993,-0.136703909766503
4.69399999999951,-0.132526666386982
4.69499999999971,-0.128260088257071
4.69599999999991,-0.123911911594153
4.69699999999921,-0.119490517294507
4.69799999999941,-0.11500268332493
4.69899999999961,-0.110454899846033
4.69999999999982,-0.105852491042751
4.70100000000002,-0.101200602407774
4.70199999999932,-0.0965041804579782
4.70299999999952,-0.0917685014591812
4.70399999999972,-0.0869974210331514
4.70499999999993,-0.0821918995012422
4.70599999999922,-0.0773519014902903
4.70699999999943,-0.0724781628867078
4.70799999999963,-0.0675718556154312
4.70899999999983,-0.0626335113900735
4.70999999999913,-0.0576647764773194
4.71099999999933,-0.052666705445061
4.71199999999953,-0.0476400198697697
4.71299999999974,-0.0425866553995438
4.71399999999994,-0.0375101965892634
4.71499999999924,-0.0324138638598113
4.71599999999944,-0.0273018048964987
4.71699999999964,-0.0221795929563055
4.71799999999985,-0.0170524570475239
4.71899999999914,-0.0119254228619043
4.71999999999935,-0.00680387904290689
4.72099999999955,-0.00169227326570008
4.72199999999975,0.00340462862944878
4.72299999999996,0.00848136656261259
4.72399999999925,0.0135340635322669
4.72499999999945,0.0185596624760697
4.72599999999966,0.0235550413859378
4.72699999999986,0.0285168847091357
4.72799999999916,0.0334422769217854
4.72899999999936,0.0383288190352596
4.72999999999956,0.0431755714459304
4.73099999999977,0.0479815589289342
4.73199999999997,0.0527453145612218
4.73299999999927,0.0574667086494319
4.73399999999947,0.0621452281672769
4.73499999999967,0.0667794161036676
4.73599999999988,0.0713692162514532
4.73699999999917,0.0759157156084683
4.73799999999937,0.080419869225854
4.73899999999958,0.0848825474358721
4.73999999999978,0.0893054789507329
4.74099999999999,0.093690865962306
4.74199999999928,0.0980401717082731
4.74299999999948,0.10235273656047
4.74399999999969,0.106628514715843
4.74499999999989,0.110866988399433
4.74599999999919,0.115066847250753
4.74699999999939,0.119225901840528
4.74799999999959,0.123341912981307
4.7489999999998,0.127412790051502
4.75,0.131436923898625
4.75099999999929,0.135411480971732
4.7519999999995,0.139333267847003
4.7529999999997,0.143199688106304
4.75399999999991,0.14700796731086
4.7549999999992,0.150755543515751
4.7559999999994,0.154437346540369
4.75699999999961,0.158047964583659
4.75799999999981,0.16158332373582
4.75900000000001,0.165039505512987
4.75999999999931,0.168412278897655
4.76099999999951,0.171697599672044
4.76199999999972,0.174890602565946
4.76299999999992,0.177987233343056
4.76399999999921,0.180983162979286
4.76499999999942,0.183874131764803
4.76599999999962,0.186656259538246
4.76699999999983,0.189325129020367
4.76799999999912,0.19187568566998
4.76899999999932,0.194303376104561
4.76999999999953,0.196605028860142
4.77099999999973,0.198776396805042
4.77199999999993,0.200813167582935
4.77299999999923,0.202712687230979
4.77399999999943,0.204473466408175
4.77499999999964,0.206094380847493
4.77599999999984,0.207573028640114
4.77699999999913,0.20890849634813
4.77799999999934,0.210100482934793
4.77899999999954,0.211149041290931
4.77999999999975,0.212054422891797
4.78099999999995,0.21281775306997
4.78199999999924,0.213440418677483
4.78299999999945,0.213925390271004
4.78399999999965,0.214275071822235
4.78499999999985,0.214491352064189
4.78599999999915,0.214578809145371
4.78699999999935,0.214541168978655
4.78799999999956,0.214382698645734
4.78899999999976,0.214107743217037
4.78999999999996,0.213719687146902
4.79099999999926,0.213223322748927
4.79199999999946,0.212623833831523
4.79299999999967,0.211924539250893
4.79399999999987,0.211131327097781
4.79499999999916,0.210250590539703
4.79599999999937,0.209288822281366
4.79699999999957,0.208252156177417
4.79799999999977,0.207146367791588
4.79899999999998,0.205978249067357
4.79999999999927,0.2047539266407
4.80099999999948,0.203479253661861
4.80199999999968,0.202160177428604
4.80299999999988,0.200802890970223
4.80399999999918,0.199412605334706
4.80499999999938,0.197995294316818
4.80599999999959,0.196556727262735
4.80699999999979,0.195102528284766
4.80799999999999,0.193638409198648
4.80899999999929,0.192167821997688
4.80999999999949,0.190694612691109
4.81099999999969,0.18922224176158
4.8119999999999,0.187753313842521
4.81299999999919,0.186290719592692
4.8139999999994,0.184837322937727
4.8149999999996,0.183394151911062
4.8159999999998,0.18196216896564
4.81700000000001,0.180539912846987
4.8179999999993,0.179125916414746
4.81899999999951,0.177718857211386
4.81999999999971,0.176318218680546
4.82099999999991,0.174923674010433
4.82199999999921,0.173532941572331
4.82299999999941,0.172144128522454
4.82399999999961,0.170755962015794
4.82499999999982,0.169366080248434
4.82600000000002,0.167971497768494
4.82699999999932,0.166569127514779
4.82799999999952,0.165155531724185
4.82899999999972,0.163726995972326
4.82999999999993,0.162280251521681
4.83099999999922,0.160811988479536
4.83199999999943,0.159317424463022
4.83299999999963,0.157793671911217
4.83399999999983,0.156238808763646
4.83499999999913,0.154650548754349
4.83599999999933,0.153027061433654
4.83699999999953,0.151366767172082
4.83799999999974,0.149666479119659
4.83899999999994,0.1479242895882
4.83999999999924,0.146137641540766
4.84099999999944,0.144304974515767
4.84199999999964,0.142424161923321
4.84299999999985,0.140493350933924
4.84399999999914,0.138511187040844
4.84499999999935,0.136476062740455
4.84599999999955,0.134386062620099
4.84699999999975,0.132239603462081
4.84799999999996,0.130034873626286
4.84899999999925,0.127771479004217
4.84999999999945,0.125447257629566
4.85099999999966,0.123059876807761
4.85199999999986,0.120607160917557
4.85299999999916,0.118087432849757
4.85399999999936,0.115498438705654
4.85499999999956,0.112837675499355
4.85599999999977,0.110103434689325
4.85699999999997,0.107293348851486
4.85799999999927,0.104405070150712
4.85899999999947,0.101437127465376
4.85999999999967,0.0983883965502327
4.86099999999988,0.0952584150143755
4.86199999999917,0.0920461675148827
4.86299999999937,0.0887519689316881
4.86399999999958,0.0853760860131606
4.86499999999978,0.0819177301550587
4.86599999999999,0.0783764116311101
4.86699999999928,0.0747524406856295
4.86799999999948,0.071046463924885
4.86899999999969,0.0672594350668661
4.86999999999989,0.0633937881643249
4.87099999999919,0.0594511197036675
4.87199999999939,0.0554329521117004
4.87299999999959,0.0513411763868029
4.8739999999998,0.0471777772816243
4.875,0.0429450698856253
4.87599999999929,0.0386460697592906
4.8769999999995,0.0342828830454548
4.8779999999997,0.0298576606583394
4.87899999999991,0.025373190928105
4.8799999999992,0.0208317097459731
4.8809999999994,0.0162357850168452
4.88199999999961,0.0115881743038286
4.88299999999981,0.00689141497777578
4.88400000000001,0.0021478535671309
4.88499999999931,-0.00264171503239567
4.88599999999951,-0.00747537525531908
4.88699999999972,-0.012351793968485
4.88799999999992,-0.0172709740413963
4.88899999999921,-0.0222321018750843
4.88999999999942,-0.0272350245066093
4.89099999999962,-0.0322787986789999
4.89199999999983,-0.0373628528153973
4.89299999999912,-0.0424858903713733
4.89399999999932,-0.0476468754910156
4.89499999999953,-0.0528449564188357
4.89599999999973,-0.0580801586347634
4.89699999999993,-0.0633525895403256
4.89799999999923,-0.0686616429896021
4.89899999999943,-0.0740067747201244
4.89999999999964,-0.0793873268738627
4.90099999999984,-0.0848018421369189
4.90199999999913,-0.0902501771531074
4.90299999999934,-0.0957317223838204
4.90399999999954,-0.101244473078265
4.90499999999975,-0.106785669679982
4.90599999999995,-0.112352259053218
4.90699999999924,-0.117942139642874
4.90799999999945,-0.123551271618844
4.90899999999965,-0.129175788332427
4.90999999999985,-0.13481274790931
4.91099999999915,-0.140456148607728
4.91199999999935,-0.146098508883676
4.91299999999956,-0.151733556611545
4.91399999999976,-0.157353419478372
4.91499999999996,-0.162948198459056
4.91599999999926,-0.168505082122959
4.91699999999946,-0.174009766575994
4.91799999999967,-0.179449391615073
4.91899999999987,-0.184809884272902
4.91999999999916,-0.190076167921175
4.92099999999937,-0.195230846790728
4.92199999999957,-0.200257096656962
4.92299999999977,-0.205134127017592
4.92399999999998,-0.209841590178295
4.92499999999927,-0.214354684749608
4.92599999999948,-0.218648315134945
4.92699999999968,-0.22269192099301
4.92799999999988,-0.226455834815506
4.92899999999918,-0.229905110543872
4.92999999999938,-0.233001744686878
4.93099999999959,-0.235712967844968
4.93199999999979,-0.238008031019494
4.93299999999999,-0.239866807012681
4.93399999999929,-0.241280734785733
4.93499999999949,-0.242249908824357
4.93599999999969,-0.242781577284905
4.9369999999999,-0.242892250126324
4.93799999999919,-0.242614325658659
4.9389999999994,-0.241993936824533
4.9399999999996,-0.241094513478439
4.9409999999998,-0.23998332338377
4.94200000000001,-0.238715188347564
4.9429999999993,-0.2373425597606
4.94399999999951,-0.235905612891564
4.94499999999971,-0.234443252640311
4.94599999999991,-0.232984500790854
4.94699999999921,-0.231553253121397
4.94799999999941,-0.23016701535642
4.94899999999961,-0.228839216955995
4.94999999999982,-0.227577896626004
4.95100000000002,-0.226387611863732
4.95199999999932,-0.225270207842536
4.95299999999952,-0.224226250085792
4.95399999999972,-0.223252543927217
4.95499999999993,-0.22234490813348
4.95599999999922,-0.221498550591385
4.95699999999943,-0.220706486794955
4.95799999999963,-0.219961476825814
4.95899999999983,-0.219258056351573
4.95999999999913,-0.218589806967115
4.96099999999933,-0.21795122372996
4.96199999999953,-0.217336798459021
4.96299999999974,-0.216741356199734
4.96399999999994,-0.216159264691104
4.96499999999924,-0.215585705937859
4.96599999999944,-0.215016874899615
4.96699999999964,-0.214450262363359
4.96799999999985,-0.213883324467255
4.96899999999914,-0.213313654896346
4.96999999999935,-0.212739713689819
4.97099999999955,-0.212161097759505
4.97199999999975,-0.211577932965578
4.97299999999996,-0.210988628152576
4.97399999999925,-0.210391913614381
4.97499999999945,-0.209786746574074
4.97599999999966,-0.209170332069251
4.97699999999986,-0.208539377502786
4.97799999999916,-0.20788975052765
4.97899999999936,-0.207217898277834
4.97999999999956,-0.206519292421724
4.98099999999977,-0.20579099019618
4.98199999999997,-0.205028052354918
4.98299999999927,-0.204225331636762
4.98399999999947,-0.203378283509217
4.98499999999967,-0.202484715813766
4.98599999999988,-0.201539616287316
4.98699999999917,-0.200538542365175
4.98799999999937,-0.199477576231477
4.98899999999958,-0.198352176103748
4.98999999999978,-0.197158686102796
4.99099999999999,-0.195889986574407
4.99199999999928,-0.194541543446328
4.99299999999948,-0.19310727530969
4.99399999999969,-0.191583168556761
4.99499999999989,-0.189963947903595
4.99599999999919,-0.188245182906913
4.99699999999939,-0.186423561194104
4.99799999999959,-0.18449588582221
4.9989999999998,-0.182458460064886
5,-0.180310467352334
5.00099999999929,-0.178050440425342
5.0019999999995,-0.175679257946874
5.0029999999997,-0.173197484853231
5.00399999999991,-0.170607419634025
5.0049999999992,-0.167912866836781
5.0059999999994,-0.165117704714365
5.00699999999961,-0.162226726703159
5.00799999999981,-0.159245068344141
5.00900000000001,-0.156178493885831
5.00999999999931,-0.153034902095508
5.01099999999951,-0.149819855234687
5.01199999999972,-0.146539759179794
5.01299999999992,-0.143200504481939
5.01399999999921,-0.13980728757165
5.01499999999942,-0.136365217389146
5.01599999999962,-0.132878815251028
5.01699999999983,-0.129352770611242
5.01799999999912,-0.125790667796823
5.01899999999932,-0.122195245512889
5.01999999999953,-0.118568400409132
5.02099999999973,-0.114912219588108
5.02199999999993,-0.111228189833571
5.02299999999923,-0.107518269517702
5.02399999999943,-0.103784105798294
5.02499999999964,-0.100027257710286
5.02599999999984,-0.0962484685701665
5.02699999999913,-0.0924487588673572
5.02799999999934,-0.0886289605914686
5.02899999999954,-0.0847902114114103
5.02999999999975,-0.0809336199776054
5.03099999999995,-0.0770595301698023
5.03199999999924,-0.0731674218675808
5.03299999999945,-0.0692600775680684
5.03399999999965,-0.0653389198420259
5.03499999999985,-0.0614048843437535
5.03599999999915,-0.0574588343075714
5.03699999999935,-0.0535043186043138
5.03799999999956,-0.0495446703604226
5.03899999999976,-0.0455823140930652
5.03999999999996,-0.0416201143314046
5.04099999999926,-0.0376603427672355
5.04199999999946,-0.0337062784973527
5.04299999999967,-0.0297613473571816
5.04399999999987,-0.0258281083223961
5.04499999999916,-0.0219104657132268
5.04599999999937,-0.0180108382407827
5.04699999999957,-0.0141317995180599
5.04799999999977,-0.0102757707085139
5.04899999999998,-0.00644588113791263
5.04999999999927,-0.0026453510495999
5.05099999999948,0.00112304509765621
5.05199999999968,0.00485677513654501
5.05299999999988,0.00855376852048387
5.05399999999918,0.0122118415592572
5.05499999999938,0.015828362810982
5.05599999999959,0.0194010605230353
5.05699999999979,0.0229280348152459
5.05799999999999,0.0264076117104554
5.05899999999929,0.029836957143777
5.05999999999949,0.0332138187400872
5.06099999999969,0.036535659104074
5.0619999999999,0.0397987613571582
5.06299999999919,0.0430008513039309
5.0639999999994,0.0461389176371443
5.0649999999996,0.0492091084066305
5.0659999999998,0.052208434456881
5.06700000000001,0.0551324552232203
5.0679999999993,0.0579767069754726
5.06899999999951,0.060739074793205
5.06999999999971,0.0634145650208445
5.07099999999991,0.0659983401119584
5.07199999999921,0.0684869427199234
5.07299999999941,0.0708759020791579
5.07399999999961,0.0731612453682424
5.07499999999982,0.0753405480562272
5.07600000000002,0.0774094537347622
5.07699999999932,0.0793647794229656
5.07799999999952,0.0812035996902661
5.07899999999972,0.082922766823375
5.07999999999993,0.084517813190079
5.08099999999922,0.0859866249418409
5.08199999999943,0.0873279371146443
5.08299999999963,0.0885388743028588
5.08399999999983,0.0896161681457665
5.08499999999913,0.090557038395179
5.08599999999933,0.0913606909770721
5.08699999999953,0.0920263732222476
5.08799999999974,0.0925538066638418
5.08899999999994,0.092942329624664
5.08999999999924,0.0931916820755332
5.09099999999944,0.0933043411708732
5.09199999999964,0.0932814466754582
5.09299999999985,0.0931242314686508
5.09399999999914,0.092834396675559
5.09499999999935,0.0924132828468638
5.09599999999955,0.0918640601471339
5.09699999999975,0.0911898342843128
5.09799999999996,0.0903931284703427
5.09899999999925,0.0894781225294195
5.09999999999945,0.0884485040637432
5.10099999999966,0.0873084902789334
5.10199999999986,0.0860626594722682
5.10299999999916,0.0847168441151899
5.10399999999936,0.0832756776106462
5.10499999999956,0.0817438905845003
5.10599999999977,0.0801284296179746
5.10699999999997,0.0784357540570997
5.10799999999927,0.0766751870801355
5.10899999999947,0.0748531691816116
5.10999999999967,0.0729776502109809
5.11099999999988,0.0710579005817503
5.11199999999917,0.0691027717858082
5.11299999999937,0.0671218952072108
5.11399999999958,0.0651248764906528
5.11499999999978,0.0631212483580224
5.11599999999999,0.0611191086009576
5.11699999999928,0.059128789000676
5.11799999999948,0.0571599692529309
5.11899999999969,0.0552221891910058
5.11999999999989,0.0533232471746356
5.12099999999919,0.051472872194408
5.12199999999939,0.0496802709730936
5.12299999999959,0.0479553417354426
5.1239999999998,0.0463074833788932
5.125,0.0447441446471877
5.12599999999929,0.0432738241792484
5.1269999999995,0.041901639782255
5.1279999999997,0.0406334156977389
5.12899999999991,0.0394738407253691
5.1299999999992,0.0384255333308152
5.1309999999994,0.0374891853876984
5.13199999999961,0.036663144351092
5.13299999999981,0.0359457357114029
5.13400000000001,0.0353336282842062
5.13499999999931,0.0348211828855431
5.13599999999951,0.0344026271058947
5.13699999999972,0.0340716619267845
5.13799999999992,0.0338193434506701
5.13899999999921,0.033635943552653
5.13999999999942,0.0335128117814694
5.14099999999962,0.0334394040167067
5.14199999999983,0.0334051556669997
5.14299999999912,0.0334019830912162
5.14399999999932,0.0334224482255117
5.14499999999953,0.033456858626778
5.14599999999973,0.0334956153743929
5.14699999999993,0.0335315487960066
5.14799999999923,0.0335569195307821
5.14899999999943,0.0335637641515144
5.14999999999964,0.0335466089426717
5.15099999999984,0.0335004027642678
5.15199999999913,0.0334185086524153
5.15299999999934,0.0332981958279041
5.15399999999954,0.0331347827986201
5.15499999999975,0.0329233055525133
5.15599999999995,0.0326611162795404
5.15699999999924,0.0323459778906785
5.15799999999945,0.0319749063992312
5.15899999999965,0.0315445933479081
5.15999999999985,0.0310519777157066
5.16099999999915,0.030495706900275
5.16199999999935,0.0298729118808738
5.16299999999956,0.0291807566033887
5.16399999999976,0.0284189466229652
5.16499999999996,0.0275850048083525
5.16599999999926,0.0266777129563428
5.16699999999946,0.025693172441962
5.16799999999967,0.0246309639075652
5.16899999999987,0.0234899588218871
5.16999999999916,0.02226901196287
5.17099999999937,0.0209688641336933
5.17199999999957,0.0195891923603824
5.17299999999977,0.0181279882808108
5.17399999999998,0.0165855696255151
5.17499999999927,0.0149627856384432
5.17599999999948,0.0132594755367704
5.17699999999968,0.0114761593928329
5.17799999999988,0.00961358535916226
5.17899999999918,0.00766978150293171
5.17999999999938,0.00564449213613542
5.18099999999959,0.00354028867947664
5.18199999999979,0.00135768166866056
5.18299999999999,-0.000901679625500001
5.18399999999929,-0.0032372712830306
5.18499999999949,-0.00564828107771609
5.18599999999969,-0.00813278219671032
5.1869999999999,-0.0106911512139756
5.18799999999919,-0.013321812146989
5.1889999999994,-0.0160238073872425
5.1899999999996,-0.0187972727397295
5.1909999999998,-0.0216428414135921
5.19200000000001,-0.0245582376071554
5.1929999999993,-0.0275450174203248
5.19399999999951,-0.0306010894336021
5.19499999999971,-0.0337264313198489
5.19599999999991,-0.036921223943471
5.19699999999921,-0.04018538057259
5.19799999999941,-0.0435179911405351
5.19899999999961,-0.0469183572027338
5.19999999999982,-0.0503861480187394
5.20100000000002,-0.0539205700183052
5.20199999999932,-0.0575224609874403
5.20299999999952,-0.0611907487267863
5.20399999999972,-0.0649241576794442
5.20499999999993,-0.0687218640799707
5.20599999999922,-0.0725823360891625
5.20699999999943,-0.0765057087722884
5.20799999999963,-0.0804884668321623
5.20899999999983,-0.0845302446859159
5.20999999999913,-0.0886297466340261
5.21099999999933,-0.0927851562837258
5.21199999999953,-0.0969934326457356
5.21299999999974,-0.101250721157124
5.21399999999994,-0.105556987635819
5.21499999999924,-0.109909069126289
5.21599999999944,-0.114302659402095
5.21699999999964,-0.118734952643765
5.21799999999985,-0.123202345738937
5.21899999999914,-0.127701676225219
5.21999999999935,-0.132227827339825
5.22099999999955,-0.136775234922402
5.22199999999975,-0.141337856462462
5.22299999999996,-0.145908406046854
5.22399999999925,-0.150478146739356
5.22499999999945,-0.155039171639574
5.22599999999966,-0.159580858256303
5.22699999999986,-0.164092887871492
5.22799999999916,-0.168561077175018
5.22899999999936,-0.172974049631227
5.22999999999956,-0.177316162171022
5.23099999999977,-0.181569403619847
5.23199999999997,-0.185717045198571
5.23299999999927,-0.189740729208048
5.23399999999947,-0.193622498009369
5.23499999999967,-0.197340297797163
5.23599999999988,-0.200877005142729
5.23699999999917,-0.204208810571527
5.23799999999937,-0.207309000809458
5.23899999999958,-0.210155437922941
5.23999999999978,-0.212727227718454
5.24099999999999,-0.214996213128497
5.24199999999928,-0.216942186972441
5.24299999999948,-0.218549663191148
5.24399999999969,-0.219803670880805
5.24499999999989,-0.220692460834889
5.24599999999919,-0.221205532954724
5.24699999999939,-0.221339739051939
5.24799999999959,-0.221097992648874
5.2489999999998,-0.220492997130089
5.25,-0.219547596467993
5.25099999999929,-0.218292785940605
5.2519999999995,-0.216785429723012
5.2529999999997,-0.215085186510938
5.25399999999991,-0.213255957265592
5.2549999999992,-0.211350569625276
5.2559999999994,-0.209408507992418
5.25699999999961,-0.207467399011162
5.25799999999981,-0.205553914261221
5.25900000000001,-0.203690728314876
5.25999999999931,-0.201894646669459
5.26099999999951,-0.200178274483834
5.26199999999972,-0.198545123340802
5.26299999999992,-0.196997734418109
5.26399999999921,-0.19553220308199
5.26499999999942,-0.194143663954552
5.26599999999962,-0.192825149461858
5.26699999999983,-0.191566968351417
5.26799999999912,-0.190361760818957
5.26899999999932,-0.189201499986431
5.26999999999953,-0.18807988950133
5.27099999999973,-0.186991609437065
5.27199999999993,-0.185929493211379
5.27299999999923,-0.184888637593874
5.27399999999943,-0.183864378020436
5.27499999999964,-0.182852013078324
5.27599999999984,-0.181847704352321
5.27699999999913,-0.180847707646691
5.27799999999934,-0.179846957991693
5.27899999999954,-0.178840999604352
5.27999999999975,-0.177825587034167
5.28099999999995,-0.176793986554422
5.28199999999924,-0.175741778180014
5.28299999999945,-0.174662474711456
5.28399999999965,-0.173552138911098
5.28499999999985,-0.17240595990511
5.28599999999915,-0.17121765020527
5.28699999999935,-0.169981117676251
5.28799999999956,-0.168691504262283
5.28899999999976,-0.16734038376073
5.28999999999996,-0.165922181207623
5.29099999999926,-0.164428797402154
5.29199999999946,-0.162853332041962
5.29299999999967,-0.161189799569697
5.29399999999987,-0.159429040181023
5.29499999999916,-0.157562845674918
5.29599999999937,-0.15558307755635
5.29699999999957,-0.153484831371036
5.29799999999977,-0.151260012995891
5.29899999999998,-0.148905229800182
5.29999999999927,-0.146415883144314
5.30099999999948,-0.143790224913124
5.30199999999968,-0.141027668674211
5.30299999999988,-0.138129230676654
5.30399999999918,-0.135099144759846
5.30499999999938,-0.131943986609841
5.30599999999959,-0.128669414425908
5.30699999999979,-0.125283208120082
5.30799999999999,-0.121792136526759
5.30899999999929,-0.11820681416404
5.30999999999949,-0.114535554712396
5.31099999999969,-0.110786697520115
5.3119999999999,-0.106967808918665
5.31299999999919,-0.103090504836801
5.3139999999994,-0.0991609517818673
5.3149999999996,-0.0951874400170542
5.3159999999998,-0.0911755773982384
5.31700000000001,-0.0871295241434806
5.3179999999993,-0.0830568534497537
5.31899999999951,-0.0789619172369989
5.31999999999971,-0.0748476203237576
5.32099999999991,-0.0707158373521271
5.32199999999921,-0.0665667988452465
5.32299999999941,-0.0624023553703542
5.32399999999961,-0.0582239130553102
5.32499999999982,-0.0540317648725931
5.32600000000002,-0.0498256670548277
5.32699999999932,-0.0456061370608026
5.32799999999952,-0.0413739629559872
5.32899999999972,-0.0371302008395451
5.32999999999993,-0.0328768512565448
5.33099999999922,-0.0286172654471805
5.33199999999943,-0.0243514727779979
5.33299999999963,-0.0200842585110707
5.33399999999983,-0.0158179759532885
5.33499999999913,-0.0115549046133229
5.33599999999933,-0.00729775400165904
5.33699999999953,-0.00304828230196487
5.33799999999974,0.00118945042572391
5.33899999999994,0.00541508232242839
5.33999999999924,0.00962487627192948
5.34099999999944,0.0138166163140138
5.34199999999964,0.0179884891792928
5.34299999999985,0.0221406230755694
5.34399999999914,0.0262733660827879
5.34499999999935,0.0303852180468325
5.34599999999955,0.0344737294035569
5.34699999999975,0.0385385157186935
5.34799999999996,0.0425803806027887
5.34899999999925,0.0465993124812595
5.34999999999945,0.0505934966168722
5.35099999999966,0.0545646444290774
5.35199999999986,0.0585105552333152
5.35299999999916,0.0624330288957079
5.35399999999936,0.0663291814698434
5.35499999999956,0.0701974796123198
5.35599999999977,0.0740388066285249
5.35699999999997,0.0778527320193057
5.35799999999927,0.0816383850505426
5.35899999999947,0.0853961846276621
5.35999999999967,0.0891246607839891
5.36099999999988,0.0928237618393708
5.36199999999917,0.0964927309716038
5.36299999999937,0.10013045853769
5.36399999999958,0.103735351201127
5.36499999999978,0.107306824142575
5.36599999999999,0.110843898309544
5.36699999999928,0.114346044129788
5.36799999999948,0.117811902310203
5.36899999999969,0.121238328820777
5.36999999999989,0.124624051946506
5.37099999999919,0.127967968589129
5.37199999999939,0.131265063962103
5.37299999999959,0.134512853841703
5.3739999999998,0.137707789780909
5.375,0.140846748549028
5.37599999999929,0.143925630700404
5.3769999999995,0.146941347454158
5.3779999999997,0.149890405955038
5.37899999999991,0.152771114780917
5.3799999999992,0.155580658472792
5.3809999999994,0.158316322767142
5.38199999999961,0.160975814450245
5.38299999999981,0.163556336864176
5.38400000000001,0.166056991256882
5.38499999999931,0.168474965211117
5.38599999999951,0.170809578945307
5.38699999999972,0.173057943099501
5.38799999999992,0.175218756957004
5.38899999999921,0.177292977437824
5.38999999999942,0.179279020493939
5.39099999999962,0.181177180756784
5.39199999999983,0.182984724352495
5.39299999999912,0.184701380693632
5.39399999999932,0.18632721242027
5.39499999999953,0.187861093524771
5.39599999999973,0.189303792968908
5.39699999999993,0.190655278723774
5.39799999999923,0.191913895207112
5.39899999999943,0.193078479166189
5.39999999999964,0.19414947051715
5.40099999999984,0.195126553518827
5.40199999999913,0.196009495022184
5.40299999999934,0.196797606668071
5.40399999999954,0.19749227932539
5.40499999999975,0.198091451750835
5.40599999999995,0.198595550216299
5.40699999999924,0.199005766336551
5.40799999999945,0.199322801581686
5.40899999999965,0.199544360867432
5.40999999999985,0.199672584331972
5.41099999999915,0.199707678433656
5.41199999999935,0.199651762819655
5.41299999999956,0.199507035802491
5.41399999999976,0.199275864822425
5.41499999999996,0.198961914211209
5.41599999999926,0.198567659230007
5.41699999999946,0.198094683220669
5.41799999999967,0.197546579644294
5.41899999999987,0.196925545690653
5.41999999999916,0.196235451449733
5.42099999999937,0.195480518391488
5.42199999999957,0.194666234315353
5.42299999999977,0.193796584005315
5.42399999999998,0.192876699316901
5.42499999999927,0.191914636809691
5.42599999999948,0.190913080477238
5.42699999999968,0.189876103872994
5.42799999999988,0.188806734279293
5.42899999999918,0.187711034779697
5.42999999999938,0.186593793206099
5.43099999999959,0.185458684905524
5.43199999999979,0.18431012405068
5.43299999999999,0.183150141327856
5.43399999999929,0.181981468448178
5.43499999999949,0.180805686510418
5.43599999999969,0.179622754434967
5.4369999999999,0.178430960921352
5.43799999999919,0.177229856554718
5.4389999999994,0.176016771737207
5.4399999999996,0.174790059335013
5.4409999999998,0.173546190951183
5.44200000000001,0.172282612037723
5.4429999999993,0.170994631544632
5.44399999999951,0.169679445750848
5.44499999999971,0.168332795064786
5.44599999999991,0.16695213146232
5.44699999999921,0.165533842643359
5.44799999999941,0.164074347381093
5.44899999999961,0.162572005039153
5.44999999999982,0.161025840275287
5.45100000000002,0.159432695866637
5.45199999999932,0.157791908932611
5.45299999999952,0.15610102376475
5.45399999999972,0.154359743493902
5.45499999999993,0.152568111144139
5.45599999999922,0.150725657256418
5.45699999999943,0.148833480063334
5.45799999999963,0.146892449876753
5.45899999999983,0.144902569947791
5.45999999999913,0.142863602574244
5.46099999999933,0.140775725872876
5.46199999999953,0.13863957509892
5.46299999999974,0.136454161705542
5.46399999999994,0.134220719107866
5.46499999999924,0.131939255085166
5.46599999999944,0.129608648992598
5.46699999999964,0.127230231526162
5.46799999999985,0.124803143936655
5.46899999999914,0.122329029916192
5.46999999999935,0.119807718863557
5.47099999999955,0.117237347135787
5.47199999999975,0.114618132514511
5.47299999999996,0.111948867309135
5.47399999999925,0.109229746340939
5.47499999999945,0.106459340422525
5.47599999999966,0.103639055678988
5.47699999999986,0.100766594426333
5.47799999999916,0.0978405213632833
5.47899999999936,0.0948610819582773
5.47999999999956,0.0918258752452492
5.48099999999977,0.0887349730907731
5.48199999999997,0.085587677685962
5.48299999999927,0.0823835505104665
5.48399999999947,0.0791214677560086
5.48499999999967,0.0758003902230972
5.48599999999988,0.0724214974942566
5.48699999999917,0.0689838918785189
5.48799999999937,0.065487502981082
5.48899999999958,0.0619341148689887
5.48999999999978,0.0583248724636043
5.49099999999999,0.0546599407204044
5.49199999999928,0.0509407639256756
5.49299999999948,0.0471692135755071
5.49399999999969,0.0433457029067515
5.49499999999989,0.0394717585874789
5.49599999999919,0.0355486798727126
5.49699999999939,0.031577424638146
5.49799999999959,0.027560338242792
5.4989999999998,0.0234979670042108
5.5,0.0193916268389548
5.50099999999929,0.0152425022497585
5.5019999999995,0.0110517545946307
5.5029999999997,0.00682020359151854
5.50399999999991,0.00254904943747128
5.5049999999992,-0.00176174315862179
5.5059999999994,-0.00610969525538724
5.50699999999961,-0.0104948500173405
5.50799999999981,-0.0149165233678023
5.50900000000001,-0.0193753954900255
5.50999999999931,-0.0238714951246684
5.51099999999951,-0.0284048589392744
5.51199999999972,-0.032974584314009
5.51299999999992,-0.0375817511727223
5.51399999999921,-0.0422264700057321
5.51499999999942,-0.0469099139167782
5.51599999999962,-0.0516317806766096
5.51699999999983,-0.056393513221726
5.51799999999912,-0.0611950639093254
5.51899999999932,-0.0660354340598904
5.51999999999953,-0.0709145434489692
5.52099999999973,-0.0758329557973867
5.52199999999993,-0.0807901608222633
5.52299999999923,-0.0857857712401672
5.52399999999943,-0.0908181708264081
5.52499999999964,-0.0958856927461859
5.52599999999984,-0.100988339521851
5.52699999999913,-0.10612511561458
5.52799999999934,-0.111292859045264
5.52899999999954,-0.116489942004873
5.52999999999975,-0.121712810929521
5.53099999999995,-0.126959540185237
5.53199999999924,-0.132228252837951
5.53299999999945,-0.137515720134983
5.53399999999965,-0.142817593522644
5.53499999999985,-0.148129772534265
5.53599999999915,-0.153449094885998
5.53699999999935,-0.158773195983435
5.53799999999956,-0.164097849827809
5.53899999999976,-0.16941917075081
5.53999999999996,-0.174733832111101
5.54099999999926,-0.180040011467801
5.54199999999946,-0.18533404110653
5.54299999999967,-0.190611991202499
5.54399999999987,-0.195870268738994
5.54499999999916,-0.201105375315308
5.54599999999937,-0.206312722228582
5.54699999999957,-0.211487804237111
5.54799999999977,-0.216625257325155
5.54899999999998,-0.221720287114472
5.54999999999927,-0.226767964531001
5.55099999999948,-0.231762769233452
5.55199999999968,-0.236698605279678
5.55299999999988,-0.241567344055687
5.55399999999918,-0.246359899256493
5.55499999999938,-0.251064420357883
5.55599999999959,-0.255666802729913
5.55699999999979,-0.260148591920873
5.55799999999999,-0.264489141274005
5.55899999999929,-0.268667383052377
5.55999999999949,-0.272658719535516
5.56099999999969,-0.276438171002982
5.5619999999999,-0.279978180100053
5.56299999999919,-0.283254940732479
5.5639999999994,-0.286242128260495
5.5649999999996,-0.288917174556238
5.5659999999998,-0.291258576927236
5.56700000000001,-0.293250931103268
5.5679999999993,-0.294881566238269
5.56899999999951,-0.296150188545478
5.56999999999971,-0.29705919666262
5.57099999999991,-0.297616093425802
5.57199999999921,-0.297836111268301
5.57299999999941,-0.297745173921419
5.57399999999961,-0.297373550946254
5.57499999999982,-0.296760298803921
5.57600000000002,-0.295938793177699
5.57699999999932,-0.29494175432964
5.57799999999952,-0.293795976979621
5.57899999999972,-0.292528151926754
5.57999999999993,-0.291157982343346
5.58099999999922,-0.28970543404586
5.58199999999943,-0.288185124025435
5.58299999999963,-0.286608819885232
5.58399999999983,-0.284983950615819
5.58499999999913,-0.283318594665056
5.58599999999933,-0.281614392800747
5.58699999999953,-0.27987029674624
5.58799999999974,-0.278084353577252
5.58899999999994,-0.27625449201175
5.58999999999924,-0.274378646530632
5.59099999999944,-0.27245356912077
5.59199999999964,-0.27047611025103
5.59299999999985,-0.268445772958479
5.59399999999914,-0.266361505856052
5.59499999999935,-0.264223403905057
5.59599999999955,-0.262030908908164
5.59699999999975,-0.259786000575298
5.59799999999996,-0.25748871644071
5.59899999999925,-0.255141114753819
5.59999999999945,-0.252743711204404
5.60099999999966,-0.250297725994393
5.60199999999986,-0.247803964452066
5.60299999999916,-0.245263794286475
5.60399999999936,-0.24267717221765
5.60499999999956,-0.240043385677967
5.60599999999977,-0.2373621398587
5.60699999999997,-0.234630138213673
5.60799999999927,-0.231843937948258
5.60899999999947,-0.229002012509301
5.60999999999967,-0.226100961190044
5.61099999999988,-0.223139440164713
5.61199999999917,-0.220112921419291
5.61299999999937,-0.21702028944624
5.61399999999958,-0.213860018276535
5.61499999999978,-0.210630909317353
5.61599999999999,-0.207330483437656
5.61699999999928,-0.203957393651968
5.61799999999948,-0.200510617209231
5.61899999999969,-0.196988216891717
5.61999999999989,-0.193389941548265
5.62099999999919,-0.189715611903234
5.62199999999939,-0.185964736974819
5.62299999999959,-0.182136785313629
5.6239999999998,-0.178230945922912
5.625,-0.174246858587587
5.62599999999929,-0.170185919106997
5.6269999999995,-0.16604742691857
5.6279999999997,-0.161834260869029
5.62899999999991,-0.157548343986455
5.6299999999992,-0.153191573787458
5.6309999999994,-0.148765977034226
5.63199999999961,-0.14427516761349
5.63299999999981,-0.139721966042619
5.63400000000001,-0.135110630945608
5.63499999999931,-0.130444943190772
5.63599999999951,-0.125728919497827
5.63699999999972,-0.12096809715736
5.63799999999992,-0.116165832378479
5.63899999999921,-0.111325187758953
5.63999999999942,-0.106449978791401
5.64099999999962,-0.101542673234461
5.64199999999983,-0.0966061140129364
5.64299999999912,-0.0916433844649814
5.64399999999932,-0.0866567622108711
5.64499999999953,-0.0816486542971858
5.64599999999973,-0.076621943527715
5.64699999999993,-0.0715794782123329
5.64799999999923,-0.0665240574530343
5.64899999999943,-0.0614565697173613
5.64999999999964,-0.0563782944110576
5.65099999999984,-0.0512927204960574
5.65199999999913,-0.0462025074844486
5.65299999999934,-0.0411124407622262
5.65399999999954,-0.0360266246553687
5.65499999999975,-0.0309473787457611
5.65599999999995,-0.025879485396445
5.65699999999924,-0.0208279619975518
5.65799999999945,-0.0157964832952233
5.65899999999965,-0.010791132271649
5.65999999999985,-0.00581334296645331
5.66099999999915,-0.000865220748834952
5.66199999999935,0.00405111131021561
5.66299999999956,0.00893148138555946
5.66399999999976,0.0137713611014413
5.66499999999996,0.0185671983746312
5.66599999999926,0.0233153910241057
5.66699999999946,0.0280126140413128
5.66799999999967,0.0326555091112069
5.66899999999987,0.0372422913491253
5.66999999999916,0.0417696232677929
5.67099999999937,0.0462342924558225
5.67199999999957,0.0506350424505863
5.67299999999977,0.0549685327874069
5.67399999999998,0.0592333984105353
5.67499999999927,0.0634275472349258
5.67599999999948,0.0675482763831734
5.67699999999968,0.071593856866045
5.67799999999988,0.0755622958010103
5.67899999999918,0.0794522102682371
5.67999999999938,0.0832618426177033
5.68099999999959,0.0869887862142737
5.68199999999979,0.0906325822357125
5.68299999999999,0.0941912313321781
5.68399999999929,0.0976640364440736
5.68499999999949,0.101050735898704
5.68599999999969,0.104349267590183
5.6869999999999,0.107558832781318
5.68799999999919,0.110679373374577
5.6889999999994,0.113710093875128
5.6899999999996,0.116650314678025
5.6909999999998,0.119499876951168
5.69200000000001,0.122258698591327
5.6929999999993,0.124925299227453
5.69399999999951,0.12749977693617
5.69499999999971,0.129981125309987
5.69599999999991,0.132369358645224
5.69699999999921,0.134663584315093
5.69799999999941,0.136863002529267
5.69899999999961,0.138967512773067
5.69999999999982,0.140976184236675
5.70100000000002,0.142888765411878
5.70199999999932,0.144705764028769
5.70299999999952,0.146424252784236
5.70399999999972,0.148044096710645
5.70499999999993,0.149564225470987
5.70599999999922,0.150983978705998
5.70699999999943,0.152301749862545
5.70799999999963,0.153517285446728
5.70899999999983,0.154630371745046
5.70999999999913,0.155641663226339
5.71099999999933,0.156551081580335
5.71199999999953,0.15735995578782
5.71299999999974,0.158068768357471
5.71399999999994,0.158677812561785
5.71499999999924,0.159189336345194
5.71599999999944,0.1596050993153
5.71699999999964,0.159927338783841
5.71799999999985,0.160157682428025
5.71899999999914,0.160297924737354
5.71999999999935,0.160350821961096
5.72099999999955,0.160319422240729
5.72199999999975,0.160206386128033
5.72299999999996,0.160016352006942
5.72399999999925,0.159752813642708
5.72499999999945,0.159419579892994
5.72599999999966,0.159020646074566
5.72699999999986,0.158560590537581
5.72799999999916,0.158042339703976
5.72899999999936,0.157470255407913
5.72999999999956,0.156847950758558
5.73099999999977,0.15618050338056
5.73199999999997,0.155474576780902
5.73299999999927,0.15473505158851
5.73399999999947,0.153965939826564
5.73499999999967,0.153172913670772
5.73599999999988,0.152361894133528
5.73699999999917,0.151538028712606
5.73799999999937,0.150706985954395
5.73899999999958,0.149873129113643
5.73999999999978,0.149041547295582
5.74099999999999,0.148216388394947
5.74199999999928,0.147402268496639
5.74299999999948,0.146602156249703
5.74399999999969,0.145818444414861
5.74499999999989,0.145054319364709
5.74599999999919,0.144311198278632
5.74699999999939,0.143590530762453
5.74799999999959,0.142893341331797
5.7489999999998,0.142218547958852
5.75,0.141565472000859
5.75099999999929,0.140933085565026
5.7519999999995,0.14031894579427
5.7529999999997,0.139719738352261
5.75399999999991,0.13913165803479
5.7549999999992,0.138551609336184
5.7559999999994,0.137975552082251
5.75699999999961,0.137398667524757
5.75799999999981,0.136816608400111
5.75900000000001,0.136223984692227
5.75999999999931,0.135615393503934
5.76099999999951,0.134987519420851
5.76199999999972,0.134334740583045
5.76299999999992,0.133651525577673
5.76399999999921,0.132933641649104
5.76499999999942,0.132177128067014
5.76599999999962,0.131377217017556
5.76699999999983,0.130529493517461
5.76799999999912,0.129630314075787
5.76899999999932,0.128676243271161
5.76999999999953,0.127663392912702
5.77099999999973,0.12658883606284
5.77199999999993,0.125450289640491
5.77299999999923,0.124244584450444
5.77399999999943,0.122967828993947
5.77499999999964,0.121617506434085
5.77599999999984,0.120190986549139
5.77699999999913,0.118684761415309
5.77799999999934,0.117096926933215
5.77899999999954,0.115426432184861
5.77999999999975,0.113670570408696
5.78099999999995,0.111828395886576
5.78199999999924,0.10989836960623
5.78299999999945,0.107878681977409
5.78399999999965,0.105769073009946
5.78499999999985,0.103569213778446
5.78599999999915,0.101278381361559
5.78699999999935,0.0988970390909054
5.78799999999956,0.0964257267752127
5.78899999999976,0.0938654289376221
5.78999999999996,0.0912164820769838
5.79099999999926,0.0884815366044074
5.79199999999946,0.085662638649497
5.79299999999967,0.0827612514032476
5.79399999999987,0.0797790354313199
5.79499999999916,0.0767184607377437
5.79599999999937,0.0735822703904839
5.79699999999957,0.0703727218496769
5.79799999999977,0.0670914215790699
5.79899999999998,0.0637399044775522
5.79999999999927,0.0603209865666412
5.80099999999948,0.0568371801980946
5.80199999999968,0.0532910207697036
5.80299999999988,0.0496851153824771
5.80399999999918,0.0460212997101426
5.80499999999938,0.0423027024774508
5.80599999999959,0.0385314227532411
5.80699999999979,0.0347095038760909
5.80799999999999,0.0308388411258074
5.80899999999929,0.0269207733973243
5.80999999999949,0.0229563549650571
5.81099999999969,0.0189472360292576
5.8119999999999,0.0148942561858842
5.81299999999919,0.0107982245973429
5.8139999999994,0.0066602951313469
5.8149999999996,0.00248072717382694
5.8159999999998,-0.00173972043411752
5.81700000000001,-0.00599898660312971
5.8179999999993,-0.0102958750865981
5.81899999999951,-0.0146297482304386
5.81999999999971,-0.0190001854763661
5.82099999999991,-0.0234064279845465
5.82199999999921,-0.0278472531441643
5.82299999999941,-0.0323222349226148
5.82399999999961,-0.0368310823277993
5.82499999999982,-0.0413726060526343
5.82600000000002,-0.0459458435907668
5.82699999999932,-0.0505497837295549
5.82799999999952,-0.0551836942179266
5.82899999999972,-0.0598474020395582
5.82999999999993,-0.0645408681640094
5.83099999999922,-0.0692633102896452
5.83199999999943,-0.0740137675250728
5.83299999999963,-0.0787925285997443
5.83399999999983,-0.0835997698277351
5.83499999999913,-0.0884338458508048
5.83599999999933,-0.0932936007785732
5.83699999999953,-0.098177608654911
5.83799999999974,-0.103085219384052
5.83899999999994,-0.108016822494117
5.83999999999924,-0.112970293767639
5.84099999999944,-0.117943934551658
5.84199999999964,-0.122936319379725
5.84299999999985,-0.127946077238436
5.84399999999914,-0.132972233371845
5.84499999999935,-0.138011951012508
5.84599999999955,-0.143062895012197
5.84699999999975,-0.148122976477551
5.84799999999996,-0.153188926447338
5.84899999999925,-0.158257491487341
5.84999999999945,-0.163324282763072
5.85099999999966,-0.168386659102424
5.85199999999986,-0.173441903389519
5.85299999999916,-0.178486878891209
5.85399999999936,-0.183518539763804
5.85499999999956,-0.188534554015638
5.85599999999977,-0.19353243584847
5.85699999999997,-0.19850950707718
5.85799999999927,-0.203463588332293
5.85899999999947,-0.208392530149336
5.85999999999967,-0.213294191552925
5.86099999999988,-0.21816614769037
5.86199999999917,-0.223006326758339
5.86299999999937,-0.227812827931549
5.86399999999958,-0.232584231041185
5.86499999999978,-0.237319158829272
5.86599999999999,-0.242014865590143
5.86699999999928,-0.246668248334168
5.86799999999948,-0.251276004460811
5.86899999999969,-0.255832253517983
5.86999999999989,-0.260330428127128
5.87099999999919,-0.264763208751124
5.87199999999939,-0.269123012496918
5.87299999999959,-0.273398826794597
5.8739999999998,-0.277575071327175
5.875,-0.281633556994798
5.87599999999929,-0.285553138980151
5.8769999999995,-0.289304808708665
5.8779999999997,-0.292858217872913
5.87899999999991,-0.296180285990967
5.8799999999992,-0.299234741071982
5.8809999999994,-0.301989320479255
5.88199999999961,-0.304410183005491
5.88299999999981,-0.306464856150634
5.88400000000001,-0.308115162776677
5.88499999999931,-0.309323745161499
5.88599999999951,-0.310049588746322
5.88699999999972,-0.310258341710092
5.88799999999992,-0.309921917789521
5.88899999999921,-0.309029050766022
5.88999999999942,-0.307583749843193
5.89099999999962,-0.305606949178295
5.89199999999983,-0.303137251023149
5.89299999999912,-0.300228532059193
5.89399999999932,-0.296940965759371
5.89499999999953,-0.293340596711146
5.89599999999973,-0.289490403142681
5.89699999999993,-0.285452167179435
5.89799999999923,-0.28127926497298
5.89899999999943,-0.277021979951948
5.89999999999964,-0.272719823641395
5.90099999999984,-0.268410773039649
5.90199999999913,-0.264123023659227
5.90299999999934,-0.259875016451317
5.90399999999954,-0.255678713338813
5.90499999999975,-0.251538736071674
5.90599999999995,-0.247454003249001
5.90699999999924,-0.243417720051541
5.90799999999945,-0.239417782191052
5.90899999999965,-0.235442514490724
5.90999999999985,-0.231478334814594
5.91099999999915,-0.227513408679359
5.91199999999935,-0.223536003399182
5.91299999999956,-0.219537664887071
5.91399999999976,-0.215512623953755
5.91499999999996,-0.211456884566826
5.91599999999926,-0.207367650504655
5.91699999999946,-0.203241155494572
5.91799999999967,-0.199075153244592
5.91899999999987,-0.19486711565436
5.91999999999916,-0.19061461364289
5.92099999999937,-0.186313505470354
5.92199999999957,-0.181961336107905
5.92299999999977,-0.177555885244406
5.92399999999998,-0.173094266035747
5.92499999999927,-0.168573808994642
5.92599999999948,-0.163994132831687
5.92699999999968,-0.159352236311251
5.92799999999988,-0.154644192787434
5.92899999999918,-0.149868276541315
5.92999999999938,-0.14502023321367
5.93099999999959,-0.140094615238921
5.93199999999979,-0.135085814623049
5.93299999999999,-0.129988862907084
5.93399999999929,-0.124797911759788
5.93499999999949,-0.119508264854265
5.93599999999969,-0.114116480038863
5.9369999999999,-0.108618103124866
5.93799999999919,-0.103008475810419
5.9389999999994,-0.0972849508051888
5.9399999999996,-0.091446758334481
5.9409999999998,-0.0854952036556255
5.94200000000001,-0.0794335901108588
5.9429999999993,-0.0732685697692602
5.94399999999951,-0.06700782300985
5.94499999999971,-0.0606602247528241
5.94599999999991,-0.0542359867168637
5.94699999999921,-0.0477462680725354
5.94799999999941,-0.0412013422682118
5.94899999999961,-0.0346130500687286
5.94999999999982,-0.0279913992328065
5.95100000000002,-0.0213451636502681
5.95199999999932,-0.0146834951935906
5.95299999999952,-0.00801262024771064
5.95399999999972,-0.00133856518930678
5.95499999999993,0.005331980658556
5.95599999999922,0.0119924597685526
5.95699999999943,0.0186373969928558
5.95799999999963,0.0252626744665674
5.95899999999983,0.0318651514933907
5.95999999999913,0.0384420660314298
5.96099999999933,0.0449911919017949
5.96199999999953,0.0515105764318787
5.96299999999974,0.0579976572674003
5.96399999999994,0.06445127338778
5.96499999999924,0.0708677253337817
5.96599999999944,0.0772422111542329
5.96699999999964,0.0835696632016159
5.96799999999985,0.0898453373878556
5.96899999999914,0.0960630607858331
5.96999999999935,0.102217576004737
5.97099999999955,0.108303591106783
5.97199999999975,0.114315624320144
5.97299999999996,0.120250281929449
5.97399999999925,0.12610537938987
5.97499999999945,0.131879116822919
5.97599999999966,0.137570343314206
5.97699999999986,0.143179854793333
5.97799999999916,0.148708596175889
5.97899999999936,0.154158246739075
5.97999999999956,0.159528757865582
5.98099999999977,0.164818562070503
5.98199999999997,0.170027941648116
5.98299999999927,0.175156991366469
5.98399999999947,0.180204998028311
5.98499999999967,0.185171523858306
5.98599999999988,0.190057025307606
5.98699999999917,0.194861857461148
5.98799999999937,0.199585893919932
5.98899999999958,0.204229911343894
5.98999999999978,0.208795632894037
5.99099999999999,0.213283684307082
5.99199999999928,0.217694147946503
5.99299999999948,0.222028226383115
5.99399999999969,0.226287458325391
5.99499999999989,0.230471647105495
5.99599999999919,0.234580851375031
5.99699999999939,0.238615579690585
5.99799999999959,0.242575117430263
5.9989999999998,0.246458584020332
6,0.250265633777783
6.00099999999929,0.253996129480801
6.0019999999995,0.257648888064904
6.0029999999997,0.261222746582193
6.00399999999991,0.264716139985936
6.0049999999992,0.26812679830817
6.0059999999994,0.271452446751957
6.00699999999961,0.274691362515849
6.00799999999981,0.277841161636362
6.00900000000001,0.280900355390631
6.00999999999931,0.283866984144975
6.01099999999951,0.286739386637677
6.01199999999972,0.289516408784866
6.01299999999992,0.292197206385705
6.01399999999921,0.294781136277938
6.01499999999942,0.297267799710828
6.01599999999962,0.299656112863211
6.01699999999983,0.301943860107067
6.01799999999912,0.304130491192123
6.01899999999932,0.306215811584171
6.01999999999953,0.3081987359015
6.02099999999973,0.310077881205398
6.02199999999993,0.311852867545734
6.02299999999923,0.313523035169411
6.02399999999943,0.315086896606644
6.02499999999964,0.316543463598015
6.02599999999984,0.317892191813241
6.02699999999913,0.319131258667793
6.02799999999934,0.32025934836353
6.02899999999954,0.321276140656166
6.02999999999975,0.322180990469182
6.03099999999995,0.322972112945924
6.03199999999924,0.32364839827012
6.03299999999945,0.324209608057127
6.03399999999965,0.324654515406249
6.03499999999985,0.324982377253932
6.03599999999915,0.325194072707646
6.03699999999935,0.325289939590617
6.03799999999956,0.325271393546561
6.03899999999976,0.32514059354749
6.03999999999996,0.324900526970143
6.04099999999926,0.32455380213431
6.04199999999946,0.324102379430644
6.04299999999967,0.323548429819107
6.04399999999987,0.32289545457316
6.04499999999916,0.322147643106666
6.04599999999937,0.321309579933972
6.04699999999957,0.320385815692089
6.04799999999977,0.319381346837744
6.04899999999998,0.318300216675463
6.04999999999927,0.317146864623571
6.05099999999948,0.315926933014862
6.05199999999968,0.314645767796711
6.05299999999988,0.313308467386709
6.05399999999918,0.311920966749251
6.05499999999938,0.310488214981828
6.05599999999959,0.30901394546869
6.05699999999979,0.30750105437837
6.05799999999999,0.30595288333264
6.05899999999929,0.304373168338354
6.05999999999949,0.302764476926144
6.06099999999969,0.301128524422982
6.0619999999999,0.299466193131096
6.06299999999919,0.297777735835532
6.0639999999994,0.296063585708617
6.0649999999996,0.294322737237317
6.0659999999998,0.292553304375046
6.06700000000001,0.290753866381617
6.0679999999993,0.288922860544869
6.06899999999951,0.28705903804006
6.06999999999971,0.285159748480184
6.07099999999991,0.283221791142948
6.07199999999921,0.281242788060189
6.07299999999941,0.279220772273028
6.07399999999961,0.277153650058687
6.07499999999982,0.27503851141418
6.07600000000002,0.272871682496739
6.07699999999932,0.270650589936122
6.07799999999952,0.268372695389376
6.07899999999972,0.266035910146146
6.07999999999993,0.263638905726681
6.08099999999922,0.261179319518797
6.08199999999943,0.258655514644632
6.08299999999963,0.256066370877082
6.08399999999983,0.253409706185237
6.08499999999913,0.250683853488102
6.08599999999933,0.247886873387007
6.08699999999953,0.245017517956898
6.08799999999974,0.242074243207944
6.08899999999994,0.239055443275905
6.08999999999924,0.235959485013868
6.09099999999944,0.232784566245152
6.09199999999964,0.229529214792132
6.09299999999985,0.226192311684151
6.09399999999914,0.222773230443859
6.09499999999935,0.219270605443988
6.09599999999955,0.215682669950274
6.09699999999975,0.212009117612683
6.09799999999996,0.208248908288955
6.09899999999925,0.204401253991047
6.09999999999945,0.200467275191639
6.10099999999966,0.196447515335059
6.10199999999986,0.192341473714596
6.10299999999916,0.188149363796513
6.10399999999936,0.183871995274385
6.10499999999956,0.17950999301362
6.10599999999977,0.175064734605869
6.10699999999997,0.170538001424599
6.10799999999927,0.165931247968144
6.10899999999947,0.161246571564729
6.10999999999967,0.156486713827476
6.11099999999988,0.151654180594089
6.11199999999917,0.1467517793412
6.11299999999937,0.141782513816646
6.11399999999958,0.136749305573396
6.11499999999978,0.131655541767946
6.11599999999999,0.126504519577809
6.11699999999928,0.121298926635112
6.11799999999948,0.116041957330781
6.11899999999969,0.110737809843643
6.11999999999989,0.105390201526275
6.12099999999919,0.100002183307615
6.12199999999939,0.0945764465720272
6.12299999999959,0.0891153880686131
6.1239999999998,0.0836212914513643
6.125,0.078096622896438
6.12599999999929,0.0725440585462049
6.1269999999995,0.0669659862328818
6.1279999999997,0.0613643461450022
6.12899999999991,0.0557406952353462
6.1299999999992,0.050096912226357
6.1309999999994,0.0444340172176245
6.13199999999961,0.0387525466278533
6.13299999999981,0.0330531520308222
6.13400000000001,0.0273364928300983
6.13499999999931,0.0216024723956165
6.13599999999951,0.0158508439738892
6.13699999999972,0.0100819939216895
6.13799999999992,0.00429590726037517
6.13899999999921,-0.00150756277915487
6.13999999999942,-0.0073286951100725
6.14099999999962,-0.0131679541774236
6.14199999999983,-0.0190249018307458
6.14299999999912,-0.0248984981076765
6.14399999999932,-0.0307879567381736
6.14499999999953,-0.0366928011868957
6.14599999999973,-0.0426117246270955
6.14699999999993,-0.0485443055081243
6.14799999999923,-0.0544896749724055
6.14899999999943,-0.0604449644736359
6.14999999999964,-0.0664083873874864
6.15099999999984,-0.072377799996084
6.15199999999913,-0.0783508037865979
6.15299999999934,-0.0843260789465007
6.15399999999954,-0.0903013417261769
6.15499999999975,-0.0962731612069972
6.15599999999995,-0.102238492434795
6.15699999999924,-0.108194624592911
6.15799999999945,-0.114138967886207
6.15899999999965,-0.1200694275191
6.15999999999985,-0.125983996348245
6.16099999999915,-0.131880111269857
6.16199999999935,-0.137754968043117
6.16299999999956,-0.143606343757911
6.16399999999976,-0.149431505796567
6.16499999999996,-0.155227525130757
6.16599999999926,-0.160991880955153
6.16699999999946,-0.166720542741694
6.16799999999967,-0.172409246013959
6.16899999999987,-0.17805251060248
6.16999999999916,-0.183643700809309
6.17099999999937,-0.189174911383015
6.17199999999957,-0.194636407782517
6.17299999999977,-0.200016714447877
6.17399999999998,-0.205301638850626
6.17499999999927,-0.210474223202387
6.17599999999948,-0.215514418840931
6.17699999999968,-0.220396960365945
6.17799999999988,-0.225092935267328
6.17899999999918,-0.22956984813833
6.17999999999938,-0.233792774070057
6.18099999999959,-0.237723918661441
6.18199999999979,-0.241319989947313
6.18299999999999,-0.244540959952704
6.18399999999929,-0.247350614054122
6.18499999999949,-0.249718427521616
6.18599999999969,-0.251625964406303
6.1869999999999,-0.253066000688998
6.18799999999919,-0.254036348381441
6.1889999999994,-0.254539184012376
6.1899999999996,-0.25458754891276
6.1909999999998,-0.25420466211194
6.19200000000001,-0.253426033653347
6.1929999999993,-0.25230195558421
6.19399999999951,-0.250885645362842
6.19499999999971,-0.249228988055518
6.19599999999991,-0.24737748712722
6.19699999999921,-0.245365803015827
6.19799999999941,-0.243221850413954
6.19899999999961,-0.240967003850231
6.19999999999982,-0.238616140894393
6.20100000000002,-0.236178781644732
6.20199999999932,-0.233660149700707
6.20299999999952,-0.231061436269952
6.20399999999972,-0.228381420076379
6.20499999999993,-0.225614580231187
6.20599999999922,-0.222752511911056
6.20699999999943,-0.219788453899867
6.20799999999963,-0.216715484840535
6.20899999999983,-0.213528762696827
6.20999999999913,-0.210227129822146
6.21099999999933,-0.206812390082053
6.21199999999953,-0.203290925856282
6.21299999999974,-0.19967280450518
6.21399999999994,-0.195970392263972
6.21499999999924,-0.192197122325509
6.21599999999944,-0.188367430477415
6.21699999999964,-0.184496618836946
6.21799999999985,-0.180597207169851
6.21899999999914,-0.176678413872452
6.21999999999935,-0.172748371390406
6.22099999999955,-0.168812768810023
6.22199999999975,-0.164874563251151
6.22299999999996,-0.160933026302415
6.22399999999925,-0.156985787294654
6.22499999999945,-0.153029901755814
6.22599999999966,-0.149061555381188
6.22699999999986,-0.14507603281585
6.22799999999916,-0.141068237639628
6.22899999999936,-0.137032827524508
6.22999999999956,-0.132963442565514
6.23099999999977,-0.128855993213019
6.23199999999997,-0.124706974151045
6.23299999999927,-0.120513101641946
6.23399999999947,-0.116272421331287
6.23499999999967,-0.111983818606713
6.23599999999988,-0.107646837932023
6.23699999999917,-0.103260358867627
6.23799999999937,-0.0988236892666463
6.23899999999958,-0.094337360323958
6.23999999999978,-0.0898028430311635
6.24099999999999,-0.0852219044083712
6.24199999999928,-0.080595855404722
6.24299999999948,-0.0759263326206901
6.24399999999969,-0.0712164500176096
6.24499999999989,-0.0664692134837147
6.24599999999919,-0.0616866784091371
6.24699999999939,-0.0568707022093768
6.24799999999959,-0.0520234877886202
6.2489999999998,-0.0471485672892337
6.25,-0.0422488290512096
6.25099999999929,-0.0373271890621516
6.2519999999995,-0.0323878706271686
6.2529999999997,-0.0274343970187357
6.25399999999991,-0.0224714535783644
6.2549999999992,-0.0175032107495393
6.2559999999994,-0.0125334224448295
6.25699999999961,-0.00756487164757255
6.25799999999981,-0.00259964794543432
6.25900000000001,0.00235904871357522
6.25999999999931,0.00730805579813526
6.26099999999951,0.012245803698413
6.26199999999972,0.0171718217649881
6.26299999999992,0.0220849000625467
6.26399999999921,0.026982122605895
6.26499999999942,0.031862241893279
6.26599999999962,0.0367248908899497
6.26699999999983,0.0415694847874679
6.26799999999912,0.0463967300701474
6.26899999999932,0.0512058105388581
6.26999999999953,0.0559945793325413
6.27099999999973,0.0607612383765513
6.27199999999993,0.0655031689382795
6.27299999999923,0.0702181992861298
6.27399999999943,0.074903432702741
6.27499999999964,0.0795539040504551
6.27599999999984,0.0841658812917178
6.27699999999913,0.0887352749362991
6.27799999999934,0.0932577565760697
6.27899999999954,0.0977307893575818
6.27999999999975,0.102151440037258
6.28099999999995,0.106516503850895
6.28199999999924,0.110822979021909
6.28299999999945,0.115068528540574
6.28399999999965,0.11925086377794
6.28499999999985,0.12336797543154
6.28599999999915,0.127417882200352
6.28699999999935,0.131398885793819
6.28799999999956,0.135309187047199
6.28899999999976,0.139147191493094
6.28999999999996,0.142910847503097
6.29099999999926,0.146598136156646
6.29199999999946,0.150207754519109
6.29299999999967,0.153738541180641
6.29399999999987,0.157189541346462
6.29499999999916,0.16055991456412
6.29599999999937,0.16384885299108
6.29699999999957,0.167055952328467
6.29799999999977,0.170181308849037
6.29899999999998,0.173223786710312
6.29999999999927,0.176182864083149
6.30099999999948,0.179058303367301
6.30199999999968,0.181849916444457
6.30299999999988,0.184557589697152
6.30399999999918,0.187180554479609
6.30499999999938,0.189717353949167
6.30599999999959,0.192167337397986
6.30699999999979,0.194530175492001
6.30799999999999,0.196804186144903
6.30899999999929,0.198988358806694
6.30999999999949,0.20108246908434
6.31099999999969,0.203085881893992
6.3119999999999,0.204997580266919
6.31299999999919,0.206816407186044
6.3139999999994,0.208541796999499
6.3149999999996,0.210172312005402
6.3159999999998,0.211706579617302
6.31700000000001,0.213143511866672
6.3179999999993,0.214481934365674
6.31899999999951,0.215721048512174
6.31999999999971,0.216859456490179
6.32099999999991,0.217896988618586
6.32199999999921,0.218834080843117
6.32299999999941,0.219671597961834
6.32399999999961,0.220411058751267
6.32499999999982,0.221054535587638
6.32600000000002,0.221603546223054
6.32699999999932,0.222060397246817
6.32799999999952,0.22242719105251
6.32899999999972,0.222706541209039
6.32999999999993,0.222901343889
6.33099999999922,0.223014160286198
6.33199999999943,0.223047858510188
6.33299999999963,0.223006158304836
6.33399999999983,0.222892410442916
6.33499999999913,0.222709395270464
6.33599999999933,0.222460542232749
6.33699999999953,0.222150016936427
6.33799999999974,0.221782482683123
6.33899999999994,0.221362738897285
6.33999999999924,0.220894412407452
6.34099999999944,0.220380924022828
6.34199999999964,0.219827097213569
6.34299999999985,0.219238739824865
6.34399999999914,0.218619983142403
6.34499999999935,0.217975364806924
6.34599999999955,0.217309533132165
6.34699999999975,0.216627781037555
6.34799999999996,0.215935072928449
6.34899999999925,0.215235716394129
6.34999999999945,0.214533127305524
6.35099999999966,0.213831132941765
6.35199999999986,0.213133071675208
6.35299999999916,0.212440788755111
6.35399999999936,0.211755546761527
6.35499999999956,0.211077905361461
6.35599999999977,0.210408441756134
6.35699999999997,0.209746416066598
6.35799999999927,0.209091314016012
6.35899999999947,0.208441835033384
6.35999999999967,0.20779589962221
6.36099999999988,0.207150631582118
6.36199999999917,0.206502290927598
6.36299999999937,0.205847673716379
6.36399999999958,0.205184477809706
6.36499999999978,0.204508714117406
6.36599999999999,0.20381682284774
6.36699999999928,0.203105442412874
6.36799999999948,0.202371315431809
6.36899999999969,0.201611345726826
6.36999999999989,0.200822678401133
6.37099999999919,0.200002267001273
6.37199999999939,0.199147314349786
6.37299999999959,0.198254459737553
6.3739999999998,0.197320655601055
6.375,0.196343353580633
6.37599999999929,0.195320215716957
6.3769999999995,0.19424947612193
6.3779999999997,0.193127921462855
6.37899999999991,0.191953226478753
6.3799999999992,0.190725199896079
6.3809999999994,0.189442647616448
6.38199999999961,0.188104331350503
6.38299999999981,0.186708819334631
6.38400000000001,0.185253212282829
6.38499999999931,0.183736511364332
6.38599999999951,0.182157676918435
6.38699999999972,0.180515147191991
6.38799999999992,0.178808225491935
6.38899999999921,0.17703550554619
6.38999999999942,0.175195533994809
6.39099999999962,0.173286502849204
6.39199999999983,0.171308000961409
6.39299999999912,0.169258921354882
6.39399999999932,0.167137349483798
6.39499999999953,0.164941854424466
6.39599999999973,0.162671457420999
6.39699999999993,0.160325160504886
6.39799999999923,0.15790139222956
6.39899999999943,0.155399948481611
6.39999999999964,0.152820405611112
6.40099999999984,0.150161856391869
6.40199999999913,0.147423170316698
6.40299999999934,0.144604729712553
6.40399999999954,0.141707193001381
6.40499999999975,0.138730225328615
6.40599999999995,0.135674243597823
6.40699999999924,0.132539655888702
6.40799999999945,0.129326552205833
6.40899999999965,0.126035498021577
6.40999999999985,0.122666714837494
6.41099999999915,0.119220036680695
6.41199999999935,0.115695936562906
6.41299999999956,0.112094921834151
6.41399999999976,0.10841659446599
6.41499999999996,0.104660995065592
6.41599999999926,0.100828102017488
6.41699999999946,0.0969183723299663
6.41799999999967,0.0929318298080449
6.41899999999987,0.0888695301876931
6.41999999999916,0.0847323296560346
6.42099999999937,0.0805206367549584
6.42199999999957,0.0762358192448994
6.42299999999977,0.0718781486003584
6.42399999999998,0.0674477206395543
6.42499999999927,0.0629454351328363
6.42599999999948,0.0583722188796467
6.42699999999968,0.0537286724717051
6.42799999999988,0.0490162526532382
6.42899999999918,0.0442360169679209
6.42999999999938,0.0393896992750668
6.43099999999959,0.0344786419164028
6.43199999999979,0.0295033491745522
6.43299999999999,0.0244653743379328
6.43399999999929,0.0193664689083355
6.43499999999949,0.0142072512886545
6.43599999999969,0.00898894337730156
6.4369999999999,0.0037125349744611
6.43799999999919,-0.00162152726085497
6.4389999999994,-0.00701336627777904
6.4399999999996,-0.0124617849287153
6.4409999999998,-0.0179650502599537
6.44200000000001,-0.0235216901523017
6.4429999999993,-0.0291309692898918
6.44399999999951,-0.0347923807293472
6.44499999999971,-0.0405043319373564
6.44599999999991,-0.046264689688903
6.44699999999921,-0.0520724738332
6.44799999999941,-0.0579260347232474
6.44899999999961,-0.0638236645775447
6.44999999999982,-0.0697640495729893
6.45100000000002,-0.075745857237908
6.45199999999932,-0.0817680033309651
6.45299999999952,-0.0878294506039516
6.45399999999972,-0.093928546712856
6.45499999999993,-0.100062686732647
6.45599999999922,-0.106229437552359
6.45699999999943,-0.112426888697976
6.45799999999963,-0.118653280942397
6.45899999999983,-0.124907142484106
6.45999999999913,-0.131187261745684
6.46099999999933,-0.137490663835416
6.46199999999953,-0.143815215100067
6.46299999999974,-0.15015896808956
6.46399999999994,-0.156520394316421
6.46499999999924,-0.162897456931035
6.46599999999944,-0.169287286259491
6.46699999999964,-0.175686156040083
6.46799999999985,-0.182091411499628
6.46899999999914,-0.188499503346406
6.46999999999935,-0.194908306311386
6.47099999999955,-0.201314840099408
6.47199999999975,-0.207715636265015
6.47299999999996,-0.214106649906012
6.47399999999925,-0.220483250008751
6.47499999999945,-0.226842651064273
6.47599999999966,-0.233182634892569
6.47699999999986,-0.239500524757474
6.47799999999916,-0.245793422847746
6.47899999999936,-0.252059210591192
6.47999999999956,-0.258295913608432
6.48099999999977,-0.264501785081279
6.48199999999997,-0.270675065777275
6.48299999999927,-0.276815946864638
6.48399999999947,-0.282923296563316
6.48499999999967,-0.288996433293627
6.48599999999988,-0.295034096642602
6.48699999999917,-0.301033779490702
6.48799999999937,-0.306993555316997
6.48899999999958,-0.312909738352267
6.48999999999978,-0.318777751757555
6.49099999999999,-0.32459019362769
6.49199999999928,-0.330337132200002
6.49299999999948,-0.336007134968194
6.49399999999969,-0.341588446609784
6.49499999999989,-0.347063802015238
6.49599999999919,-0.352413260897279
6.49699999999939,-0.357610826876531
6.49799999999959,-0.362625943193077
6.4989999999998,-0.367426647486447
6.5,-0.371976728364465
6.50099999999929,-0.376239023649942
6.5019999999995,-0.38016991700909
6.5029999999997,-0.383725509875897
6.50399999999991,-0.386855625873616
6.5049999999992,-0.389511014812242
6.5059999999994,-0.391634271702646
6.50699999999961,-0.393176051427154
6.50799999999981,-0.394084268161315
6.50900000000001,-0.394322919686544
6.50999999999931,-0.393878914844103
6.51099999999951,-0.392775557756157
6.51199999999972,-0.391064014849805
6.51299999999992,-0.388827858530971
6.51399999999921,-0.386162763691359
6.51499999999942,-0.383169672387539
6.51599999999962,-0.379931273285788
6.51699999999983,-0.376517073918619
6.51799999999912,-0.372981754753853
6.51899999999932,-0.36937355823013
6.51999999999953,-0.36572515138505
6.52099999999973,-0.362060143046592
6.52199999999993,-0.35839189904731
6.52299999999923,-0.354724688480767
6.52399999999943,-0.351055282098748
6.52499999999964,-0.347375778717583
6.52599999999984,-0.343674125990975
6.52699999999913,-0.339934565008119
6.52799999999934,-0.336141217190955
6.52899999999954,-0.332280865062363
6.52999999999975,-0.328342209021697
6.53099999999995,-0.324316441966914
6.53199999999924,-0.320200004765516
6.53299999999945,-0.315990196325208
6.53399999999965,-0.31168665170493
6.53499999999985,-0.307290574844687
6.53599999999915,-0.302805010359122
6.53699999999935,-0.298233706571174
6.53799999999956,-0.293579487923705
6.53899999999976,-0.288848256246364
6.53999999999996,-0.284046154043335
6.54099999999926,-0.279177263355433
6.54199999999946,-0.274244727512239
6.54299999999967,-0.269249138280225
6.54399999999987,-0.264190846110365
6.54499999999916,-0.259070860330701
6.54599999999937,-0.253888537080695
6.54699999999957,-0.248642441266206
6.54799999999977,-0.243332273461682
6.54899999999998,-0.237957435159036
6.54999999999927,-0.232517823909617
6.55099999999948,-0.227013612994673
6.55199999999968,-0.221444719328906
6.55299999999988,-0.215810137524391
6.55399999999918,-0.210107782573154
6.55499999999938,-0.204338702796512
6.55599999999959,-0.198503199594722
6.55699999999979,-0.192599696357692
6.55799999999999,-0.186627305095849
6.55899999999929,-0.180585790246081
6.55999999999949,-0.174475917819893
6.56099999999969,-0.168297956763818
6.5619999999999,-0.162054064365742
6.56299999999919,-0.155746060711086
6.5639999999994,-0.149377114908392
6.5649999999996,-0.1429496082547
6.5659999999998,-0.136465985187016
6.56700000000001,-0.129927887629343
6.5679999999993,-0.123339927721952
6.56899999999951,-0.116705574030845
6.56999999999971,-0.110029805500263
6.57099999999991,-0.103319693505592
6.57199999999921,-0.0965823566959086
6.57299999999941,-0.0898220360453727
6.57399999999961,-0.0830462759038321
6.57499999999982,-0.0762607599555064
6.57600000000002,-0.0694715178090946
6.57699999999932,-0.0626846077609128
6.57799999999952,-0.0559062290840719
6.57899999999972,-0.0491408060655745
6.57999999999993,-0.0423923703902411
6.58099999999922,-0.0356663969294783
6.58199999999943,-0.0289670717378419
6.58299999999963,-0.0223008511619601
6.58399999999983,-0.0156731092773574
6.58499999999913,-0.00908875173443027
6.58599999999933,-0.00255135882265542
6.58699999999953,0.00393541696561049
6.58799999999974,0.0103679397798991
6.58899999999994,0.0167429921565776
6.58999999999924,0.0230570696138727
6.59099999999944,0.0293075969791386
6.59199999999964,0.0354939760195155
6.59299999999985,0.0416158472880622
6.59399999999914,0.0476745716351118
6.59499999999935,0.0536686872969245
6.59599999999955,0.0595945493060645
6.59699999999975,0.0654491430803553
6.59799999999996,0.0712312467745222
6.59899999999925,0.0769397309621497
6.59999999999945,0.0825738474586609
6.60099999999966,0.0881341906585393
6.60199999999986,0.0936188183587171
6.60299999999916,0.0990274732350662
6.60399999999936,0.104360447467811
6.60499999999956,0.109617574140269
6.60599999999977,0.114797595845232
6.60699999999997,0.11990047179381
6.60799999999927,0.124926003884952
6.60899999999947,0.129873420853693
6.60999999999967,0.134743063866226
6.61099999999988,0.139534245365716
6.61199999999917,0.14424450314349
6.61299999999937,0.148873193579219
6.61399999999958,0.153419430159592
6.61499999999978,0.157882693937698
6.61599999999999,0.162261277592195
6.61699999999928,0.166554479138717
6.61799999999948,0.170763536247853
6.61899999999969,0.174888499413849
6.61999999999989,0.178928114912944
6.62099999999919,0.182880945958001
6.62199999999939,0.18674481491177
6.62299999999959,0.190518707272134
6.6239999999998,0.194200639106279
6.625,0.197789741521627
6.62599999999929,0.201285673567028
6.6269999999995,0.204687931639216
6.6279999999997,0.207995958859323
6.62899999999991,0.21120745085097
6.6299999999992,0.214321627108128
6.6309999999994,0.217337288159852
6.63199999999961,0.22025343882177
6.63299999999981,0.223069828306489
6.63400000000001,0.225785373859059
6.63499999999931,0.228397709238308
6.63599999999951,0.230906543348467
6.63699999999972,0.23331074581823
6.63799999999992,0.235608419835805
6.63899999999921,0.237798153240262
6.63999999999942,0.239877963634527
6.64099999999962,0.241846357762067
6.64199999999983,0.243701767895659
6.64299999999912,0.245443327934052
6.64399999999932,0.247070216676831
6.64499999999953,0.248582055107027
6.64599999999973,0.24997818405153
6.64699999999993,0.251256817900047
6.64799999999923,0.252416688463907
6.64899999999943,0.253457167107711
6.64999999999964,0.254376502704739
6.65099999999984,0.255173654478166
6.65199999999913,0.255847665925689
6.65299999999934,0.256398086966315
6.65399999999954,0.256824767558383
6.65499999999975,0.257128649261667
6.65599999999995,0.257309610208336
6.65699999999924,0.257368370300362
6.65799999999945,0.257306160551709
6.65899999999965,0.257124909604593
6.65999999999985,0.256826130781202
6.66099999999915,0.256411302449891
6.66199999999935,0.25588165037829
6.66299999999956,0.255239373878693
6.66399999999976,0.254486102658204
6.66499999999996,0.253624021252576
6.66599999999926,0.252655714611754
6.66699999999946,0.25158665356025
6.66799999999967,0.250421569787304
6.66899999999987,0.249164598267553
6.66999999999916,0.247821964847513
6.67099999999937,0.246397521186691
6.67199999999957,0.24489685201612
6.67299999999977,0.243324813908949
6.67399999999998,0.241686793963244
6.67499999999927,0.239988278690253
6.67599999999948,0.238234754217709
6.67699999999968,0.236431640366865
6.67799999999988,0.234583967714558
6.67899999999918,0.232695608985304
6.67999999999938,0.230770561790297
6.68099999999959,0.228813898581616
6.68199999999979,0.226830167616696
6.68299999999999,0.224823139377056
6.68399999999929,0.222795367213965
6.68499999999949,0.220748630701495
6.68599999999969,0.218684676881289
6.6869999999999,0.216605305699855
6.68799999999919,0.214510305002002
6.6889999999994,0.212399172567978
6.6899999999996,0.2102711606525
6.6909999999998,0.208124650259011
6.69200000000001,0.205958337295594
6.6929999999993,0.203769362160925
6.69399999999951,0.201554631839279
6.69499999999971,0.199311771511198
6.69599999999991,0.197038122150107
6.69699999999921,0.194731913853339
6.69799999999941,0.19238968681162
6.69899999999961,0.190008348830644
6.69999999999982,0.187584732608399
6.70100000000002,0.185116139159467
6.70199999999932,0.182601097133066
6.70299999999952,0.180038903185023
6.70399999999972,0.177426275502075
6.70499999999993,0.174760696586287
6.70599999999922,0.172041468457989
6.70699999999943,0.169268465973051
6.70799999999963,0.166440233694607
6.70899999999983,0.163555445786731
6.70999999999913,0.160612674342709
6.71099999999933,0.157611989747294
6.71199999999953,0.154552643488074
6.71299999999974,0.151434404829026
6.71399999999994,0.148256088001664
6.71499999999924,0.145016094471808
6.71599999999944,0.14171363303772
6.71699999999964,0.138348229234833
6.71799999999985,0.134919768129269
6.71899999999914,0.131426747798507
6.71999999999935,0.127867924589386
6.72099999999955,0.124242051801063
6.72199999999975,0.120548997918432
6.72299999999996,0.116788175973637
6.72399999999925,0.112958524070554
6.72499999999945,0.109059833343702
6.72599999999966,0.105090684527895
6.72699999999986,0.101049915918276
6.72799999999916,0.0969377689048738
6.72899999999936,0.0927526565744888
6.72999999999956,0.0884949923779635
6.73099999999977,0.0841638478096249
6.73199999999997,0.0797588319352166
6.73299999999927,0.0752792622987344
6.73399999999947,0.0707249721806079
6.73499999999967,0.0660960872620953
6.73599999999988,0.061392629190422
6.73699999999917,0.0566146926955412
6.73799999999937,0.0517636382482858
6.73899999999958,0.0468400758120896
6.73999999999978,0.0418438958892738
6.74099999999999,0.0367765811858449
6.74199999999928,0.0316398344955869
6.74299999999948,0.0264355398352595
6.74399999999969,0.0211657169317319
6.74499999999989,0.0158330339514165
6.74599999999919,0.010438596202434
6.74699999999939,0.00498528514328149
6.74799999999959,-0.000524361895815312
6.7489999999998,-0.00608859132847175
6.75,-0.0117060328095956
6.75099999999929,-0.0173748645511329
6.7519999999995,-0.0230915533118533
6.7529999999997,-0.0288531617555003
6.75399999999991,-0.0346578963848199
6.7549999999992,-0.040503058265241
6.7559999999994,-0.0463872074801765
6.75699999999961,-0.0523086684827759
6.75799999999981,-0.0582658802191386
6.75900000000001,-0.0642571032687125
6.75999999999931,-0.0702815602632829
6.76099999999951,-0.0763366900922049
6.76199999999972,-0.0824211040561228
6.76299999999992,-0.088534646551292
6.76399999999921,-0.0946756991550941
6.76499999999942,-0.100842825173074
6.76599999999962,-0.107036019618284
6.76699999999983,-0.113255480192051
6.76799999999912,-0.119499747318422
6.76899999999932,-0.12576768624487
6.76999999999953,-0.132058739205417
6.77099999999973,-0.138372442715303
6.77199999999993,-0.14470707007394
6.77299999999923,-0.151062636585775
6.77399999999943,-0.157438841595853
6.77499999999964,-0.163835141616638
6.77599999999984,-0.170251031224341
6.77699999999913,-0.176685565692566
6.77799999999934,-0.183138900237956
6.77899999999954,-0.189609436869273
6.77999999999975,-0.196096661452353
6.78099999999995,-0.202599816283983
6.78199999999924,-0.209117632729502
6.78299999999945,-0.21565028311099
6.78399999999965,-0.222199210104571
6.78499999999985,-0.228761162349217
6.78599999999915,-0.235333800890075
6.78699999999935,-0.241916401097418
6.78799999999956,-0.248506386119258
6.78899999999976,-0.25510332761624
6.78999999999996,-0.261704936096877
6.79099999999926,-0.268310089830706
6.79199999999946,-0.274916941616255
6.79299999999967,-0.281523441433397
6.79399999999987,-0.288127452656895
6.79499999999916,-0.294726957001601
6.79599999999937,-0.30131859473549
6.79699999999957,-0.307899380649352
6.79799999999977,-0.314467664686235
6.79899999999998,-0.321022777782863
6.79999999999927,-0.327560783293591
6.80099999999948,-0.334078271938577
6.80199999999968,-0.340571296470335
6.80299999999988,-0.347037547691202
6.80399999999918,-0.353475192590105
6.80499999999938,-0.359881189013289
6.80599999999959,-0.366253994964857
6.80699999999979,-0.372591412534101
6.80799999999999,-0.378892231555396
6.80899999999929,-0.385153931251222
6.80999999999949,-0.39137647774307
6.81099999999969,-0.397556777454486
6.8119999999999,-0.403693665336739
6.81299999999919,-0.409787536562337
6.8139999999994,-0.41583790499623
6.8149999999996,-0.421845270266613
6.8159999999998,-0.427810696399347
6.81700000000001,-0.43373500130013
6.8179999999993,-0.439618860944498
6.81899999999951,-0.44546302426386
6.81999999999971,-0.451271500170401
6.82099999999991,-0.4570439053253
6.82199999999921,-0.462778525259246
6.82299999999941,-0.468474418688465
6.82399999999961,-0.47412961102566
6.82499999999982,-0.479741433885858
6.82600000000002,-0.485306234376918
6.82699999999932,-0.4908149131372
6.82799999999952,-0.49625776399135
6.82899999999972,-0.50161799859383
6.82999999999993,-0.506876372376223
6.83099999999922,-0.51200599353431
6.83199999999943,-0.516976665346314
6.83299999999963,-0.521746376001097
6.83399999999983,-0.526275156384821
6.83499999999913,-0.530507379816732
6.83599999999933,-0.534388909795659
6.83699999999953,-0.537852560991616
6.83799999999974,-0.540819071990888
6.83899999999994,-0.543223757439707
6.83999999999924,-0.545002566856302
6.84099999999944,-0.546113333499334
6.84199999999964,-0.546535829771816
6.84299999999985,-0.546266983840526
6.84399999999914,-0.545319270575901
6.84499999999935,-0.543723633805135
6.84599999999955,-0.541533650142344
6.84699999999975,-0.538818358707929
6.84799999999996,-0.535671992447848
6.84899999999925,-0.53217984765861
6.84999999999945,-0.528427631238979
6.85099999999966,-0.524479536177691
6.85199999999986,-0.5203731318638
6.85299999999916,-0.516136753542342
6.85399999999936,-0.511780946478863
6.85499999999956,-0.507310864381313
6.85599999999977,-0.502726601121291
6.85699999999997,-0.498018574099914
6.85799999999927,-0.49317440917441
6.85899999999947,-0.488178462621518
6.85999999999967,-0.48301639024419
6.86099999999988,-0.47767162006362
6.86199999999917,-0.472132638597482
6.86299999999937,-0.466389276099448
6.86399999999958,-0.460439252173206
6.86499999999978,-0.454284255094791
6.86599999999999,-0.447936441446716
6.86699999999928,-0.441411084465747
6.86799999999948,-0.434727390120543
6.86899999999969,-0.427908158913839
6.86999999999989,-0.420976486947441
6.87099999999919,-0.413952727114518
6.87199999999939,-0.406860136812276
6.87299999999959,-0.399717165473244
6.8739999999998,-0.392541236291294
6.875,-0.385346695943265
6.87599999999929,-0.378144522830712
6.8769999999995,-0.370944176935786
6.8779999999997,-0.363753041976815
6.87899999999991,-0.356576183134473
6.8799999999992,-0.349415492595199
6.8809999999994,-0.342273857615567
6.88199999999961,-0.335150915818404
6.88299999999981,-0.328045736857582
6.88400000000001,-0.320957364903031
6.88499999999931,-0.313881556273103
6.88599999999951,-0.306817841159591
6.88699999999972,-0.299760185374479
6.88799999999992,-0.292707498856918
6.88899999999921,-0.285657525092724
6.88999999999942,-0.278609183011779
6.89099999999962,-0.271561662521424
6.89199999999983,-0.264514205644852
6.89299999999912,-0.257467427480311
6.89399999999932,-0.250421498752947
6.89499999999953,-0.243379302480828
6.89599999999973,-0.236344131409867
6.89699999999993,-0.229318017526215
6.89799999999923,-0.222302504647086
6.89899999999943,-0.215299850383372
6.89999999999964,-0.208312230203071
6.90099999999984,-0.201342426558261
6.90199999999913,-0.194391420725364
6.90299999999934,-0.187461970481218
6.90399999999954,-0.180558185276672
6.90499999999975,-0.173682078100351
6.90599999999995,-0.166837577471853
6.90699999999924,-0.16002613913945
6.90799999999945,-0.153252689291544
6.90899999999965,-0.146521287108407
6.90999999999985,-0.139832330102647
6.91099999999915,-0.133187950986989
6.91199999999935,-0.126587840592195
6.91299999999956,-0.120031898427223
6.91399999999976,-0.11352081050421
6.91499999999996,-0.107053492885091
6.91599999999926,-0.100629497371777
6.91699999999946,-0.0942499056659695
6.91799999999967,-0.0879146193736123
6.91899999999987,-0.0816228604706791
6.91999999999916,-0.0753743157304179
6.92099999999937,-0.0691712725709812
6.92199999999957,-0.0630131165812227
6.92299999999977,-0.0568995922505415
6.92399999999998,-0.0508295439529479
6.92499999999927,-0.0448036056779739
6.92599999999948,-0.0388203963663996
6.92699999999968,-0.0328801589603095
6.92799999999988,-0.0269815731901579
6.92899999999918,-0.0211246012214248
6.92999999999938,-0.015310903316198
6.93099999999959,-0.0095413185326229
6.93199999999979,-0.00381422031351726
6.93299999999999,0.00186930838127407
6.93399999999929,0.00750862789479528
6.93499999999949,0.0131028771178847
6.93599999999969,0.0186509148655739
6.9369999999999,0.0241500269560952
6.93799999999919,0.0295979274114538
6.9389999999994,0.0349920685149771
6.9399999999996,0.0403301650546624
6.9409999999998,0.0456108116300145
6.94200000000001,0.0508301758972373
6.9429999999993,0.0559854196288149
6.94399999999951,0.0610741408409743
6.94499999999971,0.0660930637706789
6.94599999999991,0.071039136609761
6.94699999999921,0.0759095522145228
6.94799999999941,0.0807019604171595
6.94899999999961,0.0854135593817697
6.94999999999982,0.0900423587740654
6.95100000000002,0.0945852469215511
6.95199999999932,0.0990402303269466
6.95299999999952,0.103404082234736
6.95399999999972,0.107675355690975
6.95499999999993,0.111851472960176
6.95599999999922,0.115930649037317
6.95699999999943,0.119910797174603
6.95799999999963,0.123788636927478
6.95899999999983,0.127561786946987
6.95999999999913,0.131228994164784
6.96099999999933,0.134787610234688
6.96199999999953,0.138237576445338
6.96299999999974,0.141578033211469
6.96399999999994,0.144807816600274
6.96499999999924,0.147927103699525
6.96599999999944,0.150935153903554
6.96699999999964,0.153830504119031
6.96799999999985,0.156611522014127
6.96899999999914,0.159277114382345
6.96999999999935,0.161825191873045
6.97099999999955,0.164255006138989
6.97199999999975,0.166567608963068
6.97299999999996,0.168759754057045
6.97399999999925,0.170832696568722
6.97499999999945,0.172786782436897
6.97599999999966,0.174622367328579
6.97699999999986,0.176339244760733
6.97799999999916,0.177939374951794
6.97899999999936,0.179424650013402
6.97999999999956,0.180795947829469
6.98099999999977,0.18205502967346
6.98199999999997,0.183202094645532
6.98299999999927,0.184239100557107
6.98399999999947,0.185168637158978
6.98499999999967,0.185992957986794
6.98599999999988,0.186714607578857
6.98699999999917,0.187337119011982
6.98799999999937,0.187861646890536
6.98899999999958,0.188292379542037
6.98999999999978,0.188634141935089
6.99099999999999,0.188889870067917
6.99199999999928,0.189061844099818
6.99299999999948,0.189154152844357
6.99399999999969,0.189170432178922
6.99499999999989,0.189116350977282
6.99599999999919,0.188993479895758
6.99699999999939,0.18880718634384
6.99799999999959,0.188561374911944
6.9989999999998,0.188260506876125
7,0.187907307633057
7.00099999999929,0.187505834073753
7.0019999999995,0.187060113011925
7.0029999999997,0.18657381145968
7.00399999999991,0.186051514569808
7.0049999999992,0.185496964783019
7.0059999999994,0.184913639461574
7.00699999999961,0.184304510393179
7.00799999999981,0.183673020109713
7.00900000000001,0.183021143964111
7.00999999999931,0.18235397267366
7.01099999999951,0.181673327630437
7.01199999999972,0.1809819003926
7.01299999999992,0.180282114002609
7.01399999999921,0.179574631629354
7.01499999999942,0.178860070347861
7.01599999999962,0.178138531055114
7.01699999999983,0.177411166307367
7.01799999999912,0.176675983955415
7.01899999999932,0.175931175921913
7.01999999999953,0.175175064713718
7.02099999999973,0.174405565600876
7.02199999999993,0.173619197184514
7.02299999999923,0.172812074035547
7.02399999999943,0.171979674415987
7.02499999999964,0.171118733010939
7.02599999999984,0.170225950579185
7.02699999999913,0.169297876275497
7.02799999999934,0.168329908735767
7.02899999999954,0.167319843414357
7.02999999999975,0.166266384145011
7.03099999999995,0.165167299781792
7.03199999999924,0.164020131648975
7.03299999999945,0.162822647079347
7.03399999999965,0.161572942805094
7.03499999999985,0.160269685388612
7.03599999999915,0.158911373044349
7.03699999999935,0.157497098354786
7.03799999999956,0.156025555808614
7.03899999999976,0.154496795551507
7.03999999999996,0.152911583820541
7.04099999999926,0.151267777054823
7.04199999999946,0.149565238351064
7.04299999999967,0.147804383294592
7.04399999999987,0.145986177478537
7.04499999999916,0.144109538004707
7.04599999999937,0.142175772896696
7.04699999999957,0.140185816414198
7.04799999999977,0.138141483315058
7.04899999999998,0.136042297274148
7.04999999999927,0.13389040077343
7.05099999999948,0.131687017576849
7.05199999999968,0.129432448231006
7.05299999999988,0.127128246872817
7.05399999999918,0.124775003719752
7.05499999999938,0.12237459405101
7.05599999999959,0.119928529206511
7.05699999999979,0.117437244610023
7.05799999999999,0.114902665062678
7.05899999999929,0.112325646592372
7.05999999999949,0.109707147236874
7.06099999999969,0.107048308519455
7.0619999999999,0.104350319807229
7.06299999999919,0.101614279201789
7.0639999999994,0.0988409674309282
7.0649999999996,0.0960312608064364
7.0659999999998,0.0931862956319813
7.06700000000001,0.0903071708672897
7.0679999999993,0.0873942738819596
7.06899999999951,0.0844477276515101
7.06999999999971,0.0814681102460566
7.07099999999991,0.0784564381440852
7.07199999999921,0.0754110849942111
7.07299999999941,0.0723319156437869
7.07399999999961,0.0692189363874435
7.07499999999982,0.0660719781205592
7.07600000000002,0.0628907446833484
7.07699999999932,0.0596745262486138
7.07799999999952,0.0564235890036873
7.07899999999972,0.0531366807889221
7.07999999999993,0.0498122994901979
7.08099999999922,0.0464493230423564
7.08199999999943,0.0430466301910639
7.08299999999963,0.0396027240474511
7.08399999999983,0.0361151983153303
7.08499999999913,0.0325836956565354
7.08599999999933,0.0290051578349173
7.08699999999953,0.0253796124876363
7.08799999999974,0.0217044918123629
7.08899999999994,0.0179779875674821
7.08999999999924,0.0141987384399888
7.09099999999944,0.0103632240082158
7.09199999999964,0.00647089140669233
7.09299999999985,0.00251922077239221
7.09399999999914,-0.00149375179983538
7.09499999999935,-0.00556891180972463
7.09599999999955,-0.00970627821232725
7.09699999999975,-0.0139082651308695
7.09799999999996,-0.0181760701318932
7.09899999999925,-0.0225112685053232
7.09999999999945,-0.0269138748083135
7.10099999999966,-0.0313852689050082
7.10199999999986,-0.0359258902700446
7.10299999999916,-0.04053611078168
7.10399999999936,-0.0452159659240646
7.10499999999956,-0.0499636027552466
7.10599999999977,-0.0547796606537406
7.10699999999997,-0.0596625458899308
7.10799999999927,-0.064611957489376
7.10899999999947,-0.0696266153525102
7.10999999999967,-0.0747032867805613
7.11099999999988,-0.0798418453119596
7.11199999999917,-0.0850400710603048
7.11299999999937,-0.0902959101402284
7.11399999999958,-0.0956083287710764
7.11499999999978,-0.100977435796196
7.11599999999999,-0.106398896849829
7.11699999999928,-0.111870129370936
7.11799999999948,-0.117387918059129
7.11899999999969,-0.122948523501487
7.11999999999989,-0.128550035948957
7.12099999999919,-0.134188973824629
7.12199999999939,-0.139861623484907
7.12299999999959,-0.14556196425312
7.1239999999998,-0.15128614693242
7.125,-0.157026415383154
7.12599999999929,-0.162776210380426
7.1269999999995,-0.168527884561064
7.1279999999997,-0.174274694848503
7.12899999999991,-0.180006877337988
7.1299999999992,-0.185715688872125
7.1309999999994,-0.191390560573359
7.13199999999961,-0.197017697839503
7.13299999999981,-0.202583260100659
7.13400000000001,-0.208069360658352
7.13499999999931,-0.213460602117254
7.13599999999951,-0.218732273765681
7.13699999999972,-0.223859895240536
7.13799999999992,-0.228812671949975
7.13899999999921,-0.233560164796376
7.13999999999942,-0.238063000266088
7.14099999999962,-0.242282931802352
7.14199999999983,-0.246187740505
7.14299999999912,-0.249740135661006
7.14399999999932,-0.252905426827029
7.14499999999953,-0.255641919014613
7.14599999999973,-0.257916898793073
7.14699999999993,-0.259689787249243
7.14799999999923,-0.260932119071629
7.14899999999943,-0.261619877595488
7.14999999999964,-0.261744123053309
7.15099999999984,-0.26130145170671
7.15199999999913,-0.26030441911078
7.15299999999934,-0.258784133046303
7.15399999999954,-0.256801349417931
7.15499999999975,-0.254443021477883
7.15599999999995,-0.251813705583537
7.15699999999924,-0.248995277374349
7.15799999999945,-0.246050356894774
7.15899999999965,-0.24302761108421
7.15999999999985,-0.239972406317289
7.16099999999915,-0.236913722812599
7.16199999999935,-0.233878310350151
7.16299999999956,-0.230881607013535
7.16399999999976,-0.227936184648885
7.16499999999996,-0.225047836362974
7.16599999999926,-0.222216404717798
7.16699999999946,-0.219439791131906
7.16799999999967,-0.216712059487009
7.16899999999987,-0.214025580763902
7.16999999999916,-0.211370761203472
7.17099999999937,-0.208736131010114
7.17199999999957,-0.206114245762575
7.17299999999977,-0.203496437716804
7.17399999999998,-0.200875138866477
7.17499999999927,-0.198243670501981
7.17599999999948,-0.195598862166147
7.17699999999968,-0.192937322944313
7.17799999999988,-0.190258277296962
7.17899999999918,-0.187561474015549
7.17999999999938,-0.184845798176323
7.18099999999959,-0.182110078843709
7.18199999999979,-0.179351305480463
7.18299999999999,-0.17656904733978
7.18399999999929,-0.173761427870641
7.18499999999949,-0.170926626839035
7.18599999999969,-0.168063256001651
7.1869999999999,-0.165171188305921
7.18799999999919,-0.162249451382379
7.1889999999994,-0.159298266364812
7.1899999999996,-0.156314228373413
7.1909999999998,-0.153296078545122
7.19200000000001,-0.150242508960114
7.1929999999993,-0.147151043001942
7.19399999999951,-0.144019375364114
7.19499999999971,-0.140845642584902
7.19599999999991,-0.137627025576426
7.19699999999921,-0.134361646434226
7.19799999999941,-0.13104887148177
7.19899999999961,-0.127685855219335
7.19999999999982,-0.124272979732827
7.20100000000002,-0.120809046252922
7.20199999999932,-0.117294240341259
7.20299999999952,-0.113727496186263
7.20399999999972,-0.110108956349549
7.20499999999993,-0.106440495312813
7.20599999999922,-0.102724183660423
7.20699999999943,-0.0989596834336489
7.20799999999963,-0.0951464231787786
7.20899999999983,-0.0912827491774544
7.20999999999913,-0.0873701860395068
7.21099999999933,-0.0834106068278717
7.21199999999953,-0.0794016990209646
7.21299999999974,-0.0753440058074236
7.21399999999994,-0.0712392854028234
7.21499999999924,-0.0670882430534871
7.21599999999944,-0.0628914798549772
7.21699999999964,-0.0586518494397024
7.21799999999985,-0.0543696276453932
7.21899999999914,-0.0500466081734193
7.21999999999935,-0.0456839250645819
7.22099999999955,-0.0412840467987395
7.22199999999975,-0.0368508883188822
7.22299999999996,-0.0323884892614696
7.22399999999925,-0.0279019411688295
7.22499999999945,-0.0233952570737485
7.22599999999966,-0.0188734923102537
7.22699999999986,-0.0143398473259839
7.22799999999916,-0.00979726732112035
7.22899999999936,-0.00524921410780874
7.22999999999956,-0.000698703585903501
7.23099999999977,0.0038527482498536
7.23199999999997,0.00840402765402221
7.23299999999927,0.012953488260333
7.23399999999947,0.0175015108865235
7.23499999999967,0.0220469297825002
7.23599999999988,0.0265885760906214
7.23699999999917,0.0311257398894196
7.23799999999937,0.0356588675426715
7.23899999999958,0.0401869703172021
7.23999999999978,0.044709229612043
7.24099999999999,0.0492250208244514
7.24199999999928,0.0537328515235235
7.24299999999948,0.0582319180857044
7.24399999999969,0.0627202045480212
7.24499999999989,0.0671968009458457
7.24599999999919,0.0716610721163694
7.24699999999939,0.0761108143086592
7.24799999999959,0.0805433642262551
7.2489999999998,0.0849543263527816
7.25,0.0893426071833805
7.25099999999929,0.0937062529585078
7.2519999999995,0.0980435678213601
7.2529999999997,0.102352665758311
7.25399999999991,0.106629057704539
7.2549999999992,0.110869457156161
7.2559999999994,0.115070255046992
7.25699999999961,0.119230166381982
7.25799999999981,0.123345736452918
7.25900000000001,0.127415297753832
7.25999999999931,0.131436082644558
7.26099999999951,0.13540487640306
7.26199999999972,0.139319047041821
7.26299999999992,0.143177197920022
7.26399999999921,0.146979305959151
7.26499999999942,0.150724731675138
7.26599999999962,0.154411541513731
7.26699999999983,0.158038380656306
7.26799999999912,0.161604304745464
7.26899999999932,0.165109144674166
7.26999999999953,0.168552087300021
7.27099999999973,0.17193252766586
7.27199999999993,0.175250323480664
7.27299999999923,0.178504453486756
7.27399999999943,0.181693590229988
7.27499999999964,0.18481839018489
7.27599999999984,0.187878692914324
7.27699999999913,0.19087437556937
7.27799999999934,0.193803965321472
7.27899999999954,0.196667099056215
7.27999999999975,0.199463026092606
7.28099999999995,0.202191609835038
7.28199999999924,0.204851424530602
7.28299999999945,0.207441936548633
7.28399999999965,0.209962048244886
7.28499999999985,0.212410993602325
7.28599999999915,0.21478833271477
7.28699999999935,0.217092583373751
7.28799999999956,0.219322245369186
7.28899999999976,0.221476296150423
7.28999999999996,0.223553697001955
7.29099999999926,0.225552243598693
7.29199999999946,0.227471286197472
7.29299999999967,0.229311289969197
7.29399999999987,0.231070683191607
7.29499999999916,0.232747885367525
7.29599999999937,0.234341879300372
7.29699999999957,0.235852444389071
7.29799999999977,0.237278588176396
7.29899999999998,0.238620220027114
7.29999999999927,0.239876758862159
7.30099999999948,0.241047814998702
7.30199999999968,0.242133568775838
7.30299999999988,0.243133523090832
7.30399999999918,0.244047135713336
7.30499999999938,0.24487458510022
7.30599999999959,0.245615745313701
7.30699999999979,0.246268859014008
7.30799999999999,0.246833157955868
7.30899999999929,0.247307737947439
7.30999999999949,0.247691747206074
7.31099999999969,0.247984769402722
7.3119999999999,0.248186771574348
7.31299999999919,0.248296193587663
7.3139999999994,0.248313095366466
7.3149999999996,0.248236291292895
7.3159999999998,0.24806600904062
7.31700000000001,0.247802034485821
7.3179999999993,0.247443765432551
7.31899999999951,0.246990543407812
7.31999999999971,0.246443288966788
7.32099999999991,0.24580315413408
7.32199999999921,0.245070151870016
7.32299999999941,0.244245369501911
7.32399999999961,0.243330552246414
7.32499999999982,0.24232821813281
7.32600000000002,0.241240824167113
7.32699999999932,0.240071238573184
7.32799999999952,0.238822514813248
7.32899999999972,0.23749670178911
7.32999999999993,0.236097797886594
7.33099999999922,0.23462993278689
7.33199999999943,0.233096303143326
7.33299999999963,0.231500342854217
7.33399999999983,0.229846942584114
7.33499999999913,0.22814142227217
7.33599999999933,0.226387220985879
7.33699999999953,0.224588302432686
7.33799999999974,0.222749018641738
7.33899999999994,0.220874590805927
7.33999999999924,0.218967958801202
7.34099999999944,0.217032423305054
7.34199999999964,0.215070335100778
7.34299999999985,0.213085138052915
7.34399999999914,0.211079320834611
7.34499999999935,0.209053728424606
7.34599999999955,0.207010068575147
7.34699999999975,0.204948994148526
7.34799999999996,0.202870640311187
7.34899999999925,0.200774385423819
7.34999999999945,0.198660299024301
7.35099999999966,0.196526868410998
7.35199999999986,0.194373106738615
7.35299999999916,0.1921980990131
7.35399999999936,0.190000239665462
7.35499999999956,0.187778084790563
7.35599999999977,0.185529659848516
7.35699999999997,0.183253338512774
7.35799999999927,0.180946679345557
7.35899999999947,0.178609482769515
7.35999999999967,0.176239856072315
7.36099999999988,0.173835471034369
7.36199999999917,0.171396207787169
7.36299999999937,0.168921545785783
7.36399999999958,0.166411532720519
7.36499999999978,0.163865015999439
7.36599999999999,0.161280269791444
7.36699999999928,0.158656860006174
7.36799999999948,0.155993731156954
7.36899999999969,0.153290260561102
7.36999999999989,0.150546404883131
7.37099999999919,0.147760924952069
7.37199999999939,0.144933641425128
7.37299999999959,0.14206421227316
7.3739999999998,0.139152092020267
7.375,0.13619803035295
7.37599999999929,0.133200987484049
7.3769999999995,0.130159262198429
7.3779999999997,0.127072528414556
7.37899999999991,0.123940140758218
7.3799999999992,0.120762132868064
7.3809999999994,0.117537600002439
7.38199999999961,0.114266911789955
7.38299999999981,0.110950182567459
7.38400000000001,0.107586638107093
7.38499999999931,0.104175273777584
7.38599999999951,0.100715544168955
7.38699999999972,0.0972065158082857
7.38799999999992,0.093647760069898
7.38899999999921,0.0900398104183606
7.38999999999942,0.0863823594559006
7.39099999999962,0.082674686199563
7.39199999999983,0.0789160111100969
7.39299999999912,0.0751056740783654
7.39399999999932,0.071243587306847
7.39499999999953,0.0673289166834099
7.39599999999973,0.0633617431047432
7.39699999999993,0.0593427429015611
7.39799999999923,0.0552722506549979
7.39899999999943,0.0511512076351306
7.39999999999964,0.0469797005688344
7.40099999999984,0.0427575424735165
7.40199999999913,0.0384851626398522
7.40299999999934,0.0341632253107806
7.40399999999954,0.0297931614735985
7.40499999999975,0.025377188783312
7.40599999999995,0.0209146467184742
7.40699999999924,0.0164064602755814
7.40799999999945,0.0118531135032004
7.40899999999965,0.00725464240276205
7.40999999999985,0.00261270019854649
7.41099999999915,-0.0020726057968701
7.41199999999935,-0.00680126114135872
7.41299999999956,-0.0115725549834842
7.41399999999976,-0.0163859358454552
7.41499999999996,-0.0212417822913649
7.41599999999926,-0.02614136592925
7.41699999999946,-0.0310843978285144
7.41799999999967,-0.036070368463253
7.41899999999987,-0.0410998254340223
7.41999999999916,-0.0461743760211342
7.42099999999937,-0.0512945399410492
7.42199999999957,-0.0564608419993285
7.42299999999977,-0.0616735043604589
7.42399999999998,-0.0669324708415324
7.42499999999927,-0.0722379207976992
7.42599999999948,-0.0775915129828212
7.42699999999968,-0.0829938723832314
7.42799999999988,-0.0884449671788353
7.42899999999918,-0.0939456792869448
7.42999999999938,-0.09949581661145
7.43099999999959,-0.105096308922176
7.43199999999979,-0.110746814914457
7.43299999999999,-0.116447093125446
7.43399999999929,-0.122197641556353
7.43499999999949,-0.127997906914771
7.43599999999969,-0.133847481495504
7.4369999999999,-0.139744945551387
7.43799999999919,-0.145688901001612
7.4389999999994,-0.151676759640627
7.4399999999996,-0.157707301475242
7.4409999999998,-0.16377849935234
7.44200000000001,-0.169888041253887
7.4429999999993,-0.176032461647366
7.44399999999951,-0.182207706904915
7.44499999999971,-0.188408956002175
7.44599999999991,-0.194631586751395
7.44699999999921,-0.200869998175025
7.44799999999941,-0.207117256676942
7.44899999999961,-0.213365957140458
7.44999999999982,-0.219610027689376
7.45100000000002,-0.225842426395377
7.45199999999932,-0.232053460990812
7.45299999999952,-0.238233051945805
7.45399999999972,-0.244368707607132
7.45499999999993,-0.250447267127862
7.45599999999922,-0.256455444613238
7.45699999999943,-0.262375565545933
7.45799999999963,-0.268189089558909
7.45899999999983,-0.273874045833617
7.45999999999913,-0.279406269702151
7.46099999999933,-0.284757940100883
7.46199999999953,-0.289898381877581
7.46299999999974,-0.294790781076699
7.46399999999994,-0.299395186944817
7.46499999999924,-0.303661564637734
7.46599999999944,-0.307533667266108
7.46699999999964,-0.310944144227619
7.46799999999985,-0.313831357491944
7.46899999999914,-0.316143868503676
7.46999999999935,-0.317835721864804
7.47099999999955,-0.318884118312382
7.47199999999975,-0.319283603357253
7.47299999999996,-0.319055974256168
7.47399999999925,-0.318243472479438
7.47499999999945,-0.316907641486229
7.47599999999966,-0.315134775083457
7.47699999999986,-0.31301826567257
7.47799999999916,-0.31064111355509
7.47899999999936,-0.308074504113606
7.47999999999956,-0.305365887956945
7.48099999999977,-0.302554512582815
7.48199999999997,-0.299667006805617
7.48299999999927,-0.296724362121786
7.48399999999947,-0.293739347348785
7.48499999999967,-0.290721702130244
7.48599999999988,-0.287673444369212
7.48699999999917,-0.284592637633819
7.48799999999937,-0.281473190098944
7.48899999999958,-0.278304781241198
7.48999999999978,-0.275080383173875
7.49099999999999,-0.271794120866975
7.49199999999928,-0.268443223414767
7.49299999999948,-0.265030354530331
7.49399999999969,-0.26155955798565
7.49499999999989,-0.258036430903783
7.49599999999919,-0.254465747935345
7.49699999999939,-0.250852660804921
7.49799999999959,-0.247202011213844
7.4989999999998,-0.243519673469971
7.5,-0.239812016262141
7.50099999999929,-0.236084245467812
7.5019999999995,-0.232341519551556
7.5029999999997,-0.228589185369365
7.50399999999991,-0.224833941942674
7.5049999999992,-0.2210815850544
7.5059999999994,-0.217336143791022
7.50699999999961,-0.213600967893426
7.50799999999981,-0.209878947936672
7.50900000000001,-0.206171676767585
7.50999999999931,-0.202479605078716
7.51099999999951,-0.198803355095624
7.51199999999972,-0.195141785264078
7.51299999999992,-0.191493445664877
7.51399999999921,-0.187857463489682
7.51499999999942,-0.184233430333028
7.51599999999962,-0.180620258865564
7.51699999999983,-0.177018421175126
7.51799999999912,-0.173427358535606
7.51899999999932,-0.169846726374515
7.51999999999953,-0.166276555982196
7.52099999999973,-0.16271663130832
7.52199999999993,-0.15916534152269
7.52299999999923,-0.155620898208731
7.52399999999943,-0.152080950832213
7.52499999999964,-0.148544458406862
7.52599999999984,-0.145009051459512
7.52699999999913,-0.141472664691446
7.52799999999934,-0.137932838237706
7.52899999999954,-0.134387117449976
7.52999999999975,-0.130833390532118
7.53099999999995,-0.127269799038229
7.53199999999924,-0.123693110457805
7.53299999999945,-0.120101851529368
7.53399999999965,-0.116494981762952
7.53499999999985,-0.112871083424064
7.53599999999915,-0.109229011812447
7.53699999999935,-0.105566710131154
7.53799999999956,-0.101880826846609
7.53899999999976,-0.0981692462922276
7.53999999999996,-0.0944301783830701
7.54099999999926,-0.0906618474530816
7.54199999999946,-0.0868625162220815
7.54299999999967,-0.0830309979114018
7.54399999999987,-0.0791658719639289
7.54499999999916,-0.0752669353757817
7.54599999999937,-0.0713341517072314
7.54699999999957,-0.0673675163122956
7.54799999999977,-0.0633681110286951
7.54899999999998,-0.0593375002663777
7.54999999999927,-0.0552775371638716
7.55099999999948,-0.0511894686442571
7.55199999999968,-0.0470738709013281
7.55299999999988,-0.0429323787806911
7.55399999999918,-0.0387667696648951
7.55499999999938,-0.0345788125027497
7.55599999999959,-0.0303706243968587
7.55699999999979,-0.0261436957594872
7.55799999999999,-0.0218995358362779
7.55899999999929,-0.017639271404205
7.55999999999949,-0.0133648034417676
7.56099999999969,-0.00907830087543468
7.5619999999999,-0.00478139689007905
7.56299999999919,-0.000475139535112065
7.5639999999994,0.00384075721708826
7.5649999999996,0.00816567250538371
7.5659999999998,0.0124989697761651
7.56700000000001,0.0168399649711787
7.5679999999993,0.0211880197699508
7.56899999999951,0.0255424454302134
7.56999999999971,0.0299014835107801
7.57099999999991,0.0342645250584874
7.57199999999921,0.0386311506271694
7.57299999999941,0.0429996358575826
7.57399999999961,0.047368960198113
7.57499999999982,0.0517382791699197
7.57600000000002,0.0561051377755938
7.57699999999932,0.0604677841513445
7.57799999999952,0.0648243097702335
7.57899999999972,0.0691714896410433
7.57999999999993,0.0735061219267373
7.58099999999922,0.0778248036698913
7.58199999999943,0.0821236192200532
7.58299999999963,0.0863980862105929
7.58399999999983,0.0906449482882651
7.58499999999913,0.0948614293366497
7.58599999999933,0.0990443484631841
7.58699999999953,0.103191322786632
7.58799999999974,0.107300072789816
7.58899999999994,0.11136801631871
7.58999999999924,0.115393240864003
7.59099999999944,0.119375386666064
7.59199999999964,0.123313925791507
7.59299999999985,0.12720808338395
7.59399999999914,0.131058378702637
7.59499999999935,0.134864436863091
7.59599999999955,0.138626188484679
7.59699999999975,0.142343044592698
7.59799999999996,0.146014007904997
7.59899999999925,0.149638577031436
7.59999999999945,0.153215337837829
7.60099999999966,0.156742479180768
7.60199999999986,0.160218627011164
7.60299999999916,0.163641899559655
7.60399999999936,0.167011615324319
7.60499999999956,0.170326792446856
7.60599999999977,0.17358605948019
7.60699999999997,0.1767871792634
7.60799999999927,0.179928408524329
7.60899999999947,0.18300851092574
7.60999999999967,0.186026549102112
7.61099999999988,0.188980914147266
7.61199999999917,0.191870306757291
7.61299999999937,0.194693077112484
7.61399999999958,0.197448301875965
7.61499999999978,0.200134370697961
7.61599999999999,0.202750168574381
7.61699999999928,0.205294550856965
7.61799999999948,0.207765484143026
7.61899999999969,0.210161712414055
7.61999999999989,0.212481135803467
7.62099999999919,0.214721646990714
7.62199999999939,0.216881796925335
7.62299999999959,0.218960090451666
7.6239999999998,0.220955513733735
7.625,0.22286586863536
7.62599999999929,0.224689412239842
7.6269999999995,0.22642505238313
7.6279999999997,0.228071418336351
7.62899999999991,0.229626515556419
7.6299999999992,0.231088696278433
7.6309999999994,0.232456000193198
7.63199999999961,0.233727378830668
7.63299999999981,0.234901384212574
7.63400000000001,0.235976867381728
7.63499999999931,0.236953177139472
7.63599999999951,0.237829275034131
7.63699999999972,0.238605039622858
7.63799999999992,0.239280278092118
7.63899999999921,0.239854450355963
7.63999999999942,0.24032850613441
7.64099999999962,0.240703403137154
7.64199999999983,0.240979029522886
7.64299999999912,0.241156046690661
7.64399999999932,0.241236532387923
7.64499999999953,0.241221162120927
7.64599999999973,0.241110402216513
7.64699999999993,0.24090472514531
7.64799999999923,0.240605058151603
7.64899999999943,0.240212028391201
7.64999999999964,0.239726935185407
7.65099999999984,0.239150527655031
7.65199999999913,0.238483125950816
7.65299999999934,0.237726455166047
7.65399999999954,0.23688253099605
7.65499999999975,0.235952460735072
7.65599999999995,0.234937440799176
7.65699999999924,0.233839345571022
7.65799999999945,0.232660464649303
7.65899999999965,0.231403087547662
7.65999999999985,0.230069727625619
7.66099999999915,0.228663315928428
7.66199999999935,0.227185812319676
7.66299999999956,0.225640609417915
7.66399999999976,0.224031961883442
7.66499999999996,0.222362140447182
7.66599999999926,0.220633252344546
7.66699999999946,0.218848418554586
7.66799999999967,0.217010673897009
7.66899999999987,0.215122635341456
7.66999999999916,0.21318651481774
7.67099999999937,0.211204922224336
7.67199999999957,0.209180913047712
7.67299999999977,0.207116753461647
7.67399999999998,0.205014179683916
7.67499999999927,0.202874193480928
7.67599999999948,0.200698018247102
7.67699999999968,0.19848716350082
7.67799999999988,0.196241800202768
7.67899999999918,0.193963056874378
7.67999999999938,0.19165216971942
7.68099999999959,0.189308782802847
7.68199999999979,0.186932804365311
7.68299999999999,0.184525126291867
7.68399999999929,0.182085800272155
7.68499999999949,0.179615818981577
7.68599999999969,0.17711590329617
7.6869999999999,0.174585464686334
7.68799999999919,0.172023294982119
7.6889999999994,0.169429392062419
7.6899999999996,0.166804458754812
7.6909999999998,0.164148788277364
7.69200000000001,0.161462241086005
7.6929999999993,0.158745051779291
7.69399999999951,0.155997571161548
7.69499999999971,0.153219846892881
7.69599999999991,0.150412024306188
7.69699999999921,0.147573540418883
7.69799999999941,0.144703722119143
7.69899999999961,0.141802219952159
7.69999999999982,0.138868885994361
7.70100000000002,0.135903512080212
7.70199999999932,0.132905730067174
7.70299999999952,0.129874972080738
7.70399999999972,0.126810051494974
7.70499999999993,0.123709866449614
7.70599999999922,0.12057419047629
7.70699999999943,0.117403040393851
7.70799999999963,0.114195967094785
7.70899999999983,0.11095285436501
7.70999999999913,0.10767419478676
7.71099999999933,0.104359641394629
7.71199999999953,0.101008701364663
7.71299999999974,0.0976209045639512
7.71399999999994,0.0941960298625381
7.71499999999924,0.0907345411068472
7.71599999999944,0.0872364166546757
7.71699999999964,0.0837022721185977
7.71799999999985,0.0801321541085992
7.71899999999914,0.0765257971137111
7.71999999999935,0.0728830820067801
7.72099999999955,0.069204281294859
7.72199999999975,0.0654906010719904
7.72299999999996,0.0617421496600348
7.72399999999925,0.0579589138715206
7.72499999999945,0.0541413976318775
7.72599999999966,0.0502902666149454
7.72699999999986,0.0464060748639422
7.72799999999916,0.0424886044110309
7.72899999999936,0.0385379938026786
7.72999999999956,0.0345549773188261
7.73099999999977,0.0305387641354637
7.73199999999997,0.0264893046410717
7.73299999999927,0.0224061658640542
7.73399999999947,0.0182887386322572
7.73499999999967,0.0141368162534549
7.73599999999988,0.00994987167206518
7.73699999999917,0.00572761627373856
7.73799999999937,0.00146981011063123
7.73899999999958,-0.00282411296805642
7.73999999999978,-0.00715549412359814
7.74099999999999,-0.011525076323765
7.74199999999928,-0.0159330781380388
7.74299999999948,-0.0203806154745597
7.74399999999969,-0.0248689143182131
7.74499999999989,-0.0293992136963701
7.74599999999919,-0.0339733202113806
7.74699999999939,-0.0385926055482569
7.74799999999959,-0.0432581467672808
7.7489999999998,-0.0479711846825993
7.75,-0.0527321437685384
7.75099999999929,-0.0575422216601561
7.7519999999995,-0.0624030226178234
7.7529999999997,-0.0673142270593074
7.75399999999991,-0.0722761603698623
7.7549999999992,-0.0772901902850351
7.7559999999994,-0.0823573178570506
7.75699999999961,-0.0874782675907209
7.75799999999981,-0.0926542113041413
7.75900000000001,-0.0978857367180443
7.75999999999931,-0.103172455277598
7.76099999999951,-0.108514349764345
7.76199999999972,-0.113910684790629
7.76299999999992,-0.119361199516904
7.76399999999921,-0.124866830791237
7.76499999999942,-0.130427574569181
7.76599999999962,-0.136042785131738
7.76699999999983,-0.141711897929379
7.76799999999912,-0.147434619603331
7.76899999999932,-0.153210509767718
7.76999999999953,-0.159038546713004
7.77099999999973,-0.164917147386295
7.77199999999993,-0.170845264705638
7.77299999999923,-0.176821338411495
7.77399999999943,-0.182843051035772
7.77499999999964,-0.188909101376035
7.77599999999984,-0.195017807294119
7.77699999999913,-0.201166664168666
7.77799999999934,-0.207353750679462
7.77899999999954,-0.213578097725502
7.77999999999975,-0.219837838411163
7.78099999999995,-0.226129443063793
7.78199999999924,-0.232450309785112
7.78299999999945,-0.238797809303231
7.78399999999965,-0.245169304956537
7.78499999999985,-0.251563297647557
7.78599999999915,-0.257977055090241
7.78699999999935,-0.264406690061546
7.78799999999956,-0.270848446012307
7.78899999999976,-0.277298578374331
7.78999999999996,-0.283754092783231
7.79099999999926,-0.290212216225303
7.79199999999946,-0.296669863497585
7.79299999999967,-0.303123656573909
7.79399999999987,-0.309569568931268
7.79499999999916,-0.316004650518488
7.79599999999937,-0.32242502770555
7.79699999999957,-0.328825113533843
7.79799999999977,-0.335200380423492
7.79899999999998,-0.341546975676303
7.79999999999927,-0.347860489390462
7.80099999999948,-0.354137285696959
7.80199999999968,-0.360374232599762
7.80299999999988,-0.366567561930108
7.80399999999918,-0.372712231514375
7.80499999999938,-0.378802026250545
7.80599999999959,-0.384830115403137
7.80699999999979,-0.390788285101427
7.80799999999999,-0.396666791873573
7.80899999999929,-0.402453505099979
7.80999999999949,-0.408134393655016
7.81099999999969,-0.413694814186226
7.8119999999999,-0.41911966433864
7.81299999999919,-0.424389326403083
7.8139999999994,-0.429481532478682
7.8149999999996,-0.434371542005036
7.8159999999998,-0.439033276198624
7.81700000000001,-0.443438736469902
7.8179999999993,-0.447556616574623
7.81899999999951,-0.451355365178997
7.81999999999971,-0.454801002566475
7.82099999999991,-0.457859950121879
7.82199999999921,-0.460498214231859
7.82299999999941,-0.462683411959235
7.82399999999961,-0.464379928212719
7.82499999999982,-0.465551011799216
7.82600000000002,-0.466159507248213
7.82699999999932,-0.466169546748313
7.82799999999952,-0.465547433404508
7.82899999999972,-0.464263218398131
7.82999999999993,-0.462304804061339
7.83099999999922,-0.459685399881231
7.83199999999943,-0.45644208946664
7.83299999999963,-0.452637694125783
7.83399999999983,-0.44835184289792
7.83499999999913,-0.443678862614528
7.83599999999933,-0.438712517329144
7.83699999999953,-0.43353677082088
7.83799999999974,-0.428219947073612
7.83899999999994,-0.422817061051473
7.83999999999924,-0.41737073062809
7.84099999999944,-0.411912162397407
7.84199999999964,-0.406463708313298
7.84299999999985,-0.401037452583585
7.84399999999914,-0.395638591720445
7.84499999999935,-0.390268191010391
7.84599999999955,-0.384925161274388
7.84699999999975,-0.379606572967335
7.84799999999996,-0.37430769194332
7.84899999999925,-0.369023048600792
7.84999999999945,-0.363747245405724
7.85099999999966,-0.358475151115187
7.85199999999986,-0.353198849152992
7.85299999999916,-0.347910937444692
7.85399999999936,-0.342607515435435
7.85499999999956,-0.337287088091818
7.85599999999977,-0.331949690760742
7.85699999999997,-0.326596553684545
7.85799999999927,-0.321230647808882
7.85899999999947,-0.315854446761177
7.85999999999967,-0.310470358387062
7.86099999999988,-0.305081766412971
7.86199999999917,-0.299691210873134
7.86299999999937,-0.294300898702577
7.86399999999958,-0.288912797434659
7.86499999999978,-0.283526849767941
7.86599999999999,-0.278141256546547
7.86699999999928,-0.272753189117141
7.86799999999948,-0.267358272163314
7.86899999999969,-0.261950564705822
7.86999999999989,-0.256523016134418
7.87099999999919,-0.251067809529793
7.87199999999939,-0.245577131123647
7.87299999999959,-0.240043606489776
7.8739999999998,-0.234459718793877
7.875,-0.22881936005207
7.87599999999929,-0.223118677629492
7.8769999999995,-0.217355875467656
7.8779999999997,-0.211531212814958
7.87899999999991,-0.205646410612658
7.8799999999992,-0.199703441102121
7.8809999999994,-0.193705674911331
7.88199999999961,-0.187658308645396
7.88299999999981,-0.181567819512113
7.88400000000001,-0.17544031037301
7.88499999999931,-0.169282366908012
7.88599999999951,-0.16310106239224
7.88699999999972,-0.156902698998538
7.88799999999992,-0.150692834074906
7.88899999999921,-0.14447708755236
7.88999999999942,-0.138260989577392
7.89099999999962,-0.13204878208099
7.89199999999983,-0.125843047065082
7.89299999999912,-0.119645516662159
7.89399999999932,-0.113457920856796
7.89499999999953,-0.107281434044476
7.89599999999973,-0.101116375552944
7.89699999999993,-0.0949627674957121
7.89799999999923,-0.0888202653967081
7.89899999999943,-0.082689275389066
7.89999999999964,-0.0765707432647365
7.90099999999984,-0.0704652357561593
7.90199999999913,-0.0643726818991728
7.90299999999934,-0.0582931836906988
7.90399999999954,-0.052228353700098
7.90499999999975,-0.0461799436641733
7.90599999999995,-0.040149099791325
7.90699999999924,-0.034137801463932
7.90799999999945,-0.0281479082263706
7.90899999999965,-0.0221810700172612
7.90999999999985,-0.0162382811085263
7.91099999999915,-0.0103214397850245
7.91199999999935,-0.00443235293941943
7.91299999999956,0.00142666260544996
7.91399999999976,0.00725369368322405
7.91499999999996,0.013048070952936
7.91599999999926,0.0188076428237876
7.91699999999946,0.0245305654135115
7.91799999999967,0.0302160237219373
7.91899999999987,0.0358629643265126
7.91999999999916,0.0414706048473162
7.92099999999937,0.0470389543567711
7.92199999999957,0.0525663272380637
7.92299999999977,0.0580496315728389
7.92399999999998,0.0634872874000784
7.92499999999927,0.0688781080013862
7.92599999999948,0.0742203042824545
7.92699999999968,0.0795121367471144
7.92799999999988,0.084751252758999
7.92899999999918,0.0899356265106977
7.92999999999938,0.0950648204424824
7.93099999999959,0.100138329406647
7.93199999999979,0.105154989590575
7.93299999999999,0.11011426140179
7.93399999999929,0.115015942364523
7.93499999999949,0.119860120894143
7.93599999999969,0.124646854836033
7.9369999999999,0.129376363144509
7.93799999999919,0.134048847444491
7.9389999999994,0.138663770501733
7.9399999999996,0.143220827015857
7.9409999999998,0.147718970261291
7.94200000000001,0.152156947208201
7.9429999999993,0.156535328500463
7.94399999999951,0.160853254277857
7.94499999999971,0.165109234621012
7.94599999999991,0.169301577998687
7.94699999999921,0.173429026248818
7.94799999999941,0.177490525266435
7.94899999999961,0.181484649046912
7.94999999999982,0.185410519716082
7.95100000000002,0.189265838923203
7.95199999999932,0.193049428523762
7.95299999999952,0.196760914173916
7.95399999999972,0.200399508290178
7.95499999999993,0.203964321686164
7.95599999999922,0.207454878217395
7.95699999999943,0.210871253692829
7.95799999999963,0.214211888604628
7.95899999999983,0.217476262201636
7.95999999999913,0.220664932182993
7.96099999999933,0.22377791153992
7.96199999999953,0.226814771677017
7.96299999999974,0.229773878367944
7.96399999999994,0.232654528173995
7.96499999999924,0.235457060431169
7.96599999999944,0.238181021701524
7.96699999999964,0.240825996320316
7.96799999999985,0.243390283957475
7.96899999999914,0.245871704709633
7.96999999999935,0.248269051904242
7.97099999999955,0.250582184003001
7.97199999999975,0.252809007009387
7.97299999999996,0.25494715614774
7.97399999999925,0.256995793602865
7.97499999999945,0.258952832477833
7.97599999999966,0.260816281207776
7.97699999999986,0.262585616502128
7.97799999999916,0.264259829028137
7.97899999999936,0.265837118888873
7.97999999999956,0.267315631130142
7.98099999999977,0.268694257718736
7.98199999999997,0.269971558106972
7.98299999999927,0.27114545313766
7.98399999999947,0.272216004980045
7.98499999999967,0.273182805629882
7.98599999999988,0.274044430401738
7.98699999999917,0.274800354922092
7.98799999999937,0.275449836397931
7.98899999999958,0.275991864842067
7.98999999999978,0.276425878075101
7.99099999999999,0.27675200058832
7.99199999999928,0.276969877031698
7.99299999999948,0.277078148967938
7.99399999999969,0.277075859265619
7.99499999999989,0.276962939288243
7.99599999999919,0.276739146175465
7.99699999999939,0.276404442829326
7.99799999999959,0.2759593282786
7.9989999999998,0.27540440767688
8,0.274739938249378
8.00099999999929,0.273965824121321
8.0019999999995,0.273082589025926
8.0029999999997,0.272090455341266
8.00399999999991,0.27099003858876
8.0049999999992,0.26978089488982
8.0059999999994,0.268462875860836
8.00699999999961,0.267037360389361
8.00799999999981,0.265506199889401
8.00900000000001,0.263870347164682
8.00999999999931,0.262131019477817
8.01099999999951,0.260288709790308
8.01199999999972,0.258344840224984
8.01299999999992,0.256301122581028
8.01399999999921,0.254159793273767
8.01499999999942,0.251921698164753
8.01599999999962,0.249588394748337
8.01699999999983,0.247161875310527
8.01799999999912,0.244643949318324
8.01899999999932,0.242037486188459
8.01999999999953,0.239346020324917
8.02099999999973,0.236570865018104
8.02199999999993,0.233714059222837
8.02299999999923,0.230779577938395
8.02399999999943,0.227770397402881
8.02499999999964,0.224689128355213
8.02599999999984,0.221536721731486
8.02699999999913,0.218315901212124
8.02799999999934,0.215029514438638
8.02899999999954,0.211678684366744
8.02999999999975,0.208264376084522
8.03099999999995,0.204788038770833
8.03199999999924,0.20125081414006
8.03299999999945,0.197653795979009
8.03399999999965,0.193999111790668
8.03499999999985,0.190287923805227
8.03599999999915,0.186521205474454
8.03699999999935,0.182699918751047
8.03799999999956,0.178824045631033
8.03899999999976,0.17489497553461
8.03999999999996,0.170913145111477
8.04099999999926,0.166880737863461
8.04199999999946,0.162800127273719
8.04299999999967,0.15867159353959
8.04399999999987,0.154496383810105
8.04499999999916,0.15027691152536
8.04599999999937,0.146015532934129
8.04699999999957,0.141714372619062
8.04799999999977,0.137375666958198
8.04899999999998,0.133001064082254
8.04999999999927,0.128592798728752
8.05099999999948,0.124153621070818
8.05199999999968,0.119685013341691
8.05299999999988,0.115189392751273
8.05399999999918,0.110669385499096
8.05499999999938,0.106126244702297
8.05599999999959,0.101561809865867
8.05699999999979,0.0969780756092216
8.05799999999999,0.0923764420420721
8.05899999999929,0.0877586847733713
8.05999999999949,0.0831272509094596
8.06099999999969,0.0784848541778487
8.0619999999999,0.0738332228109202
8.06299999999919,0.0691741163760778
8.0639999999994,0.0645081376309921
8.0649999999996,0.059836784923638
8.0659999999998,0.0551610247338775
8.06700000000001,0.0504809789025965
8.0679999999993,0.0457973534328376
8.06899999999951,0.0411115629451049
8.06999999999971,0.0364252006547182
8.07099999999991,0.0317394774183261
8.07199999999921,0.0270548047532
8.07299999999941,0.0223707699994021
8.07399999999961,0.0176877102018382
8.07499999999982,0.0130056861513882
8.07600000000002,0.00832524811266137
8.07699999999932,0.00364743554458159
8.07799999999952,-0.00102702930402683
8.07899999999972,-0.00569823731035482
8.07999999999993,-0.0103661607709766
8.08099999999922,-0.0150315792476045
8.08199999999943,-0.0196942648716116
8.08299999999963,-0.024353887158868
8.08399999999983,-0.0290100107225307
8.08499999999913,-0.0336633940661378
8.08599999999933,-0.0383145304442167
8.08699999999953,-0.0429634240262877
8.08799999999974,-0.0476108131271678
8.08899999999994,-0.0522564794686506
8.08999999999924,-0.0569006750273262
8.09099999999944,-0.0615441023547482
8.09199999999964,-0.0661886515735501
8.09299999999985,-0.0708351514458574
8.09399999999914,-0.0754840859241143
8.09499999999935,-0.0801369522717819
8.09599999999955,-0.0847944957866064
8.09699999999975,-0.0894582099616217
8.09799999999996,-0.0941307599782888
8.09899999999925,-0.0988125053692568
8.09999999999945,-0.103504819254408
8.10099999999966,-0.108209737273251
8.10199999999986,-0.11292896827132
8.10299999999916,-0.117665143322561
8.10399999999936,-0.122420431925018
8.10499999999956,-0.127197311149592
8.10599999999977,-0.131996884729623
8.10699999999997,-0.136821215658783
8.10799999999927,-0.141672080138527
8.10899999999947,-0.146550901964941
8.10999999999967,-0.151458684876286
8.11099999999988,-0.156396347242986
8.11199999999917,-0.161364006841566
8.11299999999937,-0.16636137193686
8.11399999999958,-0.171387871861715
8.11499999999978,-0.17644405222115
8.11599999999999,-0.181529366600262
8.11699999999928,-0.186643301107759
8.11799999999948,-0.191785032727839
8.11899999999969,-0.196953662193586
8.11999999999989,-0.202146885644604
8.12099999999919,-0.207362893372411
8.12199999999939,-0.212600758837262
8.12299999999959,-0.217859281527305
8.1239999999998,-0.223136884169582
8.125,-0.228431167872182
8.12599999999929,-0.233740668207535
8.1269999999995,-0.239062428387463
8.1279999999997,-0.244394187976631
8.12899999999991,-0.249734035434848
8.1299999999992,-0.255080199666787
8.1309999999994,-0.260429136786201
8.13199999999961,-0.265778883244551
8.13299999999981,-0.271126310111592
8.13400000000001,-0.276467511188852
8.13499999999931,-0.281798723559354
8.13599999999951,-0.287115651966315
8.13699999999972,-0.292413805273066
8.13799999999992,-0.297687188537166
8.13899999999921,-0.302931203397265
8.13999999999942,-0.308140465084192
8.14099999999962,-0.313308380228423
8.14199999999983,-0.318426707976845
8.14299999999912,-0.323488685136337
8.14399999999932,-0.328483222195311
8.14499999999953,-0.33339771850355
8.14599999999973,-0.338219144344581
8.14699999999993,-0.34292873361879
8.14799999999923,-0.347508486005416
8.14899999999943,-0.35193444672955
8.14999999999964,-0.356183372840002
8.15099999999984,-0.360226348991556
8.15199999999913,-0.364035850320894
8.15299999999934,-0.367582554325035
8.15399999999954,-0.370840623985064
8.15499999999975,-0.373784083669036
8.15599999999995,-0.376391034493666
8.15699999999924,-0.378639477372796
8.15799999999945,-0.380507055243739
8.15899999999965,-0.381978112629672
8.15999999999985,-0.383040493208487
8.16099999999915,-0.383684945280153
8.16199999999935,-0.383905996329106
8.16299999999956,-0.383703057888462
8.16399999999976,-0.383083630843489
8.16499999999996,-0.382060590745652
8.16599999999926,-0.380656075915987
8.16699999999946,-0.378899548653639
8.16799999999967,-0.376830951376858
8.16899999999987,-0.374493637433185
8.16999999999916,-0.371925619333387
8.17099999999937,-0.369163625917003
8.17199999999957,-0.366237049085126
8.17299999999977,-0.363171865033155
8.17399999999998,-0.359986018909085
8.17499999999927,-0.356692709508265
8.17599999999948,-0.353299842265462
8.17699999999968,-0.34981039223556
8.17799999999988,-0.346225308580759
8.17899999999918,-0.342542050047085
8.17999999999938,-0.338756175855483
8.18099999999959,-0.334862866187688
8.18199999999979,-0.330855994800913
8.18299999999999,-0.326732113491407
8.18399999999929,-0.322489141616839
8.18499999999949,-0.318127255048792
8.18599999999969,-0.313649988332768
8.1869999999999,-0.309063373212487
8.18799999999919,-0.304377224552281
8.1889999999994,-0.299600894244552
8.1899999999996,-0.294744066417771
8.1909999999998,-0.289817583932428
8.19200000000001,-0.284832318182948
8.1929999999993,-0.279796521950312
8.19399999999951,-0.274719707090979
8.19499999999971,-0.269611968694067
8.19599999999991,-0.264481597119927
8.19699999999921,-0.259335191007393
8.19799999999941,-0.254179439378746
8.19899999999961,-0.249019893220386
8.19999999999982,-0.243858431629331
8.20100000000002,-0.238696379654478
8.20199999999932,-0.233531467312569
8.20299999999952,-0.2283627426962
8.20399999999972,-0.223188397617374
8.20499999999993,-0.218006540883048
8.20599999999922,-0.212814150013165
8.20699999999943,-0.207607387146307
8.20799999999963,-0.202382721147317
8.20899999999983,-0.197137754427321
8.20999999999913,-0.191869518133084
8.21099999999933,-0.186575253286663
8.21199999999953,-0.181253777571506
8.21299999999974,-0.175904865377674
8.21399999999994,-0.170528351117706
8.21499999999924,-0.165123910419122
8.21599999999944,-0.159692386976493
8.21699999999964,-0.154235024303369
8.21799999999985,-0.148753703097346
8.21899999999914,-0.143252627478313
8.21999999999935,-0.137733585979435
8.22099999999955,-0.132197036207154
8.22199999999975,-0.126644377987641
8.22299999999996,-0.121076857372545
8.22399999999925,-0.115496126058403
8.22499999999945,-0.109902518332431
8.22599999999966,-0.104297543634286
8.22699999999986,-0.0986834515139879
8.22799999999916,-0.0930624055252902
8.22899999999936,-0.0874372380230349
8.22999999999956,-0.0818097063450881
8.23099999999977,-0.0761794327445255
8.23199999999997,-0.0705490447581654
8.23299999999927,-0.0649196407613217
8.23399999999947,-0.0592922599530521
8.23499999999967,-0.0536685189809806
8.23599999999988,-0.048050577093567
8.23699999999917,-0.0424387858191154
8.23799999999937,-0.0368339731575127
8.23899999999958,-0.0312362762924128
8.23999999999978,-0.0256470522492708
8.24099999999999,-0.0200668784418739
8.24199999999928,-0.0144981136343532
8.24299999999948,-0.00894227905030733
8.24399999999969,-0.00340112633934146
8.24499999999989,0.00212487538963531
8.24599999999919,0.00763357876004862
8.24699999999939,0.0131232381475199
8.24799999999959,0.0185920983598172
8.2489999999998,0.0240393706622581
8.25,0.0294651777898961
8.25099999999929,0.0348695107049911
8.2519999999995,0.0402502248656169
8.2529999999997,0.0456075140606959
8.25399999999991,0.0509405030420505
8.2549999999992,0.0562500791950353
8.2559999999994,0.0615353374182594
8.25699999999961,0.0667972744673808
8.25799999999981,0.0720363137049537
8.25900000000001,0.0772531021088915
8.25999999999931,0.0824479818466318
8.26099999999951,0.0876200131385261
8.26199999999972,0.0927687786463124
8.26299999999992,0.0978934582224309
8.26399999999921,0.102991068170761
8.26499999999942,0.108060187561248
8.26599999999962,0.113098693422561
8.26699999999983,0.1181041156287
8.26799999999912,0.123074408428465
8.26899999999932,0.128006774052216
8.26999999999953,0.132899468221776
8.27099999999973,0.137750170524099
8.27199999999993,0.142555538664404
8.27299999999923,0.147314188835983
8.27399999999943,0.152025840017419
8.27499999999964,0.15668777021185
8.27599999999984,0.161298209077689
8.27699999999913,0.16585574243865
8.27799999999934,0.170359119042955
8.27899999999954,0.1748080742346
8.27999999999975,0.179201847009493
8.28099999999995,0.183540690270478
8.28199999999924,0.187821992190994
8.28299999999945,0.192044598375846
8.28399999999965,0.196208106238843
8.28499999999985,0.20031152933743
8.28599999999915,0.204353831624305
8.28699999999935,0.208334110958825
8.28799999999956,0.212250357810421
8.28899999999976,0.21610175476397
8.28999999999996,0.219888080059889
8.29099999999926,0.223608001796483
8.29199999999946,0.22725980590961
8.29299999999967,0.230841989175615
8.29399999999987,0.234355017377393
8.29499999999916,0.23779842491891
8.29599999999937,0.241172870686628
8.29699999999957,0.24447788527063
8.29799999999977,0.247713100077994
8.29899999999998,0.250877311361136
8.29999999999927,0.25397003427762
8.30099999999948,0.256990873190105
8.30199999999968,0.25993894176887
8.30299999999988,0.262812379529733
8.30399999999918,0.265611104017798
8.30499999999938,0.268334806373818
8.30599999999959,0.270981923851201
8.30699999999979,0.273549972925108
8.30799999999999,0.276036863166984
8.30899999999929,0.278441598553278
8.30999999999949,0.280762753927584
8.31099999999969,0.283000199208801
8.3119999999999,0.285154603293614
8.31299999999919,0.287224643981979
8.3139999999994,0.289208869846331
8.3149999999996,0.291106268115997
8.3159999999998,0.29291540227461
8.31700000000001,0.294635550100687
8.3179999999993,0.296265651307245
8.31899999999951,0.297805584458653
8.31999999999971,0.299255441996594
8.32099999999991,0.300613288701939
8.32199999999921,0.301878576226118
8.32299999999941,0.303049403361036
8.32399999999961,0.304125273030367
8.32499999999982,0.305106965187216
8.32600000000002,0.305992556455354
8.32699999999932,0.306781381744255
8.32799999999952,0.307474242705901
8.32899999999972,0.30807119683925
8.32999999999993,0.30857108740611
8.33099999999922,0.308973631181019
8.33199999999943,0.309278253058711
8.33299999999963,0.309483038250294
8.33399999999983,0.309586567035124
8.33499999999913,0.30958745787685
8.33599999999933,0.3094857720614
8.33699999999953,0.309280415203367
8.33799999999974,0.308970618799363
8.33899999999994,0.308557002879586
8.33999999999924,0.308039120455901
8.34099999999944,0.307415482622895
8.34199999999964,0.306686885597488
8.34299999999985,0.305853495960974
8.34399999999914,0.304914487477955
8.34499999999935,0.303868452863529
8.34599999999955,0.302716725995153
8.34699999999975,0.301458823866062
8.34799999999996,0.30009473018502
8.34899999999925,0.298624927260221
8.34999999999945,0.297050158402279
8.35099999999966,0.295370817972661
8.35199999999986,0.293589616121039
8.35299999999916,0.291708765472131
8.35399999999936,0.289729728682305
8.35499999999956,0.287654782406112
8.35599999999977,0.285488489525729
8.35699999999997,0.283232536350846
8.35799999999927,0.280888780105198
8.35899999999947,0.278459959735551
8.35999999999967,0.275948129549434
8.36099999999988,0.273356259624255
8.36199999999917,0.270687631922607
8.36299999999937,0.267945171160414
8.36399999999958,0.26513224731601
8.36499999999978,0.262252921883846
8.36599999999999,0.259309613236152
8.36699999999928,0.25630579299063
8.36799999999948,0.253242751026325
8.36899999999969,0.250124821363657
8.36999999999989,0.246954784503106
8.37099999999919,0.243736964481217
8.37199999999939,0.240475957223732
8.37299999999959,0.237172729195166
8.3739999999998,0.233829922719855
8.375,0.230451121334688
8.37599999999929,0.227038950966733
8.3769999999995,0.223595392163267
8.3779999999997,0.220123445715802
8.37899999999991,0.216626601318177
8.3799999999992,0.213107390352986
8.3809999999994,0.20956797938031
8.38199999999961,0.206010981253193
8.38299999999981,0.202438639808447
8.38400000000001,0.198852936798767
8.38499999999931,0.195256247798496
8.38599999999951,0.191651648151677
8.38699999999972,0.18804022628262
8.38799999999992,0.184423324788421
8.38899999999921,0.180802666535745
8.38999999999942,0.177180161952738
8.39099999999962,0.173556194597072
8.39199999999983,0.169932207354969
8.39299999999912,0.166308389397014
8.39399999999932,0.162684581635761
8.39499999999953,0.159062485967129
8.39599999999973,0.15544151933305
8.39699999999993,0.151822132251752
8.39799999999923,0.148203798022785
8.39899999999943,0.144586479779073
8.39999999999964,0.140970856026641
8.40099999999984,0.137357337701701
8.40199999999913,0.133745633366085
8.40299999999934,0.130135312075977
8.40399999999954,0.126526407509063
8.40499999999975,0.122918511020133
8.40599999999995,0.119311698767657
8.40699999999924,0.11570546906542
8.40799999999945,0.112099458266555
8.40899999999965,0.108492274268748
8.40999999999985,0.104883950284111
8.41099999999915,0.101272401872153
8.41199999999935,0.0976565219473127
8.41299999999956,0.0940348619155519
8.41399999999976,0.0904066288010621
8.41499999999996,0.0867698816478713
8.41599999999926,0.0831234040877909
8.41699999999946,0.0794645182453178
8.41799999999967,0.0757898739684444
8.41899999999987,0.0720964392282897
8.41999999999916,0.0683824095572776
8.42099999999937,0.0646445233428093
8.42199999999957,0.0608802013705357
8.42299999999977,0.0570844020021903
8.42399999999998,0.0532538285284617
8.42499999999927,0.0493847718441767
8.42599999999948,0.0454753445234097
8.42699999999968,0.0415228499888747
8.42799999999988,0.0375247338682976
8.42899999999918,0.0334775795485949
8.42999999999938,0.0293789905704483
8.43099999999959,0.0252270094408554
8.43199999999979,0.0210205510696507
8.43299999999999,0.0167566574408495
8.43399999999929,0.0124330504632321
8.43499999999949,0.00804678073792926
8.43599999999969,0.00359746455214172
8.4369999999999,-0.000915156804241743
8.43799999999919,-0.00549163761611726
8.4389999999994,-0.010133828452459
8.4399999999996,-0.0148425381255523
8.4409999999998,-0.0196172469065238
8.44200000000001,-0.0244574896336113
8.4429999999993,-0.0293627263013772
8.44399999999951,-0.034332501906979
8.44499999999971,-0.0393663028159903
8.44599999999991,-0.0444631601537741
8.44699999999921,-0.0496222503486307
8.44799999999941,-0.0548418618951031
8.44899999999961,-0.0601198885330702
8.44999999999982,-0.0654569916138034
8.45100000000002,-0.0708499909594879
8.45199999999932,-0.0762973777825509
8.45299999999952,-0.0817979722053011
8.45399999999972,-0.0873483989262916
8.45499999999993,-0.0929470654929031
8.45599999999922,-0.0985897241798506
8.45699999999943,-0.10427567057515
8.45799999999963,-0.11000092375569
8.45899999999983,-0.115761777327874
8.45999999999913,-0.121557389724809
8.46099999999933,-0.127383821537659
8.46199999999953,-0.133238913558362
8.46299999999974,-0.139120929218557
8.46399999999994,-0.145026961446141
8.46499999999924,-0.150952814644284
8.46599999999944,-0.156894308534616
8.46699999999964,-0.162847826120215
8.46799999999985,-0.168811025982431
8.46899999999914,-0.17477964109582
8.46999999999935,-0.180749824833578
8.47099999999955,-0.186717744101483
8.47199999999975,-0.192680338305844
8.47299999999996,-0.198634450556454
8.47399999999925,-0.204575346802843
8.47499999999945,-0.210499358872553
8.47599999999966,-0.216401406679988
8.47699999999986,-0.222276033542483
8.47799999999916,-0.228117678206619
8.47899999999936,-0.233921334505787
8.47999999999956,-0.239679255902263
8.48099999999977,-0.245385910038211
8.48199999999997,-0.251030918430452
8.48299999999927,-0.256604768708763
8.48399999999947,-0.262096431019983
8.48499999999967,-0.267489856939639
8.48599999999988,-0.272772635696901
8.48699999999917,-0.27792853141163
8.48799999999937,-0.28294306937711
8.48899999999958,-0.287796826631367
8.48999999999978,-0.2924701909659
8.49099999999999,-0.296940240083825
8.49199999999928,-0.301185738637481
8.49299999999948,-0.305178589022415
8.49399999999969,-0.308895239569586
8.49499999999989,-0.312298481255587
8.49599999999919,-0.315343927966125
8.49699999999939,-0.317990780910664
8.49799999999959,-0.320187990319824
8.4989999999998,-0.321892511186655
8.5,-0.323063076152036
8.50099999999929,-0.323677254542002
8.5019999999995,-0.323736238301732
8.5029999999997,-0.323266064551212
8.50399999999991,-0.32232616655969
8.5049999999992,-0.320987448739479
8.5059999999994,-0.319341751660747
8.50699999999961,-0.317460468645693
8.50799999999981,-0.315413341617383
8.50900000000001,-0.313254945607739
8.50999999999931,-0.311020587750087
8.51099999999951,-0.308741027923756
8.51199999999972,-0.306434969756086
8.51299999999992,-0.304110672413726
8.51399999999921,-0.301769541584638
8.51499999999942,-0.299408633666249
8.51599999999962,-0.297024081174975
8.51699999999983,-0.294607880986723
8.51799999999912,-0.29214993982763
8.51899999999932,-0.289638895873664
8.51999999999953,-0.287065881731759
8.52099999999973,-0.284425228138731
8.52199999999993,-0.281713303065024
8.52299999999923,-0.278927812895441
8.52399999999943,-0.276067891034084
8.52499999999964,-0.273137251359862
8.52599999999984,-0.27014445431351
8.52699999999913,-0.267094375464444
8.52799999999934,-0.263993008137786
8.52899999999954,-0.260847029689378
8.52999999999975,-0.257660969029752
8.53099999999995,-0.254441261333233
8.53199999999924,-0.251190498181521
8.53299999999945,-0.247912971891403
8.53399999999965,-0.244608421902503
8.53499999999985,-0.241276471865396
8.53599999999915,-0.237915914432129
8.53699999999935,-0.234525466392985
8.53799999999956,-0.23110412961983
8.53899999999976,-0.227650224851093
8.53999999999996,-0.224161550621096
8.54099999999926,-0.220636453195781
8.54199999999946,-0.217072912624641
8.54299999999967,-0.213465764782616
8.54399999999987,-0.209814352059111
8.54499999999916,-0.206117829467405
8.54599999999937,-0.202376168620885
8.54699999999957,-0.198587302049683
8.54799999999977,-0.194751487214507
8.54899999999998,-0.190868158373924
8.54999999999927,-0.186936808812767
8.55099999999948,-0.182957036676317
8.55199999999968,-0.178928661197513
8.55299999999988,-0.174852433879292
8.55399999999918,-0.170728581037571
8.55499999999938,-0.166556442163217
8.55599999999959,-0.162336420461616
8.55699999999979,-0.158068884545813
8.55799999999999,-0.153755067756992
8.55899999999929,-0.149394631869955
8.55999999999949,-0.144988278511098
8.56099999999969,-0.140537064904732
8.5619999999999,-0.136040881972552
8.56299999999919,-0.131501608839861
8.5639999999994,-0.126921498813563
8.5649999999996,-0.122303417328543
8.5659999999998,-0.117649621741928
8.56700000000001,-0.112962368123381
8.5679999999993,-0.108242996177076
8.56899999999951,-0.103494921899915
8.56999999999971,-0.0987197129914826
8.57099999999991,-0.0939191022919832
8.57199999999921,-0.0890961348033268
8.57299999999941,-0.0842531776003763
8.57399999999961,-0.0793930657458749
8.57499999999982,-0.0745181132019859
8.57600000000002,-0.0696297572275396
8.57699999999932,-0.064730075835812
8.57799999999952,-0.0598203974669535
8.57899999999972,-0.0549003614581663
8.57999999999993,-0.0499714207365137
8.58099999999922,-0.0450353259945923
8.58199999999943,-0.0400910855069124
8.58299999999963,-0.0351392149950221
8.58399999999983,-0.0301810701739039
8.58499999999913,-0.0252182376357184
8.58599999999933,-0.0202518217211807
8.58699999999953,-0.0152844838317657
8.58799999999974,-0.0103162363634105
8.58899999999994,-0.00534793488417966
8.58999999999924,-0.000379034559654406
8.59099999999944,0.00458876780280643
8.59199999999964,0.00955362862477838
8.59299999999985,0.0145153652165903
8.59399999999914,0.0194727955838691
8.59499999999935,0.0244250229202132
8.59599999999955,0.0293707539202944
8.59699999999975,0.034309886298276
8.59799999999996,0.0392405279933947
8.59899999999925,0.0441631832449022
8.59999999999945,0.0490766588024416
8.60099999999966,0.0539817810043041
8.60199999999986,0.0588757958756093
8.60299999999916,0.0637599962103537
8.60399999999936,0.0686334992322587
8.60499999999956,0.0734966827516693
8.60599999999977,0.0783496404692175
8.60699999999997,0.0831915176926853
8.60799999999927,0.0880195931257689
8.60899999999947,0.0928336609447069
8.60999999999967,0.0976333655958175
8.61099999999988,0.102415551638211
8.61199999999917,0.107179491236497
8.61299999999937,0.111922347651721
8.61399999999958,0.116642472001668
8.61499999999978,0.121335749325045
8.61599999999999,0.126001250674872
8.61699999999928,0.130637589576227
8.61799999999948,0.135241606313873
8.61899999999969,0.139813105971217
8.61999999999989,0.144350836846865
8.62099999999919,0.148854028174747
8.62199999999939,0.153324957976123
8.62299999999959,0.157763488125144
8.6239999999998,0.162171087040024
8.625,0.166547098716015
8.62599999999929,0.170890660543616
8.6269999999995,0.175200110112542
8.6279999999997,0.179474292799075
8.62899999999991,0.183711709538394
8.6299999999992,0.18791006385923
8.6309999999994,0.192067123021181
8.63199999999961,0.19618098126878
8.63299999999981,0.200249202247974
8.63400000000001,0.204267663125327
8.63499999999931,0.208232592849415
8.63599999999951,0.212141654594201
8.63699999999972,0.215992184230757
8.63799999999992,0.219781932333992
8.63899999999921,0.223509510813968
8.63999999999942,0.22717111132312
8.64099999999962,0.230764584743897
8.64199999999983,0.234288303249885
8.64299999999912,0.237740816324476
8.64399999999932,0.24112036073117
8.64499999999953,0.244425988213618
8.64599999999973,0.247655845432633
8.64699999999993,0.250808670369382
8.64799999999923,0.253882427235395
8.64899999999943,0.256876548014887
8.64999999999964,0.259789866225485
8.65099999999984,0.262620333973941
8.65199999999913,0.265366278438974
8.65299999999934,0.268025549392978
8.65399999999954,0.270597147539141
8.65499999999975,0.273078586989814
8.65599999999995,0.275468990556407
8.65699999999924,0.277766704651871
8.65799999999945,0.279968991397097
8.65899999999965,0.282073390876225
8.65999999999985,0.284078889252559
8.66099999999915,0.285983899636124
8.66199999999935,0.287785758540864
8.66299999999956,0.289481779849444
8.66399999999976,0.291071308718559
8.66499999999996,0.292552683460042
8.66599999999926,0.293924095959678
8.66699999999946,0.295184207513027
8.66799999999967,0.296332106695825
8.66899999999987,0.297367414399771
8.66999999999916,0.298288369183447
8.67099999999937,0.299094145402941
8.67199999999957,0.299784536155284
8.67299999999977,0.300358770761221
8.67399999999998,0.300814865354948
8.67499999999927,0.301152965427128
8.67599999999948,0.301372264530749
8.67699999999968,0.301471261420753
8.67799999999988,0.301450461741576
8.67899999999918,0.301309054833616
8.67999999999938,0.301047393563869
8.68099999999959,0.300665812456943
8.68199999999979,0.300164040542637
8.68299999999999,0.299542949444696
8.68399999999929,0.298801660184982
8.68499999999949,0.297940473200358
8.68599999999969,0.296960883815243
8.6869999999999,0.295863649291903
8.68799999999919,0.29464907273765
8.6889999999994,0.293318487945674
8.6899999999996,0.291873888967576
8.6909999999998,0.290315380355155
8.69200000000001,0.288644996934019
8.6929999999993,0.28686461786174
8.69399999999951,0.28497751250644
8.69499999999971,0.282987206429745
8.69599999999991,0.280896136357741
8.69699999999921,0.278707615056469
8.69799999999941,0.276424015640468
8.69899999999961,0.274048161365767
8.69999999999982,0.271583366255303
8.70100000000002,0.269034350905305
8.70199999999932,0.266404739005125
8.70299999999952,0.263698838241054
8.70399999999972,0.260920512847586
8.70499999999993,0.25807340551339
8.70599999999922,0.255160108459085
8.70699999999943,0.252184511315183
8.70799999999963,0.249150391920114
8.70899999999983,0.246060717255783
8.70999999999913,0.242918095801084
8.71099999999933,0.239724539906858
8.71199999999953,0.23648228079668
8.71299999999974,0.233191573152823
8.71399999999994,0.229853552168545
8.71499999999924,0.226469966942323
8.71599999999944,0.223041769421088
8.71699999999964,0.219568713936429
8.71799999999985,0.216050709986372
8.71899999999914,0.212488586824439
8.71999999999935,0.20888386122015
8.72099999999955,0.205236009278709
8.72199999999975,0.201547232013172
8.72299999999996,0.197818535230842
8.72399999999925,0.194050371053463
8.72499999999945,0.190243532790727
8.72599999999966,0.186399679335765
8.72699999999986,0.182518548936739
8.72799999999916,0.17860051472374
8.72899999999936,0.174646779605562
8.72999999999956,0.170658589028585
8.73099999999977,0.166636515444741
8.73199999999997,0.162580973778678
8.73299999999927,0.158491237699628
8.73399999999947,0.154368998574524
8.73499999999967,0.150212571438819
8.73599999999988,0.146021844696375
8.73699999999917,0.141797157812331
8.73799999999937,0.137539006824954
8.73899999999958,0.133247711194197
8.73999999999978,0.128923040150313
8.74099999999999,0.124565402651415
8.74199999999928,0.120173172624277
8.74299999999948,0.115747134182054
8.74399999999969,0.111288145894168
8.74499999999989,0.10679647296513
8.74599999999919,0.102272403882388
8.74699999999939,0.0977154846042629
8.74799999999959,0.0931270051575314
8.7489999999998,0.0885064502765606
8.75,0.0838536485654874
8.75099999999929,0.0791689959019436
8.7519999999995,0.0744529820469082
8.7529999999997,0.0697053734959763
8.75399999999991,0.0649283178439677
8.7549999999992,0.0601219056706314
8.7559999999994,0.0552853249461681
8.75699999999961,0.0504196580095571
8.75799999999981,0.0455259484287343
8.75900000000001,0.0406040029163689
8.75999999999931,0.0356532837201558
8.76099999999951,0.0306741879343214
8.76199999999972,0.0256671960783433
8.76299999999992,0.0206336241887048
8.76399999999921,0.0155717330128047
8.76499999999942,0.0104817324580612
8.76599999999962,0.00536437221031087
8.76699999999983,0.000218364469366322
8.76799999999912,-0.00495592807921501
8.76899999999932,-0.0101575004256375
8.76999999999953,-0.0153861057647801
8.77099999999973,-0.020641998283225
8.77199999999993,-0.0259257031695503
8.77299999999923,-0.0312363425782055
8.77399999999943,-0.0365754157974954
8.77499999999964,-0.0419424776219169
8.77599999999984,-0.0473383755683326
8.77699999999913,-0.0527632205816943
8.77799999999934,-0.0582173565610858
8.77899999999954,-0.0637000390376659
8.77999999999975,-0.0692122805042181
8.78099999999995,-0.0747544330380127
8.78199999999924,-0.0803268712729754
8.78299999999945,-0.0859299539332858
8.78399999999965,-0.0915644570265205
8.78499999999985,-0.097230802792936
8.78599999999915,-0.102930141997347
8.78699999999935,-0.108662717662042
8.78799999999956,-0.114428245252591
8.78899999999976,-0.120227967565244
8.78999999999996,-0.126062714529287
8.79099999999926,-0.131931948502702
8.79199999999946,-0.137836639830764
8.79299999999967,-0.143775552998928
8.79399999999987,-0.149748657865948
8.79499999999916,-0.155755319883387
8.79599999999937,-0.161795542240049
8.79699999999957,-0.1678705954279
8.79799999999977,-0.173980254725638
8.79899999999998,-0.180122601343837
8.79999999999927,-0.186297338703213
8.80099999999948,-0.192503351181664
8.80199999999968,-0.198740258582989
8.80299999999988,-0.20500742449872
8.80399999999918,-0.211303130828465
8.80499999999938,-0.217625843108555
8.80599999999959,-0.22397347440576
8.80699999999979,-0.230345916638097
8.80799999999999,-0.236739183558134
8.80899999999929,-0.24315171423269
8.80999999999949,-0.249580537959597
8.81099999999969,-0.256023437714852
8.8119999999999,-0.26247810942256
8.81299999999919,-0.268942283325274
8.8139999999994,-0.275414092499436
8.8149999999996,-0.281887998203474
8.8159999999998,-0.288361827859547
8.81700000000001,-0.294833272207412
8.8179999999993,-0.301296797853333
8.81899999999951,-0.307749010396214
8.81999999999971,-0.314186163853098
8.82099999999991,-0.320603805517758
8.82199999999921,-0.326997587213328
8.82299999999941,-0.333364271016323
8.82399999999961,-0.339701029272153
8.82499999999982,-0.346005605826353
8.82600000000002,-0.352274214218246
8.82699999999932,-0.358504007032644
8.82799999999952,-0.364691560096391
8.82899999999972,-0.370835060497663
8.82999999999993,-0.37693400839442
8.83099999999922,-0.382986647751803
8.83199999999943,-0.388993792119618
8.83299999999963,-0.394956024258152
8.83399999999983,-0.400875510826287
8.83499999999913,-0.40675254848289
8.83599999999933,-0.412588361620778
8.83699999999953,-0.418384307145817
8.83799999999974,-0.424143347021424
8.83899999999994,-0.429865531825933
8.83999999999924,-0.435550278569295
8.84099999999944,-0.441195390103029
8.84199999999964,-0.446795544623562
8.84299999999985,-0.452340552120786
8.84399999999914,-0.457816341384506
8.84499999999935,-0.463206697623973
8.84599999999955,-0.468486770280392
8.84699999999975,-0.473627966211763
8.84799999999996,-0.478600673330867
8.84899999999925,-0.483364123894548
8.84999999999945,-0.487874473963316
8.85099999999966,-0.492074418492197
8.85199999999986,-0.495908494578187
8.85299999999916,-0.499329074339723
8.85399999999936,-0.502295237286277
8.85499999999956,-0.504770783461191
8.85599999999977,-0.506738042212464
8.85699999999997,-0.508193521214822
8.85799999999927,-0.509154854752157
8.85899999999947,-0.509654587364728
8.85999999999967,-0.509744581852023
8.86099999999988,-0.509480641751084
8.86199999999917,-0.508936278997407
8.86299999999937,-0.508176150394656
8.86399999999958,-0.507270056554933
8.86499999999978,-0.506272608543441
8.86599999999999,-0.505234064994369
8.86699999999928,-0.504185615456604
8.86799999999948,-0.503151355747167
8.86899999999969,-0.50214182162529
8.86999999999989,-0.501150255854824
8.87099999999919,-0.500161006070347
8.87199999999939,-0.499150819176718
8.87299999999959,-0.498085047833278
8.8739999999998,-0.496928768414156
8.875,-0.495638392666425
8.87599999999929,-0.494173150854383
8.8769999999995,-0.49248737387358
8.8779999999997,-0.490542091700158
8.87899999999991,-0.48829562627224
8.8799999999992,-0.485718642714169
8.8809999999994,-0.482787499505326
8.88199999999961,-0.479491220221579
8.88299999999981,-0.475829126644848
8.88400000000001,-0.471812657780147
8.88499999999931,-0.467459933508362
8.88599999999951,-0.462798838819662
8.88699999999972,-0.457860370070066
8.88799999999992,-0.452680290817964
8.88899999999921,-0.447290541400084
8.88999999999942,-0.441726453884094
8.89099999999962,-0.436017228149551
8.89199999999983,-0.430190519137834
8.89299999999912,-0.424268295712791
8.89399999999932,-0.418270310950211
8.89499999999953,-0.412211334415398
8.89599999999973,-0.406100549591069
8.89699999999993,-0.399944359434654
8.89799999999923,-0.393747597482481
8.89899999999943,-0.38751186612357
8.89999999999964,-0.381237943319906
8.90099999999984,-0.374925011169955
8.90199999999913,-0.368572869811782
8.90299999999934,-0.362178663927985
8.90399999999954,-0.355738993250377
8.90499999999975,-0.349250845003519
8.90599999999995,-0.342710895110354
8.90699999999924,-0.336115483249385
8.90799999999945,-0.329462719267987
8.90899999999965,-0.322749439103968
8.90999999999985,-0.315973123084978
8.91099999999915,-0.309131482512254
8.91199999999935,-0.30222528722733
8.91299999999956,-0.295255941465934
8.91399999999976,-0.288225246120074
8.91499999999996,-0.281135774078208
8.91599999999926,-0.273993538166498
8.91699999999946,-0.266804028846326
8.91799999999967,-0.259575232183225
8.91899999999987,-0.252315708866353
8.91999999999916,-0.245034979981768
8.92099999999937,-0.237740653176693
8.92199999999957,-0.230440877595363
8.92299999999977,-0.223144286150281
8.92399999999998,-0.215859279207252
8.92499999999927,-0.208592589260504
8.92599999999948,-0.201349483917381
8.92699999999968,-0.194133157521596
8.92799999999988,-0.186948065118375
8.92899999999918,-0.179798621789679
8.92999999999938,-0.172687290406162
8.93099999999959,-0.165618277644643
8.93199999999979,-0.158595622851047
8.93299999999999,-0.151622124217214
8.93399999999929,-0.144700206796446
8.93499999999949,-0.137831563202869
8.93599999999969,-0.131020010988442
8.9369999999999,-0.124268637812983
8.93799999999919,-0.117580708601777
8.9389999999994,-0.110958157675002
8.9399999999996,-0.104403807417416
8.9409999999998,-0.097919336647277
8.94200000000001,-0.0915073507223055
8.9429999999993,-0.0851671316620614
8.94399999999951,-0.0788988107412035
8.94499999999971,-0.0727033952470079
8.94599999999991,-0.0665819260691055
8.94699999999921,-0.0605356192755509
8.94799999999941,-0.054564688571402
8.94899999999961,-0.04866752316654
8.94999999999982,-0.0428439781262073
8.95100000000002,-0.0370936626999736
8.95199999999932,-0.0314152719721222
8.95299999999952,-0.0258064439459925
8.95399999999972,-0.020266069228403
8.95499999999993,-0.0147926055387796
8.95599999999922,-0.00938546922475701
8.95699999999943,-0.00404224349455784
8.95799999999963,0.00123703100387598
8.95899999999983,0.00645332215684415
8.95999999999913,0.0116070852097228
8.96099999999933,0.0167002642342944
8.96199999999953,0.0217325330633959
8.96299999999974,0.026703075199829
8.96399999999994,0.0316132684230006
8.96499999999924,0.0364620439419957
8.96599999999944,0.0412496449834257
8.96699999999964,0.0459755908580739
8.96799999999985,0.0506387964729163
8.96899999999914,0.055237217819463
8.96999999999935,0.0597701407698523
8.97099999999955,0.0642358783850532
8.97199999999975,0.0686335575166374
8.97299999999996,0.0729633313403601
8.97399999999925,0.0772243093318642
8.97499999999945,0.0814148749299222
8.97599999999966,0.0855342365304979
8.97699999999986,0.0895826284359476
8.97799999999916,0.0935609621573389
8.97899999999936,0.0974697783569358
8.97999999999956,0.101308787501593
8.98099999999977,0.105078123806385
8.98199999999997,0.108778002414564
8.98299999999927,0.112408146723009
8.98399999999947,0.115967703652322
8.98499999999967,0.119457075352362
8.98599999999988,0.122875118236409
8.98699999999917,0.126222582188084
8.98799999999937,0.12949877466932
8.98899999999958,0.132702575766453
8.98999999999978,0.135833457404173
8.99099999999999,0.138891038633418
8.99199999999928,0.141875286140088
8.99299999999948,0.144784748288412
8.99399999999969,0.147617512530616
8.99499999999989,0.150370710959339
8.99599999999919,0.153043127196326
8.99699999999939,0.155633150518419
8.99799999999959,0.158138662847057
8.9989999999998,0.160559034967764
9,0.162893567903885
9.00099999999929,0.165140407906715
9.0019999999995,0.167298792910223
9.0029999999997,0.169367233794643
9.00399999999991,0.171344075689842
9.0049999999992,0.173229237079688
9.0059999999994,0.175021020642317
9.00699999999961,0.176718881184001
9.00799999999981,0.178322805137336
9.00900000000001,0.179833492058919
9.00999999999931,0.181249725837332
9.01099999999951,0.182572929997893
9.01199999999972,0.183803432396634
9.01299999999992,0.184942080119737
9.01399999999921,0.185989741490463
9.01499999999942,0.186947753084442
9.01599999999962,0.18781710775808
9.01699999999983,0.188598405963085
9.01799999999912,0.189291729832619
9.01899999999932,0.189898378916356
9.01999999999953,0.190420164902073
9.02099999999973,0.190857446740581
9.02199999999993,0.191211472235685
9.02299999999923,0.191484243681279
9.02399999999943,0.191676440118142
9.02499999999964,0.191788724805859
9.02599999999984,0.191822596491657
9.02699999999913,0.191777845413872
9.02799999999934,0.191655061248165
9.02899999999954,0.191454610982422
9.02999999999975,0.191176836807547
9.03099999999995,0.190822295350016
9.03199999999924,0.190391612562094
9.03299999999945,0.189884963613488
9.03399999999965,0.189301838844082
9.03499999999985,0.188642073350337
9.03599999999915,0.187906237546756
9.03699999999935,0.187093614334428
9.03799999999956,0.186204606621392
9.03899999999976,0.185238742101436
9.03999999999996,0.184196415454928
9.04099999999926,0.183076985928444
9.04199999999946,0.181881010307965
9.04299999999967,0.180608666413127
9.04399999999987,0.179261194083581
9.04499999999916,0.177838980711093
9.04599999999937,0.176341963266555
9.04699999999957,0.174770704325449
9.04799999999977,0.173125154020461
9.04899999999998,0.17140509804127
9.04999999999927,0.169612059439865
9.05099999999948,0.167747018828657
9.05199999999968,0.165812049296597
9.05299999999988,0.16380741052853
9.05399999999918,0.16173434909352
9.05499999999938,0.159593914828183
9.05599999999959,0.157387850341021
9.05699999999979,0.155117267838835
9.05799999999999,0.152784550780905
9.05899999999929,0.150391702059808
9.05999999999949,0.147940451480909
9.06099999999969,0.145432941778175
9.0619999999999,0.142871056699985
9.06299999999919,0.140256316261408
9.0639999999994,0.137589566929916
9.0649999999996,0.134873256568502
9.0659999999998,0.132110484406416
9.06700000000001,0.129303214507595
9.0679999999993,0.12645392936872
9.06899999999951,0.123565344272809
9.06999999999971,0.12063966792182
9.07099999999991,0.117678705182117
9.07199999999921,0.114683503589677
9.07299999999941,0.111656536533561
9.07399999999961,0.108599737402051
9.07499999999982,0.105514069079433
9.07600000000002,0.102400343480706
9.07699999999932,0.0992599288783062
9.07799999999952,0.0960932254699765
9.07899999999972,0.0929013145076388
9.07999999999993,0.08968440458757
9.08099999999922,0.0864426045396049
9.08199999999943,0.0831761833397894
9.08299999999963,0.0798854709686599
9.08399999999983,0.0765696249199951
9.08499999999913,0.0732281742370721
9.08599999999933,0.0698601426462234
9.08699999999953,0.0664638716512974
9.08799999999974,0.0630382573926213
9.08899999999994,0.0595825853312445
9.08999999999924,0.0560950601442638
9.09099999999944,0.0525733003656937
9.09199999999964,0.0490155190255963
9.09299999999985,0.0454199992075517
9.09399999999914,0.0417846011674668
9.09499999999935,0.0381079935607469
9.09599999999955,0.0343881862783119
9.09699999999975,0.030623428204246
9.09799999999996,0.0268113307284768
9.09899999999925,0.0229501665150984
9.09999999999945,0.0190381760292962
9.10099999999966,0.0150729373665927
9.10199999999986,0.0110531899037551
9.10299999999916,0.00697879362440798
9.10399999999936,0.00284994689469181
9.10499999999956,-0.00133407805293452
9.10599999999977,-0.00557372580675189
9.10699999999997,-0.00986923413115597
9.10799999999927,-0.014219928559033
9.10899999999947,-0.0186239941597006
9.10999999999967,-0.0230791992773464
9.11099999999988,-0.0275821840805975
9.11199999999917,-0.0321294091428266
9.11299999999937,-0.0367144937164434
9.11399999999958,-0.0413316108172543
9.11499999999978,-0.0459740321507491
9.11599999999999,-0.0506349423229532
9.11699999999928,-0.0553070124060565
9.11799999999948,-0.0599812451421305
9.11899999999969,-0.0646474078442928
9.11999999999989,-0.069293607702483
9.12099999999919,-0.0739053178894164
9.12199999999939,-0.078467308863629
9.12299999999959,-0.0829616174391591
9.1239999999998,-0.0873677737324632
9.125,-0.0916613807932009
9.12599999999929,-0.0958189068527804
9.1269999999995,-0.0998171916129662
9.1279999999997,-0.10363050794354
9.12899999999991,-0.107235352653361
9.1299999999992,-0.110606969035433
9.1309999999994,-0.113724404955363
9.13199999999961,-0.116566731356711
9.13299999999981,-0.119113200218619
9.13400000000001,-0.12134151536542
9.13499999999931,-0.123233146225451
9.13599999999951,-0.124767879343405
9.13699999999972,-0.125931651153715
9.13799999999992,-0.12671708258249
9.13899999999921,-0.127123509598365
9.13999999999942,-0.127162971590452
9.14099999999962,-0.126860086423345
9.14199999999983,-0.12625036271706
9.14299999999912,-0.125380810516006
9.14399999999932,-0.1243011240344
9.14499999999953,-0.12306073308014
9.14599999999973,-0.121701670715935
9.14699999999993,-0.120262766725542
9.14799999999923,-0.118774098223465
9.14899999999943,-0.117262781924607
9.14999999999964,-0.115748397667761
9.15099999999984,-0.114244603804815
9.15199999999913,-0.112763324188309
9.15299999999934,-0.111312466768666
9.15399999999954,-0.109897710222327
9.15499999999975,-0.108519360968333
9.15599999999995,-0.107174713037448
9.15699999999924,-0.105858201073932
9.15799999999945,-0.104562105240965
9.15899999999965,-0.103277466002559
9.15999999999985,-0.101995112167382
9.16099999999915,-0.100706151400779
9.16199999999935,-0.0994024981690464
9.16299999999956,-0.0980751306457573
9.16399999999976,-0.0967165630790409
9.16499999999996,-0.0953221654371998
9.16599999999926,-0.093887698635643
9.16699999999946,-0.0924094932308187
9.16799999999967,-0.0908853306132459
9.16899999999987,-0.0893120563517426
9.16999999999916,-0.0876868447127502
9.17099999999937,-0.0860063982988435
9.17199999999957,-0.0842683889841631
9.17299999999977,-0.082471946954726
9.17399999999998,-0.0806166176910056
9.17499999999927,-0.0787016413213195
9.17599999999948,-0.0767253829580553
9.17699999999968,-0.0746867358034164
9.17799999999988,-0.0725853280743011
9.17899999999918,-0.070420976693365
9.17999999999938,-0.0681921159325985
9.18099999999959,-0.0658972731856713
9.18199999999979,-0.0635360567073945
9.18299999999999,-0.0611088579883328
9.18399999999929,-0.0586150140243443
9.18499999999949,-0.0560539897922601
9.18599999999969,-0.0534257624179245
9.1869999999999,-0.0507312416281119
9.18799999999919,-0.0479716859590915
9.1889999999994,-0.0451486481150788
9.1899999999996,-0.0422635440767705
9.1909999999998,-0.0393178260542816
9.19200000000001,-0.0363121479018645
9.1929999999993,-0.0332483054594061
9.19399999999951,-0.0301287078967178
9.19499999999971,-0.0269565597471448
9.19599999999991,-0.0237340502619533
9.19699999999921,-0.0204643237246803
9.19799999999941,-0.0171502255348222
9.19899999999961,-0.0137948841938411
9.19999999999982,-0.0104026026691888
9.20100000000002,-0.00697675137161977
9.20199999999932,-0.00351975125854551
9.20299999999952,-3.51954303335761e-05
9.20399999999972,0.00347347593647908
9.20499999999993,0.00700292869689013
9.20599999999922,0.0105499806041092
9.20699999999943,0.0141112856010633
9.20799999999963,0.0176835641200343
9.20899999999983,0.0212641204404263
9.20999999999913,0.0248502434047377
9.21099999999933,0.0284401736349925
9.21199999999953,0.0320322204084692
9.21299999999974,0.0356242143123462
9.21399999999994,0.0392145464604733
9.21499999999924,0.0428019924117082
9.21599999999944,0.0463863639212746
9.21699999999964,0.0499671773358548
9.21799999999985,0.0535435131611288
9.21899999999914,0.0571137335073815
9.21999999999935,0.0606776788319162
9.22099999999955,0.0642354245189578
9.22199999999975,0.0677879435180233
9.22299999999996,0.0713355945959621
9.22399999999925,0.0748776978086073
9.22499999999945,0.0784150805133539
9.22599999999966,0.0819476072341051
9.22699999999986,0.0854746207483304
9.22799999999916,0.0889955141799775
9.22899999999936,0.0925105388075682
9.22999999999956,0.0960204306269177
9.23099999999977,0.0995253763146474
9.23199999999997,0.103026535357102
9.23299999999927,0.106524012676685
9.23399999999947,0.110018367898789
9.23499999999967,0.113509418877961
9.23599999999988,0.116996168771156
9.23699999999917,0.120478406106134
9.23799999999937,0.123956508538576
9.23899999999958,0.127429921143962
9.23999999999978,0.130899079414451
9.24099999999999,0.134363638437039
9.24199999999928,0.137823023002787
9.24299999999948,0.141276134164414
9.24399999999969,0.144721040754292
9.24499999999989,0.148156123226141
9.24599999999919,0.151580698316078
9.24699999999939,0.154994037856794
9.24799999999959,0.158394116982554
9.2489999999998,0.161779443400596
9.25,0.165147939176232
9.25099999999929,0.168496831023348
9.2519999999995,0.171823220453975
9.2529999999997,0.175124336159456
9.25399999999991,0.178398099637226
9.2549999999992,0.181642019341892
9.2559999999994,0.1848521411636
9.25699999999961,0.18802569204147
9.25799999999981,0.191160458569334
9.25900000000001,0.19425425765907
9.25999999999931,0.197304077388643
9.26099999999951,0.200307324439438
9.26199999999972,0.203262299974048
9.26299999999992,0.206166319819301
9.26399999999921,0.209017230655467
9.26499999999942,0.211812639231793
9.26599999999962,0.214550533886255
9.26699999999983,0.217228146678157
9.26799999999912,0.219843313160244
9.26899999999932,0.222394635024724
9.26999999999953,0.224880662216403
9.27099999999973,0.227299409205237
9.27199999999993,0.229649017776042
9.27299999999923,0.231926403008541
9.27399999999943,0.234128498004833
9.27499999999964,0.236253526223962
9.27599999999984,0.238299935436141
9.27699999999913,0.240266798099492
9.27799999999934,0.242152586302165
9.27899999999954,0.24395495651606
9.27999999999975,0.245672033749721
9.28099999999995,0.247302129225587
9.28199999999924,0.24884415746906
9.28299999999945,0.250297808219216
9.28399999999965,0.251661055301126
9.28499999999985,0.252931820011129
9.28599999999915,0.254108958636572
9.28699999999935,0.255190988925201
9.28799999999956,0.256175851723766
9.28899999999976,0.257061841160976
9.28999999999996,0.257846906095994
9.29099999999926,0.258528439647128
9.29199999999946,0.259104223639122
9.29299999999967,0.259572851119484
9.29399999999987,0.259933754666076
9.29499999999916,0.260185828122618
9.29599999999937,0.2603280885082
9.29699999999957,0.260359405638093
9.29799999999977,0.260278632686896
9.29899999999998,0.260085511459221
9.29999999999927,0.25977983613519
9.30099999999948,0.259359386418937
9.30199999999968,0.25882265884344
9.30299999999988,0.258170365164908
9.30399999999918,0.257403286539228
9.30499999999938,0.256520229742523
9.30599999999959,0.255520208925949
9.30699999999979,0.254403753053043
9.30799999999999,0.253171257748588
9.30899999999929,0.251823071624909
9.30999999999949,0.250359385956624
9.31099999999969,0.248781099435192
9.3119999999999,0.24708891752563
9.31299999999919,0.245283515834632
9.3139999999994,0.243366998934786
9.3149999999996,0.241341171248075
9.3159999999998,0.239207768411626
9.31700000000001,0.236969628321675
9.3179999999993,0.234629344732948
9.31899999999951,0.232190564462486
9.31999999999971,0.229657033739938
9.32099999999991,0.227031123952793
9.32199999999921,0.224315953677606
9.32299999999941,0.221515340660814
9.32399999999961,0.21863349978103
9.32499999999982,0.215673586506475
9.32600000000002,0.212638323309127
9.32699999999932,0.209531240675797
9.32799999999952,0.20635580064474
9.32899999999972,0.203116013570298
9.32999999999993,0.199816136555018
9.33099999999922,0.196459737468696
9.33199999999943,0.193050612652949
9.33299999999963,0.18959252082803
9.33399999999983,0.186087957322374
9.33499999999913,0.18253986876766
9.33599999999933,0.178950297549305
9.33699999999953,0.17532152208582
9.33799999999974,0.171655912771756
9.33899999999994,0.167955027184634
9.33999999999924,0.164220783397095
9.34099999999944,0.160453596968397
9.34199999999964,0.156654027630374
9.34299999999985,0.152824698814811
9.34399999999914,0.148967099363103
9.34499999999935,0.145081042493933
9.34599999999955,0.141166414423869
9.34699999999975,0.137223967158121
9.34799999999996,0.133253916647098
9.34899999999925,0.129256285989348
9.34999999999945,0.125231494959193
9.35099999999966,0.121179449791066
9.35199999999986,0.11710025259012
9.35299999999916,0.112994190339066
9.35399999999936,0.108861849523423
9.35499999999956,0.104703760430161
9.35599999999977,0.100520064948111
9.35699999999997,0.0963104851201349
9.35799999999927,0.092075025279147
9.35899999999947,0.0878150623766541
9.35999999999967,0.0835307891699229
9.36099999999988,0.0792219004619993
9.36199999999917,0.0748889117885242
9.36299999999937,0.0705315322543592
9.36399999999958,0.0661496083843028
9.36499999999978,0.0617433774003009
9.36599999999999,0.0573129480908444
9.36699999999928,0.0528584853874407
9.36799999999948,0.0483805480239529
9.36899999999969,0.043880190794468
9.36999999999989,0.0393578927940294
9.37099999999919,0.0348130251929838
9.37199999999939,0.0302448903129905
9.37299999999959,0.0256537055989055
9.3739999999998,0.0210392693557715
9.375,0.0164005982531637
9.37599999999929,0.0117369523843803
9.3769999999995,0.00704685699584258
9.3779999999997,0.00232967913952038
9.37899999999991,-0.00241527607749843
9.3799999999992,-0.0071894090190862
9.3809999999994,-0.0119927669883547
9.38199999999961,-0.0168254243456763
9.38299999999981,-0.0216893729137383
9.38400000000001,-0.0265871968763794
9.38499999999931,-0.0315198312005891
9.38599999999951,-0.036488966086801
9.38699999999972,-0.0414964287258254
9.38799999999992,-0.0465437549164449
9.38899999999921,-0.0516321474818974
9.38999999999942,-0.0567621608094337
9.39099999999962,-0.0619348145531942
9.39199999999983,-0.0671514929290346
9.39299999999912,-0.0724124672767474
9.39399999999932,-0.0777175068884855
9.39499999999953,-0.0830678171403862
9.39599999999973,-0.0884634114545352
9.39699999999993,-0.093903723237649
9.39799999999923,-0.0993885407566505
9.39899999999943,-0.104918217058537
9.39999999999964,-0.110493041575048
9.40099999999984,-0.116112670862728
9.40199999999913,-0.121776165527697
9.40299999999934,-0.127482109718171
9.40399999999954,-0.133227945741032
9.40499999999975,-0.139011268891951
9.40599999999995,-0.144831043130585
9.40699999999924,-0.150685791399925
9.40799999999945,-0.156572586108996
9.40899999999965,-0.162488206068797
9.40999999999985,-0.168428956503411
9.41099999999915,-0.174391144408843
9.41199999999935,-0.180370383723318
9.41299999999956,-0.186361243411768
9.41399999999976,-0.192357795764523
9.41499999999996,-0.198352769741833
9.41599999999926,-0.204339922375024
9.41699999999946,-0.210312721692445
9.41799999999967,-0.216263396467141
9.41899999999987,-0.222183937853458
9.41999999999916,-0.228066094155998
9.42099999999937,-0.233900154094529
9.42199999999957,-0.239675005742668
9.42299999999977,-0.245378401965047
9.42399999999998,-0.250996479320351
9.42499999999927,-0.256511709243667
9.42599999999948,-0.261902383970172
9.42699999999968,-0.26714605484967
9.42799999999988,-0.272216278583395
9.42899999999918,-0.277084492676885
9.42999999999938,-0.281718662004456
9.43099999999959,-0.286083551532935
9.43199999999979,-0.290139332209654
9.43299999999999,-0.29384661138048
9.43399999999929,-0.297166164116765
9.43499999999949,-0.300062577336214
9.43599999999969,-0.30250865677542
9.4369999999999,-0.304485406796674
9.43799999999919,-0.305982427322121
9.4389999999994,-0.3070009870528
9.4399999999996,-0.307557953111388
9.4409999999998,-0.307691073928061
9.44200000000001,-0.307456088130729
9.4429999999993,-0.306921992782585
9.44399999999951,-0.306154893543088
9.44499999999971,-0.305212188977278
9.44599999999991,-0.304140267128377
9.44699999999921,-0.302975331453203
9.44799999999941,-0.301745836209772
9.44899999999961,-0.300472859815254
9.44999999999982,-0.299171321800536
9.45100000000002,-0.297849073086575
9.45199999999932,-0.296508181254433
9.45299999999952,-0.295147635918777
9.45399999999972,-0.293761590148237
9.45499999999993,-0.292342027172582
9.45599999999922,-0.290879079922579
9.45699999999943,-0.289362860103247
9.45799999999963,-0.287785057465675
9.45899999999983,-0.286138082826903
9.45999999999913,-0.284415720329902
9.46099999999933,-0.282612810312286
9.46199999999953,-0.280725733872863
9.46299999999974,-0.278750522480896
9.46399999999994,-0.276683649164762
9.46499999999924,-0.274523610254449
9.46599999999944,-0.272267792878491
9.46699999999964,-0.269913631715126
9.46799999999985,-0.267460766771925
9.46899999999914,-0.264909256259302
9.46999999999935,-0.26226082698111
9.47099999999955,-0.259518692442384
9.47199999999975,-0.256687581498836
9.47299999999996,-0.253773008978182
9.47399999999925,-0.250779679150023
9.47499999999945,-0.247712271822318
9.47599999999966,-0.244575070931662
9.47699999999986,-0.241372510053792
9.47799999999916,-0.238110031269253
9.47899999999936,-0.234792696335667
9.47999999999956,-0.23142570727312
9.48099999999977,-0.228014351758317
9.48199999999997,-0.224564686196778
9.48299999999927,-0.221079704303203
9.48399999999947,-0.217561346061875
9.48499999999967,-0.214010974876145
9.48599999999988,-0.210429281311266
9.48699999999917,-0.206817593522165
9.48799999999937,-0.203174194335171
9.48899999999958,-0.199496937096858
9.48999999999978,-0.195784815236726
9.49099999999999,-0.192035821792518
9.49199999999928,-0.188247126838181
9.49299999999948,-0.184417133929787
9.49399999999969,-0.180544122228278
9.49499999999989,-0.176626659498178
9.49599999999919,-0.172663514772487
9.49699999999939,-0.168656023116528
9.49799999999959,-0.164606566330027
9.4989999999998,-0.160517796601576
9.5,-0.156394011711884
9.50099999999929,-0.152239702083392
9.5019999999995,-0.148058607375492
9.5029999999997,-0.143855093384111
9.50399999999991,-0.139633649685183
9.5049999999992,-0.135397513302297
9.5059999999994,-0.131150099627359
9.50699999999961,-0.126894632214449
9.50799999999981,-0.122633526894589
9.50900000000001,-0.11836860023125
9.50999999999931,-0.114102210045455
9.51099999999951,-0.109835409112818
9.51199999999972,-0.10556936146612
9.51299999999992,-0.101305802876174
9.51399999999921,-0.0970461083999648
9.51499999999942,-0.0927924502439979
9.51599999999962,-0.0885473333479544
9.51699999999983,-0.0843135512356357
9.51799999999912,-0.0800935785065973
9.51899999999932,-0.0758884622132545
9.51999999999953,-0.0716977727562795
9.52099999999973,-0.0675207775529348
9.52199999999993,-0.0633562971343105
9.52299999999923,-0.0592027925774332
9.52399999999943,-0.0550602492417124
9.52499999999964,-0.0509288696117817
9.52599999999984,-0.0468080143038147
9.52699999999913,-0.0426965293721124
9.52799999999934,-0.0385934337111027
9.52899999999954,-0.0344989147954441
9.52999999999975,-0.0304125338425466
9.53099999999995,-0.0263332363820932
9.53199999999924,-0.0222596617861901
9.53299999999945,-0.01819064406042
9.53399999999965,-0.0141266479177556
9.53499999999985,-0.0100676866433137
9.53599999999915,-0.00601395091083262
9.53699999999935,-0.00196592024656154
9.53799999999956,0.0020748506673374
9.53899999999976,0.00610716687398248
9.53999999999996,0.0101302852606483
9.54099999999926,0.0141428186278889
9.54199999999946,0.0181422562224213
9.54299999999967,0.0221262871803004
9.54399999999987,0.0260937572445534
9.54499999999916,0.0300424937819352
9.54599999999937,0.0339700727330318
9.54699999999957,0.0378745605110773
9.54799999999977,0.041753962619636
9.54899999999998,0.0456055387052715
9.54999999999927,0.0494252298703167
9.55099999999948,0.0532102956384768
9.55199999999968,0.0569590192065977
9.55299999999988,0.0606688338639907
9.55399999999918,0.0643364147452011
9.55499999999938,0.0679591656898627
9.55599999999959,0.0715345432757498
9.55699999999979,0.0750604341590105
9.55799999999999,0.0785343568344714
9.55899999999929,0.0819542236231591
9.55999999999949,0.0853179554179482
9.56099999999969,0.0886237620340434
9.5619999999999,0.0918711644288613
9.56299999999919,0.0950599118449336
9.5639999999994,0.0981888723967817
9.5649999999996,0.101257602025851
9.5659999999998,0.104265607535361
9.56700000000001,0.107211900348494
9.5679999999993,0.110096023625424
9.56899999999951,0.112917020893005
9.56999999999971,0.115673027382997
9.57099999999991,0.118362322719989
9.57199999999921,0.120984236782583
9.57299999999941,0.123537668163563
9.57399999999961,0.126020724131699
9.57499999999982,0.128433343681158
9.57600000000002,0.130774631330979
9.57699999999932,0.13304303292133
9.57799999999952,0.135238053421723
9.57899999999972,0.137358648841276
9.57999999999993,0.139402422737016
9.58099999999922,0.141368045494838
9.58199999999943,0.143254641703798
9.58299999999963,0.145060714415869
9.58399999999983,0.146785364659431
9.58499999999913,0.148427742301271
9.58599999999933,0.149987647057755
9.58699999999953,0.151464575298364
9.58799999999974,0.152857549801553
9.58899999999994,0.154165672503086
9.58999999999924,0.155388444350424
9.59099999999944,0.156525492883547
9.59199999999964,0.157577241507671
9.59299999999985,0.158541555120463
9.59399999999914,0.159417818492087
9.59499999999935,0.160204890470988
9.59599999999955,0.160902036881038
9.59699999999975,0.161509641745186
9.59799999999996,0.162027417838016
9.59899999999925,0.162455115220737
9.59999999999945,0.162792168399555
9.60099999999966,0.163038035124655
9.60199999999986,0.16319280584115
9.60299999999916,0.163256151626708
9.60399999999936,0.163227757373106
9.60499999999956,0.16310741184406
9.60599999999977,0.162895391646702
9.60699999999997,0.162590622113164
9.60799999999927,0.162192324977668
9.60899999999947,0.161699779175374
9.60999999999967,0.161112348074095
9.61099999999988,0.160429770339345
9.61199999999917,0.159652113195211
9.61299999999937,0.158778505941819
9.61399999999958,0.157807698632692
9.61499999999978,0.156739595051646
9.61599999999999,0.155574302644755
9.61699999999928,0.154310755123962
9.61799999999948,0.152948033864484
9.61899999999969,0.151486149434952
9.61999999999989,0.149924944014848
9.62099999999919,0.148264827547907
9.62199999999939,0.146505964743785
9.62299999999959,0.144648002316471
9.6239999999998,0.142690680399951
9.625,0.140635829676158
9.62599999999929,0.138485154041943
9.6269999999995,0.136239530559502
9.6279999999997,0.13390071457407
9.62899999999991,0.13147044876172
9.6299999999992,0.128950776380333
9.6309999999994,0.126343246500243
9.63199999999961,0.123649490852248
9.63299999999981,0.120872370195123
9.63400000000001,0.118014507471066
9.63499999999931,0.115079077326109
9.63599999999951,0.112069174094776
9.63699999999972,0.108988079681368
9.63799999999992,0.105839555167081
9.63899999999921,0.102628044586612
9.63999999999942,0.0993574950882332
9.64099999999962,0.0960319114656021
9.64199999999983,0.0926546308802105
9.64299999999912,0.0892302729637708
9.64399999999932,0.0857621931725467
9.64499999999953,0.0822544338951731
9.64599999999973,0.0787114120776448
9.64699999999993,0.0751373352775716
9.64799999999923,0.0715363367595841
9.64899999999943,0.067912060747446
9.64999999999964,0.0642687003734284
9.65099999999984,0.0606100443017861
9.65199999999913,0.0569404157933639
9.65299999999934,0.0532642482959441
9.65399999999954,0.0495846095037133
9.65499999999975,0.045903731370561
9.65599999999995,0.0422247081897221
9.65699999999924,0.0385513527798685
9.65799999999945,0.0348856059755604
9.65899999999965,0.0312300661282595
9.65999999999985,0.0275874909726719
9.66099999999915,0.0239600592752366
9.66199999999935,0.0203496192283313
9.66299999999956,0.0167571395113161
9.66399999999976,0.0131842520917886
9.66499999999996,0.00963257347387729
9.66599999999926,0.00610148658984519
9.66699999999946,0.00259183525413119
9.66799999999967,-0.000896049284056455
9.66899999999987,-0.00436243616895456
9.66999999999916,-0.00780858546872716
9.67099999999937,-0.0112358860743392
9.67199999999957,-0.0146459513256507
9.67299999999977,-0.0180389756731949
9.67399999999998,-0.021417017215405
9.67499999999927,-0.0247819576726492
9.67599999999948,-0.0281367053673832
9.67699999999968,-0.0314833726095752
9.67799999999988,-0.0348249939305567
9.67899999999918,-0.0381644540772338
9.67999999999938,-0.041505584167375
9.68099999999959,-0.0448515283306738
9.68199999999979,-0.0482061747746114
9.68299999999999,-0.0515730762197487
9.68399999999929,-0.054955984641426
9.68499999999949,-0.0583584421901652
9.68599999999969,-0.061783860018013
9.6869999999999,-0.0652354607005749
9.68799999999919,-0.0687168708347423
9.6889999999994,-0.0722321983420132
9.6899999999996,-0.0757844556730061
9.6909999999998,-0.0793769658781312
9.69200000000001,-0.0830113901245164
9.6929999999993,-0.0866901893437041
9.69399999999951,-0.0904167467332884
9.69499999999971,-0.0941930775969493
9.69599999999991,-0.0980209132127888
9.69699999999921,-0.101901931089134
9.69799999999941,-0.105838095635338
9.69899999999961,-0.109831570749799
9.69999999999982,-0.113884066275691
9.70100000000002,-0.117996874394136
9.70199999999932,-0.122170190488619
9.70299999999952,-0.126403458337381
9.70399999999972,-0.130698040216812
9.70499999999993,-0.135053075918794
9.70599999999922,-0.139467862829554
9.70699999999943,-0.143942223908812
9.70799999999963,-0.148475937381822
9.70899999999983,-0.153066906615335
9.70999999999913,-0.157713500917219
9.71099999999933,-0.16241387007538
9.71199999999953,-0.167166808545263
9.71299999999974,-0.171970386490799
9.71399999999994,-0.176822282754943
9.71499999999924,-0.181721367035416
9.71599999999944,-0.186664851501539
9.71699999999964,-0.191649801006719
9.71799999999985,-0.196672830379755
9.71899999999914,-0.20173124013646
9.71999999999935,-0.206822772802848
9.72099999999955,-0.211943478460979
9.72199999999975,-0.217090127583272
9.72299999999996,-0.222260249331032
9.72399999999925,-0.227450555551631
9.72499999999945,-0.232655701091484
9.72599999999966,-0.237871825220838
9.72699999999986,-0.24309417298969
9.72799999999916,-0.248314884748867
9.72899999999936,-0.253525682370556
9.72999999999956,-0.258717405545654
9.73099999999977,-0.263878888638614
9.73199999999997,-0.26899739970677
9.73299999999927,-0.274057212425149
9.73399999999947,-0.279042227203017
9.73499999999967,-0.28393315176078
9.73599999999988,-0.288711406137671
9.73699999999917,-0.293353058233578
9.73799999999937,-0.297835329916616
9.73899999999958,-0.302133221665621
9.73999999999978,-0.306221005543248
9.74099999999999,-0.310069406255995
9.74199999999928,-0.3136486424055
9.74299999999948,-0.316933359429547
9.74399999999969,-0.319895259386184
9.74499999999989,-0.32250721786452
9.74599999999919,-0.324738075376968
9.74699999999939,-0.32655397736092
9.74799999999959,-0.327920364059927
9.7489999999998,-0.328801405505494
9.75,-0.329157063364447
9.75099999999929,-0.328951994533473
9.7519999999995,-0.328155946988255
9.7529999999997,-0.326757784149578
9.75399999999991,-0.324771992098125
9.7549999999992,-0.322252028720428
9.7559999999994,-0.319273984179484
9.75699999999961,-0.315940673158397
9.75799999999981,-0.312346044149673
9.75900000000001,-0.308580095751933
9.75999999999931,-0.304709504913453
9.76099999999951,-0.300790354305012
9.76199999999972,-0.296862466044526
9.76299999999992,-0.292953128467052
9.76399999999921,-0.289080540883886
9.76499999999942,-0.285256492289351
9.76599999999962,-0.281485999816195
9.76699999999983,-0.277768825808598
9.76799999999912,-0.274099472306184
9.76899999999932,-0.270470113973638
9.76999999999953,-0.26686909861252
9.77099999999973,-0.263286076687053
9.77199999999993,-0.259708477002853
9.77299999999923,-0.256123490402729
9.77399999999943,-0.25251914806347
9.77499999999964,-0.248884284285856
9.77599999999984,-0.245209257228823
9.77699999999913,-0.241485628545449
9.77799999999934,-0.237707681102521
9.77899999999954,-0.233873264930319
9.77999999999975,-0.229981090596217
9.78099999999995,-0.22603346357898
9.78199999999924,-0.22203353689515
9.78299999999945,-0.217984438295088
9.78399999999965,-0.213891057471727
9.78499999999985,-0.209758235110549
9.78599999999915,-0.205592030331516
9.78699999999935,-0.201398323749425
9.78799999999956,-0.197182862858171
9.78899999999976,-0.192950231704839
9.78999999999996,-0.188704591728329
9.79099999999926,-0.184450229819431
9.79199999999946,-0.180190243560625
9.79299999999967,-0.175925554218296
9.79399999999987,-0.171659426159408
9.79499999999916,-0.167391479564787
9.79599999999937,-0.163120546657806
9.79699999999957,-0.158844296688884
9.79799999999977,-0.15456065262443
9.79899999999998,-0.150267849051182
9.79999999999927,-0.145962822357825
9.80099999999948,-0.141642323934981
9.80199999999968,-0.137302963147102
9.80299999999988,-0.132943735168329
9.80399999999918,-0.128562680653362
9.80499999999938,-0.124159470696375
9.80599999999959,-0.119734702211737
9.80699999999979,-0.115288906490812
9.80799999999999,-0.110823394030306
9.80899999999929,-0.106339728562954
9.80999999999949,-0.101840158542574
9.81099999999969,-0.0973266083673808
9.8119999999999,-0.0928011979321959
9.81299999999919,-0.0882663657506827
9.8139999999994,-0.0837261895526087
9.8149999999996,-0.0791831045472437
9.8159999999998,-0.0746404571643305
9.81700000000001,-0.0701000325750469
9.8179999999993,-0.0655642795314859
9.81899999999951,-0.0610365781740262
9.81999999999971,-0.056520294925283
9.82099999999991,-0.0520174903353751
9.82199999999921,-0.0475301320437669
9.82299999999941,-0.0430587314990707
9.82399999999961,-0.0386043245045965
9.82499999999982,-0.0341685540756768
9.82600000000002,-0.0297514177831635
9.82699999999932,-0.0253541780532735
9.82799999999952,-0.0209766962838389
9.82899999999972,-0.0166174853636863
9.82999999999993,-0.0122764937757279
9.83099999999922,-0.0079545789803645
9.83199999999943,-0.00365293553271642
9.83299999999963,0.000626734495325201
9.83399999999983,0.00488234336203919
9.83499999999913,0.00911330192637805
9.83599999999933,0.0133186754139828
9.83699999999953,0.0174973599174747
9.83799999999974,0.0216485067342558
9.83899999999994,0.0257710048778143
9.83999999999924,0.0298640054315853
9.84099999999944,0.0339276605733899
9.84199999999964,0.0379627191611512
9.84299999999985,0.0419685899689709
9.84399999999914,0.0459445112177768
9.84499999999935,0.0498912786523575
9.84599999999955,0.0538103290727373
9.84699999999975,0.0577023361552149
9.84799999999996,0.0615675028658059
9.84899999999925,0.065405114840734
9.84999999999945,0.0692152952605621
9.85099999999966,0.07299907507441
9.85199999999986,0.0767565111021595
9.85299999999916,0.0804897833377765
9.85399999999936,0.0842005467944507
9.85499999999956,0.0878881138800766
9.85599999999977,0.0915531163357591
9.85699999999997,0.0951966762975484
9.85799999999927,0.0988175988859267
9.85899999999947,0.102414842248252
9.85999999999967,0.105989601086832
9.86099999999988,0.109540623049295
9.86199999999917,0.113066247226648
9.86299999999937,0.116566191765365
9.86399999999958,0.120037291413282
9.86499999999978,0.123477651520174
9.86599999999999,0.126885863506204
9.86699999999928,0.130259011129592
9.86799999999948,0.13359440006326
9.86899999999969,0.136890722463604
9.86999999999989,0.140144499046864
9.87099999999919,0.143353385689505
9.87199999999939,0.146515407634432
9.87299999999959,0.149628747319732
9.8739999999998,0.152690568780635
9.875,0.155699808239087
9.87599999999929,0.158654668087203
9.8769999999995,0.161553239844025
9.8779999999997,0.164394344868603
9.87899999999991,0.167177158496987
9.8799999999992,0.169900554508164
9.8809999999994,0.172564000048694
9.88199999999961,0.175166084921512
9.88299999999981,0.17770651095236
9.88400000000001,0.18018538491402
9.88499999999931,0.182602559502499
9.88599999999951,0.184956760375148
9.88699999999972,0.187246877481272
9.88799999999992,0.18947274834467
9.88899999999921,0.191632966719296
9.88999999999942,0.193726413612006
9.89099999999962,0.195752518059555
9.89199999999983,0.197709393511157
9.89299999999912,0.199596886133696
9.89399999999932,0.201414558267415
9.89499999999953,0.203162318045984
9.89599999999973,0.204838732502458
9.89699999999993,0.206442251908601
9.89799999999923,0.207971744126477
9.89899999999943,0.209426240593491
9.89999999999964,0.210804025506458
9.90099999999984,0.212104273221869
9.90199999999913,0.213325172819667
9.90299999999934,0.214466706617529
9.90399999999954,0.215527635521247
9.90499999999975,0.216507304977109
9.90599999999995,0.217406207022824
9.90699999999924,0.218224417763614
9.90799999999945,0.218961016668315
9.90899999999965,0.219616058207533
9.90999999999985,0.220189801882894
9.91099999999915,0.220681636963071
9.91199999999935,0.221091382812009
9.91299999999956,0.221418098378847
9.91399999999976,0.221660285447288
9.91499999999996,0.221817953461622
9.91599999999926,0.221892341201629
9.91699999999946,0.221882946348845
9.91799999999967,0.221790465203942
9.91899999999987,0.221615065275246
9.91999999999916,0.221356795831729
9.92099999999937,0.221016919573882
9.92199999999957,0.220594907326115
9.92299999999977,0.220090600206577
9.92399999999998,0.219505198572341
9.92499999999927,0.218839356777885
9.92599999999948,0.218094008507182
9.92699999999968,0.217269407407637
9.92799999999988,0.216366168165147
9.92899999999918,0.215383600006752
9.92999999999938,0.214322116499692
9.93099999999959,0.213183387409517
9.93199999999979,0.211967311993693
9.93299999999999,0.210673279121477
9.93399999999929,0.209302749794472
9.93499999999949,0.207855461072252
9.93599999999969,0.206331825110148
9.9369999999999,0.204732344591533
9.93799999999919,0.203058119490891
9.9389999999994,0.201310131433336
9.9399999999996,0.1994875189973
9.9409999999998,0.197590888420831
9.94200000000001,0.195620882179102
9.9429999999993,0.19357671188295
9.94399999999951,0.191460254498453
9.94499999999971,0.189271276775631
9.94599999999991,0.187009777316896
9.94699999999921,0.184676371931723
9.94799999999941,0.182271880628541
9.94899999999961,0.179797186679204
9.94999999999982,0.177253211026375
9.95100000000002,0.174640560791649
9.95199999999932,0.171959953144871
9.95299999999952,0.169213624583318
9.95399999999972,0.166401385720556
9.95499999999993,0.16352637751893
9.95599999999922,0.160589074875383
9.95699999999943,0.157591920301499
9.95799999999963,0.154538010078483
9.95899999999983,0.151429853710528
9.95999999999913,0.148270143603743
9.96099999999933,0.145062471328765
9.96199999999953,0.141809126555363
9.96299999999974,0.138512755964916
9.96399999999994,0.135175923548495
9.96499999999924,0.13180124121975
9.96599999999944,0.128391832482768
9.96699999999964,0.12494998476968
9.96799999999985,0.121477026646662
9.96899999999914,0.117976390636675
9.96999999999935,0.114449183869463
9.97099999999955,0.110897414443705
9.97199999999975,0.10732334059751
9.97299999999996,0.103729617518137
9.97399999999925,0.100117548813275
9.97499999999945,0.0964891128801468
9.97599999999966,0.0928452632139325
9.97699999999986,0.0891870674149325
9.97799999999916,0.0855154874164506
9.97899999999936,0.08183096056091
9.97999999999956,0.0781337682752209
9.98099999999977,0.0744247366909134
9.98199999999997,0.0707040360076685
9.98299999999927,0.0669716025250396
9.98399999999947,0.0632281651062614
9.98499999999967,0.0594722926368624
9.98599999999988,0.0557037746718274
9.98699999999917,0.0519218536559712
9.98799999999937,0.0481271240170997
9.98899999999958,0.0443178105058947
9.98999999999978,0.0404936221063935
9.99099999999999,0.036653592030201
9.99199999999928,0.0327970921644769
9.99299999999948,0.0289230244245951
9.99399999999969,0.0250299275098212
9.99499999999989,0.0211153612274909
9.99599999999919,0.0171782435219221
9.99699999999939,0.0132162664089552
9.99799999999959,0.00922826583603732
9.9989999999998,0.00521126108729707
10,0.00116394089065072
10.0009999999993,-0.00291504386816209
10.0019999999995,-0.00702747531748887
10.0029999999997,-0.0111753653132765
10.0039999999999,-0.0153601705503716
10.0049999999992,-0.0195833158433445
10.0059999999994,-0.0238463059537054
10.0069999999996,-0.0281515099203763
10.0079999999998,-0.0324989375700489
10.009,-0.0368891125300835
10.0099999999993,-0.0413231954781842
10.0109999999995,-0.0458020709330911
10.0119999999997,-0.0503257921578048
10.0129999999999,-0.0548944406944646
10.0139999999992,-0.0595080692238751
10.0149999999994,-0.0641669184777202
10.0159999999996,-0.0688718874514359
10.0169999999998,-0.0736211070941031
10.0179999999991,-0.0784143783332388
10.0189999999993,-0.0832502957405871
10.0199999999995,-0.0881289752805179
10.0209999999997,-0.0930490808507022
10.0219999999999,-0.0980111574438505
10.0229999999992,-0.103012832514341
10.0239999999994,-0.108052665024296
10.0249999999996,-0.113128206454005
10.0259999999998,-0.118237155639521
10.0269999999991,-0.123378454193741
10.0279999999993,-0.128550418476276
10.0289999999995,-0.133750747975808
10.0299999999997,-0.138976594544965
10.0309999999999,-0.144224946379417
10.0319999999992,-0.149491324493869
10.0329999999994,-0.154772301860926
10.0339999999997,-0.160065089328281
10.0349999999999,-0.165363778409904
10.0359999999991,-0.17066054671058
10.0369999999994,-0.175947243573227
10.0379999999996,-0.181215147198934
10.0389999999998,-0.18645486089046
10.04,-0.191652235425843
10.0409999999993,-0.196795704835118
10.0419999999995,-0.20186809997715
10.0429999999997,-0.206852704121253
10.0439999999999,-0.211725862747818
10.0449999999992,-0.216460945888667
10.0459999999994,-0.221031423771883
10.0469999999996,-0.225401179326013
10.0479999999998,-0.22953827117668
10.049,-0.233406408606916
10.0499999999993,-0.236973139349971
10.0509999999995,-0.240204574253934
10.0519999999997,-0.243075530301119
10.0529999999999,-0.24555731514771
10.0539999999992,-0.247635836546075
10.0549999999994,-0.249307901888516
10.0559999999996,-0.250585059298657
10.0569999999998,-0.251487291473967
10.058,-0.252048635410138
10.0589999999993,-0.25230810363984
10.0599999999995,-0.252313946998027
10.0609999999997,-0.252110295345211
10.0619999999999,-0.251740635410304
10.0629999999992,-0.251238270417558
10.0639999999994,-0.250632151143686
10.0649999999996,-0.249939786604328
10.0659999999998,-0.249174073344865
10.067,-0.248338578278986
10.0679999999993,-0.247434247977499
10.0689999999995,-0.246457058110555
10.0699999999997,-0.245398946848597
10.0709999999999,-0.244247674490063
10.0719999999992,-0.242993604924882
10.0729999999994,-0.241622372949471
10.0739999999996,-0.240126620979419
10.0749999999998,-0.238499776403035
10.076,-0.236741959316111
10.0769999999993,-0.234854558183936
10.0779999999995,-0.232842325651793
10.0789999999997,-0.230716046824466
10.0799999999999,-0.228487036218181
10.0809999999992,-0.226165235548788
10.0819999999994,-0.223761838769649
10.0829999999996,-0.221283857265228
10.0839999999998,-0.218741666380581
10.0849999999991,-0.216142304852908
10.0859999999993,-0.213490684525324
10.0869999999995,-0.21079079509552
10.0879999999997,-0.208045548024724
10.0889999999999,-0.205254906738226
10.0899999999992,-0.202419420814069
10.0909999999994,-0.199542006376411
10.0919999999996,-0.196622701258248
10.0929999999998,-0.193665463913049
10.0939999999991,-0.190670611724923
10.0949999999993,-0.18764158084677
10.0959999999995,-0.184580700600487
10.0969999999998,-0.181488737035665
10.098,-0.178366900579756
10.0989999999993,-0.175216468358182
10.0999999999995,-0.172037603670292
10.1009999999997,-0.168831257106785
10.1019999999999,-0.165598941680202
10.1029999999992,-0.162341845451468
10.1039999999994,-0.159058582579032
10.1049999999996,-0.155747462845932
10.1059999999998,-0.152408364258011
10.107,-0.149040337275565
10.1079999999993,-0.14564276895588
10.1089999999995,-0.142216245184921
10.1099999999997,-0.13876035617355
10.1109999999999,-0.135274648853835
10.1119999999992,-0.131758136758923
10.1129999999994,-0.128210832318996
10.1139999999996,-0.124631921586439
10.1149999999998,-0.121021792401396
10.116,-0.117380846262053
10.1169999999993,-0.113709833704512
10.1179999999995,-0.110008392373
10.1189999999997,-0.106278582239816
10.1199999999999,-0.102522908890687
10.1209999999992,-0.0987451915202197
10.1219999999994,-0.0949476447307463
10.1229999999996,-0.0911315103652316
10.1239999999998,-0.0872984775563377
10.125,-0.0834519712585971
10.1259999999993,-0.0795929215515414
10.1269999999995,-0.075724738451746
10.1279999999997,-0.071850513718338
10.1289999999999,-0.0679721211026587
10.1299999999992,-0.0640885630893847
10.1309999999994,-0.0602022235795781
10.1319999999996,-0.0563153522595229
10.1329999999998,-0.0524275586791806
10.134,-0.0485400427998032
10.1349999999993,-0.0446518406849361
10.1359999999995,-0.0407619701544575
10.1369999999997,-0.0368714731387685
10.1379999999999,-0.0329814940975113
10.1389999999992,-0.0290918368653571
10.1399999999994,-0.0252025703644327
10.1409999999996,-0.0213121774624113
10.1419999999998,-0.0174204534730846
10.1429999999991,-0.0135266966731459
10.1439999999993,-0.00962901401671043
10.1449999999995,-0.00572633342144922
10.1459999999997,-0.00181794211000118
10.1469999999999,0.00209706368019232
10.1479999999992,0.00602073633631248
10.1489999999994,0.00995155827632678
10.1499999999996,0.0138885722884264
10.1509999999998,0.0178301843629931
10.1519999999991,0.0217767414793735
10.1529999999993,0.0257280771684411
10.1539999999995,0.0296830137594391
10.1549999999997,0.0336379729053643
10.1559999999999,0.0375902263722198
10.1569999999992,0.0415396473624411
10.1579999999994,0.0454841431545543
10.1589999999997,0.0494199741575774
10.1599999999999,0.0533461331145739
10.1609999999991,0.0572605513670018
10.1619999999994,0.0611611310454847
10.1629999999996,0.0650466918770426
10.1639999999998,0.0689147978941313
10.165,0.0727644515714202
10.1659999999993,0.0765937519187625
10.1669999999995,0.080400751472686
10.1679999999997,0.0841853751055499
10.1689999999999,0.0879469939144357
10.1699999999992,0.0916838461335601
10.1709999999994,0.0953944973468473
10.1719999999996,0.0990761647051213
10.1729999999998,0.102727638748119
10.174,0.106346993752781
10.1749999999993,0.109932050575728
10.1759999999995,0.113480506090234
10.1769999999997,0.116990893007353
10.1779999999999,0.12046099788146
10.1789999999992,0.12388724568244
10.1799999999994,0.127269337923635
10.1809999999996,0.130606010061625
10.1819999999998,0.133896445735558
10.183,0.137140009739268
10.1839999999993,0.14033233776647
10.1849999999995,0.143472362007765
10.1859999999997,0.146557704718185
10.1869999999999,0.149588286304427
10.1879999999992,0.152562143605185
10.1889999999994,0.155478649914454
10.1899999999996,0.158336461697462
10.1909999999998,0.161133813572789
10.192,0.16386983817561
10.1929999999993,0.166544096802363
10.1939999999995,0.16915451043681
10.1949999999997,0.17170027848162
10.1959999999999,0.174181331296183
10.1969999999992,0.176596560848677
10.1979999999994,0.178943894117057
10.1989999999996,0.181222330316058
10.1999999999998,0.183431981242902
10.201,0.185571559275764
10.2019999999993,0.187638179372137
10.2029999999995,0.189631445834375
10.2039999999997,0.191550051826748
10.2049999999999,0.193392582332092
10.2059999999992,0.195157865894925
10.2069999999994,0.196845483938368
10.2079999999996,0.198453624657081
10.2089999999998,0.199983244067436
10.2099999999991,0.201431933797373
10.2109999999993,0.20280014488796
10.2119999999995,0.204087569823228
10.2129999999997,0.205293462387416
10.2139999999999,0.206417342833121
10.2149999999992,0.20745932426711
10.2159999999994,0.208419254762859
10.2169999999996,0.209296255363275
10.2179999999998,0.210089342123875
10.2189999999991,0.210798542948337
10.2199999999993,0.211423645376505
10.2209999999995,0.211965675950699
10.2219999999998,0.212423658470816
10.223,0.2127981315252
10.2239999999993,0.213088763657564
10.2249999999995,0.213295229070472
10.2259999999997,0.213418918499147
10.2269999999999,0.213459402121307
10.2279999999992,0.21341588052444
10.2289999999994,0.213287682312953
10.2299999999996,0.213075292556774
10.2309999999998,0.212779247500556
10.232,0.212399865861427
10.2329999999993,0.211937190775867
10.2339999999995,0.211390388856956
10.2349999999997,0.210758461625416
10.2359999999999,0.210042347235679
10.2369999999992,0.209240841916
10.2379999999994,0.208354725876016
10.2389999999996,0.20738257563022
10.2399999999998,0.206323638483865
10.241,0.205178861984087
10.2419999999993,0.203947641214156
10.2429999999995,0.202629932773898
10.2439999999997,0.201227190334806
10.2449999999999,0.199738505539797
10.2459999999992,0.19816476168104
10.2469999999994,0.196505248015195
10.2479999999996,0.194759954838959
10.2489999999998,0.192930101806777
10.25,0.191015385891889
10.2509999999993,0.189017582354063
10.2519999999995,0.186935386237453
10.2529999999997,0.184768520372737
10.2539999999999,0.182518019182416
10.2549999999992,0.180184501380494
10.2559999999994,0.177769723150559
10.2569999999996,0.175274847542517
10.2579999999998,0.172699482757787
10.259,0.170044290047107
10.2599999999993,0.167311542351166
10.2609999999995,0.164501819132948
10.2619999999997,0.161616357545976
10.2629999999999,0.158656492110135
10.2639999999992,0.155623983914855
10.2649999999994,0.152520449853263
10.2659999999996,0.149349706716783
10.2669999999998,0.146114767281195
10.2679999999991,0.14281714699446
10.2689999999993,0.139457932114269
10.2699999999995,0.136041538882575
10.2709999999997,0.132570148273581
10.2719999999999,0.129045388353633
10.2729999999992,0.125470704475169
10.2739999999994,0.121848728195333
10.2749999999996,0.118183407222762
10.2759999999998,0.114477801924102
10.2769999999991,0.110734116670413
10.2779999999993,0.106956502461658
10.2789999999995,0.103147388102161
10.2799999999997,0.0993104274203618
10.2809999999999,0.0954491133752179
10.2819999999992,0.0915675497784797
10.2829999999994,0.0876679045684547
10.2839999999997,0.0837540918747047
10.2849999999999,0.0798299772216259
10.2859999999991,0.0758980739978388
10.2869999999994,0.0719618650828351
10.2879999999996,0.0680234303352173
10.2889999999998,0.0640864466562272
10.29,0.0601531150974639
10.2909999999993,0.0562266526197429
10.2919999999995,0.0523090280173372
10.2929999999997,0.0484027346258182
10.2939999999999,0.0445111813290454
10.2949999999992,0.0406355063015025
10.2959999999994,0.0367784587150392
10.2969999999996,0.0329420648268095
10.2979999999998,0.0291268660542839
10.299,0.0253340037612401
10.2999999999993,0.0215637184329731
10.3009999999995,0.0178174489621534
10.3019999999997,0.0140970523667871
10.3029999999999,0.0104025969148467
10.3039999999992,0.00673423646347505
10.3049999999994,0.0030920354481179
10.3059999999996,-0.000524291218228043
10.3069999999998,-0.00411456665008118
10.308,-0.00767972025372797
10.3089999999993,-0.0112215537937613
10.3099999999995,-0.0147408902801601
10.3109999999997,-0.0182394097886481
10.3119999999999,-0.0217187099243641
10.3129999999992,-0.0251826401078499
10.3139999999994,-0.028633672861268
10.3149999999996,-0.0320743707376241
10.3159999999998,-0.0355079511994166
10.317,-0.0389371661306916
10.3179999999993,-0.0423644055160635
10.3189999999995,-0.0457934437957077
10.3199999999997,-0.0492282339726747
10.3209999999999,-0.0526728855172222
10.3219999999992,-0.056131240461207
10.3229999999994,-0.0596074131020101
10.3239999999996,-0.0631056642439311
10.3249999999998,-0.066629956000884
10.326,-0.0701847741204446
10.3269999999993,-0.0737737244132367
10.3279999999995,-0.0774011304302861
10.3289999999997,-0.0810691983676438
10.3299999999999,-0.0847824223507064
10.3309999999992,-0.0885434115981604
10.3319999999994,-0.0923564110951122
10.3329999999996,-0.0962247382311311
10.3339999999998,-0.100150089616931
10.3349999999991,-0.10413449858263
10.3359999999993,-0.108179828165516
10.3369999999995,-0.112286942536929
10.3379999999997,-0.116457513437492
10.3389999999999,-0.120691779736355
10.3399999999992,-0.124990430528129
10.3409999999994,-0.129354701520181
10.3419999999996,-0.133784246446135
10.3429999999998,-0.138277815899544
10.3439999999991,-0.142835632437965
10.3449999999993,-0.147456509424829
10.3459999999995,-0.152138990685366
10.3469999999998,-0.156880301241372
10.348,-0.161677534407116
10.3489999999993,-0.166526893681175
10.3499999999995,-0.17142135445609
10.3509999999997,-0.176357023925082
10.3519999999999,-0.181326714053066
10.3529999999992,-0.186321005605595
10.3539999999994,-0.191330657632878
10.3549999999996,-0.196347438713067
10.3559999999998,-0.201364717605526
10.357,-0.206371814523267
10.3579999999993,-0.211358698665032
10.3589999999995,-0.216316455803518
10.3599999999997,-0.221233821216662
10.3609999999999,-0.226099990983847
10.3619999999992,-0.230903922840757
10.3629999999994,-0.23562993015113
10.3639999999996,-0.240264508499925
10.3649999999998,-0.244787706147587
10.366,-0.249182965284675
10.3669999999993,-0.253425939263224
10.3679999999995,-0.257495543353262
10.3689999999997,-0.261363647458716
10.3699999999999,-0.265003180443831
10.3709999999992,-0.268391492833343
10.3719999999994,-0.271500433962187
10.3729999999996,-0.274309695209835
10.3739999999998,-0.276796169289234
10.375,-0.278940601063129
10.3759999999993,-0.28072177518574
10.3769999999995,-0.282125292784374
10.3779999999997,-0.283137795340417
10.3789999999999,-0.28375198826789
10.3799999999992,-0.283965698500086
10.3809999999994,-0.283786595637729
10.3819999999996,-0.283230748208661
10.3829999999998,-0.282324331932108
10.384,-0.281100297290849
10.3849999999993,-0.27960241281538
10.3859999999995,-0.277871433642073
10.3869999999997,-0.275952217211701
10.3879999999999,-0.273883217606588
10.3889999999992,-0.27170151300504
10.3899999999994,-0.269436429716284
10.3909999999996,-0.267117814305498
10.3919999999998,-0.264765086113437
10.3929999999991,-0.262399632441188
10.3939999999993,-0.260033469664336
10.3949999999995,-0.257675961007672
10.3959999999997,-0.255332353928659
10.3969999999999,-0.253006624836167
10.3979999999992,-0.250700071541922
10.3989999999994,-0.248411237315899
10.3999999999996,-0.246137408620301
10.4009999999998,-0.243876487347857
10.4019999999991,-0.241623228281217
10.4029999999993,-0.23937379749713
10.4039999999995,-0.237122742577777
10.4049999999997,-0.234866167996538
10.4059999999999,-0.232600573023341
10.4069999999992,-0.230324848114269
10.4079999999994,-0.2280364770906
10.4089999999997,-0.225735659027849
10.4099999999999,-0.223422228666484
10.4109999999991,-0.221094891872265
10.4119999999994,-0.218752142038979
10.4129999999996,-0.216394064658216
10.4139999999998,-0.214022063612418
10.415,-0.211635621672811
10.4159999999993,-0.209233779018163
10.4169999999995,-0.206817151715031
10.4179999999997,-0.204385153541341
10.4189999999999,-0.201936859453228
10.4199999999992,-0.199470472335
10.4209999999994,-0.196986459779128
10.4219999999996,-0.194481200010927
10.4229999999998,-0.191952108871212
10.424,-0.189396563361386
10.4249999999993,-0.186811909291989
10.4259999999995,-0.184195391074645
10.4269999999997,-0.181542655914195
10.4279999999999,-0.178850245887195
10.4289999999992,-0.176114931123361
10.4299999999994,-0.173333717556761
10.4309999999996,-0.170502364515737
10.4319999999998,-0.167620589569269
10.433,-0.16468619542758
10.4339999999993,-0.161698155114922
10.4349999999995,-0.158657570237454
10.4359999999997,-0.155563142001159
10.4369999999999,-0.152415230262792
10.4379999999992,-0.149213797428971
10.4389999999994,-0.14596021304714
10.4399999999996,-0.14265429914872
10.4409999999998,-0.139295362968104
10.442,-0.135883541132695
10.4429999999993,-0.132418310748718
10.4439999999995,-0.128902047406965
10.4449999999997,-0.125335613103465
10.4459999999999,-0.121719700195476
10.4469999999992,-0.118054175029412
10.4479999999994,-0.114339904168598
10.4489999999996,-0.110577402982117
10.4499999999998,-0.106763917984686
10.451,-0.102900895955079
10.4519999999993,-0.098988176986548
10.4529999999995,-0.0950260953669353
10.4539999999997,-0.0910153751078545
10.4549999999999,-0.0869564744937451
10.4559999999992,-0.0828500481275592
10.4569999999994,-0.078696353442185
10.4579999999996,-0.0744967702057215
10.4589999999998,-0.070252877427262
10.4599999999991,-0.0659659759836696
10.4609999999993,-0.0616392458388092
10.4619999999995,-0.0572759501185878
10.4629999999997,-0.0528786773625501
10.4639999999999,-0.0484507596545649
10.4649999999992,-0.0439945793773381
10.4659999999994,-0.0395157788350843
10.4669999999996,-0.0350197643088205
10.4679999999998,-0.030510880863948
10.4689999999991,-0.0259919070122595
10.4699999999993,-0.0214661519615396
10.4709999999995,-0.0169364475646358
10.4719999999998,-0.0124068567665455
10.473,-0.00788060692256398
10.4739999999993,-0.00336148002876585
10.4749999999995,0.00115027367837026
10.4759999999997,0.0056533606189553
10.4769999999999,0.0101485870930331
10.4779999999992,0.0146390750734886
10.4789999999994,0.0191265378404622
10.4799999999996,0.0236126836659419
10.4809999999998,0.0281005561010045
10.482,0.0325938462014608
10.4829999999993,0.0370967911074879
10.4839999999995,0.0416130091151022
10.4849999999997,0.0461451982385893
10.4859999999999,0.0506942978506942
10.4869999999992,0.0552610239934514
10.4879999999994,0.059845752114456
10.4889999999996,0.0644463869825658
10.4899999999998,0.0690610447446874
10.491,0.0736866697663428
10.4919999999993,0.0783197258148608
10.4929999999995,0.0829595374585342
10.4939999999997,0.0876031662917177
10.4949999999999,0.0922471639234639
10.4959999999992,0.0968890005966333
10.4969999999994,0.101527721474835
10.4979999999996,0.1061594803207
10.4989999999998,0.110782706495952
10.5,0.115394900438716
10.5009999999993,0.119995011159967
10.5019999999995,0.124580306689105
10.5029999999997,0.129148911711213
10.5039999999999,0.133697800076073
10.5049999999992,0.138224853227062
10.5059999999994,0.142727251335269
10.5069999999996,0.147202864204382
10.5079999999998,0.151651239220907
10.509,0.156070368900869
10.5099999999993,0.16045651219741
10.5109999999995,0.164806366609482
10.5119999999997,0.16911815779939
10.5129999999999,0.17339056115945
10.5139999999992,0.177622374170861
10.5149999999994,0.181812383765751
10.5159999999996,0.185960152306588
10.5169999999998,0.190065077262376
10.5179999999991,0.194125640296869
10.5189999999993,0.19813891897834
10.5199999999995,0.202102384939269
10.5209999999997,0.206013144155333
10.5219999999999,0.209868985268783
10.5229999999992,0.213668441736373
10.5239999999994,0.217411992879945
10.5249999999996,0.221098593975588
10.5259999999998,0.2247285497311
10.5269999999991,0.228300373714719
10.5279999999993,0.231814142762944
10.5289999999995,0.2352684260387
10.5299999999997,0.238663241557997
10.5309999999999,0.241997919279626
10.5319999999992,0.245271223457693
10.5329999999994,0.248482218640142
10.5339999999997,0.251629449856445
10.5349999999999,0.254712290151429
10.5359999999991,0.257729702385644
10.5369999999994,0.260680749864183
10.5379999999996,0.263565054346871
10.5389999999998,0.26638154725966
10.54,0.26913012643327
10.5409999999993,0.271810095403582
10.5419999999995,0.274421708098193
10.5429999999997,0.276964794638774
10.5439999999999,0.279437888070099
10.5449999999992,0.281840189324452
10.5459999999994,0.284171817003114
10.5469999999996,0.286432090501046
10.5479999999998,0.288620148009814
10.549,0.290735683993176
10.5499999999993,0.292778029956492
10.5509999999995,0.294746306151764
10.5519999999997,0.296638974855458
10.5529999999999,0.29845352735081
10.5539999999992,0.300190247169548
10.5549999999994,0.30184905477207
10.5559999999996,0.303427967760133
10.5569999999998,0.304925743140635
10.558,0.306341326472166
10.5589999999993,0.307672697608465
10.5599999999995,0.308918229355164
10.5609999999997,0.310076104937266
10.5619999999999,0.311144211053423
10.5629999999992,0.312121041082069
10.5639999999994,0.313005190503899
10.5649999999996,0.3137952449199
10.5659999999998,0.314488806961052
10.567,0.315084476932292
10.5679999999993,0.315580891907125
10.5689999999995,0.315976730299611
10.5699999999997,0.316269959249136
10.5709999999999,0.316460291849434
10.5719999999992,0.316547312579658
10.5729999999994,0.316528806629964
10.5739999999996,0.316403320597405
10.5749999999998,0.316170846407755
10.576,0.315828833001301
10.5769999999993,0.315375842503428
10.5779999999995,0.31481000353871
10.5789999999997,0.314130212854921
10.5799999999999,0.313334731151477
10.5809999999992,0.31242222272781
10.5819999999994,0.311392660991679
10.5829999999996,0.310244133116294
10.5839999999998,0.308976747361566
10.5849999999991,0.30758940811338
10.5859999999993,0.306081619250395
10.5869999999995,0.304451784924722
10.5879999999997,0.302699047431743
10.5889999999999,0.300822269824298
10.5899999999992,0.298820569480517
10.5909999999994,0.296692522011194
10.5919999999996,0.294437683409366
10.5929999999998,0.29205588662858
10.5939999999991,0.28954686611583
10.5949999999993,0.286909828849445
10.5959999999995,0.284144785084939
10.5969999999998,0.281250966091746
10.598,0.27822881597107
10.5989999999993,0.275079720308772
10.5999999999995,0.271805070571948
10.6009999999997,0.268405873156109
10.6019999999999,0.264884985408815
10.6029999999992,0.261244948315115
10.6039999999994,0.257487812910449
10.6049999999996,0.253615991039101
10.6059999999998,0.24963241294334
10.607,0.245541095569068
10.6079999999993,0.241345808450318
10.6089999999995,0.23705017426334
10.6099999999997,0.232657272573197
10.6109999999999,0.228171294957901
10.6119999999992,0.223595921255863
10.6129999999994,0.218935786096041
10.6139999999996,0.214195105505792
10.6149999999998,0.209378020553322
10.616,0.204489774361369
10.6169999999993,0.199535210266355
10.6179999999995,0.194518836578802
10.6189999999997,0.189446484479352
10.6199999999999,0.184322798957641
10.6209999999992,0.179152154284868
10.6219999999994,0.173939364782007
10.6229999999996,0.168688251792793
10.6239999999998,0.163403423927767
10.625,0.158091280962681
10.6259999999993,0.152758102967956
10.6269999999995,0.147407781504106
10.6279999999997,0.142044719269093
10.6289999999999,0.136673587071837
10.6299999999992,0.131299335070166
10.6309999999994,0.125926926080325
10.6319999999996,0.120560985123571
10.6329999999998,0.115206497064968
10.634,0.109866674996093
10.6349999999993,0.104546722027412
10.6359999999995,0.0992512308318733
10.6369999999997,0.0939840256506635
10.6379999999999,0.0887490390760516
10.6389999999992,0.083550368349419
10.6399999999994,0.0783922129284102
10.6409999999996,0.0732763323371393
10.6419999999998,0.0682051349903615
10.6429999999991,0.0631828438819584
10.6439999999993,0.0582118718728334
10.6449999999995,0.0532942972738023
10.6459999999997,0.0484316169568313
10.6469999999999,0.0436247479521181
10.6479999999992,0.0388749165287542
10.6489999999994,0.0341837957223747
10.6499999999996,0.0295522088705708
10.6509999999998,0.0249816784304879
10.6519999999991,0.0204721384569616
10.6529999999993,0.0160235163739757
10.6539999999995,0.0116351117253025
10.6549999999997,0.00730596122080607
10.6559999999999,0.00303522058398499
10.6569999999992,-0.00117864352833717
10.6579999999994,-0.00533742170493801
10.6589999999997,-0.00944347236973948
10.6599999999999,-0.0134984603994458
10.6609999999991,-0.0175053413442316
10.6619999999994,-0.0214680386317323
10.6629999999996,-0.0253877790960437
10.6639999999998,-0.0292674413171051
10.665,-0.0331099938064591
10.6659999999993,-0.0369177623134742
10.6669999999995,-0.0406947961501397
10.6679999999997,-0.0444448274688202
10.6689999999999,-0.0481716579138054
10.6699999999992,-0.051879141262381
10.6709999999994,-0.0555702803535328
10.6719999999996,-0.0592483373104615
10.6729999999998,-0.0629178116787246
10.674,-0.0665821224765938
10.6749999999993,-0.0702454155697132
10.6759999999995,-0.0739113535178774
10.6769999999997,-0.0775844435098413
10.6779999999999,-0.0812683021467597
10.6789999999992,-0.0849680531803975
10.6799999999994,-0.0886865457801124
10.6809999999996,-0.0924275116732724
10.6819999999998,-0.0961951107449199
10.683,-0.0999932707252967
10.6839999999993,-0.103825321204856
10.6849999999995,-0.107694703281501
10.6859999999997,-0.111604255782217
10.6869999999999,-0.115556291374811
10.6879999999992,-0.11955273571208
10.6889999999994,-0.123594452967972
10.6899999999996,-0.127682896826553
10.6909999999998,-0.131817934720678
10.692,-0.136000739892046
10.6929999999993,-0.140232914525672
10.6939999999995,-0.144514316955515
10.6949999999997,-0.148843455621246
10.6959999999999,-0.153218285248327
10.6969999999992,-0.157636239804761
10.6979999999994,-0.162092651199372
10.6989999999996,-0.166580204894162
10.6999999999998,-0.171092671861007
10.701,-0.175621997404326
10.7019999999993,-0.180157829467369
10.7029999999995,-0.184687622560446
10.7039999999997,-0.189199057103733
10.7049999999999,-0.193677796917757
10.7059999999992,-0.198109692363179
10.7069999999994,-0.202478961107719
10.7079999999996,-0.206768833286201
10.7089999999998,-0.210959621382755
10.7099999999991,-0.215033318602023
10.7109999999993,-0.218972635571829
10.7119999999995,-0.222756006077521
10.7129999999997,-0.226361896867487
10.7139999999999,-0.229764068323765
10.7149999999992,-0.232933770232812
10.7159999999994,-0.235836696897818
10.7169999999996,-0.238437659679084
10.7179999999998,-0.240700165802618
10.7189999999991,-0.242590180690151
10.7199999999993,-0.244074529695593
10.7209999999995,-0.245129305255259
10.7219999999998,-0.245737112166241
10.723,-0.245889684679379
10.7239999999993,-0.245582943124465
10.7249999999995,-0.244821113731275
10.7259999999997,-0.243619351541175
10.7269999999999,-0.242002528009544
10.7279999999992,-0.24000715453854
10.7289999999994,-0.237681796697261
10.7299999999996,-0.235085090883552
10.7309999999998,-0.232280579217156
10.732,-0.22932002128956
10.7329999999993,-0.226251034103213
10.7339999999995,-0.223107847429804
10.7349999999997,-0.219913630097324
10.7359999999999,-0.216687658065468
10.7369999999992,-0.213442012863751
10.7379999999994,-0.210186670300718
10.7389999999996,-0.206929261694772
10.7399999999998,-0.203674842303579
10.741,-0.200426694362414
10.7419999999993,-0.197188041983928
10.7429999999995,-0.193959309309034
10.7439999999997,-0.190738761252762
10.7449999999999,-0.187527233632282
10.7459999999992,-0.184325612179061
10.7469999999994,-0.181134275962084
10.7479999999996,-0.177952969262323
10.7489999999998,-0.1747825967704
10.75,-0.17162499714423
10.7509999999993,-0.168481190372099
10.7519999999995,-0.165354465011907
10.7529999999997,-0.162247981483718
10.7539999999999,-0.15916480960339
10.7549999999992,-0.156108384450869
10.7559999999994,-0.153081760001788
10.7569999999996,-0.150087418033499
10.7579999999998,-0.147129500821303
10.759,-0.14421328813789
10.7599999999993,-0.141343688920013
10.7609999999995,-0.138524246942594
10.7619999999997,-0.135760316090203
10.7629999999999,-0.133055470072297
10.7639999999992,-0.130412308980985
10.7649999999994,-0.127830596832974
10.7659999999996,-0.125308130392678
10.7669999999998,-0.122840568350739
10.7679999999991,-0.120421048972174
10.7689999999993,-0.118040984859648
10.7699999999995,-0.115688865545125
10.7709999999997,-0.113352097442684
10.7719999999999,-0.111017631810606
10.7729999999992,-0.108671455366443
10.7739999999994,-0.106301036667095
10.7749999999996,-0.103893623409758
10.7759999999998,-0.101438598683141
10.7769999999991,-0.0989260723176727
10.7779999999993,-0.096347119636021
10.7789999999995,-0.093695691491441
10.7799999999997,-0.0909697684024371
10.7809999999999,-0.0881698375916741
10.7819999999992,-0.0852982687530342
10.7829999999994,-0.0823585418927936
10.7839999999997,-0.0793554188609766
10.7849999999999,-0.0762943137583129
10.7859999999991,-0.0731813116331944
10.7869999999994,-0.0700225263126535
10.7879999999996,-0.0668228771501619
10.7889999999998,-0.063587309958664
10.79,-0.0603199695999043
10.7909999999993,-0.0570248039764028
10.7919999999995,-0.0537045462235874
10.7929999999997,-0.0503618731760421
10.7939999999999,-0.0470000431792287
10.7949999999992,-0.0436207236176236
10.7959999999994,-0.0402255437394705
10.7969999999996,-0.036817351500392
10.7979999999998,-0.033398550027142
10.799,-0.0299711028265881
10.7999999999993,-0.0265352247255808
10.8009999999995,-0.0230896687902642
10.8019999999997,-0.0196312107264016
10.8029999999999,-0.0161572949423045
10.8039999999992,-0.0126653132403747
10.8049999999994,-0.00915282741093756
10.8059999999996,-0.00561801362025745
10.8069999999998,-0.00205789986476289
10.808,0.00152991312148464
10.8089999999993,0.00514552913947498
10.8099999999995,0.00878881083172754
10.8109999999997,0.0124598807641259
10.8119999999999,0.0161578265335435
10.8129999999992,0.0198801919623721
10.8139999999994,0.0236249107835761
10.8149999999996,0.027389792419591
10.8159999999998,0.0311710664202258
10.817,0.0349657629706749
10.8179999999993,0.0387718795879278
10.8189999999995,0.0425878156060039
10.8199999999997,0.0464125061255899
10.8209999999999,0.050244238237133
10.8219999999992,0.0540814188348301
10.8229999999994,0.057922594751241
10.8239999999996,0.061766554601523
10.8249999999998,0.0656136548869891
10.826,0.0694632856590954
10.8269999999993,0.0733141169008266
10.8279999999995,0.0771644467597201
10.8289999999997,0.0810124319596417
10.8299999999999,0.0848581442281522
10.8309999999992,0.0887018585344602
10.8319999999994,0.0925426283252648
10.8329999999996,0.0963787506557273
10.8339999999998,0.100208982572208
10.8349999999991,0.104032374080628
10.8359999999993,0.107848523758795
10.8369999999995,0.111657127793566
10.8379999999997,0.115457042285219
10.8389999999999,0.11924625824074
10.8399999999992,0.123023314950114
10.8409999999994,0.126788235910681
10.8419999999996,0.130540552107398
10.8429999999998,0.134280014296679
10.8439999999991,0.138006694968614
10.8449999999993,0.141719406429604
10.8459999999995,0.145416301933237
10.8469999999998,0.149095388151902
10.848,0.152755106079179
10.8489999999993,0.156392823693709
10.8499999999995,0.160006241911058
10.8509999999997,0.163593707677464
10.8519999999999,0.167154334691635
10.8529999999992,0.170688486904332
10.8539999999994,0.174195219278326
10.8549999999996,0.177673901668325
10.8559999999998,0.181124442546013
10.857,0.18454560479329
10.8579999999993,0.187936000954512
10.8589999999995,0.191294281580569
10.8599999999997,0.19461966321025
10.8609999999999,0.197911726888615
10.8619999999992,0.201169336856749
10.8629999999994,0.204392453087152
10.8639999999996,0.207581570596754
10.8649999999998,0.210736835639358
10.866,0.21385796346881
10.8669999999993,0.216944732707661
10.8679999999995,0.219996264985985
10.8689999999997,0.223012278735735
10.8699999999999,0.225993435610507
10.8709999999992,0.228940719781741
10.8719999999994,0.231854825456231
10.8729999999996,0.234736150043205
10.8739999999998,0.237585324803467
10.875,0.240402118969218
10.8759999999993,0.243185174425595
10.8769999999995,0.245933707772655
10.8779999999997,0.248647508875139
10.8789999999999,0.251324843300829
10.8799999999992,0.253964030004711
10.8809999999994,0.256563821306819
10.8819999999996,0.259122139223074
10.8829999999998,0.261639247388852
10.884,0.264114940654944
10.8849999999993,0.266546324892668
10.8859999999995,0.268932225610331
10.8869999999997,0.271271996142539
10.8879999999999,0.273563881434364
10.8889999999992,0.27580691136852
10.8899999999994,0.27800017117107
10.8909999999996,0.280142966300704
10.8919999999998,0.282234162142681
10.8929999999991,0.284272031272796
10.8939999999993,0.286255636335676
10.8949999999995,0.288183860385491
10.8959999999997,0.290055473092209
10.8969999999999,0.291869424517396
10.8979999999992,0.293624625969394
10.8989999999994,0.295320226657534
10.8999999999996,0.296954739398973
10.9009999999998,0.298527860079333
10.9019999999991,0.30003839362151
10.9029999999993,0.301484231374785
10.9039999999995,0.302864386529888
10.9049999999997,0.304178057077757
10.9059999999999,0.305424260098517
10.9069999999992,0.306601836403136
10.9079999999994,0.307710697905063
10.9089999999997,0.308751252618326
10.9099999999999,0.309721994155852
10.9109999999991,0.310621961413772
10.9119999999994,0.31145009036485
10.9129999999996,0.312205549111887
10.9139999999998,0.312888182047323
10.915,0.313497214809837
10.9159999999993,0.314031176439788
10.9169999999995,0.314488779472168
10.9179999999997,0.314868494007265
10.9189999999999,0.315170047002469
10.9199999999992,0.315393417908579
10.9209999999994,0.315536587327971
10.9219999999996,0.315598119520419
10.9229999999998,0.315577461102842
10.924,0.315473372457517
10.9249999999993,0.315284738563253
10.9259999999995,0.315009297900293
10.9269999999997,0.314644604769441
10.9279999999999,0.314189786136751
10.9289999999992,0.313644952753806
10.9299999999994,0.313009330181138
10.9309999999996,0.312281931573792
10.9319999999998,0.311461940558982
10.933,0.310548352322377
10.9339999999993,0.30954024263447
10.9349999999995,0.308436443927538
10.9359999999997,0.307235796497658
10.9369999999999,0.305937560011931
10.9379999999992,0.30454112615604
10.9389999999994,0.303045555209839
10.9399999999996,0.301449709782866
10.9409999999998,0.299752571949323
10.942,0.297952435550867
10.9429999999993,0.29604738385763
10.9439999999995,0.294037225483537
10.9449999999997,0.291922265612684
10.9459999999999,0.289702318481078
10.9469999999992,0.287376404931711
10.9479999999994,0.284943680498008
10.9489999999996,0.282404926375168
10.9499999999998,0.279759806537805
10.951,0.277007692502914
10.9519999999993,0.274149476967587
10.9529999999995,0.271185709462792
10.9539999999997,0.268116016811021
10.9549999999999,0.264939598790356
10.9559999999992,0.261656507202159
10.9569999999994,0.258267352619541
10.9579999999996,0.254772474961783
10.9589999999998,0.251172324051659
10.9599999999991,0.247467296237825
10.9609999999993,0.24365849517621
10.9619999999995,0.239746980521674
10.9629999999997,0.235733858390235
10.9639999999999,0.231621068857704
10.9649999999992,0.227410229775057
10.9659999999994,0.223101630676669
10.9669999999996,0.218696685521678
10.9679999999998,0.214197212914814
10.9689999999991,0.209604291639837
10.9699999999993,0.204919443824893
10.9709999999995,0.200145299676985
10.9719999999998,0.195284886017116
10.973,0.190340905072372
10.9739999999993,0.185315611124568
10.9749999999995,0.18021093760385
10.9759999999997,0.17502860202159
10.9769999999999,0.169770661771777
10.9779999999992,0.164440440024737
10.9789999999994,0.159041906780527
10.9799999999996,0.153577046529963
10.9809999999998,0.148047499631323
10.982,0.142456966137149
10.9829999999993,0.136809351497867
10.9839999999995,0.13110799742827
10.9849999999997,0.125355947807399
10.9859999999999,0.119556012388346
10.9869999999992,0.113709900026913
10.9879999999994,0.107820323859233
10.9889999999996,0.101890348455041
10.9899999999998,0.0959222695352169
10.991,0.0899184150852415
10.9919999999993,0.083880825319229
10.9929999999995,0.0778116529202986
10.9939999999997,0.0717129368493152
10.9949999999999,0.0655866920609512
10.9959999999992,0.0594353443105593
10.9969999999994,0.0532606304547253
10.9979999999996,0.0470644335097749
10.9989999999998,0.0408488343498094
11,0.0346154187728036
11.0009999999993,0.0283659817008839
11.0019999999995,0.0221023826810244
11.0029999999997,0.0158253660625414
11.0039999999999,0.00953505334137171
11.0049999999992,0.00323264723920896
11.0059999999994,-0.00308089032374921
11.0069999999996,-0.00940475397199235
11.0079999999998,-0.0157383741837262
11.009,-0.0220822951105397
11.0099999999993,-0.0284363769471981
11.0109999999995,-0.0347991899427792
11.0119999999997,-0.0411707252360594
11.0129999999999,-0.0475511271883322
11.0139999999992,-0.0539405447555941
11.0149999999994,-0.0603394294555315
11.0159999999996,-0.06674786645597
11.0169999999998,-0.0731667673673209
11.0179999999991,-0.0795964655806553
11.0189999999993,-0.0860369975831855
11.0199999999995,-0.0924891156047308
11.0209999999997,-0.098953952544267
11.0219999999999,-0.105431202315428
11.0229999999992,-0.111919887530324
11.0239999999994,-0.118420016498253
11.0249999999996,-0.124930190618058
11.0259999999998,-0.131448955217928
11.0269999999991,-0.137975776602812
11.0279999999993,-0.144510509936283
11.0289999999995,-0.151051725566864
11.0299999999997,-0.157596523282519
11.0309999999999,-0.164143314009892
11.0319999999992,-0.170690905896243
11.0329999999994,-0.177237416923921
11.0339999999997,-0.183781111847225
11.0349999999999,-0.190319192539885
11.0359999999991,-0.196849360479169
11.0369999999994,-0.203369147736286
11.0379999999996,-0.209875429225648
11.0389999999998,-0.216364403727238
11.04,-0.222831517695752
11.0409999999993,-0.229272970193615
11.0419999999995,-0.235683891628609
11.0429999999997,-0.242058659337317
11.0439999999999,-0.248391219249592
11.0449999999992,-0.254674633943019
11.0459999999994,-0.260900002216778
11.0469999999996,-0.267057154688762
11.0479999999998,-0.273134928777018
11.049,-0.279118844051464
11.0499999999993,-0.284995621311152
11.0509999999995,-0.290751838207621
11.0519999999997,-0.296372953421792
11.0529999999999,-0.301843968872639
11.0539999999992,-0.307150470796482
11.0549999999994,-0.312278295031965
11.0559999999996,-0.317215308908878
11.0569999999998,-0.321952063931497
11.058,-0.326480364465861
11.0589999999993,-0.330794346256241
11.0599999999995,-0.334890604820314
11.0609999999997,-0.338769428541118
11.0619999999999,-0.342433386578131
11.0629999999992,-0.345887059745886
11.0639999999994,-0.349136658761829
11.0649999999996,-0.352189061137254
11.0659999999998,-0.355054855264823
11.067,-0.357746827445744
11.0679999999993,-0.36027803512476
11.0689999999995,-0.362660560586811
11.0699999999997,-0.36490746026247
11.0709999999999,-0.367032217503356
11.0719999999992,-0.36904784879482
11.0729999999994,-0.370966907710159
11.0739999999996,-0.372801403505946
11.0749999999998,-0.374562521913584
11.076,-0.376259398348372
11.0769999999993,-0.377899777775662
11.0779999999995,-0.379490910383352
11.0789999999997,-0.381039262396991
11.0799999999999,-0.382549086100645
11.0809999999992,-0.384024519246784
11.0819999999994,-0.385468156118778
11.0829999999996,-0.386880170938302
11.0839999999998,-0.388260055734983
11.0849999999991,-0.389608812273867
11.0859999999993,-0.390926196500782
11.0869999999995,-0.392208256803462
11.0879999999997,-0.393450598233939
11.0889999999999,-0.394649136934919
11.0899999999992,-0.395797995048894
11.0909999999994,-0.396890690630832
11.0919999999996,-0.397920062400628
11.0929999999998,-0.39887924587271
11.0939999999991,-0.399760741944544
11.0949999999993,-0.400557023241169
11.0959999999995,-0.401260045548495
11.0969999999998,-0.401861000721463
11.098,-0.402353597449844
11.0989999999993,-0.402733484629325
11.0999999999995,-0.402998224185896
11.1009999999997,-0.403144363639655
11.1019999999999,-0.403167876874334
11.1029999999992,-0.403065979585689
11.1039999999994,-0.402837711838963
11.1049999999996,-0.402482920783887
11.1059999999998,-0.402001958734985
11.107,-0.401396353043204
11.1079999999993,-0.400669476088073
11.1089999999995,-0.399824536469648
11.1099999999997,-0.398863920976724
11.1109999999999,-0.397792045175901
11.1119999999992,-0.396613800510288
11.1129999999994,-0.395331648904353
11.1139999999996,-0.393949529632182
11.1149999999998,-0.392471726388026
11.116,-0.39090142322959
11.1169999999993,-0.389239705171307
11.1179999999995,-0.387487287013276
11.1189999999997,-0.385645668101282
11.1199999999999,-0.383714859541274
11.1209999999992,-0.381695869418164
11.1219999999994,-0.379589695493328
11.1229999999996,-0.377397402085181
11.1239999999998,-0.375120763271675
11.125,-0.372762690119908
11.1259999999993,-0.370325282101666
11.1269999999995,-0.367810620462042
11.1279999999997,-0.36522162088397
11.1289999999999,-0.362561972179086
11.1299999999992,-0.359834435735823
11.1309999999994,-0.357041944189287
11.1319999999996,-0.354187922385325
11.1329999999998,-0.351274749841872
11.134,-0.348304681791812
11.1349999999993,-0.345279528663246
11.1359999999995,-0.342201435039774
11.1369999999997,-0.339072890218784
11.1379999999999,-0.335895861700363
11.1389999999992,-0.332673920406674
11.1399999999994,-0.329410754126431
11.1409999999996,-0.32610993769657
11.1419999999998,-0.322776401551648
11.1429999999991,-0.319414578530082
11.1439999999993,-0.316028408390496
11.1449999999995,-0.312620641079339
11.1459999999997,-0.309195013140037
11.1469999999999,-0.305753508060638
11.1479999999992,-0.30229625939878
11.1489999999994,-0.298824122757642
11.1499999999996,-0.295338176936597
11.1509999999998,-0.291836743901609
11.1519999999991,-0.288317301837644
11.1529999999993,-0.284778739019709
11.1539999999995,-0.281217979022602
11.1549999999997,-0.277632027976267
11.1559999999999,-0.274017497863505
11.1569999999992,-0.270371644120468
11.1579999999994,-0.266693260881391
11.1589999999997,-0.262981126131055
11.1599999999999,-0.259234290734558
11.1609999999991,-0.255452735102545
11.1619999999994,-0.251636687611399
11.1629999999996,-0.247786073277899
11.1639999999998,-0.243901109043271
11.165,-0.239981812212108
11.1659999999993,-0.236027407119971
11.1669999999995,-0.232039204244704
11.1679999999997,-0.228018222626547
11.1689999999999,-0.223964888166371
11.1699999999992,-0.21988089726799
11.1709999999994,-0.215767186369306
11.1719999999996,-0.2116240187919
11.1729999999998,-0.20745169874606
11.174,-0.203252303523752
11.1749999999993,-0.199028086167104
11.1759999999995,-0.19478104976225
11.1769999999997,-0.190513473642722
11.1779999999999,-0.186227005178761
11.1789999999992,-0.181924339005189
11.1799999999994,-0.177608546718217
11.1809999999996,-0.173281762649449
11.1819999999998,-0.168946555157319
11.183,-0.164604764096249
11.1839999999993,-0.160258160045392
11.1849999999995,-0.155909053391099
11.1859999999997,-0.151559660976455
11.1869999999999,-0.147211462750756
11.1879999999992,-0.142866919650906
11.1889999999994,-0.138527683003967
11.1899999999996,-0.134195253886819
11.1909999999998,-0.12987137585952
11.192,-0.125557811816827
11.1929999999993,-0.121256420521724
11.1939999999995,-0.116968867557458
11.1949999999997,-0.112696411584145
11.1959999999999,-0.108439764083813
11.1969999999992,-0.104200139567838
11.1979999999994,-0.0999785832442215
11.1989999999996,-0.0957761551608516
11.1999999999998,-0.0915939990543572
11.201,-0.0874327093391897
11.2019999999993,-0.0832932738106114
11.2029999999995,-0.0791764063562551
11.2039999999997,-0.0750823671856424
11.2049999999999,-0.0710130503445933
11.2059999999992,-0.0669701489773523
11.2069999999994,-0.0629537343508005
11.2079999999996,-0.0589650844809328
11.2089999999998,-0.0550067548320332
11.2099999999991,-0.0510799678537632
11.2109999999993,-0.0471866892522147
11.2119999999995,-0.0433277106881592
11.2129999999997,-0.0395034594282241
11.2139999999999,-0.0357146931892373
11.2149999999992,-0.0319632964363999
11.2159999999994,-0.0282513963379827
11.2169999999996,-0.0245797653402546
11.2179999999998,-0.0209497833575769
11.2189999999991,-0.0173624152396213
11.2199999999993,-0.0138193106572056
11.2209999999995,-0.0103229010273341
11.2219999999998,-0.00687483019297673
11.223,-0.00347606537700468
11.2239999999993,-0.000128090632083966
11.2249999999995,0.0031675904873377
11.2259999999997,0.00640929864390254
11.2269999999999,0.00959555501699805
11.2279999999992,0.0127253515511747
11.2289999999994,0.0157974542294476
11.2299999999996,0.0188105691444036
11.2309999999998,0.0217631290869284
11.232,0.0246537327216712
11.2329999999993,0.0274814371828059
11.2339999999995,0.0302443641934115
11.2349999999997,0.0329414588432293
11.2359999999999,0.0355720127115978
11.2369999999992,0.0381347083696837
11.2379999999994,0.0406275739873009
11.2389999999996,0.0430492176848404
11.2399999999998,0.0453988143163674
11.241,0.047676143690047
11.2419999999993,0.049880056848947
11.2429999999995,0.0520088799216537
11.2439999999997,0.0540613546360289
11.2449999999999,0.0560359550580707
11.2459999999992,0.0579317959880699
11.2469999999994,0.0597475630324908
11.2479999999996,0.0614836578351777
11.2489999999998,0.0631387013936367
11.25,0.0647107497348137
11.2509999999993,0.0661981098616518
11.2519999999995,0.0676001126612603
11.2529999999997,0.0689157817587554
11.2539999999999,0.0701447668543477
11.2549999999992,0.0712865270206738
11.2559999999994,0.0723406037879997
11.2569999999996,0.0733058247721872
11.2579999999998,0.0741814367941101
11.259,0.0749660085995455
11.2599999999993,0.0756583925013841
11.2609999999995,0.0762581748447324
11.2619999999997,0.0767649426243987
11.2629999999999,0.0771783581624203
11.2639999999992,0.0774987490296843
11.2649999999994,0.0777245000242028
11.2659999999996,0.0778557470351677
11.2669999999998,0.0778925911331493
11.2679999999991,0.0778342937856659
11.2689999999993,0.0776806123840412
11.2699999999995,0.0774321519603798
11.2709999999997,0.0770882734313161
11.2719999999999,0.0766490231536192
11.2729999999992,0.07611516177417
11.2739999999994,0.0754866939906408
11.2749999999996,0.0747640496825092
11.2759999999998,0.0739489255236815
11.2769999999991,0.0730415307690042
11.2779999999993,0.0720414881976837
11.2789999999995,0.0709485058373341
11.2799999999997,0.0697635119419143
11.2809999999999,0.0684858389621758
11.2819999999992,0.067116107781467
11.2829999999994,0.0656544764815051
11.2839999999997,0.064101119008333
11.2849999999999,0.0624581987028953
11.2859999999991,0.0607264893207226
11.2869999999994,0.05890628722237
11.2879999999996,0.0569985515859157
11.2889999999998,0.0550041369640817
11.29,0.052923136880902
11.2909999999993,0.0507569874078774
11.2919999999995,0.0485052450656328
11.2929999999997,0.0461680285410305
11.2939999999999,0.0437470752572293
11.2949999999992,0.0412433964182804
11.2959999999994,0.0386579757139681
11.2969999999996,0.0359918622561864
11.2979999999998,0.0332458141090916
11.299,0.0304204182170472
11.2999999999993,0.0275179440633345
11.3009999999995,0.0245404979801993
11.3019999999997,0.0214887586958096
11.3029999999999,0.0183646229654507
11.3039999999992,0.0151697027759771
11.3049999999994,0.011904169538055
11.3059999999996,0.00857082013688532
11.3069999999998,0.00517183181291156
11.308,0.0017083821976253
11.3089999999993,-0.00181912281285922
11.3099999999995,-0.0054083085899643
11.3109999999997,-0.00905747439029984
11.3119999999999,-0.0127652571673886
11.3129999999992,-0.0165292316691608
11.3139999999994,-0.0203472177363228
11.3149999999996,-0.0242173076044483
11.3159999999998,-0.0281379273444353
11.317,-0.0321074356020397
11.3179999999993,-0.0361241504095413
11.3189999999995,-0.0401866167085697
11.3199999999997,-0.0442927111385803
11.3209999999999,-0.0484396657620415
11.3219999999992,-0.0526261740140857
11.3229999999994,-0.0568493314429566
11.3239999999996,-0.061106415012282
11.3249999999998,-0.0653946173198908
11.326,-0.069710114688277
11.3269999999993,-0.0740502510236907
11.3279999999995,-0.0784116105087367
11.3289999999997,-0.0827899919051297
11.3299999999999,-0.0871818279902004
11.3309999999992,-0.0915831107218322
11.3319999999994,-0.0959882475107539
11.3329999999996,-0.1003938728283
11.3339999999998,-0.104792884476022
11.3349999999991,-0.109178304924464
11.3359999999993,-0.113542565555033
11.3369999999995,-0.117877498266961
11.3379999999997,-0.122172775576551
11.3389999999999,-0.126418232444244
11.3399999999992,-0.130599980813106
11.3409999999994,-0.13470240457864
11.3419999999996,-0.138710993669752
11.3429999999998,-0.142607567834199
11.3439999999991,-0.1463732704317
11.3449999999993,-0.149986053912745
11.3459999999995,-0.153423825459899
11.3469999999998,-0.156665721354678
11.348,-0.159693551415992
11.3489999999993,-0.162489207034842
11.3499999999995,-0.165040195512624
11.3509999999997,-0.167341197881567
11.3519999999999,-0.169394692894597
11.3529999999992,-0.171211718091849
11.3539999999994,-0.172806585738391
11.3549999999996,-0.174197824955706
11.3559999999998,-0.175414069042562
11.357,-0.176486477741511
11.3579999999993,-0.177446618132578
11.3589999999995,-0.178320297862831
11.3599999999997,-0.179129405027878
11.3609999999999,-0.1798892874525
11.3619999999992,-0.180612126406855
11.3629999999994,-0.181304754033142
11.3639999999996,-0.181970304164866
11.3649999999998,-0.182609451873961
11.366,-0.183218232309424
11.3669999999993,-0.183791190186985
11.3679999999995,-0.184323724493987
11.3689999999997,-0.18480827067465
11.3699999999999,-0.185239276086683
11.3709999999992,-0.185610569819102
11.3719999999994,-0.185917417313705
11.3729999999996,-0.186157203480261
11.3739999999998,-0.186329533060627
11.375,-0.18643600476005
11.3759999999993,-0.186479294811438
11.3769999999995,-0.186464190866844
11.3779999999997,-0.186396902735683
11.3789999999999,-0.186283699861835
11.3799999999992,-0.186130553173837
11.3809999999994,-0.185941517955553
11.3819999999996,-0.185721679388083
11.3829999999998,-0.18547504327524
11.384,-0.185204935344545
11.3849999999993,-0.184915167756653
11.3859999999995,-0.184606537622228
11.3869999999997,-0.184276767263752
11.3879999999999,-0.183924333985205
11.3889999999992,-0.183547209729659
11.3899999999994,-0.183141412854759
11.3909999999996,-0.182700791179747
11.3919999999998,-0.182221025153554
11.3929999999991,-0.181695819870265
11.3939999999993,-0.181117803999022
11.3949999999995,-0.180478956458848
11.3959999999997,-0.179771599538809
11.3969999999999,-0.178988353883798
11.3979999999992,-0.178123744980147
11.3989999999994,-0.177172729723862
11.3999999999996,-0.176131570648443
11.4009999999998,-0.174996381698214
11.4019999999991,-0.173765593857502
11.4029999999993,-0.172439594144396
11.4039999999995,-0.171020498169771
11.4049999999997,-0.16950911182909
11.4059999999999,-0.167908430961567
11.4069999999992,-0.166221860171934
11.4079999999994,-0.164454429344721
11.4089999999997,-0.16260992774164
11.4099999999999,-0.160693624980212
11.4109999999991,-0.158708789332387
11.4119999999994,-0.156658683474018
11.4129999999996,-0.154547822546874
11.4139999999998,-0.152379734299857
11.415,-0.150157200598869
11.4159999999993,-0.147882199340005
11.4169999999995,-0.145555643813307
11.4179999999997,-0.143180845429995
11.4189999999999,-0.140756103933932
11.4199999999992,-0.13828180251929
11.4209999999994,-0.135756493504425
11.4219999999996,-0.133178643904717
11.4229999999998,-0.130546922385377
11.424,-0.127861840525036
11.4249999999993,-0.125122883261317
11.4259999999995,-0.122329435377904
11.4269999999997,-0.119481554508643
11.4279999999999,-0.116580061065423
11.4289999999992,-0.113626185265531
11.4299999999994,-0.110622503706119
11.4309999999996,-0.107572923171708
11.4319999999998,-0.104478047327949
11.433,-0.101341776914331
11.4339999999993,-0.0981678998740616
11.4349999999995,-0.0949587984519445
11.4359999999997,-0.0917173754002649
11.4369999999999,-0.0884468642817715
11.4379999999992,-0.0851510023523188
11.4389999999994,-0.0818335195734011
11.4399999999996,-0.0784972346449168
11.4409999999998,-0.075144980865689
11.442,-0.0717793867274128
11.4429999999993,-0.0684027063322696
11.4439999999995,-0.0650182728710274
11.4449999999997,-0.0616287042365569
11.4459999999999,-0.0582358437653216
11.4469999999992,-0.0548418635394058
11.4479999999994,-0.0514486510340255
11.4489999999996,-0.0480579580430927
11.4499999999998,-0.0446722508937064
11.451,-0.0412936623894448
11.4519999999993,-0.0379228966878261
11.4529999999995,-0.0345614831116165
11.4539999999997,-0.0312123144116963
11.4549999999999,-0.0278774942780139
11.4559999999992,-0.0245588143898271
11.4569999999994,-0.0212572749437744
11.4579999999996,-0.0179750335144495
11.4589999999998,-0.0147127158503915
11.4599999999991,-0.0114722142813636
11.4609999999993,-0.00825377914288358
11.4619999999995,-0.00505947642889319
11.4629999999997,-0.00189033877831946
11.4639999999999,0.00125207144461534
11.4649999999992,0.00436674913716507
11.4659999999994,0.00745312743580633
11.4669999999996,0.010511482294711
11.4679999999998,0.0135411539689907
11.4689999999991,0.016541615663023
11.4699999999993,0.0195136946629715
11.4709999999995,0.0224545249497487
11.4719999999998,0.0253638980127353
11.473,0.0282409179463176
11.4739999999993,0.031086388484555
11.4749999999995,0.0338993138172293
11.4759999999997,0.0366789427275955
11.4769999999999,0.039423945971046
11.4779999999992,0.042134727869978
11.4789999999994,0.0448111128427254
11.4799999999996,0.047451911462064
11.4809999999998,0.0500562370105903
11.482,0.0526243014147288
11.4829999999993,0.0551564437860602
11.4839999999995,0.0576526208285283
11.4849999999997,0.0601117598325873
11.4859999999999,0.0625327468398351
11.4869999999992,0.0649153987191512
11.4879999999994,0.0672595643952626
11.4889999999996,0.0695651715785696
11.4899999999998,0.0718311525986499
11.491,0.074055959502012
11.4919999999993,0.0762397401817779
11.4929999999995,0.0783825674231787
11.4939999999997,0.0804838708234854
11.4949999999999,0.082542208964832
11.4959999999992,0.0845574751907002
11.4969999999994,0.0865298599792079
11.4979999999996,0.0884595365159924
11.4989999999998,0.0903466614518437
11.5,0.0921898616877709
11.5009999999993,0.093988648270577
11.5019999999995,0.0957428490819256
11.5029999999997,0.0974529983069082
11.5039999999999,0.0991196349689957
11.5049999999992,0.100742309081906
11.5059999999994,0.102322074315806
11.5069999999996,0.103858268141706
11.5079999999998,0.105350808867796
11.509,0.10680028396422
11.5099999999993,0.1082079782628
11.5109999999995,0.109574092171755
11.5119999999997,0.110898896887116
11.5129999999999,0.112182735371983
11.5139999999992,0.113425965700525
11.5149999999994,0.114628800369006
11.5159999999996,0.115793174794416
11.5169999999998,0.116919458262399
11.5179999999991,0.118007716101985
11.5189999999993,0.11905810279546
11.5199999999995,0.120068827483128
11.5209999999997,0.121039879648348
11.5219999999999,0.121971700338042
11.5229999999992,0.122864499589392
11.5239999999994,0.123718971271506
11.5249999999996,0.12453465672756
11.5259999999998,0.125310209908839
11.5269999999991,0.126046104137577
11.5279999999993,0.126742210975389
11.5289999999995,0.127398525140182
11.5299999999997,0.128014878497365
11.5309999999999,0.128591050071757
11.5319999999992,0.129125760272082
11.5329999999994,0.129618287900089
11.5339999999997,0.130069005861007
11.5349999999999,0.130478094136801
11.5359999999991,0.130844660065044
11.5369999999994,0.131168304728186
11.5379999999996,0.131448477071423
11.5389999999998,0.131684758950224
11.54,0.131876317388402
11.5409999999993,0.132021432616545
11.5419999999995,0.132120546590063
11.5429999999997,0.132173273401412
11.5439999999999,0.132178767701399
11.5449999999992,0.132136559220012
11.5459999999994,0.132044504618324
11.5469999999996,0.13190176954846
11.5479999999998,0.131707265428743
11.549,0.131461010043179
11.5499999999993,0.131162903888113
11.5509999999995,0.130810663521915
11.5519999999997,0.130403709022866
11.5529999999999,0.129941637211469
11.5539999999992,0.129423957979964
11.5549999999994,0.128849264833248
11.5559999999996,0.128217925188601
11.5569999999998,0.127528817131204
11.558,0.126782087648706
11.5589999999993,0.125977273782705
11.5599999999995,0.125114876145522
11.5609999999997,0.124192899587164
11.5619999999999,0.123209928374156
11.5629999999992,0.122164673964857
11.5639999999994,0.12105712750777
11.5649999999996,0.119888366873603
11.5659999999998,0.118658693377125
11.567,0.117366120411867
11.5679999999993,0.116011067988544
11.5689999999995,0.114593131610415
11.5699999999997,0.113113752977182
11.5709999999999,0.111573752877666
11.5719999999992,0.109973968724671
11.5729999999994,0.108314460758617
11.5739999999996,0.106595602527232
11.5749999999998,0.104817628639772
11.576,0.102981175147231
11.5769999999993,0.101085637568091
11.5779999999995,0.0991311138871254
11.5789999999997,0.0971185322011327
11.5799999999999,0.0950498326652213
11.5809999999992,0.0929237567514542
11.5819999999994,0.0907410140120789
11.5829999999996,0.0885019171558143
11.5839999999998,0.0862053748517579
11.5849999999991,0.0838524649228291
11.5859999999993,0.0814458094197382
11.5869999999995,0.0789857432241938
11.5879999999997,0.0764722988631444
11.5889999999999,0.0739072778704539
11.5899999999992,0.071289784855358
11.5909999999994,0.0686214398618953
11.5919999999996,0.0659032456247413
11.5929999999998,0.0631358389890842
11.5939999999991,0.0603195098831172
11.5949999999993,0.0574544293809504
11.5959999999995,0.0545426499922443
11.5969999999998,0.0515846373540968
11.598,0.0485822517708669
11.5989999999993,0.0455358079134797
11.5999999999995,0.0424455533298602
11.6009999999997,0.0393136773887853
11.6019999999999,0.0361401141240701
11.6029999999992,0.0329254475393473
11.6039999999994,0.0296711776381245
11.6049999999996,0.0263779964162558
11.6059999999998,0.0230448166338814
11.607,0.0196720413899071
11.6079999999993,0.0162613539951011
11.6089999999995,0.0128125142714899
11.6099999999997,0.00932707417663931
11.6109999999999,0.00580472844756198
11.6119999999992,0.0022461644109769
11.6129999999994,-0.00134793242149155
11.6139999999996,-0.00497794034127692
11.6149999999998,-0.00864399645622413
11.616,-0.0123464076833423
11.6169999999993,-0.0160852958868561
11.6179999999995,-0.0198589132433353
11.6189999999997,-0.023667701875282
11.6199999999999,-0.0275118277431016
11.6209999999992,-0.0313905590326749
11.6219999999994,-0.0353044555172534
11.6229999999996,-0.0392541935813679
11.6239999999998,-0.0432383389808656
11.625,-0.0472560252777806
11.6259999999993,-0.0513073755138486
11.6269999999995,-0.0553926772410731
11.6279999999997,-0.0595125104004719
11.6289999999999,-0.0636676107545922
11.6299999999992,-0.067858322933854
11.6309999999994,-0.0720846285873802
11.6319999999996,-0.0763468009158837
11.6329999999998,-0.0806454894848736
11.634,-0.0849808744274765
11.6349999999993,-0.0893528003072245
11.6359999999995,-0.0937603989310314
11.6369999999997,-0.0982037846816098
11.6379999999999,-0.102682630199383
11.6389999999992,-0.10719688287776
11.6399999999994,-0.111745102655031
11.6409999999996,-0.116328585866545
11.6419999999998,-0.120946950373493
11.6429999999991,-0.125598922385205
11.6439999999993,-0.130283194904222
11.6449999999995,-0.135000500097871
11.6459999999997,-0.139748748103116
11.6469999999999,-0.144527406207752
11.6479999999992,-0.149337496958775
11.6489999999994,-0.154178597498934
11.6499999999996,-0.159050011998548
11.6509999999998,-0.163947308711646
11.6519999999991,-0.168871681839705
11.6529999999993,-0.173821477987236
11.6539999999995,-0.178794612918834
11.6549999999997,-0.183788683110861
11.6559999999999,-0.188801278737738
11.6569999999992,-0.193832002071876
11.6579999999994,-0.19887940045839
11.6589999999997,-0.203943538430692
11.6599999999999,-0.209021744412312
11.6609999999991,-0.214113681157595
11.6619999999994,-0.219217734447616
11.6629999999996,-0.224331571797343
11.6639999999998,-0.229455956269148
11.665,-0.234587664496599
11.6659999999993,-0.239725506912777
11.6669999999995,-0.244868946524019
11.6679999999997,-0.250014751555402
11.6689999999999,-0.255162170445041
11.6699999999992,-0.260306610913054
11.6709999999994,-0.265444561160893
11.6719999999996,-0.270574122791073
11.6729999999998,-0.275692969809525
11.674,-0.280798985951105
11.6749999999993,-0.285888368201741
11.6759999999995,-0.290957136962052
11.6769999999997,-0.29600061773264
11.6779999999999,-0.301014986511462
11.6789999999992,-0.30599634867874
11.6799999999994,-0.310940179111049
11.6809999999996,-0.315840133905551
11.6819999999998,-0.320691790205088
11.683,-0.325490385011306
11.6839999999993,-0.330231630601277
11.6849999999995,-0.334909498929036
11.6859999999997,-0.339517774356327
11.6869999999999,-0.344047195229094
11.6879999999992,-0.348491381924667
11.6889999999994,-0.352840997534101
11.6899999999996,-0.357086288595349
11.6909999999998,-0.36121533227153
11.692,-0.365214048345659
11.6929999999993,-0.369069863596446
11.6939999999995,-0.372769272658519
11.6949999999997,-0.376299227014848
11.6959999999999,-0.379644780615601
11.6969999999992,-0.382794418848963
11.6979999999994,-0.385736560465131
11.6989999999996,-0.388465179519047
11.6999999999998,-0.390969757990594
11.701,-0.393245036132362
11.7019999999993,-0.395286993341926
11.7029999999995,-0.397094668840862
11.7039999999997,-0.398672478741134
11.7049999999999,-0.400026194849668
11.7059999999992,-0.401164296059121
11.7069999999994,-0.402102815403959
11.7079999999996,-0.402856737644797
11.7089999999998,-0.403446160774923
11.7099999999991,-0.40388845473029
11.7109999999993,-0.404201809708854
11.7119999999995,-0.404401160144241
11.7129999999997,-0.404504411474346
11.7139999999999,-0.404524090199605
11.7149999999992,-0.404476210843697
11.7159999999994,-0.404370940031582
11.7169999999996,-0.404213248732071
11.7179999999998,-0.40401024378973
11.7189999999991,-0.403764443284071
11.7199999999993,-0.403479254036948
11.7209999999995,-0.403156272739989
11.7219999999998,-0.402795283912965
11.723,-0.402395377624507
11.7239999999993,-0.401955651753697
11.7249999999995,-0.401473306652706
11.7259999999997,-0.400947069141747
11.7269999999999,-0.400371665747062
11.7279999999992,-0.399741691054867
11.7289999999994,-0.399051636024696
11.7299999999996,-0.39829734084565
11.7309999999998,-0.39747578321533
11.732,-0.396583102005068
11.7329999999993,-0.395618529200275
11.7339999999995,-0.394580050671597
11.7349999999997,-0.393463675620272
11.7359999999999,-0.392270941021898
11.7369999999992,-0.391002416888388
11.7379999999994,-0.389661575880101
11.7389999999996,-0.388250958609352
11.7399999999998,-0.386775564698249
11.741,-0.385238990866578
11.7419999999993,-0.383644794127491
11.7429999999995,-0.38199766697429
11.7439999999997,-0.380301420890977
11.7449999999999,-0.378559180543256
11.7459999999992,-0.37677525421036
11.7469999999994,-0.374953501559604
11.7479999999996,-0.3730939358658
11.7489999999998,-0.371198012452978
11.75,-0.36926719374019
11.7509999999993,-0.367303780928953
11.7519999999995,-0.365308899850648
11.7529999999997,-0.36328301935021
11.7539999999999,-0.361225817906399
11.7549999999992,-0.359139966793942
11.7559999999994,-0.357027226517898
11.7569999999996,-0.354887529463108
11.7579999999998,-0.352723286876469
11.759,-0.350535133306498
11.7599999999993,-0.348324137966355
11.7609999999995,-0.346091357345853
11.7619999999997,-0.343838904379723
11.7629999999999,-0.341566247796347
11.7639999999992,-0.339276314022902
11.7649999999994,-0.33696874700981
11.7659999999996,-0.334644116349294
11.7669999999998,-0.332302412230286
11.7679999999991,-0.329946000773616
11.7689999999993,-0.327574063148567
11.7699999999995,-0.325184894916774
11.7709999999997,-0.322779816970243
11.7719999999999,-0.320358294964968
11.7729999999992,-0.317921477664412
11.7739999999994,-0.315467918821408
11.7749999999996,-0.312997888227798
11.7759999999998,-0.310509690898699
11.7769999999991,-0.30800322358708
11.7779999999993,-0.305478067931996
11.7789999999995,-0.302935577183141
11.7799999999997,-0.300373616502484
11.7809999999999,-0.297792903943424
11.7819999999992,-0.295193183146704
11.7829999999994,-0.292572785752249
11.7839999999997,-0.289932495273231
11.7849999999999,-0.287271587756374
11.7859999999991,-0.284590944891559
11.7869999999994,-0.281890056994743
11.7879999999996,-0.279167458233223
11.7889999999998,-0.276425713496926
11.79,-0.273663072758676
11.7909999999993,-0.270880380486604
11.7919999999995,-0.268078037409778
11.7929999999997,-0.265259146742929
11.7939999999999,-0.262424203906109
11.7949999999992,-0.25957438932212
11.7959999999994,-0.256712534119941
11.7969999999996,-0.253840991469794
11.7979999999998,-0.250961925194617
11.799,-0.248077052721388
11.7999999999993,-0.245188842678752
11.8009999999995,-0.242299052423106
11.8019999999997,-0.239409308468336
11.8029999999999,-0.236522092590013
11.8039999999992,-0.233637061957159
11.8049999999994,-0.230755494985025
11.8059999999996,-0.227879373921046
11.8069999999998,-0.225011772022009
11.808,-0.222152319545038
11.8089999999993,-0.219302181090105
11.8099999999995,-0.216460930611423
11.8109999999997,-0.213629098184651
11.8119999999999,-0.210809749694219
11.8129999999992,-0.208002916509543
11.8139999999994,-0.205209379253101
11.8149999999996,-0.20242949375938
11.8159999999998,-0.199664456662298
11.817,-0.196914445716884
11.8179999999993,-0.194178986055299
11.8189999999995,-0.19145931071622
11.8199999999997,-0.188755561776409
11.8209999999999,-0.186068245100779
11.8219999999992,-0.183398718383487
11.8229999999994,-0.180748180872338
11.8239999999996,-0.178116711304475
11.8249999999998,-0.175505370475187
11.826,-0.172915159640688
11.8269999999993,-0.170346972580213
11.8279999999995,-0.167801866293352
11.8289999999997,-0.165280626842567
11.8299999999999,-0.162785470379883
11.8309999999992,-0.160316149743254
11.8319999999994,-0.157874178951151
11.8329999999996,-0.155459105329999
11.8339999999998,-0.153073236554008
11.8349999999991,-0.150717051077453
11.8359999999993,-0.148393341283893
11.8369999999995,-0.146102518086199
11.8379999999997,-0.143845042557044
11.8389999999999,-0.141620416358697
11.8399999999992,-0.139430044973624
11.8409999999994,-0.137274226682695
11.8419999999996,-0.135151983681225
11.8429999999998,-0.133065236552957
11.8439999999991,-0.131014069322107
11.8449999999993,-0.128996491054694
11.8459999999995,-0.127013719267909
11.8469999999998,-0.125066323817597
11.848,-0.123154129721821
11.8489999999993,-0.121276185479973
11.8499999999995,-0.119432495174885
11.8509999999997,-0.117623215386616
11.8519999999999,-0.11584803467409
11.8529999999992,-0.114107406361911
11.8539999999994,-0.112400243966015
11.8549999999996,-0.110728943817826
11.8559999999998,-0.109091398861184
11.857,-0.107488616942819
11.8579999999993,-0.105921654052078
11.8589999999995,-0.10438883305827
11.8599999999997,-0.102890942955367
11.8609999999999,-0.101428283413765
11.8619999999992,-0.100000966306667
11.8629999999994,-0.0986092723214766
11.8639999999996,-0.0972530137754384
11.8649999999998,-0.0959345555773827
11.866,-0.0946533976063617
11.8669999999993,-0.0934099809329304
11.8679999999995,-0.0922040438969239
11.8689999999997,-0.0910371692469742
11.8699999999999,-0.089909452783309
11.8709999999992,-0.0888219735188433
11.8719999999994,-0.0877733626106713
11.8729999999996,-0.0867634801148265
11.8739999999998,-0.0857925391293005
11.875,-0.0848611143684892
11.8759999999993,-0.0839689646329553
11.8769999999995,-0.0831180425872277
11.8779999999997,-0.0823064222748875
11.8789999999999,-0.0815346593143407
11.8799999999992,-0.0808027025179317
11.8809999999994,-0.0801118719698458
11.8819999999996,-0.0794618430777862
11.8829999999998,-0.0788522986654231
11.884,-0.0782845420448795
11.8849999999993,-0.077757569316311
11.8859999999995,-0.0772709268823048
11.8869999999997,-0.0768248889347038
11.8879999999999,-0.0764199919527885
11.8889999999992,-0.0760554264270876
11.8899999999994,-0.0757332642181573
11.8909999999996,-0.0754520180816368
11.8919999999998,-0.0752125231738696
11.8929999999991,-0.0750140401835656
11.8939999999993,-0.074857987959048
11.8949999999995,-0.0747438132712842
11.8959999999997,-0.0746716135476247
11.8969999999999,-0.074641315531188
11.8979999999992,-0.0746527764896606
11.8989999999994,-0.0747060592154592
11.8999999999996,-0.0748013538817992
11.9009999999998,-0.0749390806159028
11.9019999999991,-0.0751185601067597
11.9029999999993,-0.0753404280966421
11.9039999999995,-0.0756047278489345
11.9049999999997,-0.0759109671595003
11.9059999999999,-0.076259828412312
11.9069999999992,-0.0766507583677793
11.9079999999994,-0.0770838802312335
11.9089999999997,-0.0775595995465779
11.9099999999999,-0.0780778557150479
11.9109999999991,-0.0786391372693606
11.9119999999994,-0.0792433637569596
11.9129999999996,-0.0798895796570261
11.9139999999998,-0.0805761802154859
11.915,-0.0813044171828684
11.9159999999993,-0.0820739534123383
11.9169999999995,-0.0828833797750738
11.9179999999997,-0.0837326924743604
11.9189999999999,-0.0846213107708322
11.9199999999992,-0.0855489247555842
11.9209999999994,-0.0865157764632759
11.9219999999996,-0.0875210249433286
11.9229999999998,-0.08856342089606
11.924,-0.0896441364949304
11.9249999999993,-0.0907623198683542
11.9259999999995,-0.0919173856716992
11.9269999999997,-0.0931087032883441
11.9279999999999,-0.0943367328347819
11.9289999999992,-0.09560034911501
11.9299999999994,-0.0968993493436871
11.9309999999996,-0.0982329646816167
11.9319999999998,-0.0996006153873812
11.933,-0.10100169057105
11.9339999999993,-0.102435454522943
11.9349999999995,-0.103901501699735
11.9359999999997,-0.105400369097779
11.9369999999999,-0.106930838183713
11.9379999999992,-0.108492715707385
11.9389999999994,-0.110085214082297
11.9399999999996,-0.111707297997678
11.9409999999998,-0.113357458747811
11.942,-0.115035589701388
11.9429999999993,-0.116742129827261
11.9439999999995,-0.11847590243226
11.9449999999997,-0.120236166498851
11.9459999999999,-0.122021941879787
11.9469999999992,-0.123832472416127
11.9479999999994,-0.125667022615048
11.9489999999996,-0.127525534794119
11.9499999999998,-0.129406698867585
11.951,-0.131309812098939
11.9519999999993,-0.133234691414932
11.9529999999995,-0.135179991535331
11.9539999999997,-0.13714508843306
11.9549999999999,-0.139129765353829
11.9559999999992,-0.141132888217093
11.9569999999994,-0.143153127372805
11.9579999999996,-0.145189498950863
11.9589999999998,-0.147241796104878
11.9599999999991,-0.149309243271106
11.9609999999993,-0.151390164959601
11.9619999999995,-0.153484167596832
11.9629999999997,-0.155589008858419
11.9639999999999,-0.157703320228262
11.9649999999992,-0.159827189461057
11.9659999999994,-0.161960519381879
11.9669999999996,-0.164101361540252
11.9679999999998,-0.166248308727823
11.9689999999991,-0.168401335424149
11.9699999999993,-0.170559841780356
11.9709999999995,-0.172723282580652
11.9719999999998,-0.174889204687576
11.973,-0.177056422743583
11.9739999999993,-0.179224418046192
11.9749999999995,-0.181391042434715
11.9759999999997,-0.183555628280455
11.9769999999999,-0.185717222684536
11.9779999999992,-0.187874737961656
11.9789999999994,-0.190026588620524
11.9799999999996,-0.19217169977638
11.9809999999998,-0.194310201392912
11.982,-0.196440199099047
11.9829999999993,-0.198560027257447
11.9839999999995,-0.200667563533986
11.9849999999997,-0.202763169902695
11.9859999999999,-0.204845712066071
11.9869999999992,-0.206913166142357
11.9879999999994,-0.208963661740951
11.9889999999996,-0.210995713662848
11.9899999999998,-0.213007726800973
11.991,-0.214998380357191
11.9919999999993,-0.216966359081254
11.9929999999995,-0.218910599865559
11.9939999999997,-0.220828236170906
11.9949999999999,-0.22271711351873
11.9959999999992,-0.224574964300001
11.9969999999994,-0.226401230450148
11.9979999999996,-0.228192308497775
11.9989999999998,-0.22994528448629
12,-0.231660193795439
