Index, u_t(us), y_t(us), u(rad), Theta(rad), Omega(rad/s), Thetad(rad/s)
0, 27039749, 27040279, 0.00001083, -0.27714157, -0.01587677, 0.00000000
1, 27040749, 27041277, 0.00003307, -0.27714157, -0.01587677, 0.00000000
2, 27041749, 27042278, 0.00006734, -0.27714157, -0.01587677, -10.00000000
3, 27042749, 27043278, 0.00011346, -0.27714157, -0.01587677, -6.14130449
4, 27043749, 27044278, 0.00017130, -0.27714157, -0.01587677, -3.77156210
5, 27044749, 27045278, 0.00024042, -0.27714157, -0.01587677, -2.31623101
6, 27045749, 27046278, 0.00032070, -0.27714157, -0.01587677, -1.42246795
7, 27046749, 27047277, 0.00041249, -0.27714157, -0.01587677, -0.87358087
8, 27047749, 27048279, 0.00051515, -0.27714157, -0.01587677, -0.53649259
9, 27048749, 27049277, 0.00062783, -0.27714157, -0.01587677, -0.32947645
10, 27049749, 27050277, 0.00075080, -0.27714157, -0.01587677, -0.20234151
11, 27050749, 27051277, 0.00088377, -0.27714157, -0.01587677, -0.12426408
12, 27051749, 27052276, 0.00102619, -0.27714157, -0.01587677, -0.07631436
13, 27052749, 27053278, 0.00117848, -0.27714157, -0.01587677, -0.04686697
14, 27053749, 27054276, 0.00134092, -0.27714157, -0.01587677, -0.02878243
15, 27054749, 27055278, 0.00151316, -0.27714157, -0.01587677, -0.01767617
16, 27055749, 27056276, 0.00169463, -0.27714157, -0.01587677, -0.01085547
17, 27056749, 27057276, 0.00188464, -0.27714157, -0.01587677, -0.00666668
18, 27057749, 27058273, 0.00208259, -0.27714157, -0.01587677, -0.00409421
19, 27058749, 27059281, 0.00228762, -0.27714157, -0.01587677, -0.00251438
20, 27059749, 27060279, 0.00249905, -0.27714157, -0.01587677, -0.00154416
21, 27060749, 27061275, 0.00271636, -0.27714157, -0.01587677, -0.00094831
22, 27061749, 27062281, 0.00293933, -0.27714157, -0.01587677, -0.00058239
23, 27062749, 27063277, 0.00316765, -0.27714157, -0.01587677, -0.00035766
24, 27063749, 27064280, 0.00339912, -0.27714157, -0.01587677, -0.00021965
25, 27064749, 27065276, 0.00363205, -0.27714157, -0.01587677, -0.00013489
26, 27065749, 27066272, 0.00386629, -0.27714157, -0.01587677, -0.00008284
27, 27066749, 27067278, 0.00410083, -0.27714157, -0.01587677, -0.00005088
28, 27067749, 27068278, 0.00433482, -0.27714157, -0.01587677, -0.00003124
29, 27068749, 27069279, 0.00456778, -0.27714157, -0.01587677, -0.00001919
30, 27069749, 27070285, 0.00479889, -0.27714157, -0.01587677, -0.00001178
31, 27070749, 27071277, 0.00502658, -0.27714157, -0.01587677, -0.00000724
32, 27071749, 27072273, 0.00525075, -0.27714157, -0.01587677, -0.00000444
33, 27072749, 27073277, 0.00547101, -0.27714157, -0.01587677, -0.00000273
34, 27073749, 27074278, 0.00568835, -0.27714157, -0.01587677, -0.00000168
35, 27074749, 27075276, 0.00590253, -0.27714157, -0.01587677, -0.00000103
36, 27075749, 27076276, 0.00611343, -0.27714157, -0.01587677, -0.00000063
37, 27076749, 27077276, 0.00632077, -0.27714157, -0.01587677, -0.00000039
38, 27077749, 27078276, 0.00652394, -0.27714157, -0.01587677, -0.00000024
39, 27078749, 27079276, 0.00672296, -0.27714157, -0.01587677, -0.00000015
40, 27079749, 27080282, 0.00691980, -0.27714157, -0.01587677, -0.00000009
41, 27080749, 27081275, 0.00711486, -0.27714157, -0.01587677, -0.00000006
42, 27081749, 27082281, 0.00730887, -0.27714157, -0.01587677, -0.00000003
43, 27082749, 27083275, 0.00750219, -0.27714157, -0.01587677, -0.00000002
44, 27083749, 27084277, 0.00769531, -0.27714157, -0.01587677, -0.00000001
45, 27084749, 27085281, 0.00788881, -0.27714157, -0.01587677, -0.00000001
46, 27085749, 27086282, 0.00808385, -0.27714157, -0.01587677, -0.00000000
47, 27086749, 27087280, 0.00828145, -0.27714157, -0.01587677, -0.00000000
48, 27087749, 27088276, 0.00848259, -0.27714157, -0.01587677, -0.00000000
49, 27088749, 27089282, 0.00868985, -0.27714157, -0.01587677, -0.00000000
50, 27089749, 27090280, 0.00890651, -0.27714157, -0.01587677, -0.00000000
51, 27090749, 27091276, 0.00913365, -0.27714157, -0.01587677, -0.00000000
52, 27091749, 27092281, 0.00937261, -0.27714157, -0.01587677, -0.00000000
53, 27092749, 27093273, 0.00962651, -0.27714157, -0.01587677, -0.00000000
54, 27093749, 27094281, 0.00989818, -0.27714157, -0.01587677, -0.00000000
55, 27094749, 27095279, 0.01019028, -0.27714157, -0.01587677, -0.00000000
56, 27095749, 27096279, 0.01050542, -0.27714157, -0.01587677, -0.00000000
57, 27096749, 27097276, 0.01084749, -0.27714157, -0.01587677, -0.00000000
58, 27097749, 27098280, 0.01122053, -0.27714157, -0.01587677, -0.00000000
59, 27098749, 27099278, 0.01162873, -0.27714157, -0.01587677, -0.00000000
60, 27099749, 27100278, 0.01207521, -0.27714157, -0.01587677, -0.00000000
61, 27100749, 27101282, 0.01256411, -0.27714157, -0.01587677, -0.00000000
62, 27101749, 27102278, 0.01309945, -0.27714157, -0.01587677, -0.00000000
63, 27102749, 27103281, 0.01368558, -0.27714157, -0.01587677, -0.00000000
64, 27103749, 27104281, 0.01432606, -0.27714157, -0.01587677, -0.00000000
65, 27104749, 27105279, 0.01502429, -0.27714157, -0.01587677, -0.00000000
66, 27105749, 27106277, 0.01578406, -0.27714157, -0.01587677, -0.00000000
67, 27106749, 27107281, 0.01660781, -0.27714157, -0.01587677, -0.00000000
68, 27107749, 27108277, 0.01750111, -0.27714157, -0.01587677, -0.00000000
69, 27108749, 27109280, 0.01846707, -0.27714157, -0.01587677, -0.00000000
70, 27109749, 27110282, 0.01950662, -0.27714157, -0.01587677, -0.00000000
71, 27110749, 27111278, 0.02062138, -0.27714157, -0.01587677, -0.00000000
72, 27111749, 27112274, 0.02181171, -0.27714157, -0.01587677, -0.00000000
73, 27112749, 27113278, 0.02307617, -0.27714157, -0.01587677, -0.00000000
74, 27113749, 27114279, 0.02441250, -0.27714157, -0.01587677, -0.00000000
75, 27114749, 27115279, 0.02581796, -0.27714157, -0.01587677, -0.00000000
76, 27115749, 27116281, 0.02728863, -0.27714157, -0.01587677, -0.00000000
77, 27116749, 27117277, 0.02881918, -0.27714157, -0.01587677, -0.00000000
78, 27117749, 27118279, 0.03040276, -0.27714157, -0.01587677, -0.00000000
79, 27118749, 27119280, 0.03203255, -0.27714157, -0.01587677, -0.00000000
80, 27119749, 27120278, 0.03370178, -0.27714157, -0.01587677, -0.00000000
81, 27120749, 27121280, 0.03540427, -0.27714157, -0.01587677, -0.00000000
82, 27121749, 27122278, 0.03713353, -0.27714157, -0.01587677, -0.00000000
83, 27122749, 27123278, 0.03888198, -0.27714157, -0.01587677, -0.00000000
84, 27123749, 27124276, 0.04064473, -0.27714157, -0.01587677, -0.00000000
85, 27124749, 27125277, 0.04241879, -0.27714157, -0.01587677, -0.00000000
86, 27125749, 27126277, 0.04419958, -0.27714157, -0.01587677, -0.00000000
87, 27126749, 27127277, 0.04598371, -0.27714157, -0.01587677, -0.00000000
88, 27127749, 27128275, 0.04776875, -0.27714157, -0.01587677, -0.00000000
89, 27128749, 27129275, 0.04955415, -0.27714157, -0.01587677, -0.00000000
90, 27129749, 27130275, 0.05133944, -0.27714157, -0.01587677, -0.00000000
91, 27130749, 27131276, 0.05312381, -0.27714157, -0.01587677, -0.00000000
92, 27131749, 27132276, 0.05490645, -0.27714157, -0.01587677, -0.00000000
93, 27132749, 27133274, 0.05668656, -0.27714157, -0.01587677, -0.00000000
94, 27133749, 27134274, 0.05846393, -0.27714157, -0.01587677, -0.00000000
95, 27134749, 27135274, 0.06023876, -0.27714157, -0.01587677, -0.00000000
96, 27135749, 27136275, 0.06201129, -0.27714157, -0.01587677, -0.00000000
97, 27136749, 27137277, 0.06377968, -0.27714157, -0.01587677, -0.00000000
98, 27137749, 27138273, 0.06554263, -0.27714157, -0.01587677, -0.00000000
99, 27138749, 27139273, 0.06729981, -0.27714157, -0.01587677, -0.00000000
100, 27139749, 27140271, 0.06904968, -0.27714157, -0.01587677, -0.00000000
101, 27140749, 27141274, 0.07079164, -0.27714157, -0.01587677, -0.00000000
102, 27141749, 27142274, 0.07252483, -0.27714157, -0.01587677, -0.00000000
103, 27142749, 27143282, 0.07424747, -0.27714157, -0.01587677, -0.00000000
104, 27143749, 27144272, 0.07595727, -0.27714157, -0.01587677, -0.00000000
105, 27144749, 27145272, 0.07765273, -0.27714157, -0.01587677, -0.00000000
106, 27145749, 27146272, 0.07933123, -0.27714157, -0.01587677, -0.00000000
107, 27146749, 27147273, 0.08099163, -0.27714157, -0.01587677, -0.00000000
108, 27147749, 27148271, 0.08263330, -0.27714157, -0.01587677, -0.00000000
109, 27148749, 27149273, 0.08425434, -0.27714157, -0.01587677, -0.00000000
110, 27149749, 27150271, 0.08585268, -0.27714157, -0.01587677, -0.00000000
111, 27150749, 27151271, 0.08742747, -0.27714157, -0.01587677, -0.00000000
112, 27151749, 27152284, 0.08897902, -0.27714157, -0.01587677, -0.00000000
113, 27152749, 27153268, 0.09050678, -0.27714157, -0.01587677, -0.00000000
114, 27153749, 27154282, 0.09201032, -0.27714157, -0.01587677, -0.00000000
115, 27154749, 27155270, 0.09348995, -0.27714157, -0.01587677, -0.00000000
116, 27155749, 27156270, 0.09494507, -0.27714157, -0.01587677, -0.00000000
117, 27156749, 27157270, 0.09637682, -0.27714157, -0.01587677, -0.00000000
118, 27157749, 27158270, 0.09778565, -0.27714157, -0.01587677, -0.00000000
119, 27158749, 27159271, 0.09917147, -0.27714157, -0.01587677, -0.00000000
120, 27159749, 27160269, 0.10053520, -0.27714157, -0.01587677, -0.00000000
121, 27160749, 27161267, 0.10187633, -0.27714157, -0.01587677, -0.00000000
122, 27161749, 27162283, 0.10319609, -0.27714157, -0.01587677, -0.00000000
123, 27162749, 27163265, 0.10449523, -0.27714157, -0.01587677, -0.00000000
124, 27163749, 27164280, 0.10577410, -0.27714157, -0.01587677, -0.00000000
125, 27164749, 27165270, 0.10703276, -0.27714157, -0.01587677, -0.00000000
126, 27165749, 27166268, 0.10827144, -0.27714157, -0.01587677, -0.00000000
127, 27166749, 27167284, 0.10949068, -0.27714157, -0.01587677, -0.00000000
128, 27167749, 27168278, 0.11069016, -0.27714157, -0.01587677, -0.00000000
129, 27168749, 27169280, 0.11186896, -0.27714157, -0.01587677, -0.00000000
130, 27169749, 27170266, 0.11302786, -0.27714157, -0.01587677, -0.00000000
131, 27170749, 27171266, 0.11416678, -0.27714157, -0.01587677, -0.00000000
132, 27171749, 27172281, 0.11528572, -0.27714157, -0.01587677, -0.00000000
133, 27172749, 27173267, 0.11638482, -0.27714157, -0.01587677, -0.00000000
134, 27173749, 27174265, 0.11746403, -0.27714157, -0.01587677, -0.00000000
135, 27174749, 27175265, 0.11852298, -0.27714157, -0.01587677, -0.00000000
136, 27175749, 27176277, 0.11956184, -0.27714157, -0.01587677, -0.00000000
137, 27176749, 27177280, 0.12057988, -0.27714157, -0.01587677, -0.00000000
138, 27177749, 27178278, 0.12157608, -0.27714157, -0.01587677, -0.00000000
139, 27178749, 27179278, 0.12255125, -0.27714157, -0.01587677, -0.00000000
140, 27179749, 27180274, 0.12350491, -0.27714157, -0.01587677, -0.00000000
141, 27180749, 27181278, 0.12443592, -0.27714157, -0.01587677, -0.00000000
142, 27181749, 27182264, 0.12534615, -0.27714157, -0.01587677, -0.00000000
143, 27182749, 27183279, 0.12623538, -0.27714157, -0.01587677, -0.00000000
144, 27183749, 27184281, 0.12710439, -0.27714157, -0.01587677, -0.00000000
145, 27184749, 27185279, 0.12795395, -0.27714157, -0.01587677, -0.00000000
146, 27185749, 27186275, 0.12878427, -0.27714157, -0.01587677, -0.00000000
147, 27186749, 27187281, 0.12959540, -0.27714157, -0.01587677, -0.00000000
148, 27187749, 27188278, 0.13038835, -0.27714157, -0.01587677, -0.00000000
149, 27188749, 27189280, 0.13116360, -0.27714157, -0.01587677, -0.00000000
150, 27189749, 27190276, 0.13192205, -0.27714157, -0.01587677, -0.00000000
151, 27190749, 27191274, 0.13266492, -0.27714157, -0.01587677, -0.00000000
152, 27191749, 27192278, 0.13339217, -0.27714157, -0.01587677, -0.00000000
153, 27192749, 27193278, 0.13410379, -0.27714157, -0.01587677, -0.00000000
154, 27193749, 27194278, 0.13479909, -0.27714157, -0.01587677, -0.00000000
155, 27194749, 27195274, 0.13547876, -0.27714157, -0.01587677, -0.00000000
156, 27195749, 27196275, 0.13614278, -0.27714157, -0.01587677, -0.00000000
157, 27196749, 27197277, 0.13679054, -0.27714157, -0.01587677, -0.00000000
158, 27197749, 27198277, 0.13742216, -0.27714157, -0.01587677, -0.00000000
159, 27198749, 27199277, 0.13803817, -0.27714157, -0.01587677, -0.00000000
160, 27199749, 27200277, 0.13863967, -0.27714157, -0.01587677, -0.00000000
161, 27200749, 27201275, 0.13922644, -0.27714157, -0.01587677, -0.00000000
162, 27201749, 27202273, 0.13979833, -0.27714157, -0.01587677, -0.00000000
163, 27202749, 27203276, 0.14035587, -0.27714157, -0.01587677, -0.00000000
164, 27203749, 27204278, 0.14089975, -0.27714157, -0.01587677, -0.00000000
165, 27204749, 27205278, 0.14143077, -0.27714157, -0.01587677, -0.00000000
166, 27205749, 27206274, 0.14194892, -0.27714157, -0.01587677, -0.00000000
167, 27206749, 27207272, 0.14245430, -0.27714157, -0.01587677, -0.00000000
168, 27207749, 27208275, 0.14294764, -0.27714157, -0.01587677, -0.00000000
169, 27208749, 27209281, 0.14343117, -0.27714157, -0.01587677, -0.00000000
170, 27209749, 27210277, 0.14390464, -0.27714157, -0.01587677, -0.00000000
171, 27210749, 27211279, 0.14436936, -0.27714157, -0.01587677, -0.00000000
172, 27211749, 27212273, 0.14482518, -0.27714157, -0.01587677, -0.00000000
173, 27212749, 27213282, 0.14527322, -0.27714157, -0.01587677, -0.00000000
174, 27213749, 27214282, 0.14571451, -0.27714157, -0.01587677, -0.00000000
175, 27214749, 27215278, 0.14614975, -0.27714157, -0.01587677, -0.00000000
176, 27215749, 27216278, 0.14657874, -0.27714157, -0.01587677, -0.00000000
177, 27216749, 27217278, 0.14700249, -0.27714157, -0.01587677, -0.00000000
178, 27217749, 27218279, 0.14742097, -0.27714157, -0.01587677, -0.00000000
179, 27218749, 27219283, 0.14783455, -0.27714157, -0.01587677, -0.00000000
180, 27219749, 27220273, 0.14824343, -0.27714157, -0.01587677, -0.00000000
181, 27220749, 27221275, 0.14864670, -0.27714157, -0.01587677, -0.00000000
182, 27221749, 27222275, 0.14904405, -0.27714157, -0.01587677, -0.00000000
183, 27222749, 27223275, 0.14943531, -0.27714157, -0.01587677, -0.00000000
184, 27223749, 27224282, 0.14981924, -0.27714157, -0.01587677, -0.00000000
185, 27224749, 27225278, 0.15019584, -0.27714157, -0.01587677, -0.00000000
186, 27225749, 27226286, 0.15056440, -0.27714157, -0.01587677, -0.00000000
187, 27226749, 27227284, 0.15092437, -0.27714157, -0.01587677, -0.00000000
188, 27227749, 27228276, 0.15127440, -0.27714157, -0.01587677, -0.00000000
189, 27228749, 27229282, 0.15161300, -0.27714157, -0.01587677, -0.00000000
190, 27229749, 27230287, 0.15193932, -0.27714157, -0.01587677, -0.00000000
191, 27230749, 27231275, 0.15225272, -0.27714157, -0.01587677, -0.00000000
192, 27231749, 27232275, 0.15255244, -0.27714157, -0.01587677, -0.00000000
193, 27232749, 27233285, 0.15283784, -0.27714157, -0.01587677, -0.00000000
194, 27233749, 27234279, 0.15310705, -0.27714157, -0.01587677, -0.00000000
195, 27234749, 27235284, 0.15335867, -0.27714157, -0.01587677, -0.00000000
196, 27235749, 27236276, 0.15359159, -0.27714157, -0.01587677, -0.00000000
197, 27236749, 27237280, 0.15380548, -0.27714157, -0.01587677, -0.00000000
198, 27237749, 27238274, 0.15399916, -0.27714157, -0.01587677, -0.00000000
199, 27238749, 27239284, 0.15417233, -0.27714157, -0.01587677, -0.00000000
200, 27239749, 27240272, 0.15432514, -0.27714157, -0.01587677, -0.00000000
201, 27240749, 27241280, 0.15445572, -0.27714157, -0.01587677, -0.00000000
202, 27241749, 27242271, 0.15456334, -0.27714157, -0.01587677, -0.00000000
203, 27242749, 27243275, 0.15464674, -0.27714157, -0.01587677, -0.00000000
204, 27243749, 27244277, 0.15470466, -0.27714157, -0.01587677, -0.00000000
205, 27244749, 27245275, 0.15473612, -0.27714157, -0.01587677, -0.00000000
206, 27245749, 27246269, 0.15474081, -0.27714157, -0.01587677, -0.00000000
207, 27246749, 27247279, 0.15471742, -0.27714157, -0.01587677, -0.00000000
208, 27247749, 27248282, 0.15466467, -0.27714157, -0.01587677, -0.00000000
209, 27248749, 27249278, 0.15458244, -0.27714157, -0.01587677, -0.00000000
210, 27249749, 27250280, 0.15446857, -0.27714157, -0.01587677, -0.00000000
211, 27250749, 27251280, 0.15432157, -0.27714157, -0.01587677, -0.00000000
212, 27251749, 27252276, 0.15414129, -0.27714157, -0.01587677, -0.00000000
213, 27252749, 27253282, 0.15392724, -0.27714157, -0.01587677, -0.00000000
214, 27253749, 27254279, 0.15367940, -0.27714157, -0.01587677, -0.00000000
215, 27254749, 27255283, 0.15339744, -0.27714157, -0.01587677, -0.00000000
216, 27255749, 27256277, 0.15308021, -0.27714157, -0.01587677, -0.00000000
217, 27256749, 27257279, 0.15272774, -0.27714157, -0.01587677, -0.00000000
218, 27257749, 27258275, 0.15234070, -0.27714157, -0.01587677, -0.00000000
219, 27258749, 27259278, 0.15191858, -0.27714157, -0.01587677, -0.00000000
220, 27259749, 27260280, 0.15146032, -0.27714157, -0.01587677, -0.00000000
221, 27260749, 27261278, 0.15096593, -0.27714157, -0.01587677, -0.00000000
222, 27261749, 27262280, 0.15043576, -0.27714157, -0.01587677, -0.00000000
223, 27262749, 27263278, 0.14987080, -0.27714157, -0.01587677, -0.00000000
224, 27263749, 27264279, 0.14927225, -0.27714157, -0.01587677, -0.00000000
225, 27264749, 27265279, 0.14863981, -0.27714157, -0.01587677, -0.00000000
226, 27265749, 27266277, 0.14797314, -0.27714157, -0.01587677, -0.00000000
227, 27266749, 27267279, 0.14727296, -0.27714157, -0.01587677, -0.00000000
228, 27267749, 27268279, 0.14654052, -0.27714157, -0.01587677, -0.00000000
229, 27268749, 27269277, 0.14577650, -0.27714157, -0.01587677, -0.00000000
230, 27269749, 27270278, 0.14498158, -0.27714157, -0.01587677, -0.00000000
231, 27270749, 27271280, 0.14415644, -0.27714157, -0.01587677, -0.00000000
232, 27271749, 27272278, 0.14330047, -0.27714157, -0.01587677, -0.00000000
233, 27272749, 27273276, 0.14241374, -0.27714157, -0.01587677, -0.00000000
234, 27273749, 27274276, 0.14149629, -0.27714157, -0.01587677, -0.00000000
235, 27274749, 27275278, 0.14054881, -0.27714157, -0.01587677, -0.00000000
236, 27275749, 27276279, 0.13957210, -0.27714157, -0.01587677, -0.00000000
237, 27276749, 27277277, 0.13856657, -0.27714157, -0.01587677, -0.00000000
238, 27277749, 27278275, 0.13753244, -0.27714157, -0.01587677, -0.00000000
239, 27278749, 27279275, 0.13646924, -0.27714157, -0.01587677, -0.00000000
240, 27279749, 27280275, 0.13537727, -0.27714157, -0.01587677, -0.00000000
241, 27280749, 27281278, 0.13425745, -0.27714157, -0.01587677, -0.00000000
242, 27281749, 27282274, 0.13311069, -0.27714157, -0.01587677, -0.00000000
243, 27282749, 27283276, 0.13193683, -0.27714157, -0.01587677, -0.00000000
244, 27283749, 27284274, 0.13073641, -0.27714157, -0.01587677, -0.00000000
245, 27284749, 27285276, 0.12950964, -0.27714157, -0.01587677, -0.00000000
246, 27285749, 27286275, 0.12825654, -0.27714157, -0.01587677, -0.00000000
247, 27286749, 27287275, 0.12697838, -0.27714157, -0.01587677, -0.00000000
248, 27287749, 27288275, 0.12567443, -0.27714157, -0.01587677, -0.00000000
249, 27288749, 27289273, 0.12434424, -0.27714157, -0.01587677, -0.00000000
250, 27289749, 27290273, 0.12298811, -0.27714157, -0.01587677, -0.00000000
251, 27290749, 27291275, 0.12160638, -0.27714157, -0.01587677, -0.00000000
252, 27291749, 27292274, 0.12019894, -0.27714157, -0.01587677, -0.00000000
253, 27292749, 27293274, 0.11876579, -0.27714157, -0.01587677, -0.00000000
254, 27293749, 27294272, 0.11730570, -0.27714157, -0.01587677, -0.00000000
255, 27294749, 27295274, 0.11581885, -0.27714157, -0.01587677, -0.00000000
256, 27295749, 27296272, 0.11430581, -0.27714157, -0.01587677, -0.00000000
257, 27296749, 27297273, 0.11276636, -0.27714157, -0.01587677, -0.00000000
258, 27297749, 27298271, 0.11120109, -0.27714157, -0.01587677, -0.00000000
259, 27298749, 27299269, 0.10961013, -0.27714157, -0.01587677, -0.00000000
260, 27299749, 27300271, 0.10799402, -0.27714157, -0.01587677, -0.00000000
261, 27300749, 27301273, 0.10635259, -0.27714157, -0.01587677, -0.00000000
262, 27301749, 27302271, 0.10468623, -0.27714157, -0.01587677, -0.00000000
263, 27302749, 27303285, 0.10299445, -0.27714157, -0.01587677, -0.00000000
264, 27303749, 27304270, 0.10127831, -0.27714157, -0.01587677, -0.00000000
265, 27304749, 27305268, 0.09953927, -0.27714157, -0.01587677, -0.00000000
266, 27305749, 27306270, 0.09777797, -0.27714157, -0.01587677, -0.00000000
267, 27306749, 27307270, 0.09599460, -0.27714157, -0.01587677, -0.00000000
268, 27307749, 27308268, 0.09419023, -0.27714157, -0.01587677, -0.00000000
269, 27308749, 27309269, 0.09236553, -0.27714157, -0.01587677, -0.00000000
270, 27309749, 27310269, 0.09052114, -0.27714157, -0.01587677, -0.00000000
271, 27310749, 27311271, 0.08865920, -0.27714157, -0.01587677, -0.00000000
272, 27311749, 27312269, 0.08678039, -0.27714157, -0.01587677, -0.00000000
273, 27312749, 27313269, 0.08488409, -0.27714157, -0.01587677, -0.00000000
274, 27313749, 27314281, 0.08297197, -0.27714157, -0.01587677, -0.00000000
275, 27314749, 27315268, 0.08104297, -0.27714157, -0.01587677, -0.00000000
276, 27315749, 27316280, 0.07909787, -0.27714157, -0.01587677, -0.00000000
277, 27316749, 27317284, 0.07713679, -0.27714157, -0.01587677, -0.00000000
278, 27317749, 27318278, 0.07515975, -0.27714157, -0.01587677, -0.00000000
279, 27318749, 27319264, 0.07316685, -0.27714157, -0.01587677, -0.00000000
280, 27319749, 27320283, 0.07115704, -0.27714157, -0.01587677, -0.00000000
281, 27320749, 27321267, 0.06913074, -0.27714157, -0.01587677, -0.00000000
282, 27321749, 27322267, 0.06708905, -0.27714157, -0.01587677, -0.00000000
283, 27322749, 27323279, 0.06503049, -0.27714157, -0.01587677, -0.00000000
284, 27323749, 27324279, 0.06295448, -0.27714157, -0.01587677, -0.00000000
285, 27324749, 27325265, 0.06086106, -0.27714157, -0.01587677, -0.00000000
286, 27325749, 27326282, 0.05875093, -0.27714157, -0.01587677, -0.00000000
287, 27326749, 27327266, 0.05662237, -0.27714157, -0.01587677, -0.00000000
288, 27327749, 27328278, 0.05447678, -0.27714157, -0.01587677, -0.00000000
289, 27328749, 27329280, 0.05231300, -0.27714157, -0.01587677, -0.00000000
290, 27329749, 27330280, 0.05013188, -0.27714157, -0.01587677, -0.00000000
291, 27330749, 27331277, 0.04793236, -0.27714157, -0.01587677, -0.00000000
292, 27331749, 27332281, 0.04571536, -0.27714157, -0.01587677, -0.00000000
293, 27332749, 27333283, 0.04348232, -0.27714157, -0.01587677, -0.00000000
294, 27333749, 27334279, 0.04123351, -0.27714157, -0.01587677, -0.00000000
295, 27334749, 27335279, 0.03896926, -0.27714157, -0.01587677, -0.00000000
296, 27335749, 27336277, 0.03668967, -0.27714157, -0.01587677, -0.00000000
297, 27336749, 27337280, 0.03439518, -0.27714157, -0.01587677, -0.00000000
298, 27337749, 27338276, 0.03208743, -0.27714157, -0.01587677, -0.00000000
299, 27338749, 27339278, 0.02976621, -0.27714157, -0.01587677, -0.00000000
300, 27339749, 27340278, 0.02743292, -0.27714157, -0.01587677, -0.00000000
301, 27340749, 27341274, 0.02508840, -0.27714157, -0.01587677, -0.00000000
302, 27341749, 27342272, 0.02273203, -0.27714157, -0.01587677, -0.00000000
303, 27342749, 27343279, 0.02036473, -0.27714157, -0.01587677, -0.00000000
304, 27343749, 27344281, 0.01798907, -0.27714157, -0.01587677, -0.00000000
305, 27344749, 27345279, 0.01560625, -0.27714157, -0.01587677, -0.00000000
306, 27345749, 27346275, 0.01321751, -0.27714157, -0.01587677, -0.00000000
307, 27346749, 27347277, 0.01082267, -0.27714157, -0.01587677, -0.00000000
308, 27347749, 27348277, 0.00842294, -0.27714157, -0.01587677, -0.00000000
309, 27348749, 27349278, 0.00601996, -0.27714157, -0.01587677, -0.00000000
310, 27349749, 27350276, 0.00361419, -0.27714157, -0.01587677, -0.00000000
311, 27350749, 27351276, 0.00120661, -0.27714157, -0.01587677, -0.00000000
312, 27351749, 27352276, -0.00120275, -0.27714157, -0.01587677, -0.00000000
313, 27352749, 27353282, -0.00361321, -0.27714157, -0.01587677, -0.00000000
314, 27353749, 27354282, -0.00602276, -0.27714157, -0.01587677, -0.00000000
315, 27354749, 27355274, -0.00843177, -0.27714157, -0.01587677, -0.00000000
316, 27355749, 27356282, -0.01083985, -0.27714157, -0.01587677, -0.00000000
317, 27356749, 27357275, -0.01324579, -0.27714157, -0.01587677, -0.00000000
318, 27357749, 27358277, -0.01565051, -0.27714157, -0.01587677, -0.00000000
319, 27358749, 27359277, -0.01805352, -0.27714157, -0.01587677, -0.00000000
320, 27359749, 27360279, -0.02045429, -0.27714157, -0.01587677, -0.00000000
321, 27360749, 27361273, -0.02285196, -0.27714157, -0.01587677, -0.00000000
322, 27361749, 27362275, -0.02524786, -0.27714157, -0.01587677, -0.00000000
323, 27362749, 27363276, -0.02764191, -0.27714157, -0.01587677, -0.00000000
324, 27363749, 27364274, -0.03003389, -0.27714157, -0.01587677, -0.00000000
325, 27364749, 27365278, -0.03242445, -0.27714157, -0.01587677, -0.00000000
326, 27365749, 27366276, -0.03481414, -0.27714157, -0.01587677, -0.00000000
327, 27366749, 27367278, -0.03720178, -0.27637863, 0.01587677, -0.00000000
328, 27367749, 27368269, -0.03958858, -0.27561569, 0.11111450, 0.29439512
329, 27368749, 27369283, -0.04197426, -0.27370834, 0.26984406, 0.47519210
330, 27369749, 27370283, -0.04435874, -0.27180099, 0.49206543, 1.02781773
331, 27370749, 27371275, -0.04674290, -0.26913071, 0.74603271, 1.36720192
332, 27371749, 27372275, -0.04912625, -0.26607895, 1.06349182, 1.87002313
333, 27372749, 27373276, -0.05150945, -0.26264572, 1.47618866, 2.32601857
334, 27373749, 27374282, -0.05389334, -0.25768661, 2.01587677, 2.75325680
335, 27374749, 27375272, -0.05627892, -0.25272751, 2.58730316, 3.60442710
336, 27375749, 27376278, -0.05866660, -0.24662399, 3.12698364, 4.12715626
337, 27376749, 27377276, -0.06105747, -0.24013901, 3.69841003, 4.88977289
338, 27377749, 27378272, -0.06345210, -0.23327255, 4.26984406, 5.50531721
339, 27378749, 27379277, -0.06584964, -0.22602463, 4.90476227, 6.03053904
340, 27379749, 27380273, -0.06824966, -0.21763134, 5.53968048, 6.50029087
341, 27380749, 27381269, -0.07065224, -0.20923901, 6.17460632, 7.23074055
342, 27381749, 27382273, -0.07305807, -0.20046520, 6.71428680, 7.67896414
343, 27382749, 27383275, -0.07546636, -0.19169140, 7.19047546, 8.10142899
344, 27383749, 27384271, -0.07787764, -0.18253613, 7.69841003, 8.36087799
345, 27384749, 27385280, -0.08029018, -0.17299938, 8.07936859, 8.66741085
346, 27385749, 27386280, -0.08270457, -0.16384411, 8.46031952, 9.00285912
347, 27386749, 27387286, -0.08512035, -0.15468788, 8.71428680, 9.06167126
348, 27387749, 27388280, -0.08753628, -0.14553261, 8.90476227, 9.09815693
349, 27388749, 27389276, -0.08995172, -0.13675880, 9.00000000, 9.12019634
350, 27389749, 27390273, -0.09236707, -0.12874794, 9.00000000, 8.98653412
351, 27390749, 27391275, -0.09478183, -0.12035561, 8.93650818, 8.61005306
352, 27391749, 27392273, -0.09719572, -0.11310768, 8.77777863, 8.52604198
353, 27392749, 27393271, -0.09960872, -0.10547829, 8.55555725, 8.03285503
354, 27393749, 27394283, -0.10201982, -0.09861183, 8.33333588, 7.87717152
355, 27394749, 27395277, -0.10442874, -0.09174442, 8.04762268, 7.48716688
356, 27395749, 27396278, -0.10683443, -0.08640385, 7.69841003, 7.24802065
357, 27396749, 27397276, -0.10923751, -0.08220768, 7.22222137, 6.51199579
358, 27397749, 27398272, -0.11163882, -0.07839298, 6.68254089, 5.61838770
359, 27398749, 27399274, -0.11403804, -0.07495975, 6.11111450, 4.92239857
360, 27399749, 27400274, -0.11643488, -0.07228947, 5.53968048, 4.34777308
361, 27400749, 27401273, -0.11883003, -0.07038212, 4.90476227, 3.70048285
362, 27401749, 27402277, -0.12122299, -0.06961918, 4.20635223, 3.00856686
363, 27402749, 27403275, -0.12361481, -0.06923771, 3.44444275, 2.14204764
364, 27403749, 27404275, -0.12600608, -0.07000065, 2.65079498, 1.46269429
365, 27404749, 27405281, -0.12839581, -0.07038212, 1.95237732, 0.60389000
366, 27405749, 27406280, -0.13078654, -0.07190800, 1.28571320, 0.22366969
367, 27406749, 27407280, -0.13317844, -0.07343388, 0.65079498, -0.45142785
368, 27407749, 27408280, -0.13557312, -0.07610416, -0.01587677, -0.86602581
369, 27408749, 27409278, -0.13797133, -0.07877445, -0.61904907, -1.56223559
370, 27409749, 27410278, -0.14037362, -0.08144474, -1.15872955, -1.98979938
371, 27410749, 27411276, -0.14278139, -0.08449650, -1.63492203, -2.25237918
372, 27411749, 27412277, -0.14519519, -0.08754826, -1.98412704, -2.56083488
373, 27412749, 27413273, -0.14761664, -0.09060001, -2.30158615, -2.75026727
374, 27413749, 27414277, -0.15004663, -0.09403419, -2.58730316, -2.86660314
375, 27414749, 27415275, -0.15248616, -0.09746742, -2.80952454, -3.08561444
376, 27415749, 27416277, -0.15493475, -0.10090065, -3.00000000, -3.21974778
377, 27416749, 27417275, -0.15739365, -0.10433388, -3.12698364, -3.30212307
378, 27417749, 27418272, -0.15986301, -0.10738564, -3.22222137, -3.35271239
379, 27418749, 27419274, -0.16234313, -0.11120033, -3.31745911, -3.23658323
380, 27419749, 27420274, -0.16483560, -0.11463356, -3.34920502, -3.45965981
381, 27420749, 27421276, -0.16733965, -0.11806679, -3.41269684, -3.44946051
382, 27421749, 27422274, -0.16985518, -0.12150002, -3.44444275, -3.44319677
383, 27422749, 27423275, -0.17238171, -0.12493324, -3.44444275, -3.43935013
384, 27423749, 27424275, -0.17491801, -0.12836647, -3.44444275, -3.43698764
385, 27424749, 27425273, -0.17746295, -0.13179970, -3.44444275, -3.43553662
386, 27425749, 27426273, -0.18001573, -0.13485146, -3.41269684, -3.43464565
387, 27426749, 27427269, -0.18257557, -0.13828468, -3.41269684, -3.28690100
388, 27427749, 27428270, -0.18514146, -0.14171791, -3.41269684, -3.34336400
389, 27428749, 27429272, -0.18771429, -0.14515114, -3.41269684, -3.37803960
390, 27429749, 27430274, -0.19029149, -0.14858437, -3.41269684, -3.39933491
391, 27430749, 27431270, -0.19287260, -0.15201759, -3.41269684, -3.41241312
392, 27431749, 27432282, -0.19545591, -0.15506935, -3.41269684, -3.42044497
393, 27432749, 27433270, -0.19804053, -0.15812206, -3.34920502, -3.27817988
394, 27433749, 27434273, -0.20062467, -0.16117382, -3.28571320, -3.19117856
395, 27434749, 27435269, -0.20320690, -0.16384411, -3.22222137, -3.13738036
396, 27435749, 27436269, -0.20578608, -0.16613293, -3.12698364, -2.95714355
397, 27436749, 27437269, -0.20836170, -0.16880322, -3.06349182, -2.69925737
398, 27437749, 27438269, -0.21093182, -0.17147350, -2.96825409, -2.68807912
399, 27438749, 27439279, -0.21349451, -0.17414379, -2.84127045, -2.68121409
400, 27439749, 27440268, -0.21604921, -0.17643261, -2.74603271, -2.67699790
401, 27440749, 27441270, -0.21859314, -0.17872143, -2.65079498, -2.52721143
402, 27441749, 27442278, -0.22112559, -0.18101025, -2.58730316, -2.43522286
403, 27442749, 27443274, -0.22364388, -0.18291759, -2.52381134, -2.37872982
404, 27443749, 27444272, -0.22614664, -0.18482494, -2.42856979, -2.19683814
405, 27444749, 27445269, -0.22863330, -0.18711376, -2.36507797, -2.08513284
406, 27445749, 27446269, -0.23110223, -0.18902111, -2.30158615, -2.16372895
407, 27446749, 27447265, -0.23355028, -0.19130993, -2.23809433, -2.06479955
408, 27447749, 27448267, -0.23597592, -0.19321728, -2.17460251, -2.15124154
409, 27448749, 27449271, -0.23837766, -0.19550610, -2.11111069, -2.05713058
410, 27449749, 27450272, -0.24075493, -0.19741344, -2.07936478, -2.14653182
411, 27450749, 27451274, -0.24310376, -0.19893932, -2.04761887, -2.05423832
412, 27451749, 27452276, -0.24542134, -0.20122814, -2.01587296, -1.85036051
413, 27452749, 27453282, -0.24770509, -0.20275402, -1.98412704, -2.01954818
414, 27453749, 27454282, -0.24995348, -0.20466137, -1.95238113, -1.82905626
415, 27454749, 27455270, -0.25216401, -0.20656872, -1.92063522, -1.85926688
416, 27455749, 27456269, -0.25433180, -0.20809460, -1.88888931, -1.87782013
417, 27456749, 27457267, -0.25645298, -0.21038342, -1.88888931, -1.74201667
418, 27457749, 27458279, -0.25852311, -0.21229076, -1.88888931, -1.95301092
419, 27458749, 27459267, -0.26054123, -0.21381664, -1.85714340, -1.93539131
420, 27459749, 27460285, -0.26250461, -0.21572399, -1.85714340, -1.77737296
421, 27460749, 27461279, -0.26440778, -0.21724987, -1.82539749, -1.82752669
422, 27461749, 27462268, -0.26624772, -0.21953964, -1.82539749, -1.71113002
423, 27462749, 27463276, -0.26801848, -0.22106552, -1.82539749, -1.93441033
424, 27463749, 27464278, -0.26971531, -0.22335434, -1.85714340, -1.77677059
425, 27464749, 27465264, -0.27133262, -0.22526169, -1.85714340, -1.97435427
426, 27465749, 27466266, -0.27286854, -0.22716904, -1.88888931, -1.94849873
427, 27466749, 27467281, -0.27432021, -0.22945786, -1.92063522, -1.93262005
428, 27467749, 27468279, -0.27568492, -0.23136520, -1.95238113, -2.07006621
429, 27468749, 27469277, -0.27696091, -0.23327255, -1.95238113, -2.00727844
430, 27469749, 27470281, -0.27814534, -0.23556137, -2.01587296, -1.96871853
431, 27470749, 27471281, -0.27923492, -0.23785019, -2.04761887, -2.09223533
432, 27471749, 27472281, -0.28023043, -0.23975754, -2.07936478, -2.16809082
433, 27472749, 27473277, -0.28113174, -0.24204636, -2.14285660, -2.06747818
434, 27473749, 27474278, -0.28193861, -0.24433517, -2.14285660, -2.15288663
435, 27474749, 27475274, -0.28265384, -0.24624252, -2.14285660, -2.20533848
436, 27475749, 27476272, -0.28328073, -0.24853134, -2.14285660, -2.09035325
437, 27476749, 27477274, -0.28382343, -0.25043869, -2.14285660, -2.16693497
438, 27477749, 27478282, -0.28428578, -0.25272751, -2.14285660, -2.06676841
439, 27478749, 27479274, -0.28466970, -0.25463486, -2.11111069, -2.15245080
440, 27479749, 27480279, -0.28498200, -0.25654221, -2.11111069, -2.05787325
441, 27480749, 27481281, -0.28522846, -0.25883102, -2.07936478, -1.99979031
442, 27481749, 27482279, -0.28541160, -0.26073837, -2.07936478, -2.11131740
443, 27482749, 27483277, -0.28553626, -0.26264572, -2.07936478, -2.03261209
444, 27483749, 27484277, -0.28560552, -0.26455307, -2.07936478, -1.98427665
445, 27484749, 27485284, -0.28562328, -0.26646042, -2.04761887, -1.95459247
446, 27485749, 27486282, -0.28559175, -0.26836777, -2.01587296, -1.93636250
447, 27486749, 27487280, -0.28551105, -0.27027512, -2.01587296, -1.92516685
448, 27487749, 27488278, -0.28538415, -0.27256393, -1.98412704, -1.91829133
449, 27488749, 27489276, -0.28521058, -0.27408981, -1.98412704, -2.06126642
450, 27489749, 27490276, -0.28499058, -0.27599716, -1.98412704, -1.85467672
451, 27490749, 27491277, -0.28472453, -0.27828598, -1.95238113, -1.87500119
452, 27491749, 27492277, -0.28441265, -0.27943039, -1.92063522, -2.03468060
453, 27492749, 27493275, -0.28405359, -0.28095627, -1.85714340, -1.69115198
454, 27493749, 27494273, -0.28364632, -0.28210163, -1.79365158, -1.62737811
455, 27494749, 27495279, -0.28318989, -0.28324604, -1.73015976, -1.44138312
456, 27495749, 27496277, -0.28268367, -0.28439045, -1.60317612, -1.32678998
457, 27496749, 27497274, -0.28212559, -0.28515339, -1.47618866, -1.25641489
458, 27497749, 27498274, -0.28151739, -0.28553486, -1.31745911, -1.06599772
459, 27498749, 27499274, -0.28085944, -0.28591633, -1.15872955, -0.80185920
460, 27499749, 27500276, -0.28015262, -0.28629780, -1.00000000, -0.63964373
461, 27500749, 27501280, -0.27939659, -0.28629780, -0.84127045, -0.54002225
462, 27501749, 27502276, -0.27859122, -0.28629780, -0.65079498, -0.33164412
463, 27502749, 27503273, -0.27773729, -0.28629780, -0.52381134, -0.20367275
464, 27503749, 27504273, -0.27683505, -0.28591633, -0.33333588, -0.12508164
465, 27504749, 27505275, -0.27588543, -0.28553486, -0.20635223, 0.07038110
466, 27505749, 27506279, -0.27488887, -0.28515339, -0.04762268, 0.19042072
467, 27506749, 27507275, -0.27384749, -0.28477192, 0.07936859, 0.26414070
468, 27507749, 27508278, -0.27276036, -0.28400898, 0.23809814, 0.30941439
469, 27508749, 27509276, -0.27163106, -0.28324604, 0.30158997, 0.48441589
470, 27509749, 27510282, -0.27046081, -0.28248310, 0.39682770, 0.59188962
471, 27510749, 27511284, -0.26925114, -0.28172016, 0.49206543, 0.65789258
472, 27511749, 27512282, -0.26800576, -0.28095627, 0.58730316, 0.69842702
473, 27512749, 27513275, -0.26672778, -0.27981186, 0.65079498, 0.72368842
474, 27513749, 27514275, -0.26541692, -0.27904892, 0.68254089, 0.88603181
475, 27514749, 27515277, -0.26407439, -0.27828598, 0.74603271, 0.83853418
476, 27515749, 27516277, -0.26270339, -0.27714157, 0.77777863, 0.80936444
477, 27516749, 27517279, -0.26130652, -0.27637863, 0.80952454, 0.93864799
478, 27517749, 27518281, -0.25988430, -0.27561569, 0.84127045, 0.87084746
479, 27518749, 27519282, -0.25843951, -0.27447128, 0.87301636, 0.82920909
480, 27519749, 27520284, -0.25697497, -0.27332687, 0.87301636, 0.95083523
481, 27520749, 27521278, -0.25549099, -0.27256393, 0.90476227, 1.02552950
482, 27521749, 27522280, -0.25398955, -0.27141953, 0.93650818, 0.92420399
483, 27522749, 27523282, -0.25247386, -0.26989365, 0.96825409, 1.00917447
484, 27523749, 27524282, -0.25094578, -0.26913071, 1.00000000, 1.20855498
485, 27524749, 27525277, -0.24940579, -0.26798630, 1.00000000, 1.03660560
486, 27525749, 27526283, -0.24785611, -0.26684189, 1.03174591, 1.07820368
487, 27526749, 27527285, -0.24629878, -0.26607895, 1.03174591, 1.10375035
488, 27527749, 27528273, -0.24473549, -0.26455307, 1.06349182, 0.97224182
489, 27528749, 27529277, -0.24316731, -0.26340866, 1.06349182, 1.18587351
490, 27529749, 27530285, -0.24159469, -0.26226425, 1.09523773, 1.16987371
491, 27530749, 27531278, -0.24001937, -0.26111984, 1.09523773, 1.16004777
492, 27531749, 27532278, -0.23844042, -0.25959396, 1.12698364, 1.15401328
493, 27532749, 27533280, -0.23685993, -0.25844955, 1.12698364, 1.29750490
494, 27533749, 27534276, -0.23527934, -0.25730515, 1.15872955, 1.23842990
495, 27534749, 27535282, -0.23369613, -0.25616074, 1.19047546, 1.20215011
496, 27535749, 27536280, -0.23211180, -0.25463486, 1.22222137, 1.17986965
497, 27536749, 27537281, -0.23052725, -0.25310898, 1.22222137, 1.31338418
498, 27537749, 27538279, -0.22894555, -0.25234604, 1.22222137, 1.39537942
499, 27538749, 27539279, -0.22736499, -0.25082016, 1.25396729, 1.15134013
500, 27539749, 27540281, -0.22578697, -0.24929428, 1.25396729, 1.29586315
501, 27540749, 27541277, -0.22421142, -0.24814987, 1.28571320, 1.38461924
502, 27541749, 27542279, -0.22264007, -0.24662399, 1.31745911, 1.29192948
503, 27542749, 27543282, -0.22107252, -0.24509811, 1.31745911, 1.38220346
504, 27543749, 27544278, -0.21951132, -0.24357224, 1.31745911, 1.43764341
505, 27544749, 27545284, -0.21795560, -0.24204636, 1.38095093, 1.47169077
506, 27545749, 27546284, -0.21640784, -0.24090195, 1.38095093, 1.49260032
507, 27546749, 27547274, -0.21486877, -0.23937607, 1.41269684, 1.35824406
508, 27547749, 27548281, -0.21333830, -0.23785019, 1.41269684, 1.42292917
509, 27548749, 27549277, -0.21181731, -0.23632431, 1.41269684, 1.46265435
510, 27549749, 27550283, -0.21030638, -0.23517990, 1.44444275, 1.48705077
511, 27550749, 27551279, -0.20880488, -0.23327255, 1.44444275, 1.35483587
512, 27551749, 27552279, -0.20731285, -0.23212814, 1.44444275, 1.56803370
513, 27552749, 27553282, -0.20582901, -0.23060226, 1.44444275, 1.40456986
514, 27553749, 27554278, -0.20435572, -0.22907639, 1.41269684, 1.45137942
515, 27554749, 27555276, -0.20289403, -0.22755051, 1.44444275, 1.48012650
516, 27555749, 27556278, -0.20144519, -0.22602463, 1.44444275, 1.49778092
517, 27556749, 27557282, -0.20000912, -0.22449875, 1.47618866, 1.50862300
518, 27557749, 27558278, -0.19858469, -0.22297287, 1.47618866, 1.51528156
519, 27558749, 27559281, -0.19717187, -0.22144699, 1.50793457, 1.51937068
520, 27559749, 27560281, -0.19577219, -0.21992111, 1.50793457, 1.52188194
521, 27560749, 27561285, -0.19438493, -0.21839428, 1.50793457, 1.52342427
522, 27561749, 27562279, -0.19301108, -0.21686840, 1.50793457, 1.52473938
523, 27562749, 27563277, -0.19165151, -0.21534252, 1.47618866, 1.52517903
524, 27563749, 27564276, -0.19030531, -0.21419811, 1.50793457, 1.52544904
525, 27564749, 27565276, -0.18897100, -0.21229076, 1.47618866, 1.37841737
526, 27565749, 27566276, -0.18764965, -0.21114635, 1.47618866, 1.58251584
527, 27566749, 27567276, -0.18634069, -0.20962048, 1.47618866, 1.41346383
528, 27567749, 27568276, -0.18504278, -0.20809460, 1.47618866, 1.45684147
529, 27568749, 27569276, -0.18375634, -0.20656872, 1.44444275, 1.48348093
530, 27569749, 27570275, -0.18247966, -0.20504284, 1.47618866, 1.49984109
531, 27570749, 27571277, -0.18121524, -0.20389843, 1.47618866, 1.50988829
532, 27571749, 27572275, -0.17996164, -0.20199108, 1.44444275, 1.36886108
533, 27572749, 27573279, -0.17871970, -0.20084667, 1.44444275, 1.57664704
534, 27573749, 27574277, -0.17748784, -0.19932079, 1.44444275, 1.40985966
535, 27574749, 27575276, -0.17626624, -0.19817638, 1.44444275, 1.45462799
536, 27575749, 27576278, -0.17505436, -0.19665051, 1.41269684, 1.33492398
537, 27576749, 27577276, -0.17385238, -0.19550610, 1.41269684, 1.40860772
538, 27577749, 27578276, -0.17266054, -0.19398022, 1.38095093, 1.30666149
539, 27578749, 27579278, -0.17147905, -0.19245434, 1.38095093, 1.39125073
540, 27579749, 27580275, -0.17031047, -0.19130993, 1.38095093, 1.44319963
541, 27580749, 27581275, -0.16915353, -0.18978405, 1.34920502, 1.32790554
542, 27581749, 27582273, -0.16800877, -0.18863964, 1.34920502, 1.40429735
543, 27582749, 27583273, -0.16687718, -0.18711376, 1.34920502, 1.30401444
544, 27583749, 27584275, -0.16576006, -0.18596935, 1.31745911, 1.38962519
545, 27584749, 27585275, -0.16465954, -0.18444347, 1.31745911, 1.29500389
546, 27585749, 27586286, -0.16357659, -0.18329906, 1.31745911, 1.38409162
547, 27586749, 27587274, -0.16251194, -0.18215466, 1.31745911, 1.29160547
548, 27587749, 27588272, -0.16146599, -0.18101025, 1.28571320, 1.23480690
549, 27588749, 27589272, -0.16044052, -0.17948437, 1.28571320, 1.19992518
550, 27589749, 27590286, -0.15943605, -0.17833996, 1.25396729, 1.32570088
551, 27590749, 27591280, -0.15845521, -0.17757702, 1.22222137, 1.25574601
552, 27591749, 27592275, -0.15749946, -0.17605114, 1.22222137, 1.06558704
553, 27592749, 27593269, -0.15656865, -0.17490673, 1.19047546, 1.24319971
554, 27593749, 27594271, -0.15566340, -0.17414379, 1.15872955, 1.20507944
555, 27594749, 27595271, -0.15478531, -0.17261791, 1.15872955, 1.03447115
556, 27595749, 27596285, -0.15393601, -0.17147350, 1.15872955, 1.22409046
557, 27596749, 27597271, -0.15311477, -0.17071056, 1.09523773, 1.19334388
558, 27597749, 27598269, -0.15232256, -0.16956615, 1.09523773, 1.02726388
559, 27598749, 27599270, -0.15155959, -0.16842175, 1.09523773, 1.07246673
560, 27599749, 27600284, -0.15082611, -0.16765881, 1.06349182, 1.10022712
561, 27600749, 27601280, -0.15012085, -0.16651440, 1.06349182, 0.97007811
562, 27601749, 27602282, -0.14944494, -0.16536999, 1.06349182, 1.03734720
563, 27602749, 27603272, -0.14879867, -0.16460705, 1.00000000, 1.07865918
564, 27603749, 27604271, -0.14818195, -0.16346264, 1.00000000, 0.95683259
565, 27604749, 27605281, -0.14759579, -0.16269970, 1.00000000, 1.02921271
566, 27605749, 27606271, -0.14704052, -0.16155529, 1.00000000, 0.92646599
567, 27606749, 27607283, -0.14651659, -0.16079235, 0.96825409, 1.01056361
568, 27607749, 27608279, -0.14602412, -0.16002941, 0.93650818, 0.91501302
569, 27608749, 27609283, -0.14556280, -0.15888500, 0.93650818, 0.85633242
570, 27609749, 27610280, -0.14513224, -0.15812206, 0.90476227, 0.96749246
571, 27610749, 27611282, -0.14473161, -0.15735912, 0.90476227, 0.88856173
572, 27611749, 27612282, -0.14436217, -0.15659618, 0.87301636, 0.84008795
573, 27612749, 27613282, -0.14402361, -0.15583229, 0.84127045, 0.81031871
574, 27613749, 27614278, -0.14371590, -0.15468788, 0.84127045, 0.79240447
575, 27614749, 27615278, -0.14343902, -0.15430641, 0.80952454, 0.92823243
576, 27615749, 27616276, -0.14319424, -0.15354347, 0.84127045, 0.71725333
577, 27616749, 27617280, -0.14297910, -0.15239906, 0.80952454, 0.73488224
578, 27617749, 27618281, -0.14279436, -0.15163612, 0.77777863, 0.89290619
579, 27618749, 27619279, -0.14263760, -0.15125465, 0.74603271, 0.84275603
580, 27619749, 27620277, -0.14250956, -0.15049171, 0.77777863, 0.66475970
581, 27620749, 27621281, -0.14241004, -0.14972878, 0.77777863, 0.70264429
582, 27621749, 27622279, -0.14233896, -0.14896584, 0.74603271, 0.72591037
583, 27622749, 27623281, -0.14229512, -0.14820290, 0.74603271, 0.74019873
584, 27623749, 27624278, -0.14227735, -0.14743996, 0.71428680, 0.74897373
585, 27624749, 27625282, -0.14228512, -0.14705849, 0.68254089, 0.75436270
586, 27625749, 27626280, -0.14231652, -0.14629555, 0.68254089, 0.61047465
587, 27626749, 27627288, -0.14236936, -0.14591408, 0.68254089, 0.66930616
588, 27627749, 27628278, -0.14244282, -0.14553261, 0.61904907, 0.55823886
589, 27628749, 27629278, -0.14253531, -0.14476967, 0.58730316, 0.49002904
590, 27629749, 27630283, -0.14264536, -0.14438820, 0.52381134, 0.59533685
591, 27630749, 27631277, -0.14277153, -0.14438820, 0.49206543, 0.51281208
592, 27631749, 27632279, -0.14291236, -0.14400673, 0.46031952, 0.31493351
593, 27632749, 27633277, -0.14306274, -0.14362526, 0.46031952, 0.34060779
594, 27633749, 27634277, -0.14321889, -0.14324379, 0.42857361, 0.35637516
595, 27634749, 27635276, -0.14337827, -0.14286232, 0.36508179, 0.36605841
596, 27635749, 27636282, -0.14353566, -0.14286232, 0.33333588, 0.37200516
597, 27636749, 27637280, -0.14368483, -0.14248085, 0.33333588, 0.22845970
598, 27637749, 27638278, -0.14382049, -0.14248085, 0.26984406, 0.28750160
599, 27638749, 27639282, -0.14393738, -0.14209938, 0.23809814, 0.17656349
600, 27639749, 27640285, -0.14402854, -0.14209938, 0.20635223, 0.25563055
601, 27640749, 27641275, -0.14408821, -0.14209938, 0.17460632, 0.15699051
602, 27641749, 27642277, -0.14410706, -0.14209938, 0.14286041, 0.09641265
603, 27642749, 27643275, -0.14407840, -0.14209938, 0.07936859, 0.05920995
604, 27643749, 27644283, -0.14399438, -0.14248085, 0.04762268, 0.03636263
605, 27644749, 27645279, -0.14384708, -0.14248085, -0.01587677, -0.12486615
606, 27645749, 27646278, -0.14362805, -0.14248085, -0.01587677, -0.07668410
607, 27646749, 27647280, -0.14332859, -0.14286232, -0.04762268, -0.04709404
608, 27647749, 27648278, -0.14293888, -0.14324379, -0.11111450, -0.17611943
609, 27648749, 27649280, -0.14245091, -0.14324379, -0.14286041, -0.25535786
610, 27649749, 27650276, -0.14185061, -0.14362526, -0.17460632, -0.15682304
611, 27650749, 27651276, -0.14112665, -0.14362526, -0.17460632, -0.24350736
612, 27651749, 27652275, -0.14026886, -0.14400673, -0.17460632, -0.14954528
613, 27652749, 27653281, -0.13926724, -0.14438820, -0.17460632, -0.23903786
614, 27653749, 27654281, -0.13811338, -0.14438820, -0.20635223, -0.29399797
615, 27654749, 27655279, -0.13679749, -0.14438820, -0.20635223, -0.18055311
616, 27655749, 27656273, -0.13531300, -0.14438820, -0.20635223, -0.11088316
617, 27656749, 27657280, -0.13365486, -0.14438820, -0.17460632, -0.06809673
618, 27657749, 27658280, -0.13181950, -0.14438820, -0.14286041, -0.04182027
619, 27658749, 27659278, -0.12980716, -0.14438820, -0.14286041, -0.02568310
620, 27659749, 27660280, -0.12761822, -0.14438820, -0.11111450, -0.01577277
621, 27660749, 27661276, -0.12525472, -0.14438820, -0.07936859, -0.00968654
622, 27661749, 27662279, -0.12272472, -0.14438820, -0.01587677, -0.00594880
623, 27662749, 27663279, -0.12003558, -0.14438820, -0.01587677, -0.00365334
624, 27663749, 27664285, -0.11719818, -0.14438820, 0.01587677, -0.00224363
625, 27664749, 27665279, -0.11422293, -0.14438820, 0.01587677, -0.00137788
626, 27665749, 27666277, -0.11112187, -0.14400673, 0.01587677, -0.00084620
627, 27666749, 27667277, -0.10790650, -0.14362526, 0.07936859, 0.14667787
628, 27667749, 27668280, -0.10459019, -0.14286232, 0.11111450, 0.23727690
629, 27668749, 27669274, -0.10118423, -0.14209938, 0.17460632, 0.44011405
630, 27669749, 27670280, -0.09769876, -0.14133644, 0.26984406, 0.56468254
631, 27670749, 27671274, -0.09414460, -0.14019203, 0.39682770, 0.64118385
632, 27671749, 27672274, -0.09053134, -0.13904762, 0.49206543, 0.83536321
633, 27672749, 27673274, -0.08686549, -0.13790321, 0.65079498, 0.95461470
634, 27673749, 27674273, -0.08315180, -0.13599586, 0.84127045, 1.02785063
635, 27674749, 27675283, -0.07939290, -0.13446999, 0.96825409, 1.36722207
636, 27675749, 27676279, -0.07559257, -0.13256264, 1.15872955, 1.42844296
637, 27676749, 27677277, -0.07175570, -0.12989235, 1.34920502, 1.61323798
638, 27677749, 27678275, -0.06788500, -0.12798500, 1.50793457, 2.02112150
639, 27678749, 27679279, -0.06398407, -0.12531471, 1.73015594, 1.97721994
640, 27679749, 27680278, -0.06005415, -0.12264442, 1.88888550, 2.24465370
641, 27680749, 27681278, -0.05609835, -0.11997414, 2.11111450, 2.40889311
642, 27681749, 27682276, -0.05211974, -0.11692238, 2.26984406, 2.50975752
643, 27682749, 27683268, -0.04812375, -0.11387062, 2.46031952, 2.71889901
644, 27683749, 27684276, -0.04411523, -0.11043739, 2.61904907, 2.84733891
645, 27684749, 27685275, -0.04010051, -0.10700417, 2.77777863, 3.07341552
646, 27685749, 27686279, -0.03608173, -0.10357094, 2.90476227, 3.21225595
647, 27686749, 27687283, -0.03206226, -0.10013771, 3.03174591, 3.29752231
648, 27687749, 27688275, -0.02804627, -0.09632301, 3.15872955, 3.34988689
649, 27688749, 27689277, -0.02403914, -0.09250736, 3.25396729, 3.52924299
650, 27689749, 27690279, -0.02004532, -0.08907413, 3.38095093, 3.63975906
651, 27690749, 27691282, -0.01606755, -0.08525944, 3.44444275, 3.56006503
652, 27691749, 27692278, -0.01210919, -0.08144474, 3.53968048, 3.65831995
653, 27692749, 27693276, -0.00817377, -0.07763004, 3.60317230, 3.71866107
654, 27693749, 27694278, -0.00426217, -0.07343388, 3.63491821, 3.75571847
655, 27694749, 27695276, -0.00037454, -0.07000065, 3.73015594, 3.92567420
656, 27695749, 27696281, 0.00348766, -0.06580448, 3.76190186, 3.73565412
657, 27696749, 27697279, 0.00732496, -0.06198978, 3.82539368, 3.91335201
658, 27697749, 27698281, 0.01113988, -0.05779362, 3.85713959, 3.87528396
659, 27698749, 27699275, 0.01493227, -0.05397892, 3.85713959, 3.99910307
660, 27699749, 27700281, 0.01870328, -0.05016422, 3.88888550, 3.92794633
661, 27700749, 27701275, 0.02245703, -0.04596806, 3.92063141, 3.88424706
662, 27701749, 27702278, 0.02619508, -0.04253483, 3.92063141, 4.00460768
663, 27702749, 27703278, 0.02992085, -0.03833866, 3.92063141, 3.78412962
664, 27703749, 27704276, 0.03363645, -0.03414249, 3.92063141, 3.94312215
665, 27704749, 27705278, 0.03734645, -0.03032684, 3.92063141, 4.04076433
666, 27705749, 27706276, 0.04105409, -0.02651215, 3.88888550, 3.95389986
667, 27706749, 27707279, 0.04476209, -0.02269745, 3.92063141, 3.90018582
668, 27707749, 27708277, 0.04847333, -0.01850128, 3.88888550, 3.86719847
669, 27708749, 27709277, 0.05218892, -0.01506805, 3.92063141, 3.99413729
670, 27709749, 27710275, 0.05591128, -0.01087189, 3.92063141, 3.77769947
671, 27710749, 27711275, 0.05964177, -0.00705719, 3.88888550, 3.93917322
672, 27711749, 27712281, 0.06337950, -0.00324249, 3.88888550, 3.89114165
673, 27712749, 27713278, 0.06712493, 0.00095367, 3.88888550, 3.86164403
674, 27713749, 27714274, 0.07087877, 0.00476837, 3.88888550, 3.99072623
675, 27714749, 27715276, 0.07463987, 0.00896454, 3.88888550, 3.92280197
676, 27715749, 27716278, 0.07840607, 0.01239777, 3.88888550, 4.02828503
677, 27716749, 27717274, 0.08217572, 0.01621246, 3.88888550, 3.79867053
678, 27717749, 27718272, 0.08594622, 0.02002716, 3.85713959, 3.80485487
679, 27718749, 27719279, 0.08971602, 0.02384186, 3.82539368, 3.80865264
680, 27719749, 27720273, 0.09348257, 0.02765656, 3.79364777, 3.81098509
681, 27720749, 27721275, 0.09724174, 0.03070831, 3.79364777, 3.81241751
682, 27721749, 27722273, 0.10099047, 0.03452396, 3.76190186, 3.51890206
683, 27722749, 27723275, 0.10472609, 0.03833866, 3.69841003, 3.63340831
684, 27723749, 27724273, 0.10844632, 0.04177189, 3.66666412, 3.70336223
685, 27724749, 27725272, 0.11214742, 0.04558659, 3.66666412, 3.59912539
686, 27725749, 27726276, 0.11582597, 0.04940128, 3.63491821, 3.68230796
687, 27726749, 27727274, 0.11948009, 0.05283451, 3.60317230, 3.73339295
688, 27727749, 27728272, 0.12310612, 0.05626774, 3.60317230, 3.61756825
689, 27728749, 27729272, 0.12670194, 0.05970097, 3.60317230, 3.54643679
690, 27729749, 27730271, 0.13026521, 0.06351566, 3.60317230, 3.50275302
691, 27730749, 27731277, 0.13379258, 0.06694889, 3.57142639, 3.62312293
692, 27731749, 27732273, 0.13728225, 0.07038212, 3.57142639, 3.54984808
693, 27732749, 27733275, 0.14073227, 0.07419682, 3.53968048, 3.50484800
694, 27733749, 27734271, 0.14414074, 0.07763004, 3.53968048, 3.62440920
695, 27734749, 27735271, 0.14750513, 0.08106327, 3.53968048, 3.55063820
696, 27735749, 27736268, 0.15082236, 0.08449650, 3.50793457, 3.50533319
697, 27736749, 27737272, 0.15409237, 0.08792973, 3.50793457, 3.47750974
698, 27737749, 27738272, 0.15731315, 0.09136295, 3.47618866, 3.46042252
699, 27738749, 27739282, 0.16048436, 0.09517860, 3.47618866, 3.44992900
700, 27739749, 27740270, 0.16360559, 0.09861183, 3.50793457, 3.59104991
701, 27740749, 27741281, 0.16667558, 0.10204506, 3.47618866, 3.53015113
702, 27741749, 27742269, 0.16969550, 0.10547829, 3.47618866, 3.49275136
703, 27742749, 27743269, 0.17266610, 0.10891151, 3.47618866, 3.46978283
704, 27743749, 27744269, 0.17558756, 0.11234474, 3.47618866, 3.45567727
705, 27744749, 27745281, 0.17846152, 0.11577797, 3.47618866, 3.44701457
706, 27745749, 27746279, 0.18128924, 0.11921120, 3.47618866, 3.44169450
707, 27746749, 27747270, 0.18407361, 0.12264442, 3.44444275, 3.43842745
708, 27747749, 27748268, 0.18681553, 0.12607765, 3.44444275, 3.43642116
709, 27748749, 27749268, 0.18951663, 0.12951088, 3.44444275, 3.43518877
710, 27749749, 27750282, 0.19217709, 0.13294411, 3.44444275, 3.43443203
711, 27750749, 27751266, 0.19479895, 0.13637733, 3.41269684, 3.43396735
712, 27751749, 27752278, 0.19738440, 0.13981056, 3.41269684, 3.43368196
713, 27752749, 27753267, 0.19993600, 0.14324379, 3.41269684, 3.43350673
714, 27753749, 27754281, 0.20245573, 0.14667702, 3.38095093, 3.43339896
715, 27754749, 27755265, 0.20494606, 0.14972878, 3.38095093, 3.43333292
716, 27755749, 27756263, 0.20740876, 0.15316200, 3.34920502, 3.28609490
717, 27756749, 27757265, 0.20984620, 0.15621376, 3.31745911, 3.34286880
718, 27757749, 27758274, 0.21225886, 0.15964794, 3.31745911, 3.23053813
719, 27758749, 27759276, 0.21464950, 0.16269970, 3.28571320, 3.30911779
720, 27759749, 27760278, 0.21702017, 0.16575146, 3.25396729, 3.20981050
721, 27760749, 27761280, 0.21937110, 0.16880322, 3.22222137, 3.14882278
722, 27761749, 27762276, 0.22170243, 0.17185497, 3.15872955, 3.11136842
723, 27762749, 27763278, 0.22401418, 0.17490673, 3.15872955, 3.08836651
724, 27763749, 27764276, 0.22630738, 0.17757702, 3.12698364, 3.07424045
725, 27764749, 27765263, 0.22858210, 0.18101025, 3.09523773, 2.91836739
726, 27765749, 27766277, 0.23083848, 0.18406200, 3.06349182, 3.11703634
727, 27766749, 27767281, 0.23307714, 0.18673229, 3.03174591, 3.09184742
728, 27767749, 27768277, 0.23529701, 0.18978405, 3.00000000, 2.92918062
729, 27768749, 27769279, 0.23749781, 0.19245434, 2.93650818, 2.97647953
730, 27769749, 27770278, 0.23967943, 0.19512463, 2.93650818, 2.85832953
731, 27770749, 27771280, 0.24184252, 0.19779491, 2.90476227, 2.78576994
732, 27771749, 27772278, 0.24398711, 0.20046520, 2.87301636, 2.74120903
733, 27772749, 27773276, 0.24611278, 0.20351696, 2.84127045, 2.71384287
734, 27773749, 27774278, 0.24821906, 0.20618725, 2.77777863, 2.84423399
735, 27774749, 27775277, 0.25030541, 0.20847607, 2.74603271, 2.77711368
736, 27775749, 27776279, 0.25237307, 0.21114635, 2.71428680, 2.58869553
737, 27776749, 27777277, 0.25442249, 0.21343517, 2.68254089, 2.62017965
738, 27777749, 27778279, 0.25645298, 0.21572399, 2.61904907, 2.49231744
739, 27778749, 27779283, 0.25846505, 0.21839428, 2.55555725, 2.41379333
740, 27779749, 27780277, 0.26045790, 0.22068405, 2.49206543, 2.51276684
741, 27780749, 27781274, 0.26242936, 0.22335434, 2.46031952, 2.42671990
742, 27781749, 27782276, 0.26437756, 0.22526169, 2.42857361, 2.52070522
743, 27782749, 27783274, 0.26630121, 0.22755051, 2.39682770, 2.28402948
744, 27783749, 27784274, 0.26819900, 0.22945786, 2.33333588, 2.28587747
745, 27784749, 27785278, 0.27006921, 0.23174667, 2.26984406, 2.13981462
746, 27785749, 27786275, 0.27191004, 0.23365402, 2.20635223, 2.19731069
747, 27786749, 27787275, 0.27372119, 0.23556137, 2.17460632, 2.08542299
748, 27787749, 27788275, 0.27550060, 0.23746872, 2.14286041, 2.01670957
749, 27788749, 27789275, 0.27724653, 0.23937607, 2.04762268, 1.97451043
750, 27789749, 27790281, 0.27895728, 0.24128342, 2.01587677, 1.94859469
751, 27790749, 27791279, 0.28063071, 0.24319077, 1.95237732, 1.93267906
752, 27791749, 27792280, 0.28226686, 0.24471664, 1.92063141, 1.92290485
753, 27792749, 27793276, 0.28386438, 0.24662399, 1.88888550, 1.76970458
754, 27793749, 27794276, 0.28542262, 0.24814987, 1.85713959, 1.82281721
755, 27794749, 27795276, 0.28694060, 0.25005722, 1.79364777, 1.70823777
756, 27795749, 27796280, 0.28841648, 0.25158310, 1.76190186, 1.78506863
757, 27796749, 27797287, 0.28984857, 0.25310898, 1.73015594, 1.68505514
758, 27797749, 27798277, 0.29123646, 0.25463486, 1.69841003, 1.62363386
759, 27798749, 27799281, 0.29257882, 0.25616074, 1.66666412, 1.58591330
760, 27799749, 27800279, 0.29387596, 0.25768661, 1.60317230, 1.56274784
761, 27800749, 27801273, 0.29512742, 0.25921249, 1.60317230, 1.54852116
762, 27801749, 27802284, 0.29633191, 0.26073837, 1.57142639, 1.53978419
763, 27802749, 27803286, 0.29748908, 0.26188278, 1.53968048, 1.53441858
764, 27803749, 27804278, 0.29859817, 0.26340866, 1.47618866, 1.38392580
765, 27804749, 27805278, 0.29965907, 0.26455307, 1.44444275, 1.43870115
766, 27805749, 27806280, 0.30067149, 0.26607895, 1.41269684, 1.32514286
767, 27806749, 27807278, 0.30163497, 0.26722336, 1.38095093, 1.40260088
768, 27807749, 27808275, 0.30254924, 0.26874924, 1.38095093, 1.30297267
769, 27808749, 27809273, 0.30341473, 0.26989365, 1.34920502, 1.38898540
770, 27809749, 27810273, 0.30423111, 0.27103806, 1.31745911, 1.29461086
771, 27810749, 27811275, 0.30499744, 0.27256393, 1.28571320, 1.23665273
772, 27811749, 27812275, 0.30571458, 0.27370834, 1.28571320, 1.34825623
773, 27812749, 27813275, 0.30638197, 0.27523422, 1.28571320, 1.26959789
774, 27813749, 27814282, 0.30699939, 0.27676010, 1.31745911, 1.36848891
775, 27814749, 27815276, 0.30756631, 0.27790451, 1.31745911, 1.42922091
776, 27815749, 27816274, 0.30808356, 0.27943039, 1.31745911, 1.31932068
777, 27816749, 27817278, 0.30855164, 0.28057480, 1.34920502, 1.39902520
778, 27817749, 27818276, 0.30897227, 0.28248310, 1.34920502, 1.30077660
779, 27818749, 27819272, 0.30935204, 0.28362751, 1.38095093, 1.53520226
780, 27819749, 27820273, 0.30969101, 0.28515339, 1.38095093, 1.38440716
781, 27820749, 27821273, 0.30998087, 0.28629780, 1.38095093, 1.43899679
782, 27821749, 27822275, 0.31022120, 0.28782368, 1.38095093, 1.32532442
783, 27822749, 27823281, 0.31041309, 0.28896809, 1.38095093, 1.40271223
784, 27823749, 27824275, 0.31055546, 0.29049397, 1.38095093, 1.30304098
785, 27824749, 27825277, 0.31064689, 0.29201984, 1.38095093, 1.38902736
786, 27825749, 27826276, 0.31068802, 0.29316425, 1.38095093, 1.44183421
787, 27826749, 27827286, 0.31068081, 0.29469013, 1.34920502, 1.32706690
788, 27827749, 27828282, 0.31062472, 0.29583454, 1.31745911, 1.40378249
789, 27828749, 27829280, 0.31051925, 0.29697895, 1.31745911, 1.30369830
790, 27829749, 27830274, 0.31036559, 0.29850483, 1.28571320, 1.24223351
791, 27830749, 27831281, 0.31016332, 0.29926777, 1.28571320, 1.35168374
792, 27831749, 27832273, 0.30991343, 0.30079365, 1.25396729, 1.12450528
793, 27832749, 27833279, 0.30961543, 0.30193806, 1.22222137, 1.27938318
794, 27833749, 27834287, 0.30927020, 0.30270100, 1.19047546, 1.22730076
795, 27834749, 27835279, 0.30887881, 0.30384541, 1.12698364, 1.04811788
796, 27835749, 27836278, 0.30844101, 0.30460835, 1.12698364, 1.08527374
797, 27836749, 27837282, 0.30795631, 0.30537128, 1.06349182, 0.96089476
798, 27837749, 27838280, 0.30742583, 0.30651569, 1.03174591, 0.88450980
799, 27838749, 27839278, 0.30685005, 0.30689716, 0.96825409, 0.98479706
800, 27839749, 27840282, 0.30622897, 0.30766010, 0.90476227, 0.75199145
801, 27840749, 27841278, 0.30556157, 0.30842304, 0.84127045, 0.75621593
802, 27841749, 27842279, 0.30484918, 0.30880451, 0.77777863, 0.75881034
803, 27842749, 27843275, 0.30409274, 0.30918598, 0.71428680, 0.61320609
804, 27843749, 27844279, 0.30329147, 0.30918598, 0.61904907, 0.52378607
805, 27844749, 27845279, 0.30244493, 0.30956745, 0.55555725, 0.32167298
806, 27845749, 27846275, 0.30155259, 0.30956745, 0.46031952, 0.34474674
807, 27846749, 27847281, 0.30061480, 0.30956745, 0.36508179, 0.21171947
808, 27847749, 27848276, 0.29963148, 0.30956745, 0.26984406, 0.13002338
809, 27848749, 27849278, 0.29860201, 0.30918598, 0.17460632, 0.07985131
810, 27849749, 27850278, 0.29752553, 0.30880451, 0.07936859, -0.09815843
811, 27850749, 27851280, 0.29640362, 0.30880451, 0.01587677, -0.20747964
812, 27851749, 27852276, 0.29523626, 0.30842304, -0.04762268, -0.12741956
813, 27852749, 27853277, 0.29402342, 0.30804157, -0.14286041, -0.22544977
814, 27853749, 27854273, 0.29276484, 0.30727863, -0.20635223, -0.28565311
815, 27854749, 27855277, 0.29146093, 0.30689716, -0.26984406, -0.46982336
816, 27855749, 27856279, 0.29011118, 0.30613422, -0.36508179, -0.43573040
817, 27856749, 27857277, 0.28871566, 0.30537128, -0.42857361, -0.56199038
818, 27857749, 27858277, 0.28727499, 0.30422688, -0.52381134, -0.63953054
819, 27858749, 27859276, 0.28578848, 0.30346394, -0.61904907, -0.83434784
820, 27859749, 27860276, 0.28425619, 0.30231953, -0.68254089, -0.80679357
821, 27860749, 27861276, 0.28267804, 0.30155659, -0.77777863, -0.93706918
822, 27861749, 27862274, 0.28105444, 0.30041218, -0.87301636, -0.86987782
823, 27862749, 27863276, 0.27938607, 0.29888630, -0.93650818, -0.97581112
824, 27863749, 27864279, 0.27767265, 0.29812336, -1.00000000, -1.18806553
825, 27864749, 27865273, 0.27591410, 0.29659748, -1.06349182, -1.02402234
826, 27865749, 27866277, 0.27411103, 0.29507160, -1.12698364, -1.21767342
827, 27866749, 27867275, 0.27226368, 0.29392719, -1.12698364, -1.33660054
828, 27867749, 27868275, 0.27037182, 0.29240131, -1.19047546, -1.26243973
829, 27868749, 27869276, 0.26843569, 0.29163837, -1.22222137, -1.36409295
830, 27869749, 27870278, 0.26645389, 0.29011250, -1.25396729, -1.13212609
831, 27870749, 27871274, 0.26442653, 0.28858662, -1.28571320, -1.28406334
832, 27871749, 27872278, 0.26235494, 0.28706074, -1.31745911, -1.37737262
833, 27872749, 27873276, 0.26023889, 0.28591633, -1.31745911, -1.43467665
834, 27873749, 27874272, 0.25807703, 0.28439045, -1.34920502, -1.32267129
835, 27874749, 27875273, 0.25586966, 0.28286457, -1.41269684, -1.40108287
836, 27875749, 27876273, 0.25361699, 0.28133869, -1.44444275, -1.44923782
837, 27876749, 27877271, 0.25131914, 0.27981186, -1.44444275, -1.47881138
838, 27877749, 27878271, 0.24897744, 0.27828598, -1.47618866, -1.49734128
839, 27878749, 27879273, 0.24659155, 0.27676010, -1.47618866, -1.50835299
840, 27879749, 27880275, 0.24416177, 0.27485275, -1.57143021, -1.51511574
841, 27880749, 27881272, 0.24168758, 0.27294540, -1.60317612, -1.66646636
842, 27881749, 27882272, 0.23916999, 0.27065659, -1.66666794, -1.75941551
843, 27882749, 27883276, 0.23660867, 0.26913071, -1.69841385, -1.96369600
844, 27883749, 27884272, 0.23400237, 0.26684189, -1.76190567, -1.79475582
845, 27884749, 27885274, 0.23135234, 0.26531601, -1.79365158, -1.98539960
846, 27885749, 27886273, 0.22865926, 0.26340866, -1.82539749, -1.80808449
847, 27886749, 27887271, 0.22592436, 0.26111984, -1.88888931, -1.84638739
848, 27887749, 27888269, 0.22314791, 0.25959396, -1.88888931, -2.01710796
849, 27888749, 27889273, 0.22033089, 0.25730515, -1.92063522, -1.82755768
850, 27889749, 27890271, 0.21747370, 0.25539780, -1.92063522, -2.00554419
851, 27890749, 27891274, 0.21457568, 0.25387192, -1.92063522, -1.96765351
852, 27891749, 27892270, 0.21163665, 0.25158310, -1.92063522, -1.79718614
853, 27892749, 27893272, 0.20865691, 0.24967575, -1.95238113, -1.98689198
854, 27893749, 27894272, 0.20563710, 0.24776840, -1.98412704, -1.95619857
855, 27894749, 27895276, 0.20257811, 0.24509811, -1.98412704, -1.93734884
856, 27895749, 27896272, 0.19947936, 0.24319077, -2.01587296, -2.22016788
857, 27896749, 27897267, 0.19634172, 0.24090195, -2.07936478, -2.09946036
858, 27897749, 27898277, 0.19316486, 0.23823166, -2.11111069, -2.17252779
859, 27898749, 27899265, 0.18995024, 0.23594284, -2.17460251, -2.36459827
860, 27899749, 27900265, 0.18669833, 0.23365402, -2.20634842, -2.33535719
861, 27900749, 27901277, 0.18341005, 0.23136520, -2.42856979, -2.31739926
862, 27901749, 27902263, 0.18008439, 0.22907639, -2.33333206, -2.30637074
863, 27902749, 27903264, 0.17672296, 0.22640610, -2.36507797, -2.29959774
864, 27903749, 27904278, 0.17332666, 0.22373581, -2.36507797, -2.44263601
865, 27904749, 27905278, 0.16989613, 0.22144699, -2.42856979, -2.53048015
866, 27905749, 27906278, 0.16643119, 0.21877670, -2.46031570, -2.43723011
867, 27906749, 27907262, 0.16293128, 0.21572399, -2.49206161, -2.52716017
868, 27907749, 27908279, 0.15939647, 0.21305370, -2.52381134, -2.72995424
869, 27908749, 27909263, 0.15582807, 0.21038342, -2.39682388, -2.70693088
870, 27909749, 27910277, 0.15222733, 0.20733166, -2.61904907, -2.69279146
871, 27910749, 27911279, 0.14859557, 0.20466137, -2.68254089, -2.83130574
872, 27911749, 27912275, 0.14493139, 0.20160961, -2.74603271, -2.76917386
873, 27912749, 27913278, 0.14123492, 0.19893932, -2.80952454, -2.87821436
874, 27913749, 27914278, 0.13750571, 0.19588757, -3.00000000, -2.79798198
875, 27914749, 27915276, 0.13374482, 0.19283581, -2.93650818, -2.89590621
876, 27915749, 27916280, 0.12995256, 0.18978405, -2.93650818, -2.95604444
877, 27916749, 27917278, 0.12613034, 0.18635082, -3.00000000, -2.99297714
878, 27917749, 27918278, 0.12227920, 0.18329906, -3.09523773, -3.16285658
879, 27918749, 27919265, 0.11839896, 0.17986584, -3.09523773, -3.11998701
880, 27919749, 27920279, 0.11449192, 0.17681408, -3.12698364, -3.24085712
881, 27920749, 27921279, 0.11055891, 0.17338085, -3.15872955, -3.16788960
882, 27921749, 27922275, 0.10660004, 0.16994762, -3.03174591, -3.27027559
883, 27922749, 27923273, 0.10261527, 0.16689587, -3.28571320, -3.33315396
884, 27923749, 27924280, 0.09860600, 0.16346264, -3.28571320, -3.22457170
885, 27924749, 27925278, 0.09457280, 0.15964794, -3.28571320, -3.30508566
886, 27925749, 27926274, 0.09051628, 0.15621376, -3.25396729, -3.50172925
887, 27926749, 27927276, 0.08643793, 0.15278053, -3.38095093, -3.47566462
888, 27927749, 27928274, 0.08233894, 0.14896584, -3.44444275, -3.45928955
889, 27928749, 27929278, 0.07821999, 0.14553261, -3.44444275, -3.59643054
890, 27929749, 27930275, 0.07408285, 0.14171791, -3.50793839, -3.53345537
891, 27930749, 27931277, 0.06992846, 0.13790321, -3.47618866, -3.64197803
892, 27931749, 27932273, 0.06575797, 0.13485146, -3.57143021, -3.70862508
893, 27932749, 27933275, 0.06157150, 0.13103676, -3.63492203, -3.45515990
894, 27933749, 27934273, 0.05736997, 0.12722206, -3.66666794, -3.59389448
895, 27934749, 27935276, 0.05315486, 0.12340736, -3.66666794, -3.67909551
896, 27935749, 27936274, 0.04892768, 0.11959267, -3.66666794, -3.73142004
897, 27936749, 27937276, 0.04468973, 0.11577797, -3.73015976, -3.76355410
898, 27937749, 27938280, 0.04044021, 0.11196327, -3.76190567, -3.78328848
899, 27938749, 27939280, 0.03617924, 0.10814857, -3.76190567, -3.79540801
900, 27939749, 27940272, 0.03190844, 0.10395241, -3.79365158, -3.80285120
901, 27940749, 27941277, 0.02762809, 0.10013771, -3.82539749, -3.95461965
902, 27941749, 27942275, 0.02333899, 0.09632301, -3.82539749, -3.90062785
903, 27942749, 27943275, 0.01904218, 0.09250736, -3.85714340, -3.86746979
904, 27943749, 27944273, 0.01473842, 0.08869267, -3.85714340, -3.84747458
905, 27944749, 27945273, 0.01042906, 0.08449650, -3.92063522, -3.83482671
906, 27945749, 27946276, 0.00611403, 0.08030033, -3.92063522, -3.97425699
907, 27946749, 27947284, 0.00179338, 0.07648563, -3.95238113, -4.05988503
908, 27947749, 27948282, -0.00253241, 0.07228947, -4.01587296, -3.96527433
909, 27948749, 27949274, -0.00686258, 0.06847477, -4.01587296, -4.05436850
910, 27949749, 27950282, -0.01119624, 0.06427860, -4.01587296, -3.96188664
911, 27950749, 27951274, -0.01553301, 0.06008244, -4.01587296, -4.05228853
912, 27951749, 27952277, -0.01987190, 0.05588627, -4.04761887, -4.10780668
913, 27952749, 27953277, -0.02421198, 0.05207157, -4.07936478, -4.14190197
914, 27953749, 27954281, -0.02855361, 0.04749393, -4.07936478, -4.01564360
915, 27954749, 27955275, -0.03289533, 0.04329777, -4.14285660, -4.23249960
916, 27955749, 27956279, -0.03723573, 0.03872013, -4.17460251, -4.21848011
917, 27956749, 27957275, -0.04157430, 0.03452396, -4.20634842, -4.35706758
918, 27957749, 27958282, -0.04591024, 0.03032684, -4.23809433, -4.29498100
919, 27958749, 27959274, -0.05024290, 0.02574921, -4.30158615, -4.25721979
920, 27959749, 27960274, -0.05457139, 0.02155304, -4.33333206, -4.38085890
921, 27960749, 27961274, -0.05889445, 0.01735687, -4.30158615, -4.30959177
922, 27961749, 27962274, -0.06320956, 0.01277924, -4.33333206, -4.26582432
923, 27962749, 27963277, -0.06751577, 0.00896454, -4.30158615, -4.38614321
924, 27963749, 27964275, -0.07181387, 0.00476837, -4.30158615, -4.16563940
925, 27964749, 27965275, -0.07610296, 0.00019073, -4.30158615, -4.17741919
926, 27965749, 27966283, -0.08038137, -0.00400543, -4.26984024, -4.33185101
927, 27966749, 27967283, -0.08464867, -0.00820160, -4.26984024, -4.27949476
928, 27967749, 27968276, -0.08890446, -0.01201630, -4.26984024, -4.24734116
929, 27968749, 27969274, -0.09314834, -0.01659393, -4.23809433, -4.08039713
930, 27969749, 27970276, -0.09737995, -0.02079010, -4.23809433, -4.27226686
931, 27970749, 27971276, -0.10159916, -0.02498627, -4.23809433, -4.24290228
932, 27971749, 27972282, -0.10580583, -0.02956390, -4.23809433, -4.22486830
933, 27972749, 27973272, -0.10999885, -0.03376102, -4.26984024, -4.36099100
934, 27973749, 27974273, -0.11417667, -0.03833866, -4.30158615, -4.29775858
935, 27974749, 27975275, -0.11833780, -0.04253483, -4.30158615, -4.40575504
936, 27975749, 27976273, -0.12248143, -0.04673100, -4.30158615, -4.32488155
937, 27976749, 27977281, -0.12660703, -0.05130863, -4.30158615, -4.27521467
938, 27977749, 27978283, -0.13071254, -0.05512333, -4.30158615, -4.39191008
939, 27978749, 27979272, -0.13479602, -0.05931950, -4.30158615, -4.16918135
940, 27979749, 27980284, -0.13885827, -0.06351566, -4.26984024, -4.17959404
941, 27980749, 27981280, -0.14289775, -0.06771183, -4.23809433, -4.18598890
942, 27981749, 27982282, -0.14691454, -0.07190800, -4.23809433, -4.18991613
943, 27982749, 27983278, -0.15090619, -0.07610416, -4.20634842, -4.19232798
944, 27983749, 27984278, -0.15487003, -0.07991886, -4.17460251, -4.19380903
945, 27984749, 27985271, -0.15880536, -0.08373356, -4.17460251, -4.04752111
946, 27985749, 27986271, -0.16271102, -0.08831120, -4.14285660, -3.95768142
947, 27986749, 27987281, -0.16658771, -0.09250736, -4.14285660, -4.19690323
948, 27987749, 27988281, -0.17043442, -0.09670448, -4.17460251, -4.19661903
949, 27988749, 27989285, -0.17425048, -0.10090065, -4.17460251, -4.19681263
950, 27989749, 27990280, -0.17803505, -0.10471535, -4.14285660, -4.19656324
951, 27990749, 27991278, -0.18178675, -0.10891151, -4.14285660, -4.04921246
952, 27991749, 27992278, -0.18550408, -0.11310768, -4.14285660, -4.10591745
953, 27992749, 27993280, -0.18918513, -0.11730385, -4.14285660, -4.14074183
954, 27993749, 27994280, -0.19282866, -0.12073708, -4.14285660, -4.16212845
955, 27994749, 27995281, -0.19643390, -0.12493324, -4.07936478, -3.88086796
956, 27995749, 27996283, -0.20000081, -0.12912941, -4.04761887, -4.00253201
957, 27996749, 27997281, -0.20352741, -0.13256264, -4.01587296, -4.07725000
958, 27997749, 27998281, -0.20701417, -0.13637733, -3.98412704, -3.82874155
959, 27998749, 27999277, -0.21045953, -0.14057350, -3.98412704, -3.82332206
960, 27999749, 28000277, -0.21386282, -0.14438820, -3.95238113, -3.96719170
961, 28000749, 28001276, -0.21722423, -0.14820290, -3.92063522, -3.90834856
962, 28001749, 28002280, -0.22054200, -0.15201759, -3.92063522, -3.87221122
963, 28002749, 28003276, -0.22381452, -0.15621376, -3.92063522, -3.85001826
964, 28003749, 28004276, -0.22704142, -0.16002941, -3.92063522, -3.98358655
965, 28004749, 28005276, -0.23022342, -0.16384411, -3.92063522, -3.91878510
966, 28005749, 28006274, -0.23335911, -0.16765881, -3.92063522, -3.87862062
967, 28006749, 28007277, -0.23644757, -0.17109203, -3.88888931, -3.85395432
968, 28007749, 28008275, -0.23949012, -0.17490673, -3.85714340, -3.69160891
969, 28008749, 28009273, -0.24248439, -0.17833996, -3.82539749, -3.73910475
970, 28009749, 28010275, -0.24542826, -0.18215466, -3.76190567, -3.62107611
971, 28010749, 28011275, -0.24832100, -0.18558788, -3.73015976, -3.69578862
972, 28011749, 28012278, -0.25116128, -0.18902111, -3.66666794, -3.59447432
973, 28012749, 28013274, -0.25394833, -0.19245434, -3.63492203, -3.53225422
974, 28013749, 28014276, -0.25668073, -0.19588757, -3.60317612, -3.49404287
975, 28014749, 28015278, -0.25935832, -0.19970226, -3.57143021, -3.47057629
976, 28015749, 28016276, -0.26198027, -0.20313549, -3.57143021, -3.60336208
977, 28016749, 28017273, -0.26454705, -0.20656872, -3.53968430, -3.53771257
978, 28017749, 28018271, -0.26705831, -0.21000195, -3.53968430, -3.49739504
979, 28018749, 28019273, -0.26951224, -0.21305370, -3.50793839, -3.47263479
980, 28019749, 28020273, -0.27190781, -0.21648693, -3.44444275, -3.31023121
981, 28020749, 28021273, -0.27424338, -0.21953964, -3.38095093, -3.35769176
982, 28021749, 28022273, -0.27651802, -0.22220993, -3.34920502, -3.24000907
983, 28022749, 28023272, -0.27873033, -0.22526169, -3.28571320, -3.02017093
984, 28023749, 28024272, -0.28088132, -0.22831345, -3.22222137, -3.03235936
985, 28024749, 28025270, -0.28297061, -0.23098373, -3.12698364, -3.03984451
986, 28025749, 28026272, -0.28499654, -0.23403549, -3.06349182, -2.89724398
987, 28026749, 28027274, -0.28695884, -0.23670578, -3.03174591, -2.95686626
988, 28027749, 28028272, -0.28885758, -0.23937607, -3.00000000, -2.84628463
989, 28028749, 28029271, -0.29069233, -0.24204636, -2.90476227, -2.77837276
990, 28029749, 28030275, -0.29246232, -0.24509811, -2.84127045, -2.73666620
991, 28030749, 28031271, -0.29416785, -0.24738693, -2.84127045, -2.85825062
992, 28031749, 28032275, -0.29580995, -0.25005722, -2.77777863, -2.63852406
993, 28032749, 28033267, -0.29738840, -0.25272751, -2.71428680, -2.65078092
994, 28033749, 28034267, -0.29890391, -0.25501633, -2.65079498, -2.65830803
995, 28034749, 28035268, -0.30035681, -0.25730515, -2.61904907, -2.51573324
996, 28035749, 28036274, -0.30174685, -0.25959396, -2.55555725, -2.42817378
997, 28036749, 28037270, -0.30307364, -0.26188278, -2.52381134, -2.37440085
998, 28037749, 28038282, -0.30433661, -0.26417160, -2.49206161, -2.34137726
999, 28038749, 28039268, -0.30553544, -0.26607895, -2.42856979, -2.32109642
1000, 28039749, 28040269, -0.30666977, -0.26874924, -2.39682388, -2.16144371
1001, 28040749, 28041269, -0.30773747, -0.27065659, -2.33333206, -2.35779119
1002, 28041749, 28042267, -0.30873683, -0.27256393, -2.30158615, -2.18397903
1003, 28042749, 28043279, -0.30966660, -0.27447128, -2.20634842, -2.07723570
1004, 28043749, 28044265, -0.31052476, -0.27637863, -2.17460251, -2.01168132
1005, 28044749, 28045265, -0.31131023, -0.27828598, -2.11111069, -1.97142243
1006, 28045749, 28046270, -0.31202301, -0.28019333, -2.04761887, -1.94669831
1007, 28046749, 28047270, -0.31266040, -0.28172016, -1.98412704, -1.93151450
1008, 28047749, 28048272, -0.31321895, -0.28362751, -1.95238113, -1.77536011
1009, 28048749, 28049278, -0.31369555, -0.28553486, -1.88888931, -1.82629037
1010, 28049749, 28050268, -0.31408864, -0.28706074, -1.82539749, -1.85756826
1011, 28050749, 28051268, -0.31439641, -0.28858662, -1.82539749, -1.72957945
1012, 28051749, 28052271, -0.31461728, -0.28973103, -1.76190567, -1.65097761
1013, 28052749, 28053283, -0.31474966, -0.29125690, -1.69841385, -1.45550823
1014, 28053749, 28054281, -0.31479248, -0.29240131, -1.63492203, -1.48266220
1015, 28054749, 28055285, -0.31474382, -0.29392719, -1.57143021, -1.35214067
1016, 28055749, 28056283, -0.31460488, -0.29507160, -1.53968430, -1.41918099
1017, 28056749, 28057278, -0.31437957, -0.29621601, -1.44444275, -1.31315494
1018, 28057749, 28058282, -0.31407401, -0.29736042, -1.38095093, -1.24804103
1019, 28058749, 28059284, -0.31368989, -0.29812336, -1.28571320, -1.20805264
1020, 28059749, 28060278, -0.31321523, -0.29926777, -1.22222137, -1.03629708
1021, 28060749, 28061280, -0.31265026, -0.30041218, -1.19047546, -1.07801425
1022, 28061749, 28062282, -0.31199774, -0.30117512, -1.09523773, -1.10363400
1023, 28062749, 28063277, -0.31125715, -0.30155659, -1.06349182, -0.97217035
1024, 28063749, 28064277, -0.31043014, -0.30231953, -0.96825409, -0.74423695
1025, 28064749, 28065281, -0.30952051, -0.30308247, -0.93650818, -0.75145370
1026, 28065749, 28066279, -0.30852988, -0.30384541, -0.84127045, -0.75588566
1027, 28066749, 28067279, -0.30746061, -0.30422688, -0.80952454, -0.75860751
1028, 28067749, 28068278, -0.30631414, -0.30460835, -0.74603271, -0.61308151
1029, 28068749, 28069282, -0.30509308, -0.30498981, -0.65079498, -0.52370960
1030, 28069749, 28070282, -0.30379993, -0.30498981, -0.58730316, -0.46882358
1031, 28070749, 28071280, -0.30243629, -0.30498981, -0.49206543, -0.28791884
1032, 28071749, 28072280, -0.30100566, -0.30498981, -0.39682770, -0.17681973
1033, 28072749, 28073282, -0.29950941, -0.30498981, -0.30158997, -0.10859038
1034, 28073749, 28074280, -0.29794872, -0.30498981, -0.26984406, -0.06668866
1035, 28074749, 28075278, -0.29632574, -0.30498981, -0.14286041, -0.04095554
1036, 28075749, 28076273, -0.29464269, -0.30460835, -0.07936859, -0.02515204
1037, 28076749, 28077283, -0.29290101, -0.30422688, 0.01587677, 0.13175091
1038, 28077749, 28078277, -0.29110318, -0.30384541, 0.07936859, 0.22810979
1039, 28078749, 28079277, -0.28925088, -0.30308247, 0.14286041, 0.28728673
1040, 28079749, 28080275, -0.28734571, -0.30270100, 0.23809814, 0.47082663
1041, 28080749, 28081276, -0.28538916, -0.30193806, 0.33333588, 0.43634653
1042, 28081749, 28082276, -0.28338286, -0.30117512, 0.42857361, 0.56236875
1043, 28082749, 28083280, -0.28132817, -0.30041218, 0.46031952, 0.63976288
1044, 28083749, 28084280, -0.27922618, -0.29964924, 0.55555725, 0.68729299
1045, 28084749, 28085278, -0.27707842, -0.29850483, 0.61904907, 0.71648264
1046, 28085749, 28086276, -0.27488539, -0.29736042, 0.68254089, 0.88160646
1047, 28086749, 28087279, -0.27264872, -0.29659748, 0.77777863, 0.98301405
1048, 28087749, 28088277, -0.27036929, -0.29507160, 0.84127045, 0.89809394
1049, 28088749, 28089277, -0.26804724, -0.29392719, 0.87301636, 1.14033699
1050, 28089749, 28090275, -0.26568332, -0.29278278, 0.96825409, 1.14190829
1051, 28090749, 28091277, -0.26327819, -0.29125690, 1.03174591, 1.14287329
1052, 28091749, 28092274, -0.26083195, -0.28973103, 1.09523773, 1.29066348
1053, 28092749, 28093278, -0.25834492, -0.28858662, 1.19047546, 1.38142598
1054, 28093749, 28094280, -0.25581756, -0.28667927, 1.25396729, 1.28996849
1055, 28094749, 28095272, -0.25325140, -0.28515339, 1.34920502, 1.52819657
1056, 28095749, 28096278, -0.25064847, -0.28324604, 1.41269684, 1.52730227
1057, 28096749, 28097274, -0.24801083, -0.28172016, 1.50793457, 1.67395055
1058, 28097749, 28098281, -0.24533826, -0.27943039, 1.57142639, 1.61681414
1059, 28098749, 28099273, -0.24263099, -0.27790451, 1.63491821, 1.87648809
1060, 28099749, 28100271, -0.23989023, -0.27561569, 1.69841003, 1.74119866
1061, 28100749, 28101273, -0.23711723, -0.27370834, 1.76190186, 1.95250845
1062, 28101749, 28102277, -0.23431322, -0.27180099, 1.82539368, 1.93508255
1063, 28102749, 28103278, -0.23147988, -0.26951218, 1.88888550, 1.92438090
1064, 28103749, 28104278, -0.22861768, -0.26760483, 1.92063141, 2.06500626
1065, 28104749, 28105282, -0.22572760, -0.26569748, 1.95237732, 2.00417089
1066, 28105749, 28106280, -0.22281076, -0.26340866, 1.98412323, 1.96681011
1067, 28106749, 28107270, -0.21986935, -0.26111984, 2.04762268, 2.09106326
1068, 28107749, 28108277, -0.21690361, -0.25883102, 2.04762268, 2.16737103
1069, 28108749, 28109275, -0.21391405, -0.25654221, 2.11111450, 2.21423388
1070, 28109749, 28110273, -0.21090180, -0.25425339, 2.14286041, 2.24301386
1071, 28110749, 28111267, -0.20786794, -0.25196457, 2.20635223, 2.26068830
1072, 28111749, 28112273, -0.20481305, -0.24891281, 2.23809814, 2.27154279
1073, 28112749, 28113273, -0.20173892, -0.24662399, 2.26984406, 2.57260394
1074, 28113749, 28114276, -0.19864644, -0.24433517, 2.33333588, 2.46309996
1075, 28114749, 28115272, -0.19553743, -0.24166489, 2.36508179, 2.39584994
1076, 28115749, 28116272, -0.19241455, -0.23899460, 2.42857361, 2.50174713
1077, 28116749, 28117276, -0.18927947, -0.23632431, 2.46031952, 2.56678200
1078, 28117749, 28118270, -0.18613388, -0.23403549, 2.49206543, 2.60672188
1079, 28118749, 28119274, -0.18297940, -0.23136520, 2.52381134, 2.48405266
1080, 28119749, 28120271, -0.17981590, -0.22869492, 2.55555725, 2.55591536
1081, 28120749, 28121271, -0.17664690, -0.22602463, 2.58730316, 2.60004830
1082, 28121749, 28122271, -0.17347556, -0.22335434, 2.61904907, 2.62715149
1083, 28122749, 28123277, -0.17030425, -0.22030258, 2.65079498, 2.64379668
1084, 28123749, 28124279, -0.16713494, -0.21724987, 2.65079498, 2.80121636
1085, 28124749, 28125278, -0.16396926, -0.21419811, 2.71428680, 2.89826083
1086, 28125749, 28126276, -0.16080892, -0.21152782, 2.74603271, 2.95749068
1087, 28126749, 28127278, -0.15765694, -0.20847607, 2.77777863, 2.84666777
1088, 28127749, 28128278, -0.15451609, -0.20580578, 2.77777863, 2.92580581
1089, 28128749, 28129278, -0.15138835, -0.20275402, 2.80952454, 2.82720923
1090, 28129749, 28130273, -0.14827771, -0.20008373, 2.80952454, 2.91385555
1091, 28130749, 28131285, -0.14518815, -0.19703197, 2.84127045, 2.81987023
1092, 28131749, 28132279, -0.14212416, -0.19398022, 2.87301636, 2.90934849
1093, 28132749, 28133273, -0.13908763, -0.19092846, 2.87301636, 2.96429992
1094, 28133749, 28134275, -0.13608050, -0.18825817, 2.90476227, 2.99804711
1095, 28134749, 28135279, -0.13310473, -0.18482494, 2.93650818, 2.87157488
1096, 28135749, 28136270, -0.13016365, -0.18177319, 2.96825409, 3.08829975
1097, 28136749, 28137280, -0.12725997, -0.17872143, 2.96825409, 3.07419944
1098, 28137749, 28138278, -0.12439630, -0.17605114, 2.96825409, 3.06553984
1099, 28138749, 28139278, -0.12157555, -0.17299938, 3.00000000, 2.91302419
1100, 28139749, 28140274, -0.11880194, -0.16994762, 3.00000000, 2.96655726
1101, 28140749, 28141277, -0.11607743, -0.16727734, 3.00000000, 2.99943352
1102, 28141749, 28142277, -0.11340462, -0.16422558, 3.00000000, 2.87242627
1103, 28142749, 28143277, -0.11078649, -0.16117382, 2.96825409, 2.94162488
1104, 28143749, 28144275, -0.10822505, -0.15812206, 2.93650818, 2.98412180
1105, 28144749, 28145277, -0.10572312, -0.15506935, 2.93650818, 3.01022053
1106, 28145749, 28146275, -0.10328317, -0.15201759, 2.96825409, 3.02661633
1107, 28146749, 28147276, -0.10090746, -0.14896584, 2.96825409, 3.03631759
1108, 28147749, 28148280, -0.09859724, -0.14591408, 2.96825409, 3.04227543
1109, 28148749, 28149274, -0.09635431, -0.14324379, 2.96825409, 3.04593444
1110, 28149749, 28150280, -0.09418007, -0.14019203, 2.96825409, 2.90098381
1111, 28150749, 28151276, -0.09207577, -0.13714027, 2.93650818, 2.95916295
1112, 28151749, 28152279, -0.09004389, -0.13446999, 2.96825409, 2.99489236
1113, 28152749, 28153277, -0.08808639, -0.13141823, 2.93650818, 2.86963725
1114, 28153749, 28154275, -0.08620463, -0.12874794, 2.93650818, 2.93991208
1115, 28154749, 28155279, -0.08439991, -0.12569618, 2.93650818, 2.83587217
1116, 28155749, 28156279, -0.08267359, -0.12264442, 2.90476227, 2.91917586
1117, 28156749, 28157277, -0.08102652, -0.11997414, 2.87301636, 2.97033525
1118, 28157749, 28158278, -0.07945991, -0.11730385, 2.84127045, 2.85455608
1119, 28158749, 28159276, -0.07797472, -0.11463356, 2.84127045, 2.78345275
1120, 28159749, 28160278, -0.07657115, -0.11196327, 2.80952454, 2.73978591
1121, 28160749, 28161276, -0.07524994, -0.10929298, 2.77777863, 2.71296883
1122, 28161749, 28162274, -0.07401149, -0.10662270, 2.74603271, 2.69649959
1123, 28162749, 28163273, -0.07285631, -0.10395241, 2.71428680, 2.68638515
1124, 28163749, 28164275, -0.07178318, -0.10128212, 2.68254089, 2.68017387
1125, 28164749, 28165275, -0.07079171, -0.09899330, 2.65079498, 2.67635918
1126, 28165749, 28166273, -0.06988259, -0.09670448, 2.61904907, 2.52681899
1127, 28166749, 28167275, -0.06905556, -0.09441566, 2.55555725, 2.43498182
1128, 28167749, 28168271, -0.06831205, -0.09212589, 2.49206543, 2.37858176
1129, 28168749, 28169272, -0.06765170, -0.09021854, 2.42857361, 2.34431267
1130, 28169749, 28170274, -0.06707386, -0.08831120, 2.36508179, 2.17570138
1131, 28170749, 28171270, -0.06657933, -0.08640385, 2.23809814, 2.07215214
1132, 28171749, 28172270, -0.06616860, -0.08449650, 2.17460632, 2.00855947
1133, 28172749, 28173270, -0.06584176, -0.08258915, 2.14286041, 1.96950519
1134, 28173749, 28174272, -0.06559890, -0.08106327, 2.04762268, 1.94552088
1135, 28174749, 28175275, -0.06544073, -0.07953739, 1.95237732, 1.78359389
1136, 28175749, 28176271, -0.06536730, -0.07801151, 1.85713959, 1.68414962
1137, 28176749, 28177273, -0.06537860, -0.07648563, 1.73015594, 1.62307775
1138, 28177749, 28178271, -0.06547512, -0.07572269, 1.63491821, 1.58557165
1139, 28178749, 28179273, -0.06565591, -0.07457829, 1.53968048, 1.26814294
1140, 28179749, 28180272, -0.06592147, -0.07381535, 1.41269684, 1.22039783
1141, 28180749, 28181272, -0.06627101, -0.07305241, 1.19047546, 1.04387856
1142, 28181749, 28182274, -0.06670399, -0.07267094, 1.09523773, 0.93547273
1143, 28182749, 28183272, -0.06721977, -0.07228947, 1.00000000, 0.72169983
1144, 28183749, 28184270, -0.06781799, -0.07152653, 0.87301636, 0.59041542
1145, 28184749, 28185269, -0.06849745, -0.07114506, 0.77777863, 0.65698719
1146, 28185749, 28186273, -0.06925678, -0.07076359, 0.68254089, 0.55067343
1147, 28186749, 28187269, -0.07009439, -0.07038212, 0.58730316, 0.48538288
1148, 28187749, 28188273, -0.07100841, -0.07000065, 0.52381134, 0.44528595
1149, 28188749, 28189269, -0.07199677, -0.07000065, 0.46031952, 0.42066121
1150, 28189749, 28190279, -0.07305668, -0.07000065, 0.36508179, 0.25834087
1151, 28190749, 28191268, -0.07418569, -0.07000065, 0.26984406, 0.15865499
1152, 28191749, 28192286, -0.07538202, -0.07038212, 0.20635223, 0.09743486
1153, 28192749, 28193280, -0.07664383, -0.07038212, 0.11111450, -0.08735984
1154, 28193749, 28194280, -0.07796877, -0.07076359, 0.01587677, -0.05365034
1155, 28194749, 28195280, -0.07935297, -0.07114506, -0.04762268, -0.18014586
1156, 28195749, 28196268, -0.08079271, -0.07114506, -0.11111450, -0.25783059
1157, 28196749, 28197269, -0.08228584, -0.07152653, -0.14286041, -0.15834162
1158, 28197749, 28198267, -0.08382967, -0.07228947, -0.20635223, -0.24443996
1159, 28198749, 28199281, -0.08542163, -0.07267094, -0.26984406, -0.44451311
1160, 28199749, 28200269, -0.08705864, -0.07305241, -0.30158997, -0.42018658
1161, 28200749, 28201283, -0.08873679, -0.07343388, -0.33333588, -0.40524694
1162, 28201749, 28202280, -0.09045129, -0.07381535, -0.39682770, -0.39607203
1163, 28202749, 28203266, -0.09219749, -0.07457829, -0.46031952, -0.39043745
1164, 28203749, 28204268, -0.09397180, -0.07572269, -0.49206543, -0.53417462
1165, 28204749, 28205278, -0.09577017, -0.07648563, -0.55555725, -0.76964557
1166, 28205749, 28206280, -0.09758846, -0.07724857, -0.61904907, -0.76705790
1167, 28206749, 28207265, -0.09942185, -0.07801151, -0.65079498, -0.76546872
1168, 28207749, 28208283, -0.10126709, -0.07915592, -0.71428680, -0.76449275
1169, 28208749, 28209283, -0.10312090, -0.07991886, -0.77777863, -0.91109091
1170, 28209749, 28210277, -0.10497867, -0.08106327, -0.80952454, -0.85392374
1171, 28210749, 28211277, -0.10683659, -0.08220768, -0.87301636, -0.96601325
1172, 28211749, 28212275, -0.10869147, -0.08297062, -0.90476227, -1.03485084
1173, 28212749, 28213282, -0.11053953, -0.08449650, -1.00000000, -0.92992854
1174, 28213749, 28214276, -0.11237773, -0.08564091, -1.06349182, -1.15988755
1175, 28214749, 28215280, -0.11420264, -0.08716679, -1.12698364, -1.15391493
1176, 28215749, 28216278, -0.11601049, -0.08869267, -1.15872955, -1.29744458
1177, 28216749, 28217278, -0.11779703, -0.09021854, -1.22222137, -1.38559043
1178, 28217749, 28218279, -0.11955866, -0.09174442, -1.31745911, -1.43972349
1179, 28218749, 28219275, -0.12129079, -0.09327030, -1.34920502, -1.47296834
1180, 28219749, 28220277, -0.12298891, -0.09479713, -1.44444275, -1.49338496
1181, 28220749, 28221281, -0.12464800, -0.09632301, -1.44444275, -1.50629127
1182, 28221749, 28222283, -0.12626377, -0.09823036, -1.50793839, -1.51384950
1183, 28222749, 28223277, -0.12783308, -0.09975624, -1.53968430, -1.66568875
1184, 28223749, 28224275, -0.12935278, -0.10128212, -1.57143021, -1.61174047
1185, 28224749, 28225280, -0.13081926, -0.10318947, -1.60317612, -1.57860911
1186, 28225749, 28226276, -0.13222873, -0.10471535, -1.63492203, -1.70545971
1187, 28226749, 28227278, -0.13357741, -0.10662270, -1.66666794, -1.63616490
1188, 28227749, 28228280, -0.13486113, -0.10814857, -1.69841385, -1.74080634
1189, 28228749, 28229278, -0.13607608, -0.11005592, -1.73015976, -1.65787244
1190, 28229749, 28230279, -0.13721815, -0.11196327, -1.73015976, -1.75413764
1191, 28230749, 28231277, -0.13828442, -0.11387062, -1.73015976, -1.81325710
1192, 28231749, 28232277, -0.13927281, -0.11539650, -1.76190567, -1.84956419
1193, 28232749, 28233285, -0.14018111, -0.11730385, -1.76190567, -1.72466385
1194, 28233749, 28234277, -0.14100729, -0.11882973, -1.76190567, -1.79515636
1195, 28234749, 28235277, -0.14174888, -0.12035561, -1.76190567, -1.69125032
1196, 28235749, 28236280, -0.14240342, -0.12226295, -1.73015976, -1.62743855
1197, 28236749, 28237284, -0.14296947, -0.12378883, -1.73015976, -1.73544729
1198, 28237749, 28238276, -0.14344586, -0.12569618, -1.73015976, -1.65458119
1199, 28238749, 28239278, -0.14383134, -0.12684059, -1.69841385, -1.75211644
1200, 28239749, 28240274, -0.14412507, -0.12874794, -1.66666794, -1.51762068
1201, 28240749, 28241275, -0.14432533, -0.13027382, -1.66666794, -1.66800487
1202, 28241749, 28242275, -0.14443190, -0.13179970, -1.66666794, -1.61316276
1203, 28242749, 28243275, -0.14444545, -0.13332558, -1.66666794, -1.57948267
1204, 28243749, 28244279, -0.14436591, -0.13523293, -1.66666794, -1.55879855
1205, 28244749, 28245275, -0.14419414, -0.13675880, -1.66666794, -1.69329333
1206, 28245749, 28246273, -0.14393225, -0.13866615, -1.66666794, -1.62869322
1207, 28246749, 28247274, -0.14358307, -0.13981056, -1.63492203, -1.73621786
1208, 28247749, 28248272, -0.14314917, -0.14133644, -1.63492203, -1.50785697
1209, 28248749, 28249272, -0.14263318, -0.14209938, -1.57143021, -1.51481104
1210, 28249749, 28250272, -0.14203896, -0.14324379, -1.50793839, -1.22468674
1211, 28250749, 28251278, -0.14137132, -0.14438820, -1.41269684, -1.19371009
1212, 28251749, 28252279, -0.14063480, -0.14515114, -1.31745911, -1.17468631
1213, 28252749, 28253279, -0.13983412, -0.14591408, -1.22222137, -1.01580572
1214, 28253749, 28254275, -0.13897559, -0.14667702, -1.09523773, -0.91823232
1215, 28254749, 28255279, -0.13806678, -0.14705849, -1.00000000, -0.85830957
1216, 28255749, 28256277, -0.13711464, -0.14743996, -0.84127045, -0.67431158
1217, 28256749, 28257279, -0.13612613, -0.14743996, -0.74603271, -0.56131285
1218, 28257749, 28258272, -0.13510710, -0.14743996, -0.61904907, -0.34471932
1219, 28258749, 28259280, -0.13406345, -0.14705849, -0.46031952, -0.21170263
1220, 28259749, 28260276, -0.13300233, -0.14667702, -0.33333588, 0.01718452
1221, 28260749, 28261280, -0.13193165, -0.14629555, -0.20635223, 0.15775108
1222, 28261749, 28262280, -0.13085668, -0.14591408, -0.04762268, 0.24407730
1223, 28262749, 28263277, -0.12978248, -0.14515114, 0.07936859, 0.29709285
1224, 28263749, 28264275, -0.12871285, -0.14438820, 0.20635223, 0.47684887
1225, 28264749, 28265279, -0.12765284, -0.14400673, 0.30158997, 0.58724254
1226, 28265749, 28266275, -0.12660593, -0.14286232, 0.42857361, 0.50784111
1227, 28266749, 28267275, -0.12557416, -0.14209938, 0.49206543, 0.75347334
1228, 28267749, 28268285, -0.12455996, -0.14171791, 0.58730316, 0.75712603
1229, 28268749, 28269282, -0.12356470, -0.14057350, 0.65079498, 0.61217171
1230, 28269749, 28270278, -0.12258928, -0.13942909, 0.71428680, 0.81754595
1231, 28270749, 28271282, -0.12163382, -0.13866615, 0.77777863, 0.94367254
1232, 28271749, 28272286, -0.12069831, -0.13752174, 0.80952454, 0.87393314
1233, 28272749, 28273272, -0.11978206, -0.13675880, 0.84127045, 0.97830164
1234, 28273749, 28274281, -0.11888371, -0.13599586, 0.87301636, 0.89519995
1235, 28274749, 28275283, -0.11800160, -0.13446999, 0.90476227, 0.84416461
1236, 28275749, 28276277, -0.11713234, -0.13332558, 0.90476227, 1.10721731
1237, 28276749, 28277283, -0.11627236, -0.13256264, 0.96825409, 1.12156856
1238, 28277749, 28278281, -0.11541940, -0.13141823, 1.00000000, 0.98318452
1239, 28278749, 28279285, -0.11457156, -0.13027382, 1.00000000, 1.04539621
1240, 28279749, 28280284, -0.11372548, -0.12912941, 1.03174591, 1.08360231
1241, 28280749, 28281286, -0.11287886, -0.12836647, 1.03174591, 1.10706580
1242, 28281749, 28282284, -0.11203026, -0.12722206, 1.03174591, 0.97427791
1243, 28282749, 28283280, -0.11117610, -0.12607765, 1.06349182, 1.03992641
1244, 28283749, 28284278, -0.11031406, -0.12493324, 1.06349182, 1.08024311
1245, 28284749, 28285285, -0.10944406, -0.12378883, 1.06349182, 1.10500288
1246, 28285749, 28286279, -0.10856444, -0.12264442, 1.06349182, 1.12020862
1247, 28286749, 28287285, -0.10767305, -0.12188148, 1.03174591, 1.12954688
1248, 28287749, 28288287, -0.10676871, -0.12073708, 1.03174591, 0.98808426
1249, 28288749, 28289283, -0.10584959, -0.11997414, 1.03174591, 1.04840529
1250, 28289749, 28290281, -0.10491346, -0.11882973, 1.03174591, 0.93825275
1251, 28290749, 28291282, -0.10395928, -0.11806679, 1.00000000, 1.01780224
1252, 28291749, 28292284, -0.10298687, -0.11730385, 1.00000000, 0.91945845
1253, 28292749, 28293280, -0.10199523, -0.11615944, 0.96825409, 0.85906249
1254, 28293749, 28294280, -0.10098285, -0.11501503, 0.96825409, 0.96916914
1255, 28294749, 28295280, -0.09994802, -0.11425209, 0.93650818, 1.03678894
1256, 28295749, 28296281, -0.09888943, -0.11348915, 0.93650818, 0.93111879
1257, 28296749, 28297279, -0.09780651, -0.11234474, 0.93650818, 0.86622351
1258, 28297749, 28298277, -0.09669808, -0.11120033, 0.90476227, 0.97356695
1259, 28298749, 28299279, -0.09556258, -0.11081886, 0.90476227, 1.03948975
1260, 28299749, 28300283, -0.09439882, -0.10967445, 0.90476227, 0.78557980
1261, 28300749, 28301280, -0.09320611, -0.10891151, 0.87301636, 0.92404115
1262, 28301749, 28302278, -0.09198339, -0.10776711, 0.90476227, 0.86187690
1263, 28302749, 28303276, -0.09073009, -0.10738564, 0.87301636, 0.97089756
1264, 28303749, 28304274, -0.08944618, -0.10662270, 0.87301636, 0.74345529
1265, 28304749, 28305276, -0.08813136, -0.10547829, 0.84127045, 0.75097364
1266, 28305749, 28306278, -0.08678554, -0.10471535, 0.80952454, 0.90278846
1267, 28306749, 28307277, -0.08540834, -0.10395241, 0.84127045, 0.84882498
1268, 28307749, 28308279, -0.08399951, -0.10318947, 0.80952454, 0.81568438
1269, 28308749, 28309279, -0.08255839, -0.10242653, 0.80952454, 0.79533172
1270, 28309749, 28310277, -0.08108465, -0.10128212, 0.80952454, 0.78283256
1271, 28310749, 28311277, -0.07957780, -0.10090065, 0.77777863, 0.92235398
1272, 28311749, 28312279, -0.07803629, -0.09975624, 0.80952454, 0.71364319
1273, 28312749, 28313278, -0.07645906, -0.09899330, 0.77777863, 0.87986267
1274, 28313749, 28314278, -0.07484551, -0.09823036, 0.80952454, 0.83474559
1275, 28314749, 28315276, -0.07319414, -0.09746742, 0.77777863, 0.80703777
1276, 28315749, 28316276, -0.07150343, -0.09632301, 0.80952454, 0.79002154
1277, 28316749, 28317278, -0.06977345, -0.09517860, 0.84127045, 0.92676896
1278, 28317749, 28318273, -0.06800389, -0.09441566, 0.84127045, 1.01074970
1279, 28318749, 28319273, -0.06619443, -0.09327030, 0.87301636, 0.91512728
1280, 28319749, 28320273, -0.06434506, -0.09174442, 0.90476227, 1.00396824
1281, 28320749, 28321273, -0.06245678, -0.09098148, 0.96825409, 1.20535767
1282, 28321749, 28322273, -0.06053013, -0.08945560, 1.00000000, 1.03464198
1283, 28322749, 28323272, -0.05856561, -0.08869267, 1.06349182, 1.22419536
1284, 28323749, 28324274, -0.05656385, -0.08716679, 1.09523773, 1.04621077
1285, 28324749, 28325274, -0.05452513, -0.08525944, 1.15872955, 1.23130012
1286, 28325749, 28326274, -0.05245001, -0.08411503, 1.19047546, 1.49216664
1287, 28326749, 28327274, -0.05033921, -0.08258915, 1.25396729, 1.35797775
1288, 28327749, 28328272, -0.04819294, -0.08106327, 1.31745911, 1.42276561
1289, 28328749, 28329271, -0.04601141, -0.07953739, 1.34920502, 1.46255386
1290, 28329749, 28330271, -0.04379502, -0.07801151, 1.41269684, 1.48698902
1291, 28330749, 28331273, -0.04154273, -0.07648563, 1.44444275, 1.50199544
1292, 28331749, 28332271, -0.03925282, -0.07457829, 1.50793457, 1.51121128
1293, 28332749, 28333271, -0.03692479, -0.07267094, 1.57142639, 1.66406858
1294, 28333749, 28334281, -0.03455868, -0.07076359, 1.60317230, 1.75794291
1295, 28334749, 28335272, -0.03215335, -0.06923771, 1.63491821, 1.81559396
1296, 28335749, 28336274, -0.02970774, -0.06694889, 1.69841003, 1.70380175
1297, 28336749, 28337268, -0.02722085, -0.06504154, 1.76190186, 1.92954195
1298, 28337749, 28338270, -0.02469232, -0.06351566, 1.76190186, 1.92097819
1299, 28338749, 28339270, -0.02212186, -0.06122684, 1.82539368, 1.76852143
1300, 28339749, 28340269, -0.01950851, -0.05931950, 1.85713959, 1.96928823
1301, 28340749, 28341269, -0.01685192, -0.05741215, 1.88888550, 1.94538760
1302, 28341749, 28342271, -0.01415224, -0.05512333, 1.92063141, 1.93070948
1303, 28342749, 28343269, -0.01140909, -0.05283451, 1.95237732, 2.06889296
1304, 28343749, 28344269, -0.00862169, -0.05092716, 1.98412323, 2.15375543
1305, 28344749, 28345272, -0.00578900, -0.04863834, 2.01587677, 2.05867457
1306, 28345749, 28346278, -0.00291110, -0.04634953, 2.04762268, 2.14748001
1307, 28346749, 28347266, 0.00001227, -0.04444218, 2.07936859, 2.20201826
1308, 28347749, 28348278, 0.00298161, -0.04215336, 2.11111450, 2.08831406
1309, 28348749, 28349280, 0.00599640, -0.03948307, 2.14286041, 2.16568255
1310, 28349749, 28350266, 0.00905605, -0.03719425, 2.17460632, 2.36039448
1311, 28350749, 28351275, 0.01216085, -0.03490543, 2.20635223, 2.33277535
1312, 28351749, 28352275, 0.01531030, -0.03261662, 2.23809814, 2.31581378
1313, 28352749, 28353277, 0.01850368, -0.03032684, 2.26984406, 2.30539703
1314, 28353749, 28354265, 0.02174082, -0.02765656, 2.30158997, 2.29936767
1315, 28354749, 28355263, 0.02502098, -0.02536774, 2.33333588, 2.44249463
1316, 28355749, 28356277, 0.02834241, -0.02269745, 2.36508179, 2.38319564
1317, 28356749, 28357274, 0.03170436, -0.02040863, 2.42857361, 2.49397588
1318, 28357749, 28358264, 0.03510529, -0.01773834, 2.42857361, 2.41481185
1319, 28358749, 28359280, 0.03854351, -0.01506805, 2.46031952, 2.51339221
1320, 28359749, 28360280, 0.04201852, -0.01201630, 2.52381134, 2.57393336
1321, 28360749, 28361278, 0.04552903, -0.00934601, 2.55555725, 2.75831127
1322, 28361749, 28362282, 0.04907254, -0.00667572, 2.58730316, 2.72434592
1323, 28362749, 28363281, 0.05264604, -0.00400543, 2.61904907, 2.70348644
1324, 28363749, 28364277, 0.05624780, -0.00095367, 2.68254089, 2.69067621
1325, 28364749, 28365277, 0.05987675, 0.00171661, 2.71428680, 2.83000660
1326, 28365749, 28366277, 0.06353175, 0.00476837, 2.77777863, 2.76837611
1327, 28366749, 28367273, 0.06721113, 0.00820160, 2.80952454, 2.87772441
1328, 28367749, 28368275, 0.07091285, 0.01087189, 2.84127045, 3.09207606
1329, 28368749, 28369276, 0.07463644, 0.01392365, 2.87301636, 2.92932081
1330, 28369749, 28370278, 0.07838251, 0.01697540, 2.90476227, 2.97656560
1331, 28370749, 28371276, 0.08215036, 0.02002716, 2.93650818, 3.00557995
1332, 28371749, 28372274, 0.08593956, 0.02346039, 2.96825409, 3.02339864
1333, 28372749, 28373280, 0.08975072, 0.02651215, 3.03174591, 3.18153906
1334, 28373749, 28374278, 0.09358346, 0.02994537, 3.06349182, 3.13146043
1335, 28374749, 28375272, 0.09743673, 0.03299809, 3.09523773, 3.24790311
1336, 28375749, 28376279, 0.10130959, 0.03643131, 3.12698364, 3.17258453
1337, 28376749, 28377273, 0.10520148, 0.03986454, 3.15872955, 3.27315879
1338, 28377749, 28378275, 0.10911130, 0.04329777, 3.19047546, 3.33492446
1339, 28378749, 28379275, 0.11303795, 0.04673100, 3.25396729, 3.37285662
1340, 28379749, 28380275, 0.11698055, 0.05016422, 3.31745911, 3.39615202
1341, 28380749, 28381274, 0.12093674, 0.05359745, 3.31745911, 3.41045856
1342, 28381749, 28382276, 0.12490466, 0.05703068, 3.38095093, 3.41924453
1343, 28382749, 28383276, 0.12888359, 0.06084538, 3.41269684, 3.42464018
1344, 28383749, 28384274, 0.13287106, 0.06427860, 3.44444275, 3.57515121
1345, 28384749, 28385276, 0.13686463, 0.06809330, 3.47618866, 3.52038717
1346, 28385749, 28386274, 0.14086300, 0.07190800, 3.53968048, 3.63395238
1347, 28386749, 28387276, 0.14486463, 0.07534122, 3.53968048, 3.70369625
1348, 28387749, 28388275, 0.14886779, 0.07877445, 3.53968048, 3.59933066
1349, 28388749, 28389271, 0.15286998, 0.08258915, 3.60317230, 3.53523660
1350, 28389749, 28390281, 0.15686929, 0.08640385, 3.63491821, 3.64307189
1351, 28390749, 28391271, 0.16086414, 0.09021854, 3.66666412, 3.70929694
1352, 28391749, 28392273, 0.16485339, 0.09403419, 3.66666412, 3.74996781
1353, 28392749, 28393278, 0.16883495, 0.09784889, 3.69841003, 3.77531266
1354, 28393749, 28394276, 0.17280652, 0.10166359, 3.69841003, 3.79050994
1355, 28394749, 28395272, 0.17676672, 0.10547829, 3.73015594, 3.79984307
1356, 28395749, 28396272, 0.18071344, 0.10929298, 3.76190186, 3.80557489
1357, 28396749, 28397280, 0.18464494, 0.11310768, 3.76190186, 3.80909491
1358, 28397749, 28398270, 0.18856010, 0.11692238, 3.76190186, 3.81125665
1359, 28398749, 28399276, 0.19245815, 0.12073708, 3.79364777, 3.81258440
1360, 28399749, 28400275, 0.19633806, 0.12493324, 3.82539368, 3.81339955
1361, 28400749, 28401277, 0.20019799, 0.12874794, 3.82539368, 3.96109796
1362, 28401749, 28402279, 0.20403540, 0.13256264, 3.85713959, 3.90460634
1363, 28402749, 28403269, 0.20784833, 0.13637733, 3.85713959, 3.86991310
1364, 28403749, 28404275, 0.21163478, 0.14057350, 3.85713959, 3.84860682
1365, 28404749, 28405282, 0.21539301, 0.14438820, 3.88888550, 3.98271990
1366, 28405749, 28406280, 0.21912122, 0.14782143, 3.85713959, 3.91788507
1367, 28406749, 28407278, 0.22281742, 0.15201759, 3.88888550, 3.73087049
1368, 28407749, 28408274, 0.22647963, 0.15583229, 3.85713959, 3.91041422
1369, 28408749, 28409272, 0.23010466, 0.15964794, 3.85713959, 3.87347984
1370, 28409749, 28410278, 0.23368977, 0.16384411, 3.82539368, 3.85116553
1371, 28410749, 28411275, 0.23723328, 0.16727734, 3.82539368, 3.98429108
1372, 28411749, 28412281, 0.24073282, 0.17109203, 3.85713959, 3.77165246
1373, 28412749, 28413281, 0.24418549, 0.17490673, 3.82539368, 3.78826213
1374, 28413749, 28414279, 0.24758866, 0.17872143, 3.82539368, 3.79846263
1375, 28414749, 28415273, 0.25093910, 0.18253613, 3.82539368, 3.80472708
1376, 28415749, 28416274, 0.25423318, 0.18635082, 3.82539368, 3.80857420
1377, 28416749, 28417280, 0.25746813, 0.19054699, 3.82539368, 3.81093669
1378, 28417749, 28418280, 0.26064155, 0.19398022, 3.79364777, 3.95958543
1379, 28418749, 28419286, 0.26375061, 0.19779491, 3.79364777, 3.75647998
1380, 28419749, 28420280, 0.26679263, 0.20160961, 3.76190186, 3.77894425
1381, 28420749, 28421272, 0.26976493, 0.20504284, 3.76190186, 3.79274035
1382, 28421749, 28422279, 0.27266484, 0.20923901, 3.76190186, 3.65401554
1383, 28422749, 28423271, 0.27548900, 0.21267223, 3.73015594, 3.86321521
1384, 28423749, 28424271, 0.27823380, 0.21610546, 3.73015594, 3.69729614
1385, 28424749, 28425283, 0.28089640, 0.21992111, 3.69841003, 3.59540033
1386, 28425749, 28426279, 0.28347340, 0.22335434, 3.69841003, 3.68038821
1387, 28426749, 28427284, 0.28596216, 0.22678757, 3.63491821, 3.58501649
1388, 28427749, 28428284, 0.28836012, 0.23060226, 3.63491821, 3.52644563
1389, 28428749, 28429276, 0.29066432, 0.23403549, 3.60317230, 3.63767314
1390, 28429749, 28430276, 0.29287192, 0.23746872, 3.57142639, 3.55878377
1391, 28430749, 28431274, 0.29498076, 0.24090195, 3.50793457, 3.51033545
1392, 28431749, 28432278, 0.29698837, 0.24433517, 3.50793457, 3.48058200
1393, 28432749, 28433269, 0.29889306, 0.24738693, 3.47618866, 3.46230936
1394, 28433749, 28434279, 0.30069360, 0.25082016, 3.44444275, 3.30388999
1395, 28434749, 28435279, 0.30238742, 0.25425339, 3.38095093, 3.35379744
1396, 28435749, 28436277, 0.30397302, 0.25730515, 3.34920502, 3.38444734
1397, 28436749, 28437279, 0.30545083, 0.26073837, 3.31745911, 3.25607252
1398, 28437749, 28438276, 0.30682087, 0.26379013, 3.28571320, 3.32443142
1399, 28438749, 28439274, 0.30808166, 0.26684189, 3.25396729, 3.21921515
1400, 28439749, 28440278, 0.30923262, 0.26989365, 3.22222137, 3.15459847
1401, 28440749, 28441276, 0.31027427, 0.27294540, 3.15872955, 3.11491537
1402, 28441749, 28442276, 0.31120709, 0.27561569, 3.12698364, 3.09054494
1403, 28442749, 28443274, 0.31203187, 0.27828598, 3.06349182, 2.92838049
1404, 28443749, 28444277, 0.31274912, 0.28095627, 3.00000000, 2.82879043
1405, 28444749, 28445277, 0.31335977, 0.28324604, 2.93650818, 2.76762915
1406, 28445749, 28446275, 0.31386560, 0.28591633, 2.84127045, 2.58323884
1407, 28446749, 28447277, 0.31426790, 0.28782368, 2.68254089, 2.61682844
1408, 28447749, 28448279, 0.31456807, 0.28973103, 2.55555725, 2.34306169
1409, 28448749, 28449275, 0.31476733, 0.29163837, 2.46031952, 2.17493320
1410, 28449749, 28450282, 0.31486666, 0.29316425, 2.33333588, 2.07168031
1411, 28450749, 28451278, 0.31486729, 0.29507160, 2.17460632, 1.86107218
1412, 28451749, 28452280, 0.31477168, 0.29659748, 2.04762268, 1.87892890
1413, 28452749, 28453280, 0.31458420, 0.29850483, 1.95237732, 1.74269772
1414, 28453749, 28454278, 0.31430665, 0.30003071, 1.85713959, 1.80623138
1415, 28454749, 28455275, 0.31393975, 0.30117512, 1.76190186, 1.69805181
1416, 28455749, 28456275, 0.31348532, 0.30231953, 1.66666412, 1.48441803
1417, 28456749, 28457277, 0.31294575, 0.30308247, 1.53968048, 1.35321903
1418, 28457749, 28458275, 0.31232414, 0.30384541, 1.41269684, 1.12544811
1419, 28458749, 28459277, 0.31162277, 0.30422688, 1.25396729, 0.98556709
1420, 28459749, 28460274, 0.31084341, 0.30460835, 1.12698364, 0.75246429
1421, 28460749, 28461280, 0.30998823, 0.30537128, 1.00000000, 0.60930878
1422, 28461749, 28462274, 0.30906034, 0.30575275, 0.84127045, 0.66859019
1423, 28462749, 28463274, 0.30806077, 0.30613422, 0.71428680, 0.55779916
1424, 28463749, 28464274, 0.30699000, 0.30651569, 0.58730316, 0.48975900
1425, 28464749, 28465276, 0.30584973, 0.30651569, 0.49206543, 0.44797346
1426, 28465749, 28466275, 0.30464098, 0.30651569, 0.39682770, 0.27511415
1427, 28466749, 28467273, 0.30336568, 0.30651569, 0.33333588, 0.16895598
1428, 28467749, 28468275, 0.30202541, 0.30613422, 0.20635223, 0.10376101
1429, 28468749, 28469275, 0.30062124, 0.30575275, 0.14286041, -0.08347476
1430, 28469749, 28470277, 0.29915461, 0.30537128, 0.01587677, -0.19846193
1431, 28470749, 28471275, 0.29762617, 0.30498981, -0.04762268, -0.26907906
1432, 28471749, 28472274, 0.29603663, 0.30460835, -0.14286041, -0.31244719
1433, 28472749, 28473274, 0.29438716, 0.30422688, -0.23809814, -0.33908090
1434, 28473749, 28474272, 0.29267916, 0.30384541, -0.30158997, -0.35543746
1435, 28474749, 28475272, 0.29091251, 0.30346394, -0.36508179, -0.36548254
1436, 28475749, 28476272, 0.28908741, 0.30270100, -0.39682770, -0.37165150
1437, 28476749, 28477271, 0.28720430, 0.30193806, -0.42857361, -0.52263761
1438, 28477749, 28478285, 0.28526333, 0.30155659, -0.49206543, -0.61536276
1439, 28478749, 28479271, 0.28326619, 0.30041218, -0.55555725, -0.52511060
1440, 28479749, 28480273, 0.28121322, 0.29964924, -0.58730316, -0.76407903
1441, 28480749, 28481271, 0.27910405, 0.29850483, -0.65079498, -0.76363927
1442, 28481749, 28482272, 0.27693906, 0.29774189, -0.71428680, -0.91056681
1443, 28482749, 28483270, 0.27471802, 0.29659748, -0.77777863, -0.85360193
1444, 28483749, 28484272, 0.27244052, 0.29507160, -0.87301636, -0.96581560
1445, 28484749, 28485276, 0.27010667, 0.29430866, -0.96825409, -1.18192697
1446, 28485749, 28486290, 0.26771742, 0.29278278, -1.03174591, -1.02025247
1447, 28486749, 28487270, 0.26527348, 0.29163837, -1.06349182, -1.21535826
1448, 28487749, 28488270, 0.26277500, 0.29011250, -1.12698364, -1.18798113
1449, 28488749, 28489271, 0.26022127, 0.28896809, -1.19047546, -1.31836569
1450, 28489749, 28490271, 0.25761148, 0.28744221, -1.25396729, -1.25124121
1451, 28490749, 28491269, 0.25494516, 0.28591633, -1.31745911, -1.35721552
1452, 28491749, 28492269, 0.25222257, 0.28400898, -1.38095093, -1.42229760
1453, 28492749, 28493267, 0.24944429, 0.28248310, -1.41269684, -1.60946405
1454, 28493749, 28494272, 0.24660957, 0.28057480, -1.47618866, -1.57721102
1455, 28494749, 28495278, 0.24371855, 0.27904892, -1.53968430, -1.70496905
1456, 28495749, 28496268, 0.24077098, 0.27676010, -1.63492203, -1.63586354
1457, 28496749, 28497270, 0.23776592, 0.27523422, -1.66666794, -1.88781893
1458, 28497749, 28498268, 0.23470210, 0.27294540, -1.73015976, -1.74815726
1459, 28498749, 28499268, 0.23157845, 0.27103806, -1.82539749, -1.95678186
1460, 28499749, 28500286, 0.22839497, 0.26913071, -1.85714340, -1.93770707
1461, 28500749, 28501285, 0.22515126, 0.26684189, -1.92063522, -1.92599273
1462, 28501749, 28502283, 0.22184671, 0.26493454, -1.95238113, -2.06599617
1463, 28502749, 28503267, 0.21848117, 0.26264572, -2.01587296, -2.00477886
1464, 28503749, 28504283, 0.21505490, 0.26035690, -2.04761887, -2.11438107
1465, 28504749, 28505275, 0.21156791, 0.25768661, -2.11111069, -2.18169117
1466, 28505749, 28506276, 0.20802006, 0.25539780, -2.17460251, -2.37022591
1467, 28506749, 28507276, 0.20441115, 0.25310898, -2.23809433, -2.33881330
1468, 28507749, 28508276, 0.20074122, 0.25043869, -2.30158615, -2.31952167
1469, 28508749, 28509276, 0.19701040, 0.24814987, -2.36507797, -2.45487189
1470, 28509749, 28510280, 0.19321834, 0.24509811, -2.42856979, -2.39079690
1471, 28510749, 28511272, 0.18936588, 0.24242783, -2.46031570, -2.64584160
1472, 28511749, 28512277, 0.18545376, 0.23937607, -2.55555725, -2.65527487
1473, 28512749, 28513261, 0.18148230, 0.23670578, -2.61904907, -2.80826569
1474, 28513749, 28514263, 0.17745095, 0.23365402, -2.68254089, -2.75502443
1475, 28514749, 28515277, 0.17335969, 0.23060226, -2.71428680, -2.86952496
1476, 28515749, 28516273, 0.16920879, 0.22755051, -2.80952454, -2.93984318
1477, 28516749, 28517272, 0.16499852, 0.22449875, -2.84127045, -2.98302770
1478, 28517749, 28518274, 0.16073029, 0.22144699, -2.93650818, -3.00954843
1479, 28518749, 28519276, 0.15640470, 0.21801281, -3.00000000, -3.02583575
1480, 28519749, 28520276, 0.15202151, 0.21496105, -3.06349182, -3.18340397
1481, 28520749, 28521278, 0.14758043, 0.21152782, -3.12698364, -3.13260579
1482, 28521749, 28522272, 0.14308171, 0.20809460, -3.15872955, -3.24860644
1483, 28522749, 28523275, 0.13852553, 0.20466137, -3.25396729, -3.31984615
1484, 28523749, 28524277, 0.13391168, 0.20084667, -3.28571320, -3.36359668
1485, 28524749, 28525279, 0.12924010, 0.19741344, -3.34920502, -3.53766274
1486, 28525749, 28526281, 0.12451107, 0.19398022, -3.41269684, -3.49736428
1487, 28526749, 28527277, 0.11972464, 0.19054699, -3.47618866, -3.47261596
1488, 28527749, 28528276, 0.11488093, 0.18673229, -3.50793839, -3.45741725
1489, 28528749, 28529280, 0.10998052, 0.18291759, -3.53968430, -3.59528065
1490, 28529749, 28530280, 0.10502410, 0.17910290, -3.60317612, -3.67994666
1491, 28530749, 28531274, 0.10001145, 0.17490673, -3.63492203, -3.73194289
1492, 28531749, 28532274, 0.09494235, 0.17109203, -3.69841385, -3.91107297
1493, 28532749, 28533271, 0.08981688, 0.16727734, -3.76190567, -3.87388444
1494, 28533749, 28534273, 0.08463491, 0.16346264, -3.79365158, -3.85104585
1495, 28534749, 28535275, 0.07939608, 0.15888500, -3.85714340, -3.83702016
1496, 28535749, 28536275, 0.07409998, 0.15468788, -3.92063522, -4.12280178
1497, 28536749, 28537273, 0.06874680, 0.15049171, -3.98412704, -4.15147924
1498, 28537749, 28538275, 0.06333686, 0.14629555, -4.04761887, -4.16872263
1499, 28538749, 28539280, 0.05787001, 0.14171791, -4.11111069, -4.17931271
1500, 28539749, 28540280, 0.05234715, 0.13752174, -4.17460251, -4.33301401
1501, 28540749, 28541278, 0.04676766, 0.13294411, -4.23809433, -4.28020906
1502, 28541749, 28542276, 0.04113094, 0.12836647, -4.33333206, -4.39497709
1503, 28542749, 28543272, 0.03543793, 0.12378883, -4.36507797, -4.46545982
1504, 28543749, 28544272, 0.02968892, 0.11921120, -4.42856979, -4.50874567
1505, 28544749, 28545277, 0.02388388, 0.11463356, -4.46031570, -4.53532839
1506, 28545749, 28546275, 0.01802396, 0.11005592, -4.52381134, -4.55165386
1507, 28546749, 28547273, 0.01210899, 0.10509682, -4.58730316, -4.56167984
1508, 28547749, 28548279, 0.00613969, 0.09975624, -4.61904907, -4.71503448
1509, 28548749, 28549279, 0.00011841, 0.09517860, -4.71428680, -4.95641184
1510, 28549749, 28550278, -0.00595426, 0.08983707, -4.74603271, -4.81025410
1511, 28550749, 28551270, -0.01207722, 0.08487797, -4.80952454, -5.01525736
1512, 28551749, 28552276, -0.01824956, 0.07953739, -4.87301636, -4.99359035
1513, 28552749, 28553274, -0.02447023, 0.07457829, -4.96825409, -5.12748146
1514, 28553749, 28554274, -0.03073712, 0.06923771, -5.03174591, -5.06251049
1515, 28554749, 28555270, -0.03704813, 0.06389713, -5.09523773, -5.16980743
1516, 28555749, 28556277, -0.04340031, 0.05893803, -5.15872955, -5.23570204
1517, 28556749, 28557273, -0.04979112, 0.05321598, -5.15872955, -5.12897205
1518, 28557749, 28558277, -0.05621918, 0.04787540, -5.25396729, -5.35782099
1519, 28558749, 28559275, -0.06268182, 0.04253483, -5.28571320, -5.35116673
1520, 28559749, 28560277, -0.06917535, 0.03681278, -5.31745911, -5.34708023
1521, 28560749, 28561274, -0.07569622, 0.03147221, -5.34920502, -5.49176788
1522, 28561749, 28562270, -0.08224106, 0.02574921, -5.41269684, -5.43342781
1523, 28562749, 28563272, -0.08880639, 0.02002716, -5.47618866, -5.54516506
1524, 28563749, 28564272, -0.09538892, 0.01430511, -5.53968430, -5.61341763
1525, 28564749, 28565278, -0.10198396, 0.00858307, -5.60317612, -5.65533400
1526, 28565749, 28566274, -0.10858691, 0.00247955, -5.63492203, -5.68107605
1527, 28566749, 28567279, -0.11519311, -0.00324249, -5.69841385, -5.84408283
1528, 28567749, 28568271, -0.12179833, -0.00934601, -5.76190567, -5.79699230
1529, 28568749, 28569275, -0.12839817, -0.01544952, -5.82539749, -5.91527033
1530, 28569749, 28570275, -0.13498670, -0.02117157, -5.85714340, -5.98790836
1531, 28570749, 28571273, -0.14155780, -0.02727509, -5.88888931, -5.88532019
1532, 28571749, 28572272, -0.14810514, -0.03337955, -5.92063522, -5.96951485
1533, 28572749, 28573270, -0.15462345, -0.03948307, -5.98412704, -6.02158976
1534, 28573749, 28574280, -0.16110563, -0.04596806, -6.01587296, -6.05320215
1535, 28574749, 28575274, -0.16754498, -0.05207157, -6.07936478, -6.21981430
1536, 28575749, 28576278, -0.17393492, -0.05855656, -6.14285660, -6.17493820
1537, 28576749, 28577274, -0.18026833, -0.06466007, -6.17460251, -6.29457569
1538, 28577749, 28578277, -0.18653801, -0.07114506, -6.20634842, -6.22085142
1539, 28578749, 28579273, -0.19273578, -0.07724857, -6.23809433, -6.32277298
1540, 28579749, 28580275, -0.19885442, -0.08373356, -6.26984024, -6.23816824
1541, 28580749, 28581271, -0.20488639, -0.08983707, -6.30158615, -6.33340788
1542, 28581749, 28582279, -0.21082440, -0.09670448, -6.30158615, -6.24469948
1543, 28582749, 28583276, -0.21666071, -0.10280800, -6.33333206, -6.48498392
1544, 28583749, 28584274, -0.22238624, -0.10929298, -6.30158615, -6.33778667
1545, 28584749, 28585276, -0.22799301, -0.11577797, -6.33333206, -6.39458609
1546, 28585749, 28586282, -0.23347481, -0.12188148, -6.36507797, -6.42946863
1547, 28586749, 28587274, -0.23882441, -0.12836647, -6.36507797, -6.30369329
1548, 28587749, 28588271, -0.24403459, -0.13446999, -6.33333206, -6.37364864
1549, 28588749, 28589275, -0.24909945, -0.14095497, -6.36507797, -6.26941252
1550, 28589749, 28590275, -0.25401175, -0.14743996, -6.33333206, -6.35259581
1551, 28590749, 28591277, -0.25876486, -0.15354347, -6.36507797, -6.40368128
1552, 28591749, 28592275, -0.26335436, -0.15964794, -6.36507797, -6.28785658
1553, 28592749, 28593273, -0.26777646, -0.16575146, -6.33333206, -6.21709251
1554, 28593749, 28594280, -0.27202728, -0.17223644, -6.26984024, -6.17326689
1555, 28594749, 28595276, -0.27610463, -0.17795849, -6.26984024, -6.29354954
1556, 28595749, 28596278, -0.28000629, -0.18444347, -6.23809433, -6.07302332
1557, 28596749, 28597276, -0.28373167, -0.19054699, -6.20634842, -6.23198700
1558, 28597749, 28598280, -0.28728139, -0.19703197, -6.23809433, -6.18241405
1559, 28598749, 28599274, -0.29065737, -0.20313549, -6.20634842, -6.29916716
1560, 28599749, 28600277, -0.29386234, -0.20923901, -6.20634842, -6.22367096
1561, 28600749, 28601273, -0.29689994, -0.21534252, -6.20634842, -6.17730665
1562, 28601749, 28602275, -0.29977569, -0.22106552, -6.17460251, -6.14883280
1563, 28602749, 28603275, -0.30249611, -0.22678757, -6.14285660, -5.98451662
1564, 28603749, 28604281, -0.30506921, -0.23212814, -6.07936478, -5.88323736
1565, 28604749, 28605274, -0.30750290, -0.23708725, -5.95238113, -5.67384052
1566, 28605749, 28606276, -0.30980411, -0.24204636, -5.82539749, -5.39804602
1567, 28606749, 28607276, -0.31198147, -0.24700546, -5.66666794, -5.22867250
1568, 28607749, 28608272, -0.31404299, -0.25196457, -5.50793839, -5.12465525
1569, 28608749, 28609274, -0.31599709, -0.25616074, -5.31745911, -5.06077480
1570, 28609749, 28610273, -0.31785133, -0.26073837, -5.12698364, -4.72714901
1571, 28610749, 28611275, -0.31961086, -0.26493454, -4.93650818, -4.66945696
1572, 28611749, 28612275, -0.32128146, -0.26874924, -4.74603271, -4.48682880
1573, 28612749, 28613271, -0.32286820, -0.27218246, -4.55555725, -4.22747374
1574, 28613749, 28614271, -0.32437563, -0.27561569, -4.36507797, -3.92099833
1575, 28614749, 28615275, -0.32580709, -0.27866745, -4.14285660, -3.73278236
1576, 28615749, 28616272, -0.32716453, -0.28172016, -3.92063522, -3.46999574
1577, 28616749, 28617272, -0.32844803, -0.28477192, -3.73015976, -3.30897856
1578, 28617749, 28618272, -0.32965750, -0.28744221, -3.50793839, -3.20972490
1579, 28618749, 28619274, -0.33079246, -0.28973103, -3.31745911, -3.00157261
1580, 28619749, 28620276, -0.33185062, -0.29240131, -3.15872955, -2.72654247
1581, 28620749, 28621272, -0.33282813, -0.29469013, -2.96825409, -2.70483565
1582, 28621749, 28622273, -0.33372119, -0.29659748, -2.80952454, -2.54430747
1583, 28622749, 28623273, -0.33452561, -0.29850483, -2.65079498, -2.29852438
1584, 28623749, 28624271, -0.33523697, -0.30079365, -2.49206161, -2.14758158
1585, 28624749, 28625271, -0.33585086, -0.30231953, -2.33333206, -2.20208049
1586, 28625749, 28626269, -0.33636454, -0.30422688, -2.20634842, -1.94115496
1587, 28626749, 28627282, -0.33677426, -0.30575275, -2.07936478, -1.92811012
1588, 28627749, 28628272, -0.33707494, -0.30727863, -1.95238113, -1.77290142
1589, 28628749, 28629274, -0.33725953, -0.30842304, -1.88888931, -1.67758298
1590, 28629749, 28630270, -0.33732229, -0.31033039, -1.76190567, -1.47184741
1591, 28630749, 28631272, -0.33726168, -0.31147480, -1.69841385, -1.63989413
1592, 28631749, 28632272, -0.33707628, -0.31261921, -1.63492203, -1.44870162
1593, 28632749, 28633270, -0.33676317, -0.31414509, -1.50793839, -1.33128440
1594, 28633749, 28634271, -0.33632049, -0.31490803, -1.44444275, -1.40637243
1595, 28634749, 28635269, -0.33574852, -0.31605244, -1.38095093, -1.15809131
1596, 28635749, 28636275, -0.33504868, -0.31719685, -1.31745911, -1.15281177
1597, 28636749, 28637271, -0.33422151, -0.31795979, -1.22222137, -1.14956951
1598, 28637749, 28638267, -0.33326626, -0.31872272, -1.15872955, -1.00038075
1599, 28638749, 28639268, -0.33218294, -0.31986713, -1.09523773, -0.90875942
1600, 28639749, 28640270, -0.33097360, -0.32024860, -1.03174591, -0.99968952
1601, 28640749, 28641268, -0.32964119, -0.32101154, -0.96825409, -0.76113731
1602, 28641749, 28642280, -0.32818824, -0.32139301, -0.90476227, -0.76183271
1603, 28642749, 28643266, -0.32661802, -0.32215595, -0.84127045, -0.61506218
1604, 28643749, 28644267, -0.32493314, -0.32253742, -0.77777863, -0.67212349
1605, 28644749, 28645279, -0.32313520, -0.32291889, -0.68254089, -0.55996907
1606, 28645749, 28646271, -0.32122687, -0.32330036, -0.61904907, -0.49109161
1607, 28646749, 28647287, -0.31921265, -0.32330036, -0.52381134, -0.44879186
1608, 28647749, 28648281, -0.31709504, -0.32330036, -0.42857361, -0.27561674
1609, 28648749, 28649279, -0.31487557, -0.32330036, -0.36508179, -0.16926463
1610, 28649749, 28650278, -0.31255600, -0.32291889, -0.26984406, -0.10395056
1611, 28650749, 28651268, -0.31013688, -0.32291889, -0.17460632, 0.08335835
1612, 28651749, 28652278, -0.30761975, -0.32215595, -0.07936859, 0.05119290
1613, 28652749, 28653280, -0.30500564, -0.32177448, 0.01587677, 0.32583424
1614, 28653749, 28654268, -0.30229512, -0.32139301, 0.11111450, 0.34730229
1615, 28654749, 28655276, -0.29948556, -0.32024860, 0.23809814, 0.36048645
1616, 28655749, 28656277, -0.29657537, -0.31986713, 0.33333588, 0.66297841
1617, 28656749, 28657275, -0.29356366, -0.31872272, 0.42857361, 0.55435282
1618, 28657749, 28658281, -0.29044774, -0.31757832, 0.55555725, 0.78203762
1619, 28658749, 28659265, -0.28722799, -0.31681538, 0.65079498, 0.92186576
1620, 28659749, 28660279, -0.28390673, -0.31528950, 0.74603271, 0.86054093
1621, 28660749, 28661264, -0.28048426, -0.31414509, 0.84127045, 1.11727464
1622, 28661749, 28662274, -0.27696070, -0.31261921, 0.93650818, 1.12774503
1623, 28662749, 28663280, -0.27333423, -0.31109333, 1.06349182, 1.28137279
1624, 28663749, 28664276, -0.26960030, -0.30918598, 1.19047546, 1.37572026
1625, 28664749, 28665276, -0.26575643, -0.30727863, 1.28571320, 1.58085942
1626, 28665749, 28666278, -0.26180094, -0.30537128, 1.41269684, 1.70684159
1627, 28666749, 28667277, -0.25773257, -0.30346394, 1.53968048, 1.78421116
1628, 28667749, 28668277, -0.25355116, -0.30117512, 1.66666412, 1.83172607
1629, 28668749, 28669279, -0.24925484, -0.29850483, 1.79364777, 2.00810409
1630, 28669749, 28670281, -0.24484159, -0.29621601, 1.92063141, 2.26362085
1631, 28670749, 28671281, -0.24031007, -0.29392719, 2.01587677, 2.27334380
1632, 28671749, 28672280, -0.23565938, -0.29125690, 2.14286041, 2.27931499
1633, 28672749, 28673278, -0.23089014, -0.28820515, 2.26984406, 2.43017960
1634, 28673749, 28674276, -0.22600405, -0.28553486, 2.39682770, 2.67002773
1635, 28674749, 28675276, -0.22100177, -0.28210163, 2.49206543, 2.67012835
1636, 28675749, 28676274, -0.21588719, -0.27904892, 2.61904907, 2.96458530
1637, 28676749, 28677273, -0.21066606, -0.27599716, 2.71428680, 2.99859047
1638, 28677749, 28678271, -0.20534295, -0.27256393, 2.84127045, 3.01910615
1639, 28678749, 28679275, -0.19992529, -0.26913071, 2.93650818, 3.17890286
1640, 28679749, 28680277, -0.19441843, -0.26569748, 3.06349182, 3.27703905
1641, 28680749, 28681275, -0.18882616, -0.26226425, 3.19047546, 3.33730745
1642, 28681749, 28682271, -0.18315306, -0.25844955, 3.25396729, 3.37432027
1643, 28682749, 28683273, -0.17740428, -0.25425339, 3.38095093, 3.54424834
1644, 28683749, 28684274, -0.17158449, -0.25043869, 3.47618866, 3.79580402
1645, 28684749, 28685272, -0.16569908, -0.24624252, 3.57142639, 3.80309415
1646, 28685749, 28686272, -0.15975417, -0.24204636, 3.69841003, 3.95476913
1647, 28686749, 28687274, -0.15375514, -0.23823166, 3.79364777, 4.04791737
1648, 28687749, 28688278, -0.14770800, -0.23365402, 3.92063141, 3.95792460
1649, 28688749, 28689273, -0.14161785, -0.22945786, 4.01587677, 4.19705296
1650, 28689749, 28690273, -0.13549206, -0.22449875, 4.11111450, 4.19671106
1651, 28690749, 28691275, -0.12933624, -0.22030258, 4.20635223, 4.49089622
1652, 28691749, 28692271, -0.12315616, -0.21496105, 4.30158997, 4.37716913
1653, 28692749, 28693271, -0.11695530, -0.21038342, 4.39682770, 4.74928665
1654, 28693749, 28694271, -0.11073780, -0.20504284, 4.52381134, 4.68305206
1655, 28694749, 28695280, -0.10450600, -0.20008373, 4.61904907, 4.93677044
1656, 28695749, 28696274, -0.09826040, -0.19512463, 4.71428680, 4.94538879
1657, 28696749, 28697274, -0.09200194, -0.18978405, 4.80952454, 4.95068169
1658, 28697749, 28698274, -0.08573276, -0.18444347, 4.90476227, 5.10113001
1659, 28698749, 28699278, -0.07945339, -0.17910290, 5.00000000, 5.19352484
1660, 28699749, 28700272, -0.07316426, -0.17376232, 5.09523773, 5.25026703
1661, 28700749, 28701275, -0.06686603, -0.16804028, 5.19047546, 5.28511477
1662, 28701749, 28702279, -0.06055908, -0.16231823, 5.25396729, 5.45371342
1663, 28702749, 28703273, -0.05424550, -0.15735912, 5.31745911, 5.55725479
1664, 28703749, 28704271, -0.04792653, -0.15163612, 5.34920502, 5.32644749
1665, 28704749, 28705275, -0.04160491, -0.14553261, 5.44444275, 5.47946501
1666, 28705749, 28706280, -0.03528306, -0.13981056, 5.50793457, 5.72026682
1667, 28706749, 28707280, -0.02896278, -0.13370705, 5.57142639, 5.72095346
1668, 28707749, 28708270, -0.02264546, -0.12798500, 5.63491821, 5.86857224
1669, 28708749, 28709276, -0.01633350, -0.12226295, 5.66666412, 5.81203222
1670, 28709749, 28710274, -0.01002843, -0.11615944, 5.73015594, 5.77730942
1671, 28710749, 28711275, -0.00373297, -0.11043739, 5.79364777, 5.90318251
1672, 28711749, 28712271, 0.00255034, -0.10433388, 5.85713959, 5.83328772
1673, 28712749, 28713277, 0.00881971, -0.09861183, 5.85713959, 5.93756008
1674, 28713749, 28714271, 0.01507327, -0.09212589, 5.92063141, 5.85439968
1675, 28714749, 28715271, 0.02130852, -0.08640385, 5.92063141, 6.09809113
1676, 28715749, 28716275, 0.02752405, -0.08030033, 5.92063141, 5.95298672
1677, 28716749, 28717278, 0.03371757, -0.07381535, 5.95237732, 6.01107121
1678, 28717749, 28718272, 0.03988713, -0.06809330, 5.98412323, 6.19394016
1679, 28718749, 28719274, 0.04603058, -0.06198978, 6.01587677, 6.01185036
1680, 28719749, 28720274, 0.05214556, -0.05588627, 6.01587677, 6.04722118
1681, 28720749, 28721284, 0.05823029, -0.04940128, 6.04762268, 6.06894350
1682, 28721749, 28722274, 0.06428200, -0.04329777, 6.04762268, 6.22948170
1683, 28722749, 28723279, 0.07029813, -0.03719425, 6.07936859, 6.18087530
1684, 28723749, 28724273, 0.07627679, -0.03108978, 6.07936859, 6.15102434
1685, 28724749, 28725271, 0.08221677, -0.02536774, 6.07936859, 6.13305998
1686, 28725749, 28726281, 0.08811596, -0.01888275, 6.07936859, 5.97446251
1687, 28726749, 28727279, 0.09397140, -0.01277924, 6.07936859, 6.17145777
1688, 28727749, 28728280, 0.09978089, -0.00705719, 6.07936859, 6.14524078
1689, 28728749, 28729286, 0.10554293, -0.00095367, 6.07936859, 5.98194265
1690, 28729749, 28730272, 0.11125593, 0.00476837, 6.07936859, 6.02885389
1691, 28730749, 28731282, 0.11691746, 0.01163483, 6.07936859, 5.91046619
1692, 28731749, 28732280, 0.12252537, 0.01735687, 6.07936859, 6.27935362
1693, 28732749, 28733275, 0.12807763, 0.02346039, 6.07936859, 6.06430578
1694, 28733749, 28734271, 0.13357292, 0.02956390, 6.04762268, 6.07943535
1695, 28734749, 28735277, 0.13900971, 0.03566837, 6.04762268, 6.08872747
1696, 28735749, 28736281, 0.14438568, 0.04177189, 6.04762268, 6.09480143
1697, 28736749, 28737283, 0.14969879, 0.04749393, 6.07936859, 6.09816408
1698, 28737749, 28738275, 0.15494680, 0.05359745, 6.04762268, 5.95303154
1699, 28738749, 28739276, 0.16012765, 0.05931950, 6.01587677, 6.01109886
1700, 28739749, 28740280, 0.16523838, 0.06542301, 6.07936859, 5.89956188
1701, 28740749, 28741280, 0.17027712, 0.07152653, 5.98412323, 5.97826147
1702, 28741749, 28742274, 0.17524189, 0.07724857, 5.95237732, 6.02659321
1703, 28742749, 28743274, 0.18013126, 0.08297062, 5.92063141, 5.90907764
1704, 28743749, 28744283, 0.18494219, 0.08869267, 5.88888550, 5.83690739
1705, 28744749, 28745279, 0.18967232, 0.09441566, 5.85713959, 5.79258585
1706, 28745749, 28746281, 0.19432028, 0.10013771, 5.82539368, 5.76573467
1707, 28746749, 28747275, 0.19888455, 0.10585976, 5.79364777, 5.74887657
1708, 28747749, 28748275, 0.20336251, 0.11158180, 5.66666412, 5.73852348
1709, 28748749, 28749279, 0.20775203, 0.11692238, 5.69841003, 5.73216534
1710, 28749749, 28750278, 0.21205105, 0.12226295, 5.95237732, 5.58106327
1711, 28750749, 28751278, 0.21625675, 0.12798500, 5.98412323, 5.48826647
1712, 28751749, 28752278, 0.22036797, 0.13332558, 5.92063141, 5.57847500
1713, 28752749, 28753274, 0.22438231, 0.13866615, 5.88888550, 5.48667717
1714, 28753749, 28754276, 0.22829658, 0.14400673, 5.60317230, 5.43030119
1715, 28754749, 28755273, 0.23210883, 0.14934731, 5.47618866, 5.39567900
1716, 28755749, 28756273, 0.23581779, 0.15430641, 5.41269684, 5.37441635
1717, 28756749, 28757271, 0.23942137, 0.15926647, 5.34920502, 5.21416044
1718, 28757749, 28758275, 0.24291730, 0.16460705, 5.03174591, 5.11611080
1719, 28758749, 28759273, 0.24630196, 0.16918468, 4.90476227, 5.20272541
1720, 28759749, 28760275, 0.24957374, 0.17376232, 4.80952454, 4.96152258
1721, 28760749, 28761272, 0.25272959, 0.17833996, 4.71428680, 4.81339264
1722, 28761749, 28762276, 0.25576681, 0.18329906, 4.87301636, 4.72242165
1723, 28762749, 28763272, 0.25868258, 0.18749523, 4.84127045, 4.81375122
1724, 28763749, 28764274, 0.26147509, 0.19207287, 4.77777863, 4.57544422
1725, 28764749, 28765274, 0.26414159, 0.19665051, 4.68254089, 4.57629013
1726, 28765749, 28766273, 0.26668069, 0.20084667, 4.61904907, 4.57680988
1727, 28766749, 28767271, 0.26909190, 0.20504284, 4.55555725, 4.42993116
1728, 28767749, 28768271, 0.27137294, 0.20923901, 4.46031952, 4.33972883
1729, 28768749, 28769271, 0.27352184, 0.21305370, 4.39682770, 4.28433275
1730, 28769749, 28770271, 0.27553779, 0.21686840, 4.30158997, 4.10311460
1731, 28770749, 28771273, 0.27742034, 0.22030258, 4.20635223, 3.99182296
1732, 28771749, 28772274, 0.27916989, 0.22411728, 4.07936859, 3.77664614
1733, 28772749, 28773272, 0.28078574, 0.22755051, 3.95237732, 3.79132891
1734, 28773749, 28774270, 0.28226796, 0.23060226, 3.82539368, 3.65314865
1735, 28774749, 28775268, 0.28361613, 0.23403549, 3.69841003, 3.42109036
1736, 28775749, 28776270, 0.28483102, 0.23708725, 3.57142639, 3.42577362
1737, 28776749, 28777272, 0.28591329, 0.23975754, 3.41269684, 3.28145242
1738, 28777749, 28778269, 0.28686452, 0.24242783, 3.31745911, 3.04562259
1739, 28778749, 28779271, 0.28768560, 0.24509811, 3.19047546, 2.90079236
1740, 28779749, 28780267, 0.28837767, 0.24814987, 3.09523773, 2.81184769
1741, 28780749, 28781269, 0.28894389, 0.25043869, 2.96825409, 2.90442181
1742, 28781749, 28782269, 0.28938577, 0.25272751, 2.84127045, 2.66687918
1743, 28782749, 28783270, 0.28970528, 0.25463486, 2.71428680, 2.52099705
1744, 28783749, 28784270, 0.28990409, 0.25692368, 2.61904907, 2.28420877
1745, 28784749, 28785268, 0.28998479, 0.25883102, 2.49206543, 2.28598738
1746, 28785749, 28786268, 0.28995097, 0.26073837, 2.36508179, 2.13988209
1747, 28786749, 28787266, 0.28980514, 0.26264572, 2.23809814, 2.05015445
1748, 28787749, 28788267, 0.28955087, 0.26417160, 2.11111450, 1.99504995
1749, 28788749, 28789281, 0.28919080, 0.26607895, 2.01587677, 1.81401122
1750, 28789749, 28790281, 0.28872895, 0.26722336, 1.92063141, 1.85002732
1751, 28790749, 28791271, 0.28816807, 0.26874924, 1.79364777, 1.57775080
1752, 28791749, 28792281, 0.28751209, 0.26989365, 1.69841003, 1.55773497
1753, 28792749, 28793281, 0.28676513, 0.27103806, 1.60317230, 1.39824510
1754, 28793749, 28794268, 0.28593066, 0.27218246, 1.50793457, 1.30029750
1755, 28794749, 28795278, 0.28501275, 0.27294540, 1.41269684, 1.24014497
1756, 28795749, 28796278, 0.28401527, 0.27408981, 1.31745911, 1.05600595
1757, 28796749, 28797266, 0.28294379, 0.27485275, 1.19047546, 1.09011805
1758, 28797749, 28798268, 0.28180400, 0.27561569, 1.09523773, 0.96386981
1759, 28798749, 28799280, 0.28060269, 0.27599716, 1.00000000, 0.88633692
1760, 28799749, 28800267, 0.27934384, 0.27676010, 0.90476227, 0.69152403
1761, 28800749, 28801265, 0.27803192, 0.27676010, 0.80952454, 0.71908110
1762, 28801749, 28802281, 0.27667093, 0.27714157, 0.71428680, 0.44160959
1763, 28802749, 28803265, 0.27526593, 0.27752304, 0.58730316, 0.41840345
1764, 28803749, 28804277, 0.27381995, 0.27752304, 0.49206543, 0.40415186
1765, 28804749, 28805279, 0.27233773, 0.27752304, 0.42857361, 0.24820197
1766, 28805749, 28806281, 0.27082148, 0.27714157, 0.33333588, 0.15242839
1767, 28806749, 28807280, 0.26927328, 0.27714157, 0.20635223, -0.05358664
1768, 28807749, 28808276, 0.26769593, 0.27676010, 0.11111450, -0.03290918
1769, 28808749, 28809284, 0.26609138, 0.27676010, 0.01587677, -0.16740808
1770, 28809749, 28810282, 0.26446024, 0.27637863, -0.07936859, -0.10281040
1771, 28810749, 28811278, 0.26280272, 0.27599716, -0.14286041, -0.21033655
1772, 28811749, 28812264, 0.26111859, 0.27523422, -0.23809814, -0.27637163
1773, 28812749, 28813280, 0.25941002, 0.27447128, -0.33333588, -0.46412334
1774, 28813749, 28814279, 0.25767592, 0.27332687, -0.42857361, -0.57942736
1775, 28814749, 28815283, 0.25591519, 0.27294540, -0.49206543, -0.79743665
1776, 28815749, 28816275, 0.25412679, 0.27180099, -0.58730316, -0.63692766
1777, 28816749, 28817277, 0.25230819, 0.27065659, -0.65079498, -0.83274937
1778, 28817749, 28818279, 0.25045800, 0.26989365, -0.71428680, -0.95300937
1779, 28818749, 28819282, 0.24857266, 0.26874924, -0.80952454, -0.87966722
1780, 28819749, 28820278, 0.24664883, 0.26760483, -0.90476227, -0.98182309
1781, 28820749, 28821280, 0.24468327, 0.26646042, -0.96825409, -1.04456007
1782, 28821749, 28822280, 0.24267459, 0.26531601, -1.00000000, -1.08308876
1783, 28822749, 28823276, 0.24062024, 0.26417160, -1.06349182, -1.10675049
1784, 28823749, 28824279, 0.23851763, 0.26226425, -1.12698364, -1.12128186
1785, 28824749, 28825277, 0.23636350, 0.26073837, -1.19047546, -1.42460108
1786, 28825749, 28826277, 0.23415528, 0.25959396, -1.28571320, -1.46368110
1787, 28826749, 28827273, 0.23189031, 0.25768661, -1.34920502, -1.34048390
1788, 28827749, 28828275, 0.22956623, 0.25654221, -1.38095093, -1.55921972
1789, 28828749, 28829275, 0.22718017, 0.25463486, -1.44444275, -1.39915705
1790, 28829749, 28830278, 0.22473118, 0.25310898, -1.47618866, -1.59525263
1791, 28830749, 28831280, 0.22221735, 0.25120163, -1.50793839, -1.56848335
1792, 28831749, 28832274, 0.21963628, 0.24967575, -1.57143021, -1.69924104
1793, 28832749, 28833280, 0.21698646, 0.24814987, -1.60317612, -1.63234580
1794, 28833749, 28834274, 0.21426636, 0.24624252, -1.63492203, -1.59126341
1795, 28834749, 28835277, 0.21147418, 0.24471664, -1.66666794, -1.71323109
1796, 28835749, 28836277, 0.20860860, 0.24242783, -1.69841385, -1.64093769
1797, 28836749, 28837275, 0.20566811, 0.24090195, -1.73015976, -1.89093518
1798, 28837749, 28838277, 0.20265199, 0.23861313, -1.79365158, -1.75007117
1799, 28838749, 28839273, 0.19955991, 0.23670578, -1.82539749, -1.95795739
1800, 28839749, 28840275, 0.19639134, 0.23441696, -1.88888931, -1.93842900
1801, 28840749, 28841276, 0.19314693, 0.23250961, -1.92063522, -2.07363367
1802, 28841749, 28842276, 0.18982559, 0.23060226, -1.95238113, -2.00946927
1803, 28842749, 28843274, 0.18642691, 0.22831345, -1.98412704, -1.97006392
1804, 28843749, 28844280, 0.18295039, 0.22640610, -2.01587296, -2.09306145
1805, 28844749, 28845278, 0.17939594, 0.22373581, -2.07936478, -2.02140045
1806, 28845749, 28846271, 0.17576270, 0.22144699, -2.11111069, -2.27178645
1807, 28846749, 28847275, 0.17205139, 0.21877670, -2.17460251, -2.27835846
1808, 28847749, 28848269, 0.16826291, 0.21648693, -2.20634842, -2.42959213
1809, 28848749, 28849269, 0.16439778, 0.21419811, -2.23809433, -2.37563968
1810, 28849749, 28850271, 0.16045600, 0.21152782, -2.33333206, -2.34213805
1811, 28850749, 28851274, 0.15643844, 0.20885754, -2.39682388, -2.46876097
1812, 28851749, 28852276, 0.15234499, 0.20618725, -2.46031570, -2.54652429
1813, 28852749, 28853270, 0.14817503, 0.20351696, -2.52381134, -2.59428096
1814, 28853749, 28854274, 0.14392757, 0.20046520, -2.58730316, -2.62360978
1815, 28854749, 28855274, 0.13960317, 0.19741344, -2.65079498, -2.78881907
1816, 28855749, 28856274, 0.13520174, 0.19436169, -2.71428680, -2.89027905
1817, 28856749, 28857269, 0.13072409, 0.19130993, -2.77777863, -2.95258880
1818, 28857749, 28858275, 0.12616985, 0.18825817, -2.84127045, -2.99085498
1819, 28858749, 28859279, 0.12154011, 0.18482494, -2.90476227, -3.01435542
1820, 28859749, 28860273, 0.11683643, 0.18177319, -2.96825409, -3.17598534
1821, 28860749, 28861273, 0.11205996, 0.17833996, -3.03174591, -3.12804985
1822, 28861749, 28862273, 0.10721177, 0.17490673, -3.12698364, -3.24580884
1823, 28862749, 28863284, 0.10229173, 0.17147350, -3.19047546, -3.31812811
1824, 28863749, 28864272, 0.09729995, 0.16804028, -3.28571320, -3.36254168
1825, 28864749, 28865282, 0.09223670, 0.16460705, -3.34920502, -3.38981724
1826, 28865749, 28866276, 0.08710363, 0.16041088, -3.41269684, -3.40656805
1827, 28866749, 28867270, 0.08190165, 0.15697765, -3.47618866, -3.71125007
1828, 28867749, 28868283, 0.07663191, 0.15278053, -3.57143021, -3.60396957
1829, 28868749, 28869273, 0.07129391, 0.14896584, -3.63492203, -3.83284855
1830, 28869749, 28870275, 0.06588868, 0.14476967, -3.69841385, -3.82584453
1831, 28870749, 28871277, 0.06041809, 0.14133644, -3.73015976, -3.96874070
1832, 28871749, 28872269, 0.05488437, 0.13714027, -3.82539749, -3.76210237
1833, 28872749, 28873272, 0.04928942, 0.13294411, -3.88888931, -3.92959476
1834, 28873749, 28874274, 0.04363617, 0.12874794, -3.92063522, -4.03245687
1835, 28874749, 28875282, 0.03792689, 0.12417030, -3.98412704, -4.09562778
1836, 28875749, 28876270, 0.03216261, 0.11997414, -4.04761887, -4.28162050
1837, 28876749, 28877270, 0.02634593, 0.11539650, -4.14285660, -4.24864674
1838, 28877749, 28878268, 0.02047921, 0.11081886, -4.23809433, -4.37559414
1839, 28878749, 28879275, 0.01456360, 0.10624123, -4.33333206, -4.45355606
1840, 28879749, 28880273, 0.00860290, 0.10128212, -4.39682388, -4.50143480
1841, 28880749, 28881275, 0.00259862, 0.09632301, -4.49206161, -4.67803621
1842, 28881749, 28882273, -0.00344726, 0.09174442, -4.58730316, -4.78649282
1843, 28882749, 28883275, -0.00953175, 0.08640385, -4.68254089, -4.70626974
1844, 28883749, 28884277, -0.01565324, 0.08144474, -4.77777863, -4.95102930
1845, 28884749, 28885278, -0.02180842, 0.07572269, -4.84127045, -4.95414591
1846, 28885749, 28886272, -0.02799464, 0.07076359, -4.93650818, -5.25045538
1847, 28886749, 28887276, -0.03420816, 0.06542301, -5.03174591, -5.13803291
1848, 28887749, 28888280, -0.04044560, 0.06008244, -5.09523773, -5.21618843
1849, 28888749, 28889278, -0.04670306, 0.05474186, -5.15872955, -5.26418591
1850, 28889749, 28890274, -0.05297694, 0.04940128, -5.22222137, -5.29366255
1851, 28890749, 28891279, -0.05926333, 0.04367924, -5.28571320, -5.31176472
1852, 28891749, 28892275, -0.06555819, 0.03833866, -5.31745911, -5.47007942
1853, 28892749, 28893275, -0.07185797, 0.03299809, -5.38095093, -5.42010832
1854, 28893749, 28894273, -0.07815687, 0.02727509, -5.41269684, -5.38941908
1855, 28894749, 28895273, -0.08444897, 0.02155304, -5.47618866, -5.51813745
1856, 28895749, 28896273, -0.09073122, 0.01544952, -5.50793839, -5.59681940
1857, 28896749, 28897276, -0.09699809, 0.00972748, -5.57143021, -5.79233789
1858, 28897749, 28898276, -0.10324309, 0.00400543, -5.60317612, -5.76521444
1859, 28898749, 28899276, -0.10946177, -0.00171661, -5.66666794, -5.74855709
1860, 28899749, 28900274, -0.11564910, -0.00782013, -5.73015976, -5.73832703
1861, 28900749, 28901276, -0.12179973, -0.01354218, -5.79365158, -5.87924242
1862, 28901749, 28902279, -0.12790787, -0.01964569, -5.82539749, -5.81858540
1863, 28902749, 28903275, -0.13396715, -0.02574921, -5.85714340, -5.92853165
1864, 28903749, 28904273, -0.13997176, -0.03147221, -5.92063522, -5.99605274
1865, 28904749, 28905275, -0.14591570, -0.03757572, -5.92063522, -5.89068985
1866, 28905749, 28906273, -0.15179339, -0.04367924, -5.95238113, -5.97281313
1867, 28906749, 28907278, -0.15759970, -0.04940128, -5.98412704, -6.02324724
1868, 28907749, 28908274, -0.16332883, -0.05550480, -5.98412704, -5.90702295
1869, 28908749, 28909276, -0.16897637, -0.06160831, -5.98412704, -5.98284340
1870, 28909749, 28910272, -0.17453864, -0.06771183, -6.01587296, -6.02940750
1871, 28910749, 28911276, -0.18001245, -0.07381535, -6.01587296, -6.05800390
1872, 28911749, 28912276, -0.18539591, -0.07953739, -6.04761887, -6.07556534
1873, 28912749, 28913279, -0.19068758, -0.08564091, -6.04761887, -5.93915272
1874, 28913749, 28914275, -0.19588691, -0.09174442, -6.04761887, -6.00257540
1875, 28914749, 28915277, -0.20099364, -0.09784889, -6.01587296, -6.04152489
1876, 28915749, 28916273, -0.20600732, -0.10395241, -6.01587296, -6.06581306
1877, 28916749, 28917279, -0.21092707, -0.10967445, -6.04761887, -6.08036137
1878, 28917749, 28918279, -0.21575329, -0.11577797, -6.01587296, -5.94209814
1879, 28918749, 28919274, -0.22048651, -0.12150002, -6.01587296, -6.00438404
1880, 28919749, 28920270, -0.22512633, -0.12760353, -5.98412704, -5.89543819
1881, 28920749, 28921272, -0.22967407, -0.13332558, -5.98412704, -5.97572899
1882, 28921749, 28922272, -0.23413029, -0.13904762, -5.98412704, -5.87784004
1883, 28922749, 28923274, -0.23849550, -0.14515114, -5.95238113, -5.81772375
1884, 28923749, 28924271, -0.24277073, -0.15163612, -5.95238113, -5.92800188
1885, 28924749, 28925273, -0.24695691, -0.15774059, -5.95238113, -6.14292526
1886, 28925749, 28926269, -0.25105375, -0.16346264, -6.01587296, -6.12808609
1887, 28926749, 28927271, -0.25506112, -0.16956615, -5.98412704, -5.97140741
1888, 28927749, 28928267, -0.25897703, -0.17490673, -5.98412704, -6.02238369
1889, 28928749, 28929269, -0.26279786, -0.18101025, -5.98412704, -5.75929499
1890, 28929749, 28930268, -0.26652211, -0.18596935, -5.92063522, -5.89211893
1891, 28930749, 28931270, -0.27014664, -0.19169140, -5.85714340, -5.53209782
1892, 28931749, 28932270, -0.27366579, -0.19665051, -5.79365158, -5.60539293
1893, 28932749, 28933268, -0.27707598, -0.20160961, -5.66666794, -5.35601091
1894, 28933749, 28934270, -0.28037176, -0.20695019, -5.50793839, -5.20285749
1895, 28934749, 28935281, -0.28354785, -0.21152782, -5.41269684, -5.25599861
1896, 28935749, 28936267, -0.28659853, -0.21648693, -5.28571320, -4.99423933
1897, 28936749, 28937267, -0.28952083, -0.22106552, -5.15872955, -4.98068285
1898, 28937749, 28938269, -0.29231083, -0.22564316, -5.03174591, -4.82552767
1899, 28938749, 28939265, -0.29496560, -0.22983932, -4.90476227, -4.72987413
1900, 28939749, 28940266, -0.29748109, -0.23327255, -4.74603271, -4.52393293
1901, 28940749, 28941280, -0.29985586, -0.23746872, -4.61904907, -4.10306311
1902, 28941749, 28942278, -0.30208686, -0.24128342, -4.46031570, -4.13898897
1903, 28942749, 28943284, -0.30417097, -0.24471664, -4.30158615, -4.01385450
1904, 28943749, 28944268, -0.30610684, -0.24853134, -4.14285660, -3.78980827
1905, 28944749, 28945266, -0.30789328, -0.25196457, -3.98412704, -3.79941201
1906, 28945749, 28946281, -0.30952865, -0.25501633, -3.85714340, -3.65811253
1907, 28946749, 28947279, -0.31101218, -0.25844955, -3.73015976, -3.42413878
1908, 28947749, 28948277, -0.31234375, -0.26150131, -3.60317612, -3.42764592
1909, 28948749, 28949265, -0.31352386, -0.26417160, -3.47618866, -3.28260207
1910, 28949749, 28950263, -0.31455290, -0.26684189, -3.38095093, -3.04632854
1911, 28950749, 28951277, -0.31543082, -0.26989365, -3.25396729, -2.90122604
1912, 28951749, 28952278, -0.31615728, -0.27256393, -3.15872955, -2.95931172
1913, 28952749, 28953278, -0.31673354, -0.27523422, -3.06349182, -2.84778619
1914, 28953749, 28954274, -0.31716141, -0.27752304, -2.90476227, -2.77929497
1915, 28954749, 28955276, -0.31744543, -0.27981186, -2.80952454, -2.59003496
1916, 28955749, 28956262, -0.31758735, -0.28210163, -2.71428680, -2.47380471
1917, 28956749, 28957277, -0.31759116, -0.28439045, -2.58730316, -2.40279198
1918, 28957749, 28958275, -0.31745961, -0.28629780, -2.49206161, -2.35881305
1919, 28958749, 28959279, -0.31719580, -0.28820515, -2.39682388, -2.18460655
1920, 28959749, 28960277, -0.31680253, -0.29011250, -2.30158615, -2.07762122
1921, 28960749, 28961275, -0.31628394, -0.29201984, -2.20634842, -2.01191807
1922, 28961749, 28962280, -0.31564277, -0.29354572, -2.11111069, -1.97156787
1923, 28962749, 28963284, -0.31488064, -0.29507160, -2.01587296, -1.79959011
1924, 28963749, 28964280, -0.31400019, -0.29621601, -1.88888931, -1.69397330
1925, 28964749, 28965280, -0.31300372, -0.29736042, -1.76190567, -1.48191321
1926, 28965749, 28966282, -0.31189108, -0.29850483, -1.66666794, -1.35168076
1927, 28966749, 28967282, -0.31066227, -0.29964924, -1.53968430, -1.27170098
1928, 28967749, 28968277, -0.30931801, -0.30079365, -1.44444275, -1.22258294
1929, 28968749, 28969277, -0.30785790, -0.30117512, -1.31745911, -1.19241810
1930, 28969749, 28970277, -0.30628073, -0.30193806, -1.22222137, -0.87949777
1931, 28970749, 28971277, -0.30458522, -0.30270100, -1.09523773, -0.83452147
1932, 28971749, 28972279, -0.30276960, -0.30308247, -1.00000000, -0.80690014
1933, 28972749, 28973277, -0.30083340, -0.30346394, -0.90476227, -0.64273947
1934, 28973749, 28974278, -0.29877418, -0.30384541, -0.77777863, -0.54192346
1935, 28974749, 28975276, -0.29659045, -0.30384541, -0.65079498, -0.48000926
1936, 28975749, 28976280, -0.29427919, -0.30384541, -0.52381134, -0.29478830
1937, 28976749, 28977276, -0.29183924, -0.30384541, -0.39682770, -0.18103847
1938, 28977749, 28978276, -0.28926983, -0.30346394, -0.26984406, -0.11118124
1939, 28978749, 28979276, -0.28656960, -0.30308247, -0.14286041, 0.07891776
1940, 28979749, 28980275, -0.28373799, -0.30231953, -0.04762268, 0.19566335
1941, 28980749, 28981273, -0.28077498, -0.30155659, 0.11111450, 0.41455793
1942, 28981749, 28982275, -0.27768117, -0.30117512, 0.20635223, 0.54898775
1943, 28982749, 28983277, -0.27445734, -0.30003071, 0.33333588, 0.48434764
1944, 28983749, 28984277, -0.27110440, -0.29888630, 0.46031952, 0.73904532
1945, 28984749, 28985283, -0.26762426, -0.29774189, 0.61904907, 0.89546293
1946, 28985749, 28986282, -0.26401854, -0.29659748, 0.71428680, 0.99152374
1947, 28986749, 28987282, -0.26028743, -0.29507160, 0.80952454, 1.05051756
1948, 28987749, 28988276, -0.25643352, -0.29354572, 0.96825409, 1.23394501
1949, 28988749, 28989278, -0.25245932, -0.29201984, 1.06349182, 1.34659338
1950, 28989749, 28990274, -0.24836783, -0.29011250, 1.19047546, 1.41577423
1951, 28990749, 28991275, -0.24416447, -0.28858662, 1.31745911, 1.60545778
1952, 28991749, 28992275, -0.23985228, -0.28629780, 1.44444275, 1.57475078
1953, 28992749, 28993277, -0.23543701, -0.28400898, 1.57142639, 1.85028780
1954, 28993749, 28994271, -0.23092312, -0.28172016, 1.69841003, 2.01950336
1955, 28994749, 28995277, -0.22631533, -0.27943039, 1.85713959, 2.12342381
1956, 28995749, 28996274, -0.22161874, -0.27676010, 1.98412323, 2.18761253
1957, 28996749, 28997278, -0.21683899, -0.27408981, 2.11111450, 2.37386227
1958, 28997749, 28998276, -0.21198051, -0.27141953, 2.20635223, 2.48824406
1959, 28998749, 28999276, -0.20704894, -0.26874924, 2.36508179, 2.55848932
1960, 28999749, 29000268, -0.20204724, -0.26569748, 2.46031952, 2.60162902
1961, 29000749, 29001278, -0.19697995, -0.26226425, 2.58730316, 2.77532005
1962, 29001749, 29002274, -0.19185013, -0.25921249, 2.71428680, 3.02918673
1963, 29002749, 29003271, -0.18666026, -0.25577927, 2.84127045, 3.03789639
1964, 29003749, 29004273, -0.18141133, -0.25234604, 2.96825409, 3.19044256
1965, 29004749, 29005269, -0.17610478, -0.24853134, 3.09523773, 3.28412604
1966, 29005749, 29006279, -0.17074291, -0.24471664, 3.22222137, 3.48885727
1967, 29006749, 29007273, -0.16532783, -0.24090195, 3.31745911, 3.61458898
1968, 29007749, 29008270, -0.15986122, -0.23670578, 3.47618866, 3.69180465
1969, 29008749, 29009274, -0.15434633, -0.23289108, 3.60317230, 3.88642287
1970, 29009749, 29010272, -0.14878584, -0.22869492, 3.69841003, 3.85874629
1971, 29010749, 29011274, -0.14318240, -0.22449875, 3.79364777, 3.98894668
1972, 29011749, 29012280, -0.13753785, -0.21992111, 3.88888550, 4.06890678
1973, 29012749, 29013274, -0.13185343, -0.21572399, 3.98412323, 4.26521015
1974, 29013749, 29014279, -0.12613335, -0.21114635, 4.07936859, 4.23893642
1975, 29014749, 29015275, -0.12037838, -0.20656872, 4.17460632, 4.36963034
1976, 29015749, 29016275, -0.11459119, -0.20160961, 4.26984406, 4.44989347
1977, 29016749, 29017273, -0.10877305, -0.19703197, 4.36508179, 4.64638329
1978, 29017749, 29018271, -0.10292468, -0.19245434, 4.46031952, 4.61985588
1979, 29018749, 29019270, -0.09704876, -0.18711376, 4.52381134, 4.60356474
1980, 29019749, 29020278, -0.09114882, -0.18177319, 4.65079498, 4.88795519
1981, 29020749, 29021276, -0.08522633, -0.17719555, 4.71428680, 5.06260777
1982, 29021749, 29022280, -0.07928174, -0.17185497, 4.77777863, 4.87547207
1983, 29022749, 29023270, -0.07331678, -0.16727734, 4.84127045, 5.05494165
1984, 29023749, 29024274, -0.06733353, -0.16155529, 4.90476227, 4.87076426
1985, 29024749, 29025276, -0.06133383, -0.15659618, 4.96825409, 5.19924784
1986, 29025749, 29026269, -0.05531960, -0.15163612, 5.00000000, 5.10658455
1987, 29026749, 29027279, -0.04929322, -0.14591408, 5.09523773, 5.05004549
1988, 29027749, 29028267, -0.04325591, -0.14095497, 5.12698364, 5.30935001
1989, 29028749, 29029273, -0.03720920, -0.13523293, 5.19047546, 5.17420149
1990, 29029749, 29030275, -0.03115528, -0.12951088, 5.25396729, 5.38559818
1991, 29030749, 29031274, -0.02509764, -0.12378883, 5.28571320, 5.51542282
1992, 29031749, 29032274, -0.01903705, -0.11844826, 5.34920502, 5.59515238
1993, 29032749, 29033272, -0.01297683, -0.11310768, 5.38095093, 5.49691916
1994, 29033749, 29034276, -0.00691942, -0.10738564, 5.44444275, 5.43659115
1995, 29034749, 29035280, -0.00086703, -0.10166359, 5.44444275, 5.54673910
1996, 29035749, 29036278, 0.00517752, -0.09632301, 5.47618866, 5.61438465
1997, 29036749, 29037275, 0.01121100, -0.09060001, 5.50793457, 5.50873041
1998, 29037749, 29038277, 0.01723047, -0.08525944, 5.50793457, 5.59141016
1999, 29038749, 29039275, 0.02323292, -0.07953739, 5.53968048, 5.49462080
2000, 29039749, 29040279, 0.02921306, -0.07343388, 5.73015594, 5.58237743
2001, 29040749, 29041279, 0.03516701, -0.06771183, 5.63491821, 5.78346920
2002, 29041749, 29042274, 0.04109091, -0.06198978, 5.63491821, 5.75976753
2003, 29042749, 29043276, 0.04697988, -0.05626774, 5.66666412, 5.74521160
2004, 29043749, 29044274, 0.05282939, -0.05054569, 5.66666412, 5.73627234
2005, 29044749, 29045274, 0.05863430, -0.04482365, 5.73015594, 5.73078299
2006, 29045749, 29046276, 0.06439036, -0.03910160, 5.73015594, 5.72741175
2007, 29046749, 29047274, 0.07009284, -0.03337955, 5.76190186, 5.72534132
2008, 29047749, 29048275, 0.07573712, -0.02727509, 5.76190186, 5.72407007
2009, 29048749, 29049275, 0.08131982, -0.02117157, 5.76190186, 5.87085438
2010, 29049749, 29050277, 0.08683617, -0.01544952, 5.76190186, 5.96063137
2011, 29050749, 29051277, 0.09228158, -0.00972748, 5.79364777, 5.86856842
2012, 29051749, 29052275, 0.09765109, -0.00400543, 5.79364777, 5.81202984
2013, 29052749, 29053278, 0.10294133, 0.00171661, 5.79364777, 5.77730751
2014, 29053749, 29054276, 0.10814907, 0.00782013, 5.79364777, 5.75598335
2015, 29054749, 29055278, 0.11327142, 0.01392365, 6.07936859, 5.89008570
2016, 29055749, 29056272, 0.11830187, 0.01964569, 5.73015594, 5.97244167
2017, 29056749, 29057274, 0.12323824, 0.02536774, 5.79364777, 5.87582159
2018, 29057749, 29058278, 0.12807712, 0.03108978, 5.82539368, 5.81648445
2019, 29058749, 29059277, 0.13281538, 0.03681278, 5.82539368, 5.78004313
2020, 29059749, 29060281, 0.13745035, 0.04253483, 5.79364777, 5.75803185
2021, 29060749, 29061275, 0.14197914, 0.04787540, 5.76190186, 5.74414587
2022, 29061749, 29062273, 0.14639819, 0.05359745, 5.76190186, 5.58842039
2023, 29062749, 29063273, 0.15070507, 0.05893803, 5.47618866, 5.63998270
2024, 29063749, 29064273, 0.15489653, 0.06504154, 5.63491821, 5.52445078
2025, 29064749, 29065276, 0.15896972, 0.07038212, 5.63491821, 5.74789429
2026, 29065749, 29066274, 0.16292281, 0.07572269, 5.60317230, 5.59072256
2027, 29066749, 29067276, 0.16675361, 0.08144474, 5.57142639, 5.49419832
2028, 29067749, 29068270, 0.17045952, 0.08678532, 5.57142639, 5.58211803
2029, 29068749, 29069272, 0.17403899, 0.09212589, 5.57142639, 5.48891449
2030, 29069749, 29070279, 0.17749032, 0.09746742, 5.50793457, 5.43167543
2031, 29070749, 29071271, 0.18081182, 0.10280800, 5.47618866, 5.39689112
2032, 29071749, 29072271, 0.18400168, 0.10814857, 5.41269684, 5.37516069
2033, 29072749, 29073271, 0.18705842, 0.11310768, 5.38095093, 5.36181545
2034, 29073749, 29074273, 0.18998101, 0.11806679, 5.31745911, 5.20642185
2035, 29074749, 29075272, 0.19276769, 0.12302589, 5.28571320, 5.11099005
2036, 29075749, 29076272, 0.19541644, 0.12798500, 5.19047546, 5.05238295
2037, 29076749, 29077270, 0.19792683, 0.13256264, 5.09523773, 5.01639032
2038, 29077749, 29078268, 0.20029935, 0.13714027, 5.00000000, 4.84708881
2039, 29078749, 29079268, 0.20253442, 0.14133644, 4.90476227, 4.74311543
2040, 29079749, 29080272, 0.20463252, 0.14591408, 4.80952454, 4.53206444
2041, 29080749, 29081267, 0.20659432, 0.15049171, 4.71428680, 4.54964924
2042, 29081749, 29082269, 0.20842008, 0.15430641, 4.61904907, 4.56044865
2043, 29082749, 29083267, 0.21011096, 0.15812206, 4.49206543, 4.27268600
2044, 29083749, 29084267, 0.21167064, 0.16193676, 4.36508179, 4.09633017
2045, 29084749, 29085267, 0.21310320, 0.16536999, 4.20635223, 3.98765659
2046, 29085749, 29086279, 0.21441160, 0.16842175, 4.07936859, 3.77371955
2047, 29086749, 29087284, 0.21559823, 0.17147350, 3.92063141, 3.49513650
2048, 29087749, 29088268, 0.21666792, 0.17452526, 3.73015594, 3.32405019
2049, 29088749, 29089266, 0.21762547, 0.17757702, 3.53968048, 3.21898079
2050, 29089749, 29090266, 0.21847492, 0.18024731, 3.34920502, 3.15445471
2051, 29090749, 29091278, 0.21922116, 0.18253613, 3.19047546, 2.96762967
2052, 29091749, 29092279, 0.21987034, 0.18482494, 3.03174591, 2.70569730
2053, 29092749, 29093277, 0.22042769, 0.18711376, 2.87301636, 2.54483652
2054, 29093749, 29094281, 0.22089763, 0.18902111, 2.71428680, 2.44604683
2055, 29094749, 29095279, 0.22128543, 0.19092846, 2.55555725, 2.23817945
2056, 29095749, 29096281, 0.22159986, 0.19283581, 2.42857361, 2.11052179
2057, 29096749, 29097283, 0.22184749, 0.19474316, 2.26984406, 2.03212333
2058, 29097749, 29098269, 0.22203428, 0.19626904, 2.14286041, 1.98397648
2059, 29098749, 29099286, 0.22216824, 0.19779491, 2.01587677, 1.80721056
2060, 29099749, 29100278, 0.22225669, 0.19932079, 1.88888550, 1.69865322
2061, 29100749, 29101282, 0.22230823, 0.20046520, 1.76190186, 1.63198495
2062, 29101749, 29102280, 0.22233056, 0.20199108, 1.66666412, 1.44384432
2063, 29102749, 29103282, 0.22232950, 0.20313549, 1.57142639, 1.47549903
2064, 29103749, 29104278, 0.22231254, 0.20389843, 1.47618866, 1.34774160
2065, 29104749, 29105277, 0.22228661, 0.20504284, 1.38095093, 1.12208426
2066, 29105749, 29106277, 0.22225851, 0.20618725, 1.28571320, 1.13069880
2067, 29106749, 29107281, 0.22223449, 0.20695019, 1.19047546, 1.13598919
2068, 29107749, 29108281, 0.22222099, 0.20771313, 1.12698364, 0.99204069
2069, 29108749, 29109277, 0.22222190, 0.20847607, 1.03174591, 0.90363747
2070, 29109749, 29110277, 0.22224128, 0.20885754, 0.96825409, 0.84934640
2071, 29110749, 29111280, 0.22228293, 0.20962048, 0.84127045, 0.66880703
2072, 29111749, 29112280, 0.22234736, 0.21000195, 0.77777863, 0.70512986
2073, 29112749, 29113280, 0.22243653, 0.21038342, 0.71428680, 0.58023930
2074, 29113749, 29114278, 0.22254932, 0.21076488, 0.65079498, 0.50354016
2075, 29114749, 29115278, 0.22268462, 0.21114635, 0.58730316, 0.45643690
2076, 29115749, 29116285, 0.22284034, 0.21152782, 0.52381134, 0.42750934
2077, 29116749, 29117279, 0.22301167, 0.21190929, 0.46031952, 0.40974405
2078, 29117749, 29118281, 0.22319403, 0.21229076, 0.42857361, 0.39883384
2079, 29118749, 29119279, 0.22338057, 0.21229076, 0.36508179, 0.39213356
2080, 29119749, 29120281, 0.22356646, 0.21267223, 0.33333588, 0.24082117
2081, 29120749, 29121282, 0.22374500, 0.21267223, 0.30158997, 0.29509318
2082, 29121749, 29122280, 0.22391048, 0.21305370, 0.23809814, 0.18122570
2083, 29122749, 29123280, 0.22405693, 0.21305370, 0.20635223, 0.25849378
2084, 29123749, 29124278, 0.22417633, 0.21305370, 0.17460632, 0.15874889
2085, 29124749, 29125278, 0.22426200, 0.21305370, 0.14286041, 0.09749253
2086, 29125749, 29126278, 0.22430767, 0.21305370, 0.14286041, 0.05987313
2087, 29126749, 29127275, 0.22430749, 0.21305370, 0.11111450, 0.03676991
2088, 29127749, 29128275, 0.22425435, 0.21305370, 0.07936859, 0.02258152
2089, 29128749, 29129277, 0.22414249, 0.21305370, 0.07936859, 0.01386800
2090, 29129749, 29130277, 0.22396602, 0.21305370, 0.04762268, 0.00851676
2091, 29130749, 29131279, 0.22371949, 0.21305370, 0.01587677, 0.00523040
2092, 29131749, 29132280, 0.22339754, 0.21305370, 0.01587677, 0.00321215
2093, 29132749, 29133282, 0.22299641, 0.21305370, 0.01587677, 0.00197268
2094, 29133749, 29134284, 0.22250906, 0.21305370, -0.04762268, 0.00121148
2095, 29134749, 29135274, 0.22193326, 0.21267223, -0.07936859, 0.00074401
2096, 29135749, 29136274, 0.22126441, 0.21267223, -0.07936859, -0.14674063
2097, 29136749, 29137274, 0.22049826, 0.21229076, -0.11111450, -0.09011789
2098, 29137749, 29138273, 0.21963239, 0.21229076, -0.14286041, -0.20254169
2099, 29138749, 29139273, 0.21866478, 0.21267223, -0.11111450, -0.12438702
2100, 29139749, 29140281, 0.21759306, 0.21267223, -0.11111450, 0.07080770
2101, 29140749, 29141279, 0.21641475, 0.21267223, -0.11111450, 0.04348516
2102, 29141749, 29142277, 0.21512851, 0.21305370, -0.04762268, 0.02670556
2103, 29142749, 29143276, 0.21373206, 0.21305370, -0.01587677, 0.16359824
2104, 29143749, 29144282, 0.21222408, 0.21305370, 0.01587677, 0.10047066
2105, 29144749, 29145282, 0.21060213, 0.21305370, 0.04762268, 0.06170209
2106, 29145749, 29146280, 0.20886579, 0.21305370, 0.04762268, 0.03789313
2107, 29146749, 29147280, 0.20701458, 0.21305370, 0.04762268, 0.02327133
2108, 29147749, 29148281, 0.20504764, 0.21305370, 0.01587677, 0.01429163
2109, 29148749, 29149281, 0.20296469, 0.21305370, 0.01587677, 0.00877693
2110, 29149749, 29150275, 0.20076536, 0.21305370, 0.04762268, 0.00539018
2111, 29150749, 29151279, 0.19844976, 0.21305370, 0.01587677, 0.00331027
2112, 29151749, 29152279, 0.19601738, 0.21305370, 0.01587677, 0.00203294
2113, 29152749, 29153279, 0.19347037, 0.21305370, 0.01587677, 0.00124849
2114, 29153749, 29154278, 0.19080923, 0.21305370, -0.01587677, 0.00076674
2115, 29154749, 29155276, 0.18803504, 0.21267223, -0.01587677, 0.00047088
2116, 29155749, 29156276, 0.18514824, 0.21267223, -0.04762268, -0.14690837
2117, 29156749, 29157274, 0.18215065, 0.21229076, -0.07936859, -0.09022091
2118, 29157749, 29158276, 0.17904392, 0.21152782, -0.14286041, -0.20260496
2119, 29158749, 29159274, 0.17583033, 0.21114635, -0.23809814, -0.41882101
2120, 29159749, 29160279, 0.17251167, 0.21000195, -0.30158997, -0.40440828
2121, 29160749, 29161279, 0.16908818, 0.20923901, -0.36508179, -0.68995214
2122, 29161749, 29162275, 0.16556245, 0.20809460, -0.46031952, -0.71811575
2123, 29162749, 29163275, 0.16193727, 0.20695019, -0.61904907, -0.88260943
2124, 29163749, 29164275, 0.15821597, 0.20542431, -0.74603271, -0.98363000
2125, 29164749, 29165272, 0.15440078, 0.20389843, -0.90476227, -1.19286740
2126, 29165749, 29166272, 0.15049428, 0.20237255, -1.06349182, -1.32136631
2127, 29166749, 29167272, 0.14649719, 0.20046520, -1.15872955, -1.40028155
2128, 29167749, 29168278, 0.14241247, 0.19855785, -1.28571320, -1.59594333
2129, 29168749, 29169282, 0.13824244, 0.19665051, -1.47618866, -1.71610522
2130, 29169749, 29170274, 0.13398904, 0.19398022, -1.63492203, -1.78990018
2131, 29170749, 29171273, 0.12965430, 0.19130993, -1.79365158, -2.12961507
2132, 29171749, 29172275, 0.12524001, 0.18825817, -1.98412704, -2.33824444
2133, 29172749, 29173273, 0.12074855, 0.18558788, -2.11111069, -2.61356759
2134, 29173749, 29174279, 0.11618096, 0.18253613, -2.30158615, -2.63545418
2135, 29174749, 29175275, 0.11153726, 0.17910290, -2.52381134, -2.79609323
2136, 29175749, 29176278, 0.10682143, 0.17566967, -2.71428680, -3.04194403
2137, 29176749, 29177268, 0.10203525, 0.17223644, -2.87301636, -3.19292855
2138, 29177749, 29178280, 0.09717916, 0.16842175, -3.06349182, -3.28565264
2139, 29178749, 29179276, 0.09225479, 0.16460705, -3.19047546, -3.48979473
2140, 29179749, 29180278, 0.08726346, 0.16079235, -3.31745911, -3.61516452
2141, 29180749, 29181274, 0.08220582, 0.15697765, -3.47618866, -3.69215822
2142, 29181749, 29182279, 0.07708313, 0.15278053, -3.60317612, -3.73944211
2143, 29182749, 29183273, 0.07189678, 0.14858437, -3.73015976, -3.91604614
2144, 29183749, 29184275, 0.06664733, 0.14438820, -3.82539749, -4.02413607
2145, 29184749, 29185281, 0.06133546, 0.14019203, -3.95238113, -4.09051752
2146, 29185749, 29186277, 0.05596164, 0.13561440, -4.01587296, -4.13128424
2147, 29186749, 29187278, 0.05052788, 0.13141823, -4.11111069, -4.30351782
2148, 29187749, 29188274, 0.04503555, 0.12684059, -4.17460251, -4.26209450
2149, 29188749, 29189276, 0.03948669, 0.12226295, -4.23809433, -4.38385248
2150, 29189749, 29190276, 0.03388427, 0.11768532, -4.33333206, -4.45862770
2151, 29190749, 29191278, 0.02822948, 0.11310768, -4.39682388, -4.50454950
2152, 29191749, 29192274, 0.02252363, 0.10853004, -4.42856979, -4.53275156
2153, 29192749, 29193277, 0.01676984, 0.10395241, -4.49206161, -4.55007124
2154, 29193749, 29194275, 0.01097145, 0.09937477, -4.55555725, -4.56070805
2155, 29194749, 29195277, 0.00513158, 0.09441566, -4.58730316, -4.56724024
2156, 29195749, 29196275, -0.00074606, 0.08983707, -4.65079498, -4.71844959
2157, 29196749, 29197273, -0.00665954, 0.08449650, -4.68254089, -4.66448212
2158, 29197749, 29198278, -0.01260463, 0.07953739, -4.74603271, -4.92536640
2159, 29198749, 29199274, -0.01857848, 0.07457829, -4.80952454, -4.93838549
2160, 29199749, 29200276, -0.02457689, 0.06923771, -4.87301636, -4.94638109
2161, 29200749, 29201274, -0.03059524, 0.06466007, -4.90476227, -5.09848881
2162, 29201749, 29202276, -0.03662751, 0.05893803, -4.93650818, -4.89750767
2163, 29202749, 29203273, -0.04266948, 0.05397892, -5.00000000, -5.21567154
2164, 29203749, 29204275, -0.04871534, 0.04901981, -5.03174591, -5.11667061
2165, 29204749, 29205275, -0.05476026, 0.04367924, -5.06349182, -5.05587101
2166, 29205749, 29206273, -0.06079620, 0.03833866, -5.12698364, -5.16573000
2167, 29206749, 29207275, -0.06681884, 0.03337955, -5.15872955, -5.23319769
2168, 29207749, 29208271, -0.07282067, 0.02803802, -5.19047546, -5.12743425
2169, 29208749, 29209272, -0.07879479, 0.02231598, -5.22222137, -5.21004725
2170, 29209749, 29210274, -0.08473406, 0.01697540, -5.28571320, -5.40761185
2171, 29210749, 29211272, -0.09063105, 0.01125336, -5.31745911, -5.38174486
2172, 29211749, 29212276, -0.09647799, 0.00553131, -5.34920502, -5.51305676
2173, 29212749, 29213276, -0.10226561, -0.00019073, -5.44444275, -5.59369898
2174, 29213749, 29214274, -0.10798677, -0.00553131, -5.47618866, -5.64322424
2175, 29214749, 29215273, -0.11363297, -0.01125336, -5.53968430, -5.52644157
2176, 29215749, 29216275, -0.11919614, -0.01735687, -5.57143021, -5.60191917
2177, 29216749, 29217271, -0.12466645, -0.02269745, -5.63492203, -5.79547024
2178, 29217749, 29218273, -0.13003780, -0.02841949, -5.66666794, -5.61994076
2179, 29218749, 29219269, -0.13530044, -0.03414249, -5.69841385, -5.65933990
2180, 29219749, 29220272, -0.14044741, -0.03986454, -5.73015976, -5.68390465
2181, 29220749, 29221272, -0.14547166, -0.04558659, -5.73015976, -5.69862223
2182, 29221749, 29222270, -0.15036342, -0.05169010, -5.73015976, -5.70766068
2183, 29222749, 29223272, -0.15511483, -0.05741215, -5.76190567, -5.86040926
2184, 29223749, 29224270, -0.15971746, -0.06313419, -5.76190567, -5.80701923
2185, 29224749, 29225273, -0.16416524, -0.06885624, -5.76190567, -5.77423048
2186, 29225749, 29226273, -0.16845262, -0.07457829, -5.73015976, -5.75409412
2187, 29226749, 29227273, -0.17257361, -0.08030033, -5.76190567, -5.74172735
2188, 29227749, 29228273, -0.17652152, -0.08564091, -5.76190567, -5.73413277
2189, 29228749, 29229275, -0.18029292, -0.09174442, -5.73015976, -5.58227110
2190, 29229749, 29230283, -0.18388432, -0.09708595, -5.69841385, -5.78340340
2191, 29230749, 29231268, -0.18729196, -0.10242653, -5.69841385, -5.61289787
2192, 29231749, 29232268, -0.19051391, -0.10814857, -5.66666794, -5.50781727
2193, 29232749, 29233268, -0.19354732, -0.11387062, -5.63492203, -5.59048128
2194, 29233749, 29234266, -0.19639169, -0.11959267, -5.63492203, -5.64124823
2195, 29234749, 29235268, -0.19904809, -0.12493324, -5.60317612, -5.67242575
2196, 29235749, 29236272, -0.20151913, -0.13065529, -5.60317612, -5.54437494
2197, 29236749, 29237279, -0.20380749, -0.13599586, -5.60317612, -5.61293268
2198, 29237749, 29238265, -0.20591617, -0.14133644, -5.57143021, -5.50783825
2199, 29238749, 29239267, -0.20784973, -0.14629555, -5.50793839, -5.44329691
2200, 29239749, 29240265, -0.20961574, -0.15125465, -5.44444275, -5.25646257
2201, 29240749, 29241267, -0.21122262, -0.15545082, -5.38095093, -5.14172173
2202, 29241749, 29242276, -0.21267867, -0.16002941, -5.22222137, -4.77686071
2203, 29242749, 29243270, -0.21399407, -0.16460705, -5.09523773, -4.70035410
2204, 29243749, 29244278, -0.21518058, -0.16804028, -4.93650818, -4.65300131
2205, 29244749, 29245278, -0.21624984, -0.17185497, -4.71428680, -4.18232775
2206, 29245749, 29246278, -0.21721339, -0.17566967, -4.52381134, -4.04047012
2207, 29246749, 29247277, -0.21808118, -0.17872143, -4.30158615, -3.95335102
2208, 29247749, 29248279, -0.21886143, -0.18177319, -4.07936478, -3.60545373
2209, 29248749, 29249275, -0.21955924, -0.18482494, -3.88888931, -3.39179921
2210, 29249749, 29250267, -0.22017995, -0.18787670, -3.66666794, -3.26058745
2211, 29250749, 29251279, -0.22072802, -0.19016552, -3.44444275, -3.18000650
2212, 29251749, 29252275, -0.22120622, -0.19245434, -3.22222137, -2.83612418
2213, 29252749, 29253282, -0.22161578, -0.19474316, -3.03174591, -2.62493563
2214, 29253749, 29254280, -0.22195934, -0.19626904, -2.80952454, -2.49523830
2215, 29254749, 29255282, -0.22223777, -0.19817638, -2.61904907, -2.12119198
2216, 29255749, 29256278, -0.22245049, -0.19970226, -2.42856979, -2.03867626
2217, 29256749, 29257280, -0.22259712, -0.20122814, -2.20634842, -1.84080338
2218, 29257749, 29258278, -0.22267488, -0.20237255, -2.04761887, -1.71928370
2219, 29258749, 29259279, -0.22267990, -0.20351696, -1.85714340, -1.49745715
2220, 29259749, 29260279, -0.22260869, -0.20466137, -1.69841385, -1.36122680
2221, 29260749, 29261281, -0.22245485, -0.20542431, -1.53968430, -1.27756345
2222, 29261749, 29262279, -0.22221324, -0.20656872, -1.38095093, -1.07898569
2223, 29262749, 29263277, -0.22187917, -0.20733166, -1.25396729, -1.10423064
2224, 29263749, 29264282, -0.22144537, -0.20771313, -1.12698364, -0.97253680
2225, 29264749, 29265276, -0.22090104, -0.20847607, -1.06349182, -0.74446201
2226, 29265749, 29266280, -0.22024041, -0.20923901, -0.96825409, -0.75159192
2227, 29266749, 29267278, -0.21945645, -0.20962048, -0.87301636, -0.75597060
2228, 29267749, 29268278, -0.21854390, -0.21038342, -0.77777863, -0.61146212
2229, 29268749, 29269280, -0.21749406, -0.21076488, -0.71428680, -0.66991264
2230, 29269749, 29270275, -0.21630003, -0.21114635, -0.65079498, -0.55861133
2231, 29270749, 29271279, -0.21495731, -0.21114635, -0.58730316, -0.49025780
2232, 29271749, 29272279, -0.21346021, -0.21114635, -0.52381134, -0.30108225
2233, 29272749, 29273275, -0.21180515, -0.21152782, -0.46031952, -0.18490379
2234, 29273749, 29274275, -0.20999004, -0.21152782, -0.39682770, -0.26075259
2235, 29274749, 29275277, -0.20801523, -0.21152782, -0.30158997, -0.16013610
2236, 29275749, 29276276, -0.20588125, -0.21152782, -0.23809814, -0.09834446
2237, 29276749, 29277276, -0.20358890, -0.21114635, -0.14286041, -0.06039633
2238, 29277749, 29278276, -0.20114172, -0.21114635, -0.07936859, 0.11010633
2239, 29278749, 29279276, -0.19854376, -0.21114635, -0.01587677, 0.06761964
2240, 29279749, 29280276, -0.19579831, -0.21076488, 0.04762268, 0.04152728
2241, 29280749, 29281278, -0.19290753, -0.21000195, 0.11111450, 0.17270072
2242, 29281749, 29282275, -0.18987560, -0.20962048, 0.17460632, 0.40045589
2243, 29282749, 29283279, -0.18670708, -0.20885754, 0.23809814, 0.39312971
2244, 29283749, 29284277, -0.18340354, -0.20809460, 0.33333588, 0.53582799
2245, 29284749, 29285275, -0.17996675, -0.20733166, 0.39682770, 0.62346339
2246, 29285749, 29286283, -0.17639935, -0.20656872, 0.49206543, 0.67728299
2247, 29286749, 29287276, -0.17270564, -0.20542431, 0.58730316, 0.71033520
2248, 29287749, 29288276, -0.16888781, -0.20427990, 0.68254089, 0.87783116
2249, 29288749, 29289274, -0.16494986, -0.20275402, 0.77777863, 0.98069555
2250, 29289749, 29290272, -0.16089422, -0.20160961, 0.90476227, 1.19106519
2251, 29290749, 29291274, -0.15672441, -0.19970226, 1.00000000, 1.17306209
2252, 29291749, 29292277, -0.15244491, -0.19817638, 1.12698364, 1.45640087
2253, 29292749, 29293283, -0.14805841, -0.19626904, 1.25396729, 1.48321033
2254, 29293749, 29294279, -0.14356935, -0.19436169, 1.44444275, 1.64687228
2255, 29294749, 29295281, -0.13898103, -0.19207287, 1.53968048, 1.74738216
2256, 29295749, 29296275, -0.13429648, -0.18978405, 1.66666412, 1.95630586
2257, 29296749, 29297271, -0.12951994, -0.18711376, 1.79364777, 2.08461237
2258, 29297749, 29298276, -0.12465748, -0.18444347, 1.95237732, 2.31060672
2259, 29298749, 29299280, -0.11971339, -0.18177319, 2.14286041, 2.44939685
2260, 29299749, 29300276, -0.11469401, -0.17872143, 2.26984406, 2.53463197
2261, 29300749, 29301268, -0.10960630, -0.17566967, 2.42857361, 2.73417497
2262, 29301749, 29302274, -0.10445572, -0.17261791, 2.49206543, 2.85672045
2263, 29302749, 29303274, -0.09924730, -0.16918468, 2.68254089, 2.93197942
2264, 29303749, 29304275, -0.09398483, -0.16575146, 2.84127045, 3.12539577
2265, 29304749, 29305275, -0.08867188, -0.16231823, 3.00000000, 3.24417877
2266, 29305749, 29306275, -0.08331154, -0.15850353, 3.09523773, 3.31712699
2267, 29306749, 29307267, -0.07790586, -0.15468788, 3.22222137, 3.50912428
2268, 29307749, 29308273, -0.07245845, -0.15087318, 3.38095093, 3.62740350
2269, 29308749, 29309275, -0.06697417, -0.14667702, 3.50793457, 3.69967461
2270, 29309749, 29310272, -0.06145618, -0.14209938, 3.63491821, 3.89125586
2271, 29310749, 29311274, -0.05590907, -0.13828468, 3.76190186, 4.15610933
2272, 29311749, 29312274, -0.05033625, -0.13370705, 3.88888550, 4.02436876
2273, 29312749, 29313274, -0.04474150, -0.12912941, 3.98412323, 4.23785782
2274, 29313749, 29314272, -0.03912804, -0.12455177, 4.11111450, 4.36896801
2275, 29314749, 29315270, -0.03349944, -0.11997414, 4.23809814, 4.44948673
2276, 29315749, 29316271, -0.02785787, -0.11539650, 4.33333588, 4.49893570
2277, 29316749, 29317271, -0.02220608, -0.11081886, 4.39682770, 4.52930403
2278, 29317749, 29318275, -0.01654762, -0.10547829, 4.49206543, 4.54795408
2279, 29318749, 29319271, -0.01088564, -0.10090065, 4.55555725, 4.85380268
2280, 29319749, 29320273, -0.00522251, -0.09594154, 4.65079498, 4.74723864
2281, 29320749, 29321278, 0.00043834, -0.09098148, 4.71428680, 4.82899189
2282, 29321749, 29322278, 0.00609222, -0.08564091, 4.77777863, 4.87956715
2283, 29322749, 29323278, 0.01173609, -0.08068180, 4.84127045, 5.05745649
2284, 29323749, 29324274, 0.01736620, -0.07534122, 4.90476227, 5.01950645
2285, 29324749, 29325268, 0.02297967, -0.07000065, 4.93650818, 5.14339733
2286, 29325749, 29326269, 0.02857312, -0.06504154, 5.00000000, 5.21948290
2287, 29326749, 29327281, 0.03414363, -0.05970097, 5.06349182, 5.11901140
2288, 29327749, 29328277, 0.03968889, -0.05436039, 5.09523773, 5.20450640
2289, 29328749, 29329269, 0.04520442, -0.04901981, 5.15872955, 5.25701141
2290, 29329749, 29330277, 0.05068792, -0.04367924, 5.34920502, 5.28925657
2291, 29330749, 29331271, 0.05613595, -0.03833866, 5.28571320, 5.30905914
2292, 29331749, 29332280, 0.06154727, -0.03299809, 5.28571320, 5.32122087
2293, 29332749, 29333276, 0.06691795, -0.02765656, 5.28571320, 5.32868910
2294, 29333749, 29334274, 0.07224497, -0.02231598, 5.28571320, 5.33364391
2295, 29334749, 29335274, 0.07752570, -0.01697540, 5.31745911, 5.33631897
2296, 29335749, 29336274, 0.08275745, -0.01125336, 5.31745911, 5.33796167
2297, 29336749, 29337278, 0.08793893, -0.00591278, 5.34920502, 5.48616838
2298, 29337749, 29338283, 0.09306603, -0.00057220, 5.22222137, 5.42998838
2299, 29338749, 29339281, 0.09813641, 0.00476837, 5.34920502, 5.39548683
2300, 29339749, 29340277, 0.10314737, 0.01049042, 5.38095093, 5.37429857
2301, 29340749, 29341275, 0.10809658, 0.01583099, 5.44444275, 5.50848389
2302, 29341749, 29342275, 0.11298142, 0.02155304, 5.44444275, 5.44369364
2303, 29342749, 29343276, 0.11780041, 0.02651215, 5.44444275, 5.55110121
2304, 29343749, 29344276, 0.12255275, 0.03185368, 5.41269684, 5.32266855
2305, 29344749, 29345280, 0.12723561, 0.03681278, 5.38095093, 5.32994652
2306, 29345749, 29346278, 0.13184857, 0.04253483, 5.38095093, 5.18685055
2307, 29346749, 29347280, 0.13639034, 0.04749393, 5.34920502, 5.39336586
2308, 29347749, 29348283, 0.14085981, 0.05283451, 5.34920502, 5.22579813
2309, 29348749, 29349279, 0.14525469, 0.05817509, 5.28571320, 5.27008724
2310, 29349749, 29350277, 0.14957131, 0.06351566, 5.28571320, 5.29728699
2311, 29350749, 29351277, 0.15381029, 0.06885624, 5.25396729, 5.31399107
2312, 29351749, 29352275, 0.15797007, 0.07381535, 5.25396729, 5.32424927
2313, 29352749, 29353279, 0.16204953, 0.07877445, 5.22222137, 5.18335152
2314, 29353749, 29354276, 0.16604684, 0.08411503, 5.22222137, 5.09682178
2315, 29354749, 29355276, 0.16995957, 0.08945560, 5.22222137, 5.19087934
2316, 29355749, 29356278, 0.17378585, 0.09441566, 5.19047546, 5.24864244
2317, 29356749, 29357276, 0.17752101, 0.09937477, 5.19047546, 5.13728714
2318, 29357749, 29358276, 0.18116477, 0.10471535, 5.15872955, 5.06853247
2319, 29358749, 29359275, 0.18471618, 0.10967445, 5.12698364, 5.17350578
2320, 29359749, 29360277, 0.18817326, 0.11463356, 5.09523773, 5.09077549
2321, 29360749, 29361277, 0.19153355, 0.11921120, 5.06349182, 5.03996801
2322, 29361749, 29362273, 0.19479425, 0.12417030, 5.00000000, 4.86156845
2323, 29362749, 29363275, 0.19795223, 0.12874794, 4.96825409, 4.89920521
2324, 29363749, 29364271, 0.20100558, 0.13370705, 4.90476227, 4.77512169
2325, 29364749, 29365270, 0.20395145, 0.13790321, 4.87301636, 4.84611607
2326, 29365749, 29366270, 0.20678544, 0.14248085, 4.77777863, 4.59532022
2327, 29366749, 29367276, 0.20950466, 0.14705849, 4.71428680, 4.58849669
2328, 29367749, 29368270, 0.21210553, 0.15087318, 4.61904907, 4.58430624
2329, 29368749, 29369270, 0.21458495, 0.15506935, 4.52381134, 4.28733730
2330, 29369749, 29370273, 0.21694006, 0.15888500, 4.46031952, 4.25215721
2331, 29370749, 29371269, 0.21916926, 0.16269970, 4.33333588, 4.08372259
2332, 29371749, 29372271, 0.22127041, 0.16651440, 4.20635223, 3.97991371
2333, 29372749, 29373271, 0.22324091, 0.16994762, 4.07936859, 3.91616154
2334, 29373749, 29374271, 0.22507949, 0.17376232, 3.98412323, 3.72981215
2335, 29374749, 29375267, 0.22678548, 0.17757702, 3.85713959, 3.76256657
2336, 29375749, 29376270, 0.22835912, 0.18101025, 3.79364777, 3.78268218
2337, 29376749, 29377270, 0.22979830, 0.18406200, 3.69841003, 3.64783835
2338, 29377749, 29378270, 0.23110378, 0.18711376, 3.60317230, 3.41782904
2339, 29378749, 29379268, 0.23227338, 0.18978405, 3.47618866, 3.27657342
2340, 29379749, 29380266, 0.23330691, 0.19207287, 3.34920502, 3.04262614
2341, 29380749, 29381269, 0.23420277, 0.19474316, 3.22222137, 2.75175476
2342, 29381749, 29382273, 0.23496118, 0.19703197, 3.06349182, 2.72031927
2343, 29382749, 29383269, 0.23558299, 0.19970226, 2.93650818, 2.55381608
2344, 29383749, 29384269, 0.23607261, 0.20199108, 2.77777863, 2.59875894
2345, 29384749, 29385267, 0.23643304, 0.20427990, 2.65079498, 2.47916245
2346, 29385749, 29386265, 0.23666659, 0.20656872, 2.52381134, 2.40571451
2347, 29386749, 29387278, 0.23677793, 0.20809460, 2.42857361, 2.36060786
2348, 29387749, 29388282, 0.23677291, 0.21000195, 2.30158997, 2.03851151
2349, 29388749, 29389282, 0.23665707, 0.21190929, 2.23809814, 1.98789966
2350, 29389749, 29390278, 0.23643810, 0.21343517, 2.11111450, 1.95681751
2351, 29390749, 29391268, 0.23612390, 0.21496105, 2.01587677, 1.79053140
2352, 29391749, 29392278, 0.23572047, 0.21610546, 1.88888550, 1.68841004
2353, 29392749, 29393267, 0.23523453, 0.21763134, 1.76190186, 1.47849667
2354, 29393749, 29394267, 0.23467304, 0.21877670, 1.63491821, 1.49678004
2355, 29394749, 29395281, 0.23404147, 0.21992111, 1.53968048, 1.36117887
2356, 29395749, 29396277, 0.23334749, 0.22106552, 1.44444275, 1.27753401
2357, 29396749, 29397265, 0.23259784, 0.22220993, 1.31745911, 1.22616518
2358, 29397749, 29398284, 0.23179829, 0.22297287, 1.25396729, 1.19461799
2359, 29398749, 29399280, 0.23095679, 0.22335434, 1.15872955, 1.02804637
2360, 29399749, 29400278, 0.23008053, 0.22411728, 1.06349182, 0.77855211
2361, 29400749, 29401278, 0.22917800, 0.22488022, 0.96825409, 0.77252764
2362, 29401749, 29402276, 0.22825563, 0.22526169, 0.87301636, 0.76882786
2363, 29402749, 29403279, 0.22731981, 0.22564316, 0.74603271, 0.61935818
2364, 29403749, 29404283, 0.22637625, 0.22564316, 0.65079498, 0.52756429
2365, 29404749, 29405277, 0.22543173, 0.22602463, 0.58730316, 0.32399330
2366, 29405749, 29406279, 0.22449088, 0.22602463, 0.46031952, 0.34617171
2367, 29406749, 29407279, 0.22355905, 0.22602463, 0.36508179, 0.21259458
2368, 29407749, 29408283, 0.22263941, 0.22602463, 0.26984406, 0.13056080
2369, 29408749, 29409282, 0.22173581, 0.22564316, 0.20635223, 0.08018136
2370, 29409749, 29410282, 0.22085066, 0.22526169, 0.11111450, -0.09795574
2371, 29410749, 29411280, 0.21998577, 0.22488022, 0.01587677, -0.20735516
2372, 29411749, 29412278, 0.21914195, 0.22449875, -0.07936859, -0.27454066
2373, 29412749, 29413278, 0.21831951, 0.22411728, -0.14286041, -0.31580135
2374, 29413749, 29414278, 0.21751750, 0.22373581, -0.23809814, -0.34114078
2375, 29414749, 29415277, 0.21673551, 0.22335434, -0.26984406, -0.35670248
2376, 29415749, 29416277, 0.21597111, 0.22297287, -0.33333588, -0.36625940
2377, 29416749, 29417275, 0.21522251, 0.22220993, -0.39682770, -0.37212861
2378, 29417749, 29418283, 0.21448672, 0.22182846, -0.42857361, -0.52293062
2379, 29418749, 29419277, 0.21376036, 0.22106552, -0.46031952, -0.46834520
2380, 29419749, 29420282, 0.21303958, 0.22068405, -0.52381134, -0.58202016
2381, 29420749, 29421278, 0.21231967, 0.21992111, -0.52381134, -0.50463384
2382, 29421749, 29422278, 0.21159561, 0.21915817, -0.52381134, -0.60430610
2383, 29422749, 29423278, 0.21086113, 0.21877670, -0.58730316, -0.66551793
2384, 29423749, 29424280, 0.21011025, 0.21839428, -0.58730316, -0.55591238
2385, 29424749, 29425277, 0.20933832, 0.21763134, -0.58730316, -0.48896828
2386, 29425749, 29426279, 0.20853890, 0.21686840, -0.58730316, -0.59468544
2387, 29426749, 29427275, 0.20770440, 0.21610546, -0.61904907, -0.65960956
2388, 29427749, 29428281, 0.20682916, 0.21534252, -0.61904907, -0.69948143
2389, 29428749, 29429279, 0.20590726, 0.21419811, -0.68254089, -0.72396791
2390, 29429749, 29430277, 0.20493340, 0.21305370, -0.71428680, -0.88620341
2391, 29430749, 29431275, 0.20390095, 0.21267223, -0.74603271, -0.98583716
2392, 29431749, 29432282, 0.20280407, 0.21152782, -0.80952454, -0.75263017
2393, 29432749, 29433276, 0.20163846, 0.21038342, -0.87301636, -0.90380579
2394, 29433749, 29434282, 0.20039968, 0.20962048, -0.90476227, -0.99664736
2395, 29434749, 29435278, 0.19908202, 0.20847607, -0.93650818, -0.90646660
2396, 29435749, 29436276, 0.19768299, 0.20771313, -0.96825409, -0.99828142
2397, 29436749, 29437277, 0.19619782, 0.20695019, -0.96825409, -0.90747011
2398, 29437749, 29438275, 0.19462170, 0.20580578, -0.96825409, -0.85170013
2399, 29438749, 29439277, 0.19295257, 0.20504284, -0.93650818, -0.96464765
2400, 29439749, 29440279, 0.19118688, 0.20389843, -0.90476227, -0.88681459
2401, 29440749, 29441279, 0.18932243, 0.20351696, -0.90476227, -0.98621249
2402, 29441749, 29442277, 0.18735702, 0.20237255, -0.90476227, -0.75286067
2403, 29442749, 29443286, 0.18528755, 0.20122814, -0.93650818, -0.90394729
2404, 29443749, 29444280, 0.18311153, 0.20046520, -0.93650818, -0.99673426
2405, 29444749, 29445276, 0.18082634, 0.19932079, -0.93650818, -0.90652001
2406, 29445749, 29446280, 0.17842978, 0.19817638, -0.96825409, -0.99831420
2407, 29446749, 29447282, 0.17592089, 0.19703197, -0.96825409, -1.05468786
2408, 29447749, 29448285, 0.17329791, 0.19626904, -1.00000000, -1.08930862
2409, 29448749, 29449281, 0.17055994, 0.19512463, -1.03174591, -0.96337271
2410, 29449749, 29450283, 0.16770479, 0.19398022, -1.00000000, -1.03322911
2411, 29450749, 29451281, 0.16473134, 0.19321728, -1.00000000, -1.07613015
2412, 29451749, 29452287, 0.16163921, 0.19245434, -1.00000000, -0.95527941
2413, 29452749, 29453271, 0.15842737, 0.19130993, -1.00000000, -0.88106126
2414, 29453749, 29454281, 0.15509443, 0.19054699, -1.00000000, -0.98267925
2415, 29454749, 29455284, 0.15163860, 0.18902111, -1.00000000, -0.89788836
2416, 29455749, 29456276, 0.14806098, 0.18787670, -1.03174591, -1.14021075
2417, 29456749, 29457276, 0.14436077, 0.18673229, -1.03174591, -1.14183080
2418, 29457749, 29458276, 0.14053768, 0.18482494, -1.12698364, -1.14282572
2419, 29458749, 29459274, 0.13659249, 0.18368053, -1.19047546, -1.43783188
2420, 29459749, 29460273, 0.13252556, 0.18139172, -1.25396729, -1.32460904
2421, 29460749, 29461281, 0.12833871, 0.17986584, -1.34920502, -1.69666803
2422, 29461749, 29462273, 0.12403090, 0.17757702, -1.47618866, -1.63076568
2423, 29462749, 29463273, 0.11960445, 0.17528820, -1.63492203, -1.88468814
2424, 29463749, 29464277, 0.11505949, 0.17338085, -1.73015976, -2.04062963
2425, 29464749, 29465275, 0.11039648, 0.17109203, -1.85714340, -1.98920047
2426, 29465749, 29466284, 0.10561595, 0.16880322, -1.95238113, -2.10481405
2427, 29466749, 29467278, 0.10072014, 0.16651440, -2.04761887, -2.17581582
2428, 29467749, 29468276, 0.09571025, 0.16384411, -2.14285660, -2.21941996
2429, 29468749, 29469276, 0.09058856, 0.16041088, -2.30158615, -2.39339638
2430, 29469749, 29470268, 0.08535689, 0.15697765, -2.42856979, -2.79463577
2431, 29470749, 29471279, 0.08001637, 0.15354347, -2.55555725, -3.04104900
2432, 29471749, 29472269, 0.07456909, 0.15049171, -2.71428680, -3.19274664
2433, 29472749, 29473271, 0.06901581, 0.14705849, -2.84127045, -3.13834333
2434, 29473749, 29474271, 0.06335998, 0.14324379, -3.03174591, -3.25213027
2435, 29474749, 29475281, 0.05760552, 0.13904762, -3.22222137, -3.46920776
2436, 29475749, 29476278, 0.05175430, 0.13485146, -3.41269684, -3.74971914
2437, 29476749, 29477268, 0.04580973, 0.13103676, -3.57143021, -3.92198968
2438, 29477749, 29478272, 0.03977497, 0.12684059, -3.69841385, -3.88058877
2439, 29478749, 29479278, 0.03365264, 0.12226295, -3.82539749, -4.00236082
2440, 29479749, 29480278, 0.02744664, 0.11768532, -3.95238113, -4.22434235
2441, 29480749, 29481282, 0.02115897, 0.11310768, -4.07936478, -4.36066771
2442, 29481749, 29482283, 0.01479190, 0.10853004, -4.20634842, -4.44438934
2443, 29482749, 29483277, 0.00834844, 0.10357094, -4.33333206, -4.49580526
2444, 29483749, 29484275, 0.00183243, 0.09899330, -4.42856979, -4.67457914
2445, 29484749, 29485273, -0.00475325, 0.09365177, -4.55555725, -4.63717222
2446, 29485749, 29486273, -0.01140424, 0.08869267, -4.68254089, -4.90896225
2447, 29486749, 29487275, -0.01811744, 0.08335209, -4.80952454, -4.92831087
2448, 29487749, 29488276, -0.02488790, 0.07801151, -4.90476227, -5.08739138
2449, 29488749, 29489276, -0.03171366, 0.07228947, -5.00000000, -5.18508768
2450, 29489749, 29490276, -0.03859033, 0.06694889, -5.12698364, -5.39228344
2451, 29490749, 29491278, -0.04551512, 0.06160831, -5.22222137, -5.37233114
2452, 29491749, 29492270, -0.05248384, 0.05588627, -5.31745911, -5.36007786
2453, 29492749, 29493279, -0.05949238, 0.04978275, -5.38095093, -5.49975014
2454, 29493749, 29494277, -0.06653754, 0.04406071, -5.44444275, -5.73272514
2455, 29494749, 29495271, -0.07361662, 0.03833866, -5.53968430, -5.72860432
2456, 29495749, 29496277, -0.08072472, 0.03261662, -5.60317612, -5.72607327
2457, 29496749, 29497275, -0.08786079, 0.02651215, -5.66666794, -5.72451925
2458, 29497749, 29498277, -0.09502026, 0.02040863, -5.76190567, -5.87112999
2459, 29498749, 29499276, -0.10219787, 0.01430511, -5.82539749, -5.96080065
2460, 29499749, 29500272, -0.10938866, 0.00820160, -5.88888931, -6.01587009
2461, 29500749, 29501278, -0.11658943, 0.00133514, -5.98412704, -6.04968977
2462, 29501749, 29502276, -0.12379636, -0.00438690, -6.07936478, -6.36485481
2463, 29502749, 29503274, -0.13100310, -0.01125336, -6.14285660, -6.11681414
2464, 29503749, 29504271, -0.13820545, -0.01773834, -6.20634842, -6.40607786
2465, 29504749, 29505275, -0.14539810, -0.02422333, -6.26984024, -6.43652630
2466, 29505749, 29506275, -0.15257499, -0.03032684, -6.30158615, -6.45522499
2467, 29506749, 29507275, -0.15973096, -0.03681278, -6.39682388, -6.31951141
2468, 29507749, 29508273, -0.16686070, -0.04367924, -6.42856979, -6.38373041
2469, 29508749, 29509271, -0.17395678, -0.05054569, -6.49206161, -6.56999922
2470, 29509749, 29510274, -0.18101333, -0.05741215, -6.55555725, -6.68439245
2471, 29510749, 29511276, -0.18802251, -0.06389713, -6.58730316, -6.75464487
2472, 29511749, 29512272, -0.19497669, -0.07076359, -6.65079498, -6.65059185
2473, 29512749, 29513272, -0.20186834, -0.07763004, -6.68254089, -6.73388720
2474, 29513749, 29514270, -0.20868908, -0.08487797, -6.74603271, -6.78504086
2475, 29514749, 29515277, -0.21543066, -0.09174442, -6.77777863, -6.96365356
2476, 29515749, 29516273, -0.22208589, -0.09861183, -6.80952454, -6.92614794
2477, 29516749, 29517271, -0.22864625, -0.10509682, -6.84127045, -6.90348196
2478, 29517749, 29518273, -0.23510143, -0.11234474, -6.87301636, -6.74199724
2479, 29518749, 29519271, -0.24144216, -0.11921120, -6.90476227, -6.93721914
2480, 29519749, 29520269, -0.24765898, -0.12607765, -6.90476227, -6.90991354
2481, 29520749, 29521274, -0.25374463, -0.13294411, -6.90476227, -6.89314413
2482, 29521749, 29522282, -0.25968713, -0.13981056, -6.93650818, -6.88284540
2483, 29522749, 29523274, -0.26547721, -0.14705849, -6.93650818, -6.87652063
2484, 29523749, 29524270, -0.27110714, -0.15392494, -6.93650818, -7.01983404
2485, 29524749, 29525272, -0.27656659, -0.16079235, -6.93650818, -6.96064997
2486, 29525749, 29526271, -0.28184566, -0.16765881, -6.90476227, -6.92467070
2487, 29526749, 29527271, -0.28693619, -0.17414379, -6.90476227, -6.90220690
2488, 29527749, 29528271, -0.29183152, -0.18101025, -6.90476227, -6.74121380
2489, 29528749, 29529273, -0.29652661, -0.18787670, -6.87301636, -6.78954077
2490, 29529749, 29530283, -0.30101684, -0.19474316, -6.87301636, -6.81921959
2491, 29530749, 29531271, -0.30529848, -0.20122814, -6.84127045, -6.83744669
2492, 29531749, 29532271, -0.30937180, -0.20771313, -6.80952454, -6.70144272
2493, 29532749, 29533268, -0.31323579, -0.21419811, -6.77777863, -6.61791849
2494, 29533749, 29534266, -0.31689459, -0.22106552, -6.74603271, -6.56662369
2495, 29534749, 29535266, -0.32035634, -0.22793198, -6.71428680, -6.68268776
2496, 29535749, 29536266, -0.32362956, -0.23441696, -6.68254089, -6.75359821
2497, 29536749, 29537280, -0.32672563, -0.24090195, -6.68254089, -6.64994860
2498, 29537749, 29538267, -0.32965729, -0.24700546, -6.61904907, -6.58629465
2499, 29538749, 29539267, -0.33243439, -0.25272751, -6.55555725, -6.40000486
2500, 29539749, 29540267, -0.33506998, -0.25883102, -6.49206161, -6.13840103
2501, 29540749, 29541269, -0.33757475, -0.26417160, -6.33333206, -6.12493992
2502, 29541749, 29542265, -0.33995783, -0.26951218, -6.23809433, -5.82227802
2503, 29542749, 29543265, -0.34222507, -0.27485275, -6.07936478, -5.63640404
2504, 29543749, 29544264, -0.34438175, -0.27981186, -5.92063522, -5.52225304
2505, 29544749, 29545278, -0.34643322, -0.28477192, -5.69841385, -5.30495167
2506, 29545749, 29546278, -0.34837982, -0.28934956, -5.50793839, -5.17186880
2507, 29546749, 29547276, -0.35022050, -0.29316425, -5.28571320, -4.94257307
2508, 29547749, 29548278, -0.35195616, -0.29736042, -5.03174591, -4.50735998
2509, 29548749, 29549263, -0.35358340, -0.30117512, -4.84127045, -4.38727999
2510, 29549749, 29550279, -0.35510108, -0.30498981, -4.58730316, -4.16633749
2511, 29550749, 29551265, -0.35650405, -0.30804157, -4.36507797, -4.03065014
2512, 29551749, 29552283, -0.35778850, -0.31147480, -4.04761887, -3.65292549
2513, 29552749, 29553275, -0.35895023, -0.31414509, -3.92063522, -3.56815076
2514, 29553749, 29554277, -0.35998651, -0.31719685, -3.69841385, -3.22169280
2515, 29554749, 29555262, -0.36089671, -0.31948566, -3.50793839, -3.15612006
2516, 29555749, 29556276, -0.36167827, -0.32215595, -3.28571320, -2.82145476
2517, 29556749, 29557278, -0.36232865, -0.32406330, -3.00000000, -2.76312399
2518, 29557749, 29558278, -0.36284587, -0.32673359, -2.84127045, -2.43290639
2519, 29558749, 29559274, -0.36322713, -0.32864094, -2.77777863, -2.52450466
2520, 29559749, 29560272, -0.36346978, -0.33054829, -2.58730316, -2.28636289
2521, 29560749, 29561275, -0.36357138, -0.33245564, -2.42856979, -2.14011288
2522, 29561749, 29562275, -0.36352772, -0.33398151, -2.26984024, -2.05029607
2523, 29562749, 29563273, -0.36333638, -0.33550739, -2.14285660, -1.84793949
2524, 29563749, 29564279, -0.36299464, -0.33703327, -2.01587296, -1.72366619
2525, 29564749, 29565285, -0.36249995, -0.33855915, -1.85714340, -1.64734614
2526, 29565749, 29566277, -0.36184862, -0.33970356, -1.79365158, -1.60047555
2527, 29566749, 29567280, -0.36103913, -0.34084797, -1.66666794, -1.42449343
2528, 29567749, 29568280, -0.36006910, -0.34237385, -1.57143021, -1.31641757
2529, 29568749, 29569278, -0.35893655, -0.34313679, -1.47618866, -1.39724231
2530, 29569749, 29570276, -0.35764000, -0.34390068, -1.38095093, -1.15248418
2531, 29570749, 29571276, -0.35617933, -0.34504509, -1.28571320, -1.00253868
2532, 29571749, 29572277, -0.35455418, -0.34580803, -1.19047546, -1.05728221
2533, 29572749, 29573275, -0.35276628, -0.34657097, -1.09523773, -0.94370431
2534, 29573749, 29574285, -0.35081559, -0.34695244, -1.00000000, -0.87395263
2535, 29574749, 29575277, -0.34870115, -0.34733391, -0.90476227, -0.68391842
2536, 29575749, 29576277, -0.34642395, -0.34771538, -0.80952454, -0.56721270
2537, 29576749, 29577277, -0.34398383, -0.34771538, -0.71428680, -0.49554014
2538, 29577749, 29578276, -0.34138134, -0.34809685, -0.61904907, -0.30432630
2539, 29578749, 29579276, -0.33861649, -0.34809685, -0.52381134, -0.33409360
2540, 29579749, 29580282, -0.33569118, -0.34809685, -0.39682770, -0.20517705
2541, 29580749, 29581276, -0.33260652, -0.34771538, -0.30158997, -0.12600547
2542, 29581749, 29582274, -0.32936415, -0.34733391, -0.17460632, 0.06981375
2543, 29582749, 29583277, -0.32596579, -0.34695244, -0.07936859, 0.19007230
2544, 29583749, 29584275, -0.32241380, -0.34618950, 0.04762268, 0.26392674
2545, 29584749, 29585279, -0.31871155, -0.34542656, 0.17460632, 0.45648053
2546, 29585749, 29586273, -0.31486025, -0.34428215, 0.33333588, 0.57473367
2547, 29586749, 29587275, -0.31086344, -0.34313679, 0.46031952, 0.79455411
2548, 29587749, 29588281, -0.30672342, -0.34199238, 0.58730316, 0.92992055
2549, 29588749, 29589280, -0.30244210, -0.34046650, 0.74603271, 1.01268518
2550, 29589749, 29590272, -0.29802269, -0.33932209, 0.87301636, 1.21071100
2551, 29590749, 29591276, -0.29346639, -0.33741474, 1.03174591, 1.18512714
2552, 29591749, 29592284, -0.28877652, -0.33550739, 1.15872955, 1.46381044
2553, 29592749, 29593272, -0.28395697, -0.33321857, 1.31745911, 1.63495827
2554, 29593749, 29594273, -0.27901053, -0.33131123, 1.44444275, 1.88726294
2555, 29594749, 29595271, -0.27394184, -0.32902241, 1.60317230, 1.89501345
2556, 29595749, 29596277, -0.26875591, -0.32673359, 1.76190186, 2.04697084
2557, 29596749, 29597271, -0.26345810, -0.32368183, 1.88888550, 2.14029241
2558, 29597749, 29598271, -0.25805479, -0.32101154, 2.07936859, 2.49199915
2559, 29598749, 29599268, -0.25255233, -0.31834126, 2.20635223, 2.56079555
2560, 29599749, 29600268, -0.24695562, -0.31490803, 2.36508179, 2.60304523
2561, 29600749, 29601274, -0.24127102, -0.31185627, 2.68254089, 2.92338729
2562, 29601749, 29602272, -0.23550379, -0.30842304, 2.71428680, 2.97292161
2563, 29602749, 29603276, -0.22966078, -0.30498981, 2.84127045, 3.15053964
2564, 29603749, 29604274, -0.22374913, -0.30117512, 3.00000000, 3.25962019
2565, 29604749, 29605267, -0.21777558, -0.29736042, 3.15872955, 3.47380733
2566, 29605749, 29606275, -0.21174422, -0.29316425, 3.31745911, 3.60534620
2567, 29606749, 29607275, -0.20566124, -0.28934956, 3.47618866, 3.83332586
2568, 29607749, 29608271, -0.19953161, -0.28515339, 3.60317230, 3.82613754
2569, 29608749, 29609275, -0.19335818, -0.28057480, 3.60317230, 3.96892047
2570, 29609749, 29610281, -0.18714362, -0.27561569, 3.98412323, 4.20417356
2571, 29610749, 29611278, -0.18089134, -0.27103806, 4.07936859, 4.49547911
2572, 29611749, 29612272, -0.17460492, -0.26607895, 4.20635223, 4.52718115
2573, 29612749, 29613276, -0.16828801, -0.26111984, 4.36508179, 4.69384813
2574, 29613749, 29614274, -0.16194591, -0.25616074, 4.61904907, 4.79620314
2575, 29614749, 29615272, -0.15558067, -0.25158310, 4.61904907, 4.85906267
2576, 29615749, 29616271, -0.14919570, -0.24586105, 4.71428680, 4.75046873
2577, 29616749, 29617269, -0.14279442, -0.24090195, 4.80952454, 5.12537098
2578, 29617749, 29618271, -0.13638087, -0.23556137, 4.93650818, 5.06121445
2579, 29618749, 29619279, -0.12995844, -0.22983932, 5.06349182, 5.16901159
2580, 29619749, 29620271, -0.12353081, -0.22449875, 5.09523773, 5.38241100
2581, 29620749, 29621273, -0.11710203, -0.21877670, 5.19047546, 5.36626816
2582, 29621749, 29622278, -0.11067566, -0.21343517, 5.09523773, 5.50355196
2583, 29622749, 29623280, -0.10425424, -0.20771313, 5.31745911, 5.44103289
2584, 29623749, 29624274, -0.09784145, -0.20160961, 5.47618866, 5.54946756
2585, 29624749, 29625280, -0.09144183, -0.19588757, 5.63491821, 5.76325750
2586, 29625749, 29626278, -0.08505798, -0.18978405, 5.63491821, 5.74735546
2587, 29626749, 29627267, -0.07869408, -0.18406200, 5.66666412, 5.88478708
2588, 29627749, 29628277, -0.07235381, -0.17795849, 5.76190186, 5.82199049
2589, 29628749, 29629279, -0.06604145, -0.17185497, 5.82539368, 5.93062258
2590, 29629749, 29630267, -0.05976171, -0.16613293, 5.85713959, 5.99733639
2591, 29630749, 29631275, -0.05351891, -0.16002941, 5.92063141, 5.89110994
2592, 29631749, 29632279, -0.04731558, -0.15430641, 5.95237732, 5.97307062
2593, 29632749, 29633274, -0.04115602, -0.14782143, 5.79364777, 5.87657595
2594, 29633749, 29634278, -0.03504447, -0.14171791, 5.98412323, 6.11134291
2595, 29634749, 29635278, -0.02898429, -0.13599586, 5.98412323, 6.10832262
2596, 29635749, 29636280, -0.02297951, -0.12912941, 6.04762268, 5.95927048
2597, 29636749, 29637280, -0.01703388, -0.12302589, 6.07936859, 6.30932570
2598, 29637749, 29638279, -0.01115174, -0.11730385, 6.11111450, 6.22990990
2599, 29638749, 29639277, -0.00533525, -0.11081886, 6.14286041, 6.03394032
2600, 29639749, 29640279, 0.00041085, -0.10433388, 6.17460632, 6.20798492
2601, 29640749, 29641279, 0.00608323, -0.09861183, 6.17460632, 6.31487083
2602, 29641749, 29642275, 0.01167791, -0.09212589, 6.17460632, 6.08611774
2603, 29642749, 29643279, 0.01719121, -0.08602238, 6.17460632, 6.24039650
2604, 29643749, 29644278, 0.02262015, -0.07991886, 6.14286041, 6.18757868
2605, 29644749, 29645282, 0.02796083, -0.07381535, 6.14286041, 6.15514135
2606, 29645749, 29646276, 0.03321154, -0.06809330, 6.11111450, 6.13522053
2607, 29646749, 29647280, 0.03836826, -0.06198978, 6.07936859, 5.97578907
2608, 29647749, 29648272, 0.04342712, -0.05588627, 6.04762268, 6.02507496
2609, 29648749, 29649281, 0.04838367, -0.05016422, 6.04762268, 6.05534315
2610, 29649749, 29650275, 0.05323473, -0.04406071, 6.01587677, 5.92673397
2611, 29650749, 29651275, 0.05797653, -0.03795719, 6.01587677, 5.99494886
2612, 29651749, 29652275, 0.06260554, -0.03223515, 5.98412323, 6.03684139
2613, 29652749, 29653275, 0.06711700, -0.02613068, 5.95237732, 5.91537142
2614, 29653749, 29654278, 0.07150724, -0.02040863, 5.95237732, 5.98833799
2615, 29654749, 29655274, 0.07577268, -0.01468658, 5.92063141, 5.88558388
2616, 29655749, 29656272, 0.07990990, -0.00858307, 5.92063141, 5.82247925
2617, 29656749, 29657282, 0.08391652, -0.00286102, 5.88888550, 5.93092299
2618, 29657749, 29658274, 0.08778836, 0.00286102, 5.85713959, 5.85032368
2619, 29658749, 29659270, 0.09152182, 0.00858307, 5.82539368, 5.80082512
2620, 29659749, 29660271, 0.09511542, 0.01392365, 5.76190186, 5.77042627
2621, 29660749, 29661271, 0.09856641, 0.01926422, 5.69841003, 5.60455990
2622, 29661749, 29662275, 0.10187285, 0.02460480, 5.63491821, 5.50269651
2623, 29662749, 29663271, 0.10503411, 0.02994537, 5.57142639, 5.44013882
2624, 29663749, 29664273, 0.10804936, 0.03490543, 5.47618866, 5.40172052
2625, 29664749, 29665271, 0.11091704, 0.03986454, 5.41269684, 5.23129702
2626, 29665749, 29666272, 0.11363532, 0.04520512, 5.31745911, 5.12626696
2627, 29666749, 29667274, 0.11620355, 0.05016422, 5.25396729, 5.20896196
2628, 29667749, 29668272, 0.11862118, 0.05512333, 5.15872955, 5.11255026
2629, 29668749, 29669274, 0.12088782, 0.05931950, 5.06349182, 5.05334091
2630, 29669749, 29670272, 0.12300500, 0.06389713, 4.93650818, 4.72258329
2631, 29670749, 29671271, 0.12497377, 0.06809330, 4.80952454, 4.66665268
2632, 29671749, 29672269, 0.12679666, 0.07190800, 4.65079498, 4.48510647
2633, 29672749, 29673269, 0.12847559, 0.07534122, 4.49206543, 4.22641563
2634, 29673749, 29674271, 0.13001248, 0.07915592, 4.33333588, 3.92034864
2635, 29674749, 29675269, 0.13140975, 0.08258915, 4.14286041, 3.87958097
2636, 29675749, 29676272, 0.13267039, 0.08640385, 3.95237732, 3.70734692
2637, 29676749, 29677270, 0.13379852, 0.08945560, 3.79364777, 3.74877000
2638, 29677749, 29678268, 0.13479891, 0.09250736, 3.63491821, 3.47981405
2639, 29678749, 29679270, 0.13567932, 0.09517860, 3.47618866, 3.31464028
2640, 29679749, 29680270, 0.13644601, 0.09784889, 3.31745911, 3.06637239
2641, 29680749, 29681270, 0.13710311, 0.10013771, 3.15872955, 2.91353559
2642, 29681749, 29682269, 0.13765544, 0.10280800, 3.00000000, 2.67247629
2643, 29682749, 29683267, 0.13810833, 0.10471535, 2.84127045, 2.67163205
2644, 29683749, 29684279, 0.13846537, 0.10700417, 2.68254089, 2.37671828
2645, 29684749, 29685265, 0.13873006, 0.10929298, 2.52381134, 2.34280038
2646, 29685749, 29686277, 0.13890760, 0.11081886, 2.36508179, 2.32197046
2647, 29686749, 29687283, 0.13900381, 0.11272621, 2.23809814, 2.01478291
2648, 29687749, 29688268, 0.13902508, 0.11425209, 2.11111450, 1.97332728
2649, 29688749, 29689286, 0.13897823, 0.11577797, 1.98412323, 1.80067050
2650, 29689749, 29690280, 0.13886972, 0.11730385, 1.85713959, 1.69463682
2651, 29690749, 29691266, 0.13870779, 0.11844826, 1.73015594, 1.62951827
2652, 29691749, 29692266, 0.13850030, 0.11959267, 1.60317230, 1.44232941
2653, 29692749, 29693269, 0.13825637, 0.12073708, 1.47618866, 1.32737100
2654, 29693749, 29694281, 0.13798293, 0.12188148, 1.41269684, 1.25677168
2655, 29694749, 29695285, 0.13768761, 0.12264442, 1.31745911, 1.21341443
2656, 29695749, 29696281, 0.13737732, 0.12378883, 1.22222137, 1.03958988
2657, 29696749, 29697277, 0.13706008, 0.12493324, 1.15872955, 1.08003640
2658, 29697749, 29698269, 0.13674185, 0.12569618, 1.06349182, 1.10487592
2659, 29698749, 29699271, 0.13642941, 0.12607765, 1.00000000, 0.97293305
2660, 29699749, 29700278, 0.13612807, 0.12645912, 0.90476227, 0.74470532
2661, 29700749, 29701280, 0.13584457, 0.12722206, 0.80952454, 0.60454375
2662, 29701749, 29702278, 0.13558432, 0.12760353, 0.74603271, 0.66566384
2663, 29702749, 29703280, 0.13535243, 0.12836647, 0.68254089, 0.55600202
2664, 29703749, 29704276, 0.13515334, 0.12874794, 0.61904907, 0.63585287
2665, 29704749, 29705263, 0.13499151, 0.12874794, 0.49206543, 0.53769416
2666, 29705749, 29706279, 0.13486993, 0.12874794, 0.42857361, 0.33021435
2667, 29706749, 29707279, 0.13479064, 0.12874794, 0.36508179, 0.20279469
2668, 29707749, 29708283, 0.13475452, 0.12912941, 0.33333588, 0.12454239
2669, 29708749, 29709279, 0.13476264, 0.12912941, 0.26984406, 0.22368284
2670, 29709749, 29710278, 0.13481502, 0.12912941, 0.20635223, 0.13737044
2671, 29710749, 29711280, 0.13491116, 0.12912941, 0.14286041, 0.08436337
2672, 29711749, 29712282, 0.13504872, 0.12912941, 0.11111450, 0.05181012
2673, 29712749, 29713282, 0.13522491, 0.12874794, 0.04762268, 0.03181817
2674, 29713749, 29714280, 0.13543613, 0.12874794, -0.01587677, -0.12765704
2675, 29714749, 29715282, 0.13567817, 0.12874794, -0.01587677, -0.07839808
2676, 29715749, 29716279, 0.13594504, 0.12874794, -0.07936859, -0.04814665
2677, 29716749, 29717285, 0.13623051, 0.12874794, -0.07936859, -0.02956832
2678, 29717749, 29718279, 0.13652840, 0.12836647, -0.14286041, -0.01815881
2679, 29718749, 29719281, 0.13683185, 0.12836647, -0.14286041, -0.15834942
2680, 29719749, 29720287, 0.13713363, 0.12798500, -0.17460632, -0.09724721
2681, 29720749, 29721279, 0.13742571, 0.12798500, -0.14286041, -0.20692001
2682, 29721749, 29722280, 0.13769946, 0.12798500, -0.14286041, -0.12707588
2683, 29722749, 29723276, 0.13794643, 0.12760353, -0.17460632, -0.07804117
2684, 29723749, 29724278, 0.13815871, 0.12760353, -0.14286041, -0.19512500
2685, 29724749, 29725278, 0.13832761, 0.12760353, -0.14286041, -0.11983220
2686, 29725749, 29726278, 0.13844508, 0.12760353, -0.11111450, -0.07359260
2687, 29726749, 29727275, 0.13850266, 0.12722206, -0.11111450, -0.04519546
2688, 29727749, 29728281, 0.13849390, 0.12684059, -0.14286041, -0.17495345
2689, 29728749, 29729279, 0.13841164, 0.12684059, -0.14286041, -0.25464180
2690, 29729749, 29730277, 0.13824868, 0.12645912, -0.17460632, -0.15638329
2691, 29730749, 29731273, 0.13799953, 0.12645912, -0.14286041, -0.24323730
2692, 29731749, 29732279, 0.13765752, 0.12645912, -0.14286041, -0.14937943
2693, 29732749, 29733276, 0.13721678, 0.12684059, -0.11111450, -0.09173845
2694, 29733749, 29734274, 0.13667378, 0.12684059, -0.11111450, 0.09085817
2695, 29734749, 29735286, 0.13602392, 0.12722206, -0.04762268, 0.05579877
2696, 29735749, 29736280, 0.13526280, 0.12760353, 0.01587677, 0.18146527
2697, 29736749, 29737276, 0.13438754, 0.12760353, 0.04762268, 0.25864089
2698, 29737749, 29738274, 0.13339570, 0.12798500, 0.11111450, 0.15883924
2699, 29738749, 29739281, 0.13228437, 0.12798500, 0.14286041, 0.24474557
2700, 29739749, 29740275, 0.13105036, 0.12836647, 0.17460632, 0.15030570
2701, 29740749, 29741277, 0.12969242, 0.12836647, 0.17460632, 0.23950486
2702, 29741749, 29742277, 0.12820920, 0.12874794, 0.17460632, 0.14708723
2703, 29742749, 29743277, 0.12659931, 0.12874794, 0.14286041, 0.23752829
2704, 29743749, 29744271, 0.12486138, 0.12874794, 0.17460632, 0.14587335
2705, 29744749, 29745282, 0.12299378, 0.12912941, 0.17460632, 0.08958527
2706, 29745749, 29746274, 0.12099659, 0.12912941, 0.17460632, 0.20221458
2707, 29746749, 29747280, 0.11887005, 0.12951088, 0.17460632, 0.12418614
2708, 29747749, 29748272, 0.11661295, 0.12951088, 0.17460632, 0.22346404
2709, 29748749, 29749286, 0.11422521, 0.12989235, 0.17460632, 0.13723607
2710, 29749749, 29750277, 0.11170665, 0.12989235, 0.17460632, 0.23147841
2711, 29750749, 29751277, 0.10905766, 0.12989235, 0.14286041, 0.14215794
2712, 29751749, 29752275, 0.10627969, 0.12951088, 0.07936859, 0.08730352
2713, 29752749, 29753281, 0.10337336, 0.12951088, 0.04762268, -0.09358180
2714, 29753749, 29754279, 0.10033924, 0.12912941, -0.01587677, -0.05747144
2715, 29754749, 29755278, 0.09717926, 0.12874794, -0.04762268, -0.18249251
2716, 29755749, 29756276, 0.09389489, 0.12836647, -0.14286041, -0.25927177
2717, 29756749, 29757276, 0.09048799, 0.12760353, -0.23809814, -0.30642423
2718, 29757749, 29758284, 0.08696125, 0.12684059, -0.33333588, -0.48257956
2719, 29758749, 29759282, 0.08331843, 0.12569618, -0.46031952, -0.59076190
2720, 29759749, 29760282, 0.07956218, 0.12455177, -0.58730316, -0.80439752
2721, 29760749, 29761273, 0.07569420, 0.12340736, -0.71428680, -0.93559772
2722, 29761749, 29762281, 0.07171783, 0.12226295, -0.84127045, -1.01617169
2723, 29762749, 29763273, 0.06763650, 0.12073708, -0.96825409, -1.06565464
2724, 29763749, 29764273, 0.06345475, 0.11921120, -1.09523773, -1.24324119
2725, 29764749, 29765277, 0.05917539, 0.11692238, -1.25396729, -1.35230243
2726, 29765749, 29766279, 0.05480133, 0.11463356, -1.41269684, -1.71367550
2727, 29766749, 29767272, 0.05033552, 0.11234474, -1.60317612, -1.93560565
2728, 29767749, 29768274, 0.04578055, 0.10967445, -1.79365158, -2.07189965
2729, 29768749, 29769280, 0.04114002, 0.10662270, -1.98412704, -2.30279946
2730, 29769749, 29770284, 0.03641753, 0.10357094, -2.17460251, -2.59179974
2731, 29770749, 29771274, 0.03161655, 0.10051918, -2.39682388, -2.76928353
2732, 29771749, 29772271, 0.02673968, 0.09746742, -2.61904907, -2.87828159
2733, 29772749, 29773269, 0.02179002, 0.09365177, -2.80952454, -2.94522095
2734, 29773749, 29774277, 0.01676933, 0.08983707, -3.00000000, -3.28109336
2735, 29774749, 29775275, 0.01168050, 0.08640385, -3.15872955, -3.48699498
2736, 29775749, 29776269, 0.00652665, 0.08258915, -3.31745911, -3.46624780
2737, 29776749, 29777278, 0.00131091, 0.07839298, -3.47618866, -3.60070395
2738, 29777749, 29778272, -0.00396408, 0.07457829, -3.63492203, -3.83047509
2739, 29778749, 29779278, -0.00929639, 0.07038212, -3.73015976, -3.82438684
2740, 29779749, 29780276, -0.01468334, 0.06580448, -3.88888931, -3.96784544
2741, 29780749, 29781280, -0.02012347, 0.06160831, -3.98412704, -4.20314550
2742, 29781749, 29782274, -0.02561425, 0.05703068, -4.07936478, -4.20045280
2743, 29782749, 29783279, -0.03115267, 0.05283451, -4.17460251, -4.34599638
2744, 29783749, 29784277, -0.03673615, 0.04825687, -4.26984024, -4.28818178
2745, 29784749, 29785279, -0.04236197, 0.04329777, -4.33333206, -4.39987373
2746, 29785749, 29786271, -0.04802777, 0.03872013, -4.39682388, -4.61566448
2747, 29786749, 29787277, -0.05373098, 0.03376102, -4.49206161, -4.60099077
2748, 29787749, 29788280, -0.05946832, 0.02918243, -4.55555725, -4.73917675
2749, 29788749, 29789280, -0.06523733, 0.02460480, -4.61904907, -4.67721128
2750, 29789749, 29790278, -0.07103498, 0.01926422, -4.68254089, -4.63878870
2751, 29790749, 29791274, -0.07685743, 0.01468658, -4.74603271, -4.90958738
2752, 29791749, 29792276, -0.08270165, 0.00934601, -4.80952454, -4.78149748
2753, 29792749, 29793280, -0.08856367, 0.00438690, -4.87301636, -4.99722862
2754, 29793749, 29794273, -0.09443936, -0.00095367, -4.93650818, -4.98251820
2755, 29794749, 29795275, -0.10032441, -0.00591278, -4.96825409, -5.12068176
2756, 29795749, 29796275, -0.10621594, -0.01125336, -5.03174591, -5.05833435
2757, 29796749, 29797275, -0.11211029, -0.01621246, -5.06349182, -5.16724300
2758, 29797749, 29798275, -0.11800271, -0.02117157, -5.09523773, -5.08692932
2759, 29798749, 29799276, -0.12388895, -0.02689362, -5.12698364, -5.03760624
2760, 29799749, 29800274, -0.12976407, -0.03185368, -5.19047546, -5.30171061
2761, 29800749, 29801272, -0.13562268, -0.03719425, -5.19047546, -5.16987801
2762, 29801749, 29802274, -0.14146112, -0.04291630, -5.22222137, -5.23574543
2763, 29802749, 29803274, -0.14727423, -0.04825687, -5.25396729, -5.42339373
2764, 29803749, 29804276, -0.15305635, -0.05359745, -5.31745911, -5.39143658
2765, 29804749, 29805275, -0.15880296, -0.05893803, -5.38095093, -5.37181139
2766, 29805749, 29806275, -0.16450782, -0.06466007, -5.38095093, -5.35975838
2767, 29806749, 29807273, -0.17016460, -0.07000065, -5.41269684, -5.49955416
2768, 29807749, 29808273, -0.17576841, -0.07572269, -5.47618866, -5.43820906
2769, 29808749, 29809277, -0.18131322, -0.08144474, -5.50793839, -5.54773331
2770, 29809749, 29810272, -0.18679373, -0.08678532, -5.53968430, -5.61499500
2771, 29810749, 29811280, -0.19220372, -0.09250736, -5.57143021, -5.50910521
2772, 29811749, 29812276, -0.19753490, -0.09823036, -5.57143021, -5.59127283
2773, 29812749, 29813276, -0.20278025, -0.10395241, -5.57143021, -5.64210224
2774, 29813749, 29814274, -0.20793369, -0.10929298, -5.60317612, -5.67294979
2775, 29814749, 29815274, -0.21298751, -0.11501503, -5.63492203, -5.54469681
2776, 29815749, 29816275, -0.21793431, -0.12073708, -5.63492203, -5.61313009
2777, 29816749, 29817273, -0.22276625, -0.12607765, -5.63492203, -5.65515757
2778, 29817749, 29818273, -0.22747593, -0.13218117, -5.63492203, -5.53377008
2779, 29818749, 29819271, -0.23205501, -0.13752174, -5.66666794, -5.75361729
2780, 29819749, 29820275, -0.23649485, -0.14324379, -5.63492203, -5.59423733
2781, 29820749, 29821273, -0.24078697, -0.14858437, -5.60317612, -5.64355469
2782, 29821749, 29822274, -0.24492332, -0.15430641, -5.63492203, -5.52664471
2783, 29822749, 29823270, -0.24889541, -0.15964794, -5.63492203, -5.60204411
2784, 29823749, 29824270, -0.25269628, -0.16498852, -5.60317612, -5.50151968
2785, 29824749, 29825274, -0.25631833, -0.17071056, -5.57143021, -5.43941641
2786, 29825749, 29826272, -0.25975507, -0.17605114, -5.57143021, -5.54847479
2787, 29826749, 29827271, -0.26300284, -0.18139172, -5.53968430, -5.46825266
2788, 29827749, 29828267, -0.26605994, -0.18711376, -5.53968430, -5.41898584
2789, 29828749, 29829269, -0.26892540, -0.19283581, -5.53968430, -5.53592777
2790, 29829749, 29830267, -0.27159801, -0.19855785, -5.50793839, -5.60774469
2791, 29830749, 29831267, -0.27407807, -0.20389843, -5.50793839, -5.65185022
2792, 29831749, 29832266, -0.27636838, -0.20885754, -5.47618866, -5.53173876
2793, 29832749, 29833266, -0.27847192, -0.21419811, -5.44444275, -5.31077719
2794, 29833749, 29834266, -0.28039330, -0.21877670, -5.38095093, -5.32227564
2795, 29834749, 29835266, -0.28214064, -0.22335434, -5.31745911, -5.03531027
2796, 29835749, 29836268, -0.28372380, -0.22793198, -5.19047546, -4.85870790
2797, 29836749, 29837266, -0.28515121, -0.23250961, -5.03174591, -4.75025129
2798, 29837749, 29838281, -0.28643036, -0.23632431, -4.90476227, -4.68364477
2799, 29838749, 29839265, -0.28757054, -0.24052048, -4.71428680, -4.34834433
2800, 29839749, 29840267, -0.28858343, -0.24433517, -4.49206161, -4.28962374
2801, 29840749, 29841277, -0.28948149, -0.24776840, -4.33333206, -4.10636377
2802, 29841749, 29842285, -0.29027563, -0.25120163, -4.14285660, -3.84662104
2803, 29842749, 29843277, -0.29097509, -0.25425339, -3.92063522, -3.68710518
2804, 29843749, 29844280, -0.29158732, -0.25692368, -3.76190567, -3.44194412
2805, 29844749, 29845266, -0.29212013, -0.25959396, -3.53968430, -3.14418554
2806, 29845749, 29846284, -0.29257980, -0.26226425, -3.31745911, -2.96132302
2807, 29846749, 29847278, -0.29296929, -0.26455307, -3.12698364, -2.84902143
2808, 29847749, 29848278, -0.29329178, -0.26646042, -2.93650818, -2.63285613
2809, 29848749, 29849279, -0.29354885, -0.26836777, -2.68254089, -2.35290480
2810, 29849749, 29850265, -0.29374003, -0.26989365, -2.49206161, -2.18097830
2811, 29850749, 29851281, -0.29386315, -0.27180099, -2.33333206, -1.92819548
2812, 29851749, 29852275, -0.29391417, -0.27294540, -2.11111069, -1.92015123
2813, 29852749, 29853281, -0.29388806, -0.27447128, -1.92063522, -1.62081599
2814, 29853749, 29854284, -0.29377958, -0.27561569, -1.76190567, -1.58418274
2815, 29854749, 29855276, -0.29358315, -0.27676010, -1.63492203, -1.41448748
2816, 29855749, 29856278, -0.29329273, -0.27790451, -1.47618866, -1.31027257
2817, 29856749, 29857280, -0.29290307, -0.27866745, -1.34920502, -1.24627101
2818, 29857749, 29858280, -0.29240879, -0.27904892, -1.22222137, -1.05976808
2819, 29858749, 29859276, -0.29180580, -0.28019333, -1.09523773, -0.79803336
2820, 29859749, 29860283, -0.29109073, -0.28057480, -1.00000000, -0.93168926
2821, 29860749, 29861281, -0.29026151, -0.28133869, -0.90476227, -0.71937627
2822, 29861749, 29862279, -0.28931707, -0.28172016, -0.80952454, -0.73655397
2823, 29862749, 29863279, -0.28825596, -0.28210163, -0.74603271, -0.59953779
2824, 29863749, 29864277, -0.28707725, -0.28248310, -0.65079498, -0.51539195
2825, 29864749, 29865279, -0.28577983, -0.28286457, -0.58730316, -0.46371546
2826, 29865749, 29866282, -0.28436223, -0.28286457, -0.52381134, -0.43197933
2827, 29866749, 29867280, -0.28282323, -0.28324604, -0.46031952, -0.26529166
2828, 29867749, 29868278, -0.28116274, -0.28324604, -0.39682770, -0.31012124
2829, 29868749, 29869280, -0.27938157, -0.28324604, -0.30158997, -0.19045490
2830, 29869749, 29870276, -0.27748066, -0.28286457, -0.23809814, -0.11696415
2831, 29870749, 29871278, -0.27546039, -0.28286457, -0.14286041, 0.07536630
2832, 29871749, 29872277, -0.27332094, -0.28286457, -0.04762268, 0.04628474
2833, 29872749, 29873277, -0.27106178, -0.28210163, 0.01587677, 0.02842487
2834, 29873749, 29874275, -0.26868165, -0.28172016, 0.07936859, 0.31185171
2835, 29874749, 29875275, -0.26617929, -0.28172016, 0.14286041, 0.33871517
2836, 29875749, 29876279, -0.26355198, -0.28095627, 0.23809814, 0.20801529
2837, 29876749, 29877277, -0.26079521, -0.28019333, 0.33333588, 0.42251164
2838, 29877749, 29878274, -0.25790408, -0.27943039, 0.39682770, 0.55387235
2839, 29878749, 29879276, -0.25487289, -0.27866745, 0.46031952, 0.63454503
2840, 29879749, 29880280, -0.25169680, -0.27790451, 0.52381134, 0.68408853
2841, 29880749, 29881276, -0.24837145, -0.27676010, 0.61904907, 0.71451467
2842, 29881749, 29882278, -0.24489351, -0.27561569, 0.71428680, 0.88039792
2843, 29882749, 29883283, -0.24126241, -0.27447128, 0.80952454, 0.98227179
2844, 29883749, 29884273, -0.23747917, -0.27294540, 0.90476227, 1.04483569
2845, 29884749, 29885277, -0.23354544, -0.27180099, 1.00000000, 1.23045564
2846, 29885749, 29886273, -0.22946352, -0.26989365, 1.09523773, 1.19725287
2847, 29886749, 29887279, -0.22523685, -0.26836777, 1.19047546, 1.47125721
2848, 29887749, 29888280, -0.22086895, -0.26646042, 1.31745911, 1.49233413
2849, 29888749, 29889278, -0.21636382, -0.26455307, 1.44444275, 1.65247548
2850, 29889749, 29890280, -0.21172866, -0.26264572, 1.57142639, 1.75082326
2851, 29890749, 29891276, -0.20697127, -0.26035690, 1.66666412, 1.81122160
2852, 29891749, 29892278, -0.20209952, -0.25806808, 1.79364777, 1.99551165
2853, 29892749, 29893278, -0.19712198, -0.25539780, 1.92063141, 2.10868979
2854, 29893749, 29894279, -0.19204672, -0.25272751, 2.07936859, 2.32539344
2855, 29894749, 29895271, -0.18688320, -0.24967575, 2.20635223, 2.45847774
2856, 29895749, 29896269, -0.18163911, -0.24700546, 2.36508179, 2.68740630
2857, 29896749, 29897275, -0.17632145, -0.24395370, 2.49206543, 2.68080068
2858, 29897749, 29898269, -0.17093678, -0.24052048, 2.61904907, 2.82394171
2859, 29898749, 29899274, -0.16549179, -0.23746872, 2.77777863, 3.05904675
2860, 29899749, 29900268, -0.15999319, -0.23403549, 2.90476227, 3.05623436
2861, 29900749, 29901276, -0.15444477, -0.23022079, 3.06349182, 3.20170474
2862, 29901749, 29902268, -0.14885090, -0.22678757, 3.19047546, 3.43823981
2863, 29902749, 29903268, -0.14321567, -0.22259140, 3.31745911, 3.43630576
2864, 29903749, 29904274, -0.13754280, -0.21877670, 3.53968048, 3.72951317
2865, 29904749, 29905268, -0.13183656, -0.21419811, 3.60317230, 3.76238298
2866, 29905749, 29906276, -0.12610145, -0.21000195, 3.79364777, 4.07733250
2867, 29906749, 29907271, -0.12034136, -0.20580578, 3.88888550, 4.12318707
2868, 29907749, 29908275, -0.11456156, -0.20160961, 3.98412323, 4.15134764
2869, 29908749, 29909277, -0.10876757, -0.19665051, 4.11111450, 4.16864204
2870, 29909749, 29910279, -0.10296325, -0.19207287, 4.20635223, 4.47365808
2871, 29910749, 29911279, -0.09715101, -0.18711376, 4.36508179, 4.51378012
2872, 29911749, 29912278, -0.09133282, -0.18215466, 4.36508179, 4.68561792
2873, 29912749, 29913270, -0.08551112, -0.17757702, 4.52381134, 4.79114866
2874, 29913749, 29914272, -0.07968833, -0.17261791, 4.55555725, 4.70876074
2875, 29914749, 29915278, -0.07386644, -0.16765881, 4.71428680, 4.80536175
2876, 29915749, 29916274, -0.06804776, -0.16231823, 4.80952454, 4.86468697
2877, 29916749, 29917268, -0.06223503, -0.15735912, 4.90476227, 5.04831839
2878, 29917749, 29918275, -0.05643126, -0.15163612, 4.96825409, 5.01389408
2879, 29918749, 29919281, -0.05064017, -0.14667702, 5.03174591, 5.28751659
2880, 29919749, 29920269, -0.04486562, -0.14133644, 5.12698364, 5.16079283
2881, 29920749, 29921273, -0.03911154, -0.13599586, 5.19047546, 5.23016548
2882, 29921749, 29922271, -0.03338220, -0.13027382, 5.22222137, 5.27276945
2883, 29922749, 29923268, -0.02768231, -0.12493324, 5.28571320, 5.44613171
2884, 29923749, 29924274, -0.02201576, -0.11921120, 5.34920502, 5.40540123
2885, 29924749, 29925274, -0.01638572, -0.11387062, 5.41269684, 5.52758455
2886, 29925749, 29926272, -0.01079464, -0.10814857, 5.44444275, 5.45542336
2887, 29926749, 29927276, -0.00524382, -0.10242653, 5.44444275, 5.55830479
2888, 29927749, 29928278, 0.00026420, -0.09708595, 5.44444275, 5.62148714
2889, 29928749, 29929275, 0.00572721, -0.09174442, 5.50793457, 5.51309204
2890, 29929749, 29930281, 0.01114534, -0.08564091, 5.50793457, 5.44689131
2891, 29930749, 29931273, 0.01651956, -0.08030033, 5.50793457, 5.70026255
2892, 29931749, 29932277, 0.02184921, -0.07457829, 5.53968048, 5.56147051
2893, 29932749, 29933277, 0.02713308, -0.06923771, 5.53968048, 5.62343168
2894, 29933749, 29934280, 0.03237001, -0.06351566, 5.53968048, 5.51428604
2895, 29934749, 29935276, 0.03755795, -0.05779362, 5.57142639, 5.59445429
2896, 29935749, 29936278, 0.04269449, -0.05207157, 5.60317230, 5.64368820
2897, 29936749, 29937274, 0.04777900, -0.04634953, 5.60317230, 5.67392397
2898, 29937749, 29938280, 0.05280992, -0.04100895, 5.60317230, 5.69249296
2899, 29938749, 29939281, 0.05778404, -0.03528690, 5.60317230, 5.55669880
2900, 29939749, 29940277, 0.06269942, -0.02994537, 5.60317230, 5.62050104
2901, 29940749, 29941281, 0.06755581, -0.02422333, 5.60317230, 5.51285458
2902, 29941749, 29942275, 0.07235298, -0.01850128, 5.57142639, 5.59357500
2903, 29942749, 29943277, 0.07708851, -0.01316071, 5.53968048, 5.64314795
2904, 29943749, 29944273, 0.08176014, -0.00782013, 5.53968048, 5.52639437
2905, 29944749, 29945277, 0.08636703, -0.00247955, 5.50793457, 5.45469236
2906, 29945749, 29946278, 0.09090908, 0.00286102, 5.50793457, 5.41065836
2907, 29946749, 29947276, 0.09538518, 0.00858307, 5.44444275, 5.38361549
2908, 29947749, 29948278, 0.09979343, 0.01354218, 5.41269684, 5.51420546
2909, 29948749, 29949276, 0.10413248, 0.01888275, 5.38095093, 5.30000973
2910, 29949749, 29950278, 0.10840134, 0.02422333, 5.38095093, 5.31566334
2911, 29950749, 29951275, 0.11259861, 0.02918243, 5.34920502, 5.32527637
2912, 29951749, 29952273, 0.11672378, 0.03452396, 5.28571320, 5.18398237
2913, 29952749, 29953275, 0.12077536, 0.03986454, 5.25396729, 5.24477530
2914, 29953749, 29954277, 0.12475061, 0.04482365, 5.22222137, 5.28174162
2915, 29954749, 29955279, 0.12864867, 0.04978275, 5.19047546, 5.15724659
2916, 29955749, 29956273, 0.13246836, 0.05474186, 5.15872955, 5.08079004
2917, 29956749, 29957272, 0.13620733, 0.05970097, 5.12698364, 5.03383589
2918, 29957749, 29958276, 0.13986279, 0.06466007, 5.06349182, 5.00500011
2919, 29958749, 29959272, 0.14343177, 0.06961918, 5.03174591, 4.98729086
2920, 29959749, 29960270, 0.14691071, 0.07419682, 4.96825409, 4.97641516
2921, 29960749, 29961270, 0.15029660, 0.07877445, 4.93650818, 4.82253885
2922, 29961749, 29962270, 0.15358715, 0.08335209, 4.87301636, 4.72803879
2923, 29962749, 29963271, 0.15677895, 0.08792973, 4.77777863, 4.67000341
2924, 29963749, 29964271, 0.15986852, 0.09250736, 4.71428680, 4.63436174
2925, 29964749, 29965273, 0.16285373, 0.09632301, 4.61904907, 4.61247349
2926, 29965749, 29966275, 0.16573304, 0.10090065, 4.52381134, 4.30500412
2927, 29966749, 29967269, 0.16850440, 0.10509682, 4.49206543, 4.41020489
2928, 29967749, 29968274, 0.17116645, 0.10929298, 4.39682770, 4.32761431
2929, 29968749, 29969274, 0.17371787, 0.11310768, 4.33333588, 4.27689266
2930, 29969749, 29970270, 0.17615670, 0.11730385, 4.23809814, 4.09854555
2931, 29970749, 29971272, 0.17848158, 0.12073708, 4.14286041, 4.13621473
2932, 29971749, 29972272, 0.18069072, 0.12455177, 4.04762268, 3.86495352
2933, 29972749, 29973272, 0.18278235, 0.12798500, 3.92063141, 3.84556103
2934, 29973749, 29974269, 0.18475591, 0.13103676, 3.82539368, 3.68645430
2935, 29974749, 29975269, 0.18661092, 0.13446999, 3.69841003, 3.44154429
2936, 29975749, 29976273, 0.18834709, 0.13752174, 3.57142639, 3.43833518
2937, 29976749, 29977267, 0.18996391, 0.14057350, 3.44444275, 3.28916669
2938, 29977749, 29978267, 0.19146122, 0.14362526, 3.34920502, 3.19755769
2939, 29978749, 29979270, 0.19284047, 0.14667702, 3.22222137, 3.14129782
2940, 29979749, 29980268, 0.19410309, 0.14934731, 3.12698364, 3.10674715
2941, 29980749, 29981282, 0.19524996, 0.15201759, 3.03174591, 2.93833089
2942, 29981749, 29982280, 0.19628324, 0.15430641, 2.93650818, 2.83490133
2943, 29982749, 29983268, 0.19720581, 0.15697765, 2.84127045, 2.62418461
2944, 29983749, 29984266, 0.19802058, 0.15926647, 2.74603271, 2.64234233
2945, 29984749, 29985267, 0.19872975, 0.16155529, 2.65079498, 2.50592828
2946, 29985749, 29986281, 0.19933546, 0.16384411, 2.55555725, 2.42215228
2947, 29986749, 29987269, 0.19984058, 0.16575146, 2.46031952, 2.37070274
2948, 29987749, 29988265, 0.20024873, 0.16765881, 2.36508179, 2.19190836
2949, 29988749, 29989277, 0.20056532, 0.16994762, 2.30158997, 2.08210540
2950, 29989749, 29990284, 0.20079483, 0.17185497, 2.17460632, 2.16186953
2951, 29990749, 29991278, 0.20093942, 0.17376232, 2.11111450, 2.06365752
2952, 29991749, 29992278, 0.20100336, 0.17528820, 2.04762268, 2.00334263
2953, 29992749, 29993274, 0.20099093, 0.17681408, 1.95237732, 1.81910396
2954, 29993749, 29994278, 0.20090678, 0.17833996, 1.85713959, 1.70595741
2955, 29994749, 29995264, 0.20075829, 0.17986584, 1.76190186, 1.63647068
2956, 29995749, 29996265, 0.20055155, 0.18101025, 1.69841003, 1.59379661
2957, 29996749, 29997265, 0.20029318, 0.18253613, 1.60317230, 1.42039180
2958, 29997749, 29998281, 0.19998968, 0.18406200, 1.53968048, 1.46109605
2959, 29998749, 29999279, 0.19964772, 0.18482494, 1.44444275, 1.48609388
2960, 29999749, 30000283, 0.19927464, 0.18596935, 1.34920502, 1.20705068
2961, 30000749, 30001280, 0.19887723, 0.18673229, 1.28571320, 1.18287921
2962, 30001749, 30002280, 0.19846117, 0.18749523, 1.19047546, 1.02083731
2963, 30002749, 30003276, 0.19803196, 0.18825817, 1.09523773, 0.92132241
2964, 30003749, 30004284, 0.19759576, 0.18902111, 1.00000000, 0.86020726
2965, 30004749, 30005262, 0.19715789, 0.18978405, 0.90476227, 0.82267457
2966, 30005749, 30006274, 0.19672336, 0.19054699, 0.84127045, 0.79962462
2967, 30006749, 30007279, 0.19629598, 0.19054699, 0.74603271, 0.78546894
2968, 30007749, 30008277, 0.19587936, 0.19092846, 0.68254089, 0.48238039
2969, 30008749, 30009277, 0.19547640, 0.19092846, 0.58730316, 0.44344205
2970, 30009749, 30010281, 0.19508864, 0.19130993, 0.49206543, 0.27233127
2971, 30010749, 30011279, 0.19471757, 0.19130993, 0.39682770, 0.31444448
2972, 30011749, 30012278, 0.19436410, 0.19130993, 0.33333588, 0.19310993
2973, 30012749, 30013278, 0.19402626, 0.19130993, 0.23809814, 0.11859469
2974, 30013749, 30014280, 0.19370033, 0.19130993, 0.14286041, 0.07283261
2975, 30014749, 30015278, 0.19338317, 0.19092846, 0.07936859, 0.04472873
2976, 30015749, 30016278, 0.19307056, 0.19092846, 0.01587677, -0.11972828
2977, 30016749, 30017282, 0.19275780, 0.19054699, -0.01587677, -0.07352878
2978, 30017749, 30018278, 0.19243917, 0.19054699, -0.11111450, -0.19235381
2979, 30018749, 30019279, 0.19210830, 0.19054699, -0.14286041, -0.11813033
2980, 30019749, 30020281, 0.19176026, 0.19016552, -0.17460632, -0.07254744
2981, 30020749, 30021279, 0.19138998, 0.18978405, -0.20635223, -0.19175114
2982, 30021749, 30022279, 0.19099212, 0.18940258, -0.23809814, -0.26495776
2983, 30022749, 30023279, 0.19056173, 0.18902111, -0.26984406, -0.30991617
2984, 30023749, 30024282, 0.19009499, 0.18902111, -0.26984406, -0.33752650
2985, 30024749, 30025278, 0.18958843, 0.18863964, -0.26984406, -0.20728530
2986, 30025749, 30026276, 0.18903914, 0.18825817, -0.26984406, -0.27449778
2987, 30026749, 30027276, 0.18844531, 0.18787670, -0.30158997, -0.31577498
2988, 30027749, 30028276, 0.18780506, 0.18749523, -0.30158997, -0.34112459
2989, 30028749, 30029278, 0.18711635, 0.18711376, -0.26984406, -0.35669255
2990, 30029749, 30030281, 0.18637750, 0.18711376, -0.30158997, -0.36625332
2991, 30030749, 30031277, 0.18558756, 0.18673229, -0.33333588, -0.22492731
2992, 30031749, 30032277, 0.18474612, 0.18596935, -0.36508179, -0.28533226
2993, 30032749, 30033275, 0.18385236, 0.18520641, -0.42857361, -0.46962631
2994, 30033749, 30034275, 0.18290552, 0.18444347, -0.46031952, -0.58280689
2995, 30034749, 30035283, 0.18190467, 0.18406200, -0.52381134, -0.65231454
2996, 30035749, 30036284, 0.18084839, 0.18368053, -0.52381134, -0.54780376
2997, 30036749, 30037276, 0.17973562, 0.18291759, -0.58730316, -0.48362052
2998, 30037749, 30038274, 0.17856574, 0.18253613, -0.55555725, -0.59140116
2999, 30038749, 30039272, 0.17733788, 0.18215466, -0.55555725, -0.51039505
3000, 30039749, 30040276, 0.17605160, 0.18177319, -0.52381134, -0.46064672
3001, 30040749, 30041286, 0.17470634, 0.18139172, -0.49206543, -0.43009472
3002, 30041749, 30042272, 0.17329963, 0.18101025, -0.46031952, -0.41133183
3003, 30042749, 30043273, 0.17182922, 0.18101025, -0.39682770, -0.39980897
3004, 30043749, 30044273, 0.17029402, 0.18101025, -0.36508179, -0.24553487
3005, 30044749, 30045277, 0.16869187, 0.18024731, -0.36508179, -0.15079044
3006, 30045749, 30046277, 0.16701998, 0.17948437, -0.36508179, -0.38700008
3007, 30046749, 30047283, 0.16527547, 0.17910290, -0.39682770, -0.53206360
3008, 30047749, 30048280, 0.16345601, 0.17833996, -0.42857361, -0.47395402
3009, 30048749, 30049276, 0.16155951, 0.17795849, -0.42857361, -0.58546466
3010, 30049749, 30050278, 0.15958323, 0.17757702, -0.46031952, -0.50674921
3011, 30050749, 30051276, 0.15752429, 0.17719555, -0.52381134, -0.45840767
3012, 30051749, 30052274, 0.15538050, 0.17643261, -0.52381134, -0.42871964
3013, 30052749, 30053276, 0.15314899, 0.17605114, -0.52381134, -0.55768490
3014, 30053749, 30054275, 0.15082695, 0.17566967, -0.52381134, -0.48968884
3015, 30054749, 30055273, 0.14841235, 0.17490673, -0.52381134, -0.44793037
3016, 30055749, 30056281, 0.14590414, 0.17414379, -0.52381134, -0.56948280
3017, 30056749, 30057275, 0.14330129, 0.17376232, -0.55555725, -0.64413184
3018, 30057749, 30058275, 0.14060198, 0.17299938, -0.58730316, -0.54277855
3019, 30058749, 30059276, 0.13780615, 0.17185497, -0.61904907, -0.62773192
3020, 30059749, 30060286, 0.13491467, 0.17071056, -0.68254089, -0.82710195
3021, 30060749, 30061276, 0.13192767, 0.16956615, -0.77777863, -0.94954115
3022, 30061749, 30062274, 0.12884466, 0.16804028, -0.87301636, -1.02473485
3023, 30062749, 30063276, 0.12566608, 0.16689587, -1.00000000, -1.21811104
3024, 30063749, 30064279, 0.12239353, 0.16498852, -1.09523773, -1.18967175
3025, 30064749, 30065273, 0.11902841, 0.16308117, -1.22222137, -1.46660137
3026, 30065749, 30066277, 0.11557212, 0.16117382, -1.38095093, -1.63667226
3027, 30066749, 30067277, 0.11202603, 0.15964794, -1.50793839, -1.74111795
3028, 30067749, 30068273, 0.10839273, 0.15774059, -1.60317612, -1.65806377
3029, 30068749, 30069279, 0.10467513, 0.15583229, -1.69841385, -1.75425518
3030, 30069749, 30070278, 0.10087517, 0.15354347, -1.76190567, -1.81369722
3031, 30070749, 30071278, 0.09699473, 0.15087318, -1.88888931, -1.99703205
3032, 30071749, 30072284, 0.09303661, 0.14858437, -2.01587296, -2.25682092
3033, 30072749, 30073276, 0.08900319, 0.14591408, -2.14285660, -2.26916766
3034, 30073749, 30074274, 0.08489693, 0.14286232, -2.23809433, -2.42394781
3035, 30074749, 30075282, 0.08072066, 0.14019203, -2.36507797, -2.66620064
3036, 30075749, 30076281, 0.07647638, 0.13714027, -2.52381134, -2.66777802
3037, 30076749, 30077275, 0.07216558, 0.13408852, -2.65079498, -2.81594419
3038, 30077749, 30078277, 0.06778970, 0.13103676, -2.77777863, -2.90693760
3039, 30078749, 30079277, 0.06335075, 0.12760353, -2.87301636, -2.96281934
3040, 30079749, 30080279, 0.05885049, 0.12455177, -2.96825409, -3.14433551
3041, 30080749, 30081280, 0.05429115, 0.12073708, -3.06349182, -3.10861254
3042, 30081749, 30082276, 0.04967508, 0.11730385, -3.15872955, -3.38106894
3043, 30082749, 30083276, 0.04500341, 0.11348915, -3.25396729, -3.40119529
3044, 30083749, 30084280, 0.04027712, 0.11005592, -3.31745911, -3.56075311
3045, 30084749, 30085278, 0.03549729, 0.10662270, -3.44444275, -3.51154494
3046, 30085749, 30086277, 0.03066514, 0.10280800, -3.50793839, -3.48132467
3047, 30086749, 30087277, 0.02578292, 0.09861183, -3.60317612, -3.60996294
3048, 30087749, 30088277, 0.02085185, 0.09479713, -3.66666794, -3.83616114
3049, 30088749, 30089275, 0.01587315, 0.09060001, -3.73015976, -3.82787871
3050, 30089749, 30090273, 0.01084939, 0.08640385, -3.82539749, -3.97035789
3051, 30090749, 30091277, 0.00578342, 0.08220768, -3.88888931, -4.05749083
3052, 30091749, 30092278, 0.00067728, 0.07839298, -3.95238113, -4.11100149
3053, 30092749, 30093276, -0.00446732, 0.07419682, -3.98412704, -3.99666667
3054, 30093749, 30094276, -0.00964760, 0.07000065, -4.04761887, -4.07364798
3055, 30094749, 30095274, -0.01486017, 0.06542301, -4.11111069, -4.12092447
3056, 30095749, 30096274, -0.02010279, 0.06160831, -4.17460251, -4.29715586
3057, 30096749, 30097272, -0.02537241, 0.05703068, -4.20634842, -4.11098957
3058, 30097749, 30098275, -0.03066558, 0.05283451, -4.23809433, -4.29105425
3059, 30098749, 30099277, -0.03597884, 0.04825687, -4.26984024, -4.25444031
3060, 30099749, 30100273, -0.04130826, 0.04367924, -4.30158615, -4.37915182
3061, 30100749, 30101275, -0.04664894, 0.03910160, -4.36507797, -4.45574093
3062, 30101749, 30102275, -0.05199674, 0.03452396, -4.42856979, -4.50277662
3063, 30102749, 30103272, -0.05734654, 0.02994537, -4.46031570, -4.53166294
3064, 30103749, 30104274, -0.06269071, 0.02498627, -4.49206161, -4.54977083
3065, 30104749, 30105280, -0.06802326, 0.02040863, -4.55555725, -4.70772123
3066, 30105749, 30106274, -0.07333802, 0.01544952, -4.61904907, -4.65752554
3067, 30106749, 30107272, -0.07862809, 0.01087189, -4.65079498, -4.77389669
3068, 30107749, 30108274, -0.08388555, 0.00591278, -4.71428680, -4.69816589
3069, 30108749, 30109273, -0.08910239, 0.00133514, -4.74603271, -4.79885483
3070, 30109749, 30110273, -0.09427134, -0.00400543, -4.80952454, -4.71349335
3071, 30110749, 30111271, -0.09938483, -0.00858307, -4.80952454, -4.95546579
3072, 30111749, 30112273, -0.10443249, -0.01392365, -4.87301636, -4.80967283
3073, 30112749, 30113271, -0.10940494, -0.01850128, -4.87301636, -5.01453209
3074, 30113749, 30114274, -0.11429254, -0.02384186, -4.90476227, -4.84594727
3075, 30114749, 30115272, -0.11908398, -0.02880096, -4.93650818, -5.03680944
3076, 30115749, 30116272, -0.12376669, -0.03376102, -4.96825409, -5.00682640
3077, 30116749, 30117272, -0.12832758, -0.03910160, -5.00000000, -4.98878098
3078, 30117749, 30118270, -0.13275486, -0.04406071, -5.03174591, -5.12452793
3079, 30118749, 30119275, -0.13703573, -0.04901981, -5.06349182, -5.06069660
3080, 30119749, 30120273, -0.14115801, -0.05436039, -5.06349182, -5.02149582
3081, 30120749, 30121273, -0.14510994, -0.05931950, -5.06349182, -5.14461946
3082, 30121749, 30122273, -0.14888065, -0.06427860, -5.09523773, -5.07303572
3083, 30122749, 30123273, -0.15246081, -0.06923771, -5.09523773, -5.02907372
3084, 30123749, 30124271, -0.15584238, -0.07419682, -5.09523773, -5.00207520
3085, 30124749, 30125272, -0.15901881, -0.07953739, -5.06349182, -4.98549461
3086, 30125749, 30126272, -0.16198711, -0.08449650, -5.06349182, -5.12250996
3087, 30126749, 30127272, -0.16474682, -0.08907413, -5.03174591, -5.05945730
3088, 30127749, 30128270, -0.16729891, -0.09441566, -5.03174591, -4.87353754
3089, 30128749, 30129270, -0.16964932, -0.09899330, -5.00000000, -5.05412149
3090, 30129749, 30130266, -0.17180859, -0.10433388, -5.00000000, -4.87026072
3091, 30130749, 30131267, -0.17378666, -0.10929298, -5.00000000, -5.05174112
3092, 30131749, 30132277, -0.17559743, -0.11425209, -5.00000000, -5.01599646
3093, 30132749, 30133277, -0.17725691, -0.11959267, -5.00000000, -4.99404430
3094, 30133749, 30134267, -0.17878294, -0.12417030, -5.00000000, -5.12776041
3095, 30134749, 30135265, -0.18019186, -0.12874794, -4.96825409, -4.91548491
3096, 30135749, 30136268, -0.18149643, -0.13294411, -4.90476227, -4.78511953
3097, 30136749, 30137276, -0.18270719, -0.13752174, -4.84127045, -4.55786085
3098, 30137749, 30138266, -0.18383488, -0.14171791, -4.74603271, -4.56549168
3099, 30138749, 30139272, -0.18488833, -0.14515114, -4.58730316, -4.42298031
3100, 30139749, 30140264, -0.18587387, -0.14896584, -4.42856979, -4.04106522
3101, 30140749, 30141271, -0.18679699, -0.15239906, -4.23809433, -3.95371652
3102, 30141749, 30142279, -0.18766177, -0.15545082, -4.07936478, -3.75287557
3103, 30142749, 30143269, -0.18847056, -0.15850353, -3.85714340, -3.48233557
3104, 30143749, 30144279, -0.18922360, -0.16117382, -3.66666794, -3.31655669
3105, 30144749, 30145263, -0.18992035, -0.16346264, -3.41269684, -3.06718111
3106, 30145749, 30146281, -0.19055969, -0.16575146, -3.19047546, -2.76683450
3107, 30146749, 30147276, -0.19113891, -0.16804028, -2.96825409, -2.58238268
3108, 30147749, 30148278, -0.19165449, -0.16956615, -2.74603271, -2.46910524
3109, 30148749, 30149278, -0.19210215, -0.17109203, -2.49206161, -2.10514307
3110, 30149749, 30150276, -0.19247797, -0.17261791, -2.26984024, -1.88162267
3111, 30150749, 30151282, -0.19277777, -0.17414379, -2.07936478, -1.74435198
3112, 30151749, 30152278, -0.19299768, -0.17528820, -1.85714340, -1.66004980
3113, 30152749, 30153277, -0.19313419, -0.17643261, -1.69841385, -1.46107984
3114, 30153749, 30154283, -0.19318451, -0.17719555, -1.50793839, -1.33888626
3115, 30154749, 30155281, -0.19314744, -0.17795849, -1.38095093, -1.11664593
3116, 30155749, 30156281, -0.19302094, -0.17872143, -1.25396729, -0.98016137
3117, 30156749, 30157277, -0.19280252, -0.17948437, -1.12698364, -0.89634204
3118, 30157749, 30158284, -0.19249107, -0.18024731, -1.00000000, -0.84486604
3119, 30158749, 30159278, -0.19208646, -0.18101025, -0.90476227, -0.81325310
3120, 30159749, 30160278, -0.19158845, -0.18101025, -0.80952454, -0.79383856
3121, 30160749, 30161278, -0.19099694, -0.18139172, -0.74603271, -0.48752043
3122, 30161749, 30162280, -0.19031085, -0.18177319, -0.65079498, -0.44659868
3123, 30162749, 30163281, -0.18952923, -0.18253613, -0.58730316, -0.42146739
3124, 30163749, 30164283, -0.18865046, -0.18253613, -0.52381134, -0.55323106
3125, 30164749, 30165281, -0.18767250, -0.18291759, -0.46031952, -0.33975604
3126, 30165749, 30166281, -0.18659438, -0.18329906, -0.39682770, -0.35585207
3127, 30166749, 30167281, -0.18541236, -0.18329906, -0.36508179, -0.36573714
3128, 30167749, 30168283, -0.18412276, -0.18329906, -0.30158997, -0.22461031
3129, 30168749, 30169279, -0.18272239, -0.18329906, -0.23809814, -0.13794003
3130, 30169749, 30170277, -0.18120907, -0.18329906, -0.20635223, -0.08471318
3131, 30170749, 30171282, -0.17958008, -0.18329906, -0.14286041, -0.05202494
3132, 30171749, 30172284, -0.17783314, -0.18329906, -0.11111450, -0.03195010
3133, 30172749, 30173284, -0.17596692, -0.18291759, -0.04762268, -0.01962153
3134, 30173749, 30174286, -0.17397892, -0.18291759, -0.01587677, 0.13514738
3135, 30174749, 30175282, -0.17186618, -0.18253613, 0.04762268, 0.08299812
3136, 30175749, 30176272, -0.16962682, -0.18215466, 0.07936859, 0.19816922
3137, 30176749, 30177277, -0.16726024, -0.18177319, 0.11111450, 0.26889929
3138, 30177749, 30178273, -0.16476545, -0.18139172, 0.17460632, 0.31233677
3139, 30178749, 30179279, -0.16214214, -0.18101025, 0.23809814, 0.33901307
3140, 30179749, 30180279, -0.15939197, -0.18024731, 0.33333588, 0.35539579
3141, 30180749, 30181275, -0.15651813, -0.17948437, 0.39682770, 0.51265448
3142, 30181749, 30182274, -0.15352325, -0.17872143, 0.46031952, 0.60923183
3143, 30182749, 30183278, -0.15040915, -0.17795849, 0.52381134, 0.66854292
3144, 30183749, 30184280, -0.14717810, -0.17719555, 0.58730316, 0.70496768
3145, 30184749, 30185276, -0.14383259, -0.17605114, 0.68254089, 0.72733718
3146, 30185749, 30186278, -0.14037412, -0.17452526, 0.77777863, 0.88827258
3147, 30186749, 30187274, -0.13680431, -0.17338085, 0.87301636, 1.13430548
3148, 30187749, 30188272, -0.13312525, -0.17185497, 0.96825409, 1.13820422
3149, 30188749, 30189275, -0.12933955, -0.17032909, 1.06349182, 1.28779602
3150, 30189749, 30190277, -0.12545200, -0.16842175, 1.34920502, 1.37966502
3151, 30190749, 30191279, -0.12146875, -0.16689587, 1.34920502, 1.58328211
3152, 30191749, 30192287, -0.11739452, -0.16460705, 1.44444275, 1.56113195
3153, 30192749, 30193273, -0.11323336, -0.16269970, 1.53968048, 1.84192395
3154, 30193749, 30194276, -0.10899082, -0.16079235, 1.66666412, 1.86716926
3155, 30194749, 30195278, -0.10467237, -0.15812206, 1.79364777, 1.88267326
3156, 30195749, 30196280, -0.10028277, -0.15583229, 1.92063141, 2.18658996
3157, 30196749, 30197276, -0.09582730, -0.15316200, 2.04762268, 2.22640467
3158, 30197749, 30198276, -0.09131018, -0.15049171, 2.04762268, 2.39768577
3159, 30198749, 30199277, -0.08673397, -0.14743996, 2.30158997, 2.50287461
3160, 30199749, 30200275, -0.08210059, -0.14438820, 2.46031952, 2.71467185
3161, 30200749, 30201275, -0.07741155, -0.14171791, 2.61904907, 2.84474301
3162, 30201749, 30202277, -0.07266833, -0.13828468, 2.71428680, 2.77742600
3163, 30202749, 30203277, -0.06787274, -0.13485146, 2.80952454, 3.03047991
3164, 30203749, 30204285, -0.06302752, -0.13141823, 2.93650818, 3.18588805
3165, 30204749, 30205276, -0.05813442, -0.12798500, 3.06349182, 3.28132892
3166, 30205749, 30206278, -0.05319620, -0.12417030, 3.19047546, 3.33994198
3167, 30206749, 30207276, -0.04821589, -0.12035561, 3.31745911, 3.52313542
3168, 30207749, 30208270, -0.04319675, -0.11692238, 3.38095093, 3.63564038
3169, 30208749, 30209272, -0.03814240, -0.11310768, 3.47618866, 3.55753541
3170, 30209749, 30210270, -0.03305642, -0.10891151, 3.57142639, 3.65676641
3171, 30210749, 30211271, -0.02794311, -0.10471535, 3.66666412, 3.86490464
3172, 30211749, 30212275, -0.02280599, -0.10090065, 3.76190186, 3.99272871
3173, 30212749, 30213275, -0.01764861, -0.09670448, 3.85713959, 3.92403173
3174, 30213749, 30214271, -0.01247413, -0.09212589, 3.92063141, 4.02904034
3175, 30214749, 30215283, -0.00728580, -0.08792973, 3.98412323, 4.24109507
3176, 30215749, 30216278, -0.00208700, -0.08335209, 4.07936859, 4.22375870
3177, 30216749, 30217282, 0.00311987, -0.07915592, 4.14286041, 4.36030960
3178, 30217749, 30218274, 0.00833141, -0.07457829, 4.20635223, 4.29697180
3179, 30218749, 30219276, 0.01354533, -0.07000065, 4.30158997, 4.40527201
3180, 30219749, 30220278, 0.01875875, -0.06542301, 4.36508179, 4.47178221
3181, 30220749, 30221279, 0.02396936, -0.06084538, 4.42857361, 4.51262808
3182, 30221749, 30222277, 0.02917618, -0.05626774, 4.49206543, 4.53771305
3183, 30222749, 30223277, 0.03437663, -0.05169010, 4.52381134, 4.55311823
3184, 30223749, 30224273, 0.03956822, -0.04673100, 4.58730316, 4.56257915
3185, 30224749, 30225279, 0.04474885, -0.04177189, 4.61904907, 4.71558714
3186, 30225749, 30226275, 0.04991683, -0.03681278, 4.65079498, 4.80955362
3187, 30226749, 30227272, 0.05507049, -0.03223515, 4.68254089, 4.86726141
3188, 30227749, 30228280, 0.06020763, -0.02727509, 4.71428680, 4.75550413
3189, 30228749, 30229276, 0.06532579, -0.02231598, 4.74603271, 4.83443594
3190, 30229749, 30230276, 0.07042260, -0.01773834, 4.77777863, 4.88254261
3191, 30230749, 30231270, 0.07549611, -0.01239777, 4.80952454, 4.76488876
3192, 30231749, 30232279, 0.08054440, -0.00743866, 4.84127045, 4.98702908
3193, 30232749, 30233277, 0.08556504, -0.00247955, 4.87301636, 4.97625446
3194, 30233749, 30234281, 0.09055498, 0.00247955, 4.90476227, 4.96963739
3195, 30234749, 30235273, 0.09551114, 0.00782013, 4.96825409, 4.96557379
3196, 30235749, 30236271, 0.10043024, 0.01277924, 5.00000000, 5.11027575
3197, 30236749, 30237275, 0.10530973, 0.01773834, 4.96825409, 5.05194426
3198, 30237749, 30238275, 0.11014672, 0.02269745, 5.00000000, 5.01612091
3199, 30238749, 30239274, 0.11493781, 0.02765656, 5.00000000, 4.99412060
3200, 30239749, 30240278, 0.11968089, 0.03261662, 5.00000000, 4.98060942
3201, 30240749, 30241276, 0.12437192, 0.03757572, 5.00000000, 4.97268009
3202, 30241749, 30242278, 0.12900755, 0.04253483, 4.96825409, 4.96744204
3203, 30242749, 30243278, 0.13358538, 0.04749393, 4.96825409, 4.96422577
3204, 30243749, 30244273, 0.13810267, 0.05283451, 4.96825409, 4.96225023
3205, 30244749, 30245273, 0.14255661, 0.05741215, 4.96825409, 5.10823441
3206, 30245749, 30246279, 0.14694357, 0.06237125, 4.93650818, 4.90349293
3207, 30246749, 30247275, 0.15126121, 0.06771183, 4.96825409, 4.92495203
3208, 30247749, 30248277, 0.15550774, 0.07228947, 4.96825409, 5.08532858
3209, 30248749, 30249275, 0.15968096, 0.07763004, 4.96825409, 4.88942575
3210, 30249749, 30250276, 0.16377801, 0.08220768, 4.96825409, 5.06351089
3211, 30250749, 30251276, 0.16779795, 0.08716679, 4.93650818, 4.87602663
3212, 30251749, 30252274, 0.17173864, 0.09212589, 4.93650818, 4.90808439
3213, 30252749, 30253276, 0.17559771, 0.09670448, 4.90476227, 4.92777205
3214, 30253749, 30254278, 0.17937334, 0.10166359, 4.87301636, 4.79303360
3215, 30254749, 30255275, 0.18306351, 0.10624123, 4.84127045, 4.85711622
3216, 30255749, 30256275, 0.18666624, 0.11081886, 4.80952454, 4.74927378
3217, 30256749, 30257279, 0.19017969, 0.11577797, 4.77777863, 4.68304443
3218, 30257749, 30258273, 0.19360276, 0.11997414, 4.71428680, 4.78956842
3219, 30258749, 30259273, 0.19693297, 0.12493324, 4.68254089, 4.56059265
3220, 30259749, 30260275, 0.20016821, 0.12912941, 4.65079498, 4.71436691
3221, 30260749, 30261278, 0.20330584, 0.13408852, 4.65079498, 4.51440907
3222, 30261749, 30262274, 0.20634311, 0.13828468, 4.58730316, 4.68600416
3223, 30262749, 30263270, 0.20927750, 0.14286232, 4.55555725, 4.49699068
3224, 30263749, 30264274, 0.21210642, 0.14743996, 4.52381134, 4.52810955
3225, 30264749, 30265272, 0.21482795, 0.15163612, 4.49206543, 4.54722071
3226, 30265749, 30266271, 0.21744108, 0.15583229, 4.46031952, 4.41175985
3227, 30266749, 30267269, 0.21994287, 0.16002941, 4.42857361, 4.32856894
3228, 30267749, 30268271, 0.22233050, 0.16460705, 4.39682770, 4.27784729
3229, 30268749, 30269271, 0.22460184, 0.16804028, 4.33333588, 4.39352703
3230, 30269749, 30270269, 0.22675470, 0.17223644, 4.23809814, 4.02297688
3231, 30270749, 30271269, 0.22878759, 0.17605114, 4.17460632, 4.08980560
3232, 30271749, 30272270, 0.23070015, 0.17948437, 4.07936859, 3.98364949
3233, 30272749, 30273272, 0.23249081, 0.18329906, 3.98412323, 3.77125835
3234, 30273749, 30274270, 0.23415713, 0.18673229, 3.88888550, 3.78801990
3235, 30274749, 30275270, 0.23569906, 0.18978405, 3.76190186, 3.65111637
3236, 30275749, 30276268, 0.23711580, 0.19321728, 3.63491821, 3.41984224
3237, 30276749, 30277270, 0.23840685, 0.19665051, 3.53968048, 3.42500734
3238, 30277749, 30278269, 0.23957162, 0.19970226, 3.44444275, 3.42817950
3239, 30278749, 30279271, 0.24061030, 0.20237255, 3.34920502, 3.28292966
3240, 30279749, 30280267, 0.24152417, 0.20504284, 3.25396729, 3.04652977
3241, 30280749, 30281269, 0.24231441, 0.20733166, 3.12698364, 2.90134954
3242, 30281749, 30282265, 0.24298161, 0.21000195, 3.00000000, 2.66499233
3243, 30282749, 30283278, 0.24352558, 0.21229076, 2.84127045, 2.66703582
3244, 30283749, 30284282, 0.24394952, 0.21419811, 2.74603271, 2.52109337
3245, 30284749, 30285276, 0.24425679, 0.21610546, 2.58730316, 2.28426790
3246, 30285749, 30286278, 0.24444880, 0.21839428, 2.39682770, 2.13882613
3247, 30286749, 30287280, 0.24452797, 0.21992111, 2.26984406, 2.19670367
3248, 30287749, 30288267, 0.24449785, 0.22182846, 2.11111450, 1.93822086
3249, 30288749, 30289287, 0.24436255, 0.22335434, 2.01587677, 1.92630827
3250, 30289749, 30290277, 0.24412663, 0.22449875, 1.88888550, 1.77179480
3251, 30290749, 30291279, 0.24379355, 0.22602463, 1.76190186, 1.52970576
3252, 30291749, 30292279, 0.24336848, 0.22716904, 1.63491821, 1.52822912
3253, 30292749, 30293281, 0.24285740, 0.22831345, 1.53968048, 1.38012481
3254, 30293749, 30294277, 0.24226502, 0.22907639, 1.44444275, 1.28916931
3255, 30294749, 30295282, 0.24159746, 0.22983932, 1.28571320, 1.08611321
3256, 30295749, 30296278, 0.24085978, 0.23098373, 1.22222137, 0.96141034
3257, 30296749, 30297280, 0.24005926, 0.23174667, 1.06349182, 1.03202403
3258, 30297749, 30298282, 0.23920222, 0.23174667, 0.96825409, 0.92819250
3259, 30298749, 30299278, 0.23829527, 0.23250961, 0.87301636, 0.57003129
3260, 30299749, 30300277, 0.23734398, 0.23289108, 0.77777863, 0.64446867
3261, 30300749, 30301275, 0.23635311, 0.23327255, 0.68254089, 0.54298538
3262, 30301749, 30302277, 0.23532942, 0.23365402, 0.58730316, 0.48066142
3263, 30302749, 30303275, 0.23427853, 0.23403549, 0.49206543, 0.44238636
3264, 30303749, 30304279, 0.23320660, 0.23403549, 0.42857361, 0.41888049
3265, 30304749, 30305279, 0.23212065, 0.23403549, 0.33333588, 0.25724727
3266, 30305749, 30306276, 0.23102707, 0.23403549, 0.26984406, 0.15798338
3267, 30306749, 30307276, 0.22993042, 0.23403549, 0.17460632, 0.09702240
3268, 30307749, 30308278, 0.22883576, 0.23365402, 0.11111450, 0.05958441
3269, 30308749, 30309282, 0.22774836, 0.23365402, 0.04762268, -0.11060496
3270, 30309749, 30310280, 0.22667247, 0.23327255, -0.01587677, -0.06792587
3271, 30310749, 30311276, 0.22561118, 0.23289108, -0.11111450, -0.18891288
3272, 30311749, 30312277, 0.22456673, 0.23250961, -0.17460632, -0.26321471
3273, 30312749, 30313281, 0.22354083, 0.23174667, -0.23809814, -0.30884573
3274, 30313749, 30314281, 0.22253491, 0.23174667, -0.26984406, -0.48406667
3275, 30314749, 30315277, 0.22155052, 0.23136520, -0.33333588, -0.29728007
3276, 30315749, 30316277, 0.22058792, 0.23060226, -0.36508179, -0.32976630
3277, 30316749, 30317276, 0.21964529, 0.22983932, -0.42857361, -0.49691463
3278, 30317749, 30318282, 0.21872160, 0.22907639, -0.49206543, -0.59956551
3279, 30318749, 30319276, 0.21781559, 0.22869492, -0.52381134, -0.66260654
3280, 30319749, 30320278, 0.21692495, 0.22793198, -0.58730316, -0.55412441
3281, 30320749, 30321278, 0.21604612, 0.22678757, -0.58730316, -0.63469976
3282, 30321749, 30322277, 0.21517655, 0.22640610, -0.65079498, -0.83138114
3283, 30322749, 30323279, 0.21431230, 0.22564316, -0.71428680, -0.65777403
3284, 30323749, 30324277, 0.21344946, 0.22449875, -0.74603271, -0.69835413
3285, 30324749, 30325281, 0.21258315, 0.22373581, -0.77777863, -0.87047321
3286, 30325749, 30326277, 0.21170884, 0.22297287, -0.77777863, -0.82897919
3287, 30326749, 30327275, 0.21082163, 0.22182846, -0.80952454, -0.80349648
3288, 30327749, 30328276, 0.20991689, 0.22106552, -0.84127045, -0.93504429
3289, 30328749, 30329278, 0.20899062, 0.21992111, -0.90476227, -0.86863428
3290, 30329749, 30330276, 0.20803763, 0.21915817, -0.87301636, -0.97504747
3291, 30330749, 30331276, 0.20705380, 0.21839428, -0.90476227, -0.89320147
3292, 30331749, 30332280, 0.20603523, 0.21724987, -0.93650818, -0.84330529
3293, 30332749, 30333281, 0.20497829, 0.21610546, -0.93650818, -0.95949215
3294, 30333749, 30334275, 0.20387791, 0.21496105, -0.96825409, -1.03084600
3295, 30334749, 30335277, 0.20272975, 0.21381664, -1.00000000, -1.07466662
3296, 30335749, 30336279, 0.20153135, 0.21267223, -1.03174591, -1.10157812
3297, 30336749, 30337277, 0.20027927, 0.21152782, -1.06349182, -1.11810529
3298, 30337749, 30338283, 0.19897053, 0.21000195, -1.09523773, -1.12825513
3299, 30338749, 30339282, 0.19760115, 0.20923901, -1.12698364, -1.28168607
3300, 30339749, 30340282, 0.19616921, 0.20809460, -1.15872955, -1.08151758
3301, 30340749, 30341278, 0.19467214, 0.20695019, -1.15872955, -1.10578549
3302, 30341749, 30342278, 0.19310755, 0.20580578, -1.15872955, -1.12068915
3303, 30342749, 30343280, 0.19147356, 0.20466137, -1.15872955, -1.12984204
3304, 30343749, 30344279, 0.18976761, 0.20389843, -1.15872955, -1.13546300
3305, 30344749, 30345281, 0.18798693, 0.20275402, -1.12698364, -0.99171752
3306, 30345749, 30346281, 0.18612885, 0.20160961, -1.09523773, -1.05063665
3307, 30346749, 30347279, 0.18419217, 0.20046520, -1.12698364, -1.08682060
3308, 30347749, 30348279, 0.18217567, 0.19932079, -1.12698364, -1.10904229
3309, 30348749, 30349286, 0.18007807, 0.19779491, -1.15872955, -1.12268925
3310, 30349749, 30350278, 0.17789871, 0.19703197, -1.15872955, -1.27826786
3311, 30350749, 30351282, 0.17563593, 0.19588757, -1.12698364, -1.07941830
3312, 30351749, 30352278, 0.17328849, 0.19474316, -1.12698364, -1.10449624
3313, 30352749, 30353282, 0.17085554, 0.19398022, -1.12698364, -1.11989737
3314, 30353749, 30354282, 0.16833648, 0.19283581, -1.12698364, -0.98215818
3315, 30354749, 30355283, 0.16573001, 0.19169140, -1.09523773, -1.04476595
3316, 30355749, 30356275, 0.16303703, 0.19054699, -1.09523773, -1.08321524
3317, 30356749, 30357277, 0.16025864, 0.18978405, -1.06349182, -1.10682809
3318, 30357749, 30358273, 0.15739518, 0.18825817, -1.06349182, -0.97413194
3319, 30358749, 30359277, 0.15444595, 0.18711376, -1.06349182, -1.18703425
3320, 30359749, 30360279, 0.15141237, 0.18596935, -1.09523773, -1.17058659
3321, 30360749, 30361282, 0.14829421, 0.18482494, -1.09523773, -1.16048551
3322, 30361749, 30362282, 0.14509203, 0.18406200, -1.09523773, -1.15428209
3323, 30362749, 30363272, 0.14180671, 0.18253613, -1.12698364, -1.00327492
3324, 30363749, 30364280, 0.13843952, 0.18101025, -1.15872955, -1.20493186
3325, 30364749, 30365280, 0.13499185, 0.17986584, -1.19047546, -1.32877553
3326, 30365749, 30366280, 0.13146450, 0.17833996, -1.25396729, -1.25763428
3327, 30366749, 30367283, 0.12785897, 0.17681408, -1.28571320, -1.36114168
3328, 30367749, 30368273, 0.12417676, 0.17490673, -1.34920502, -1.42470884
3329, 30368749, 30369271, 0.12041846, 0.17338085, -1.44444275, -1.61094475
3330, 30369749, 30370273, 0.11658545, 0.17109203, -1.53968430, -1.57812047
3331, 30370749, 30371281, 0.11267813, 0.16880322, -1.63492203, -1.85235715
3332, 30371749, 30372282, 0.10869770, 0.16651440, -1.79365158, -2.02077413
3333, 30372749, 30373278, 0.10464440, 0.16422558, -1.92063522, -2.12420416
3334, 30373749, 30374282, 0.10051882, 0.16193676, -2.01587296, -2.18772388
3335, 30374749, 30375278, 0.09632226, 0.15964794, -2.14285660, -2.22673321
3336, 30375749, 30376272, 0.09205482, 0.15697765, -2.23809433, -2.25068998
3337, 30376749, 30377277, 0.08771638, 0.15392494, -2.33333206, -2.41260004
3338, 30377749, 30378267, 0.08330754, 0.15087318, -2.46031570, -2.65959954
3339, 30378749, 30379281, 0.07882958, 0.14743996, -2.58730316, -2.81092143
3340, 30379749, 30380275, 0.07428277, 0.14438820, -2.71428680, -3.05105042
3341, 30380749, 30381277, 0.06966864, 0.14057350, -2.87301636, -3.05132341
3342, 30381749, 30382277, 0.06498856, 0.13714027, -3.03174591, -3.34588599
3343, 30382749, 30383278, 0.06024425, 0.13332558, -3.15872955, -3.37958837
3344, 30383749, 30384278, 0.05543640, 0.12951088, -3.34920502, -3.54748368
3345, 30384749, 30385280, 0.05056592, 0.12569618, -3.47618866, -3.65059328
3346, 30385749, 30386278, 0.04563403, 0.12188148, -3.57143021, -3.71391582
3347, 30386749, 30387274, 0.04064177, 0.11768532, -3.66666794, -3.75280428
3348, 30387749, 30388275, 0.03558951, 0.11348915, -3.76190567, -3.92388439
3349, 30388749, 30389277, 0.03047827, 0.10967445, -3.82539749, -4.02894974
3350, 30389749, 30390277, 0.02530985, 0.10547829, -3.92063522, -3.94627619
3351, 30390749, 30391277, 0.02008611, 0.10090065, -4.01587296, -4.04270124
3352, 30391749, 30392277, 0.01480984, 0.09632301, -4.11111069, -4.24911642
3353, 30392749, 30393273, 0.00948243, 0.09212589, -4.20634842, -4.37588215
3354, 30393749, 30394276, 0.00410618, 0.08754826, -4.23809433, -4.30690336
3355, 30394749, 30395272, -0.00131732, 0.08297062, -4.33333206, -4.41137123
3356, 30395749, 30396276, -0.00678764, 0.07839298, -4.42856979, -4.47552824
3357, 30396749, 30397278, -0.01230252, 0.07381535, -4.46031570, -4.51492882
3358, 30397749, 30398272, -0.01785947, 0.06885624, -4.52381134, -4.53912592
3359, 30398749, 30399275, -0.02345689, 0.06427860, -4.58730316, -4.70118380
3360, 30399749, 30400271, -0.02909177, 0.05931950, -4.58730316, -4.65351057
3361, 30400749, 30401275, -0.03476108, 0.05474186, -4.65079498, -4.77143097
3362, 30401749, 30402277, -0.04046286, 0.04978275, -4.68254089, -4.69665146
3363, 30402749, 30403273, -0.04619348, 0.04520512, -4.71428680, -4.79792500
3364, 30403749, 30404271, -0.05195078, 0.04024601, -4.74603271, -4.71292257
3365, 30404749, 30405274, -0.05773144, 0.03528690, -4.77777863, -4.80791759
3366, 30405749, 30406274, -0.06353229, 0.03070831, -4.80952454, -4.86625671
3367, 30406749, 30407274, -0.06935092, 0.02536774, -4.84127045, -4.75525522
3368, 30407749, 30408270, -0.07518455, 0.02040863, -4.90476227, -4.98111248
3369, 30408749, 30409270, -0.08102927, 0.01506805, -4.96825409, -4.97262096
3370, 30409749, 30410273, -0.08688071, 0.01010895, -5.00000000, -5.11460352
3371, 30410749, 30411277, -0.09273388, 0.00476837, -5.03174591, -5.05460215
3372, 30411749, 30412275, -0.09858577, -0.00057220, -5.06349182, -5.16495037
3373, 30412749, 30413269, -0.10443096, -0.00553131, -5.12698364, -5.23271894
3374, 30413749, 30414271, -0.11026528, -0.01125336, -5.15872955, -5.12714005
3375, 30414749, 30415271, -0.11608364, -0.01621246, -5.22222137, -5.35669613
3376, 30415749, 30416272, -0.12188068, -0.02155304, -5.25396729, -5.20327806
3377, 30416749, 30417270, -0.12765099, -0.02727509, -5.25396729, -5.25625706
3378, 30417749, 30418268, -0.13338780, -0.03261662, -5.28571320, -5.43599081
3379, 30418749, 30419272, -0.13908599, -0.03795719, -5.31745911, -5.39954138
3380, 30419749, 30420272, -0.14473820, -0.04329777, -5.41269684, -5.37678814
3381, 30420749, 30421271, -0.15033843, -0.04863834, -5.41269684, -5.36281490
3382, 30421749, 30422271, -0.15587978, -0.05474186, -5.44444275, -5.35423374
3383, 30422749, 30423269, -0.16135468, -0.06008244, -5.47618866, -5.64335918
3384, 30423749, 30424267, -0.16675487, -0.06580448, -5.47618866, -5.52652454
3385, 30424749, 30425269, -0.17207341, -0.07114506, -5.53968430, -5.60197020
3386, 30425749, 30426272, -0.17729934, -0.07686710, -5.57143021, -5.50110579
3387, 30426749, 30427272, -0.18242344, -0.08258915, -5.57143021, -5.58635998
3388, 30427749, 30428284, -0.18743415, -0.08831120, -5.57143021, -5.63871670
3389, 30428749, 30429274, -0.19231835, -0.09365177, -5.57143021, -5.67087078
3390, 30429749, 30430270, -0.19706571, -0.09899330, -5.60317612, -5.54342031
3391, 30430749, 30431270, -0.20166233, -0.10471535, -5.57143021, -5.46551704
3392, 30431749, 30432277, -0.20609204, -0.11043739, -5.60317612, -5.56450367
3393, 30432749, 30433267, -0.21033809, -0.11615944, -5.60317612, -5.62529421
3394, 30433749, 30434271, -0.21438593, -0.12150002, -5.57143021, -5.66262770
3395, 30434749, 30435279, -0.21821772, -0.12684059, -5.60317612, -5.53835773
3396, 30435749, 30436269, -0.22181870, -0.13256264, -5.60317612, -5.46203995
3397, 30436749, 30437281, -0.22517414, -0.13828468, -5.57143021, -5.56236839
3398, 30437749, 30438278, -0.22827055, -0.14362526, -5.53968430, -5.62398291
3399, 30438749, 30439268, -0.23109379, -0.14896584, -5.53968430, -5.51462460
3400, 30439749, 30440268, -0.23363125, -0.15468788, -5.50793839, -5.44746447
3401, 30440749, 30441266, -0.23587602, -0.16002941, -5.50793839, -5.55341721
3402, 30441749, 30442264, -0.23782739, -0.16498852, -5.50793839, -5.47165632
3403, 30442749, 30443265, -0.23948888, -0.17109203, -5.47618866, -5.27387905
3404, 30443749, 30444263, -0.24087068, -0.17605114, -5.47618866, -5.59401083
3405, 30444749, 30445265, -0.24198845, -0.18101025, -5.44444275, -5.34902048
3406, 30445749, 30446279, -0.24286591, -0.18635082, -5.41269684, -5.19856453
3407, 30446749, 30447279, -0.24352741, -0.19130993, -5.38095093, -5.25336266
3408, 30447749, 30448263, -0.24400534, -0.19588757, -5.25396729, -5.13981771
3409, 30448749, 30449278, -0.24432965, -0.20008373, -5.12698364, -4.92288923
3410, 30449749, 30450276, -0.24453115, -0.20466137, -5.00000000, -4.64246941
3411, 30450749, 30451280, -0.24463797, -0.20847607, -4.80952454, -4.61745262
3412, 30451749, 30452278, -0.24467841, -0.21190929, -4.61904907, -4.30769348
3413, 30452749, 30453274, -0.24467821, -0.21534252, -4.39682388, -3.97026372
3414, 30453749, 30454278, -0.24465795, -0.21839428, -4.17460251, -3.76303768
3415, 30454749, 30455279, -0.24463619, -0.22106552, -3.88888931, -3.48857641
3416, 30455749, 30456277, -0.24462874, -0.22335434, -3.79365158, -3.17319179
3417, 30456749, 30457277, -0.24464694, -0.22602463, -3.41269684, -2.83193922
3418, 30457749, 30458275, -0.24469700, -0.22755051, -3.09523773, -2.76956296
3419, 30458749, 30459275, -0.24478321, -0.22945786, -2.80952454, -2.28966308
3420, 30459749, 30460273, -0.24490538, -0.23060226, -2.52381134, -2.14213943
3421, 30460749, 30461278, -0.24506201, -0.23212814, -2.26984024, -1.75714576
3422, 30461749, 30462284, -0.24524945, -0.23289108, -1.98412704, -1.66790688
3423, 30462749, 30463278, -0.24546143, -0.23365402, -1.76190567, -1.31870759
3424, 30463749, 30464276, -0.24569194, -0.23441696, -1.34920502, -1.10425365
3425, 30464749, 30465278, -0.24593158, -0.23517990, -1.25396729, -0.97255093
3426, 30465749, 30466277, -0.24616985, -0.23556137, -1.09523773, -0.89166820
3427, 30466749, 30467279, -0.24639598, -0.23594284, -0.90476227, -0.69479811
3428, 30467749, 30468277, -0.24659957, -0.23594284, -0.74603271, -0.57389426
3429, 30468749, 30469275, -0.24677108, -0.23594284, -0.61904907, -0.35244593
3430, 30469749, 30470279, -0.24689963, -0.23632431, -0.52381134, -0.21644777
3431, 30470749, 30471281, -0.24697657, -0.23632431, -0.39682770, -0.28012472
3432, 30471749, 30472278, -0.24699248, -0.23632431, -0.30158997, -0.17203312
3433, 30472749, 30473280, -0.24693738, -0.23632431, -0.23809814, -0.10565078
3434, 30473749, 30474282, -0.24680343, -0.23632431, -0.17460632, -0.06488336
3435, 30474749, 30475282, -0.24658386, -0.23632431, -0.11111450, -0.03984684
3436, 30475749, 30476284, -0.24627367, -0.23594284, -0.04762268, -0.02447116
3437, 30476749, 30477280, -0.24586686, -0.23594284, -0.01587677, 0.13216907
3438, 30477749, 30478279, -0.24536105, -0.23594284, 0.01587677, 0.08116905
3439, 30478749, 30479283, -0.24475172, -0.23594284, 0.01587677, 0.04984838
3440, 30479749, 30480283, -0.24403496, -0.23594284, 0.04762268, 0.03061341
3441, 30480749, 30481279, -0.24320742, -0.23594284, 0.04762268, 0.01880063
3442, 30481749, 30482277, -0.24226573, -0.23594284, 0.07936859, 0.01154604
3443, 30482749, 30483279, -0.24120726, -0.23594284, 0.07936859, 0.00709077
3444, 30483749, 30484278, -0.24002811, -0.23594284, 0.04762268, 0.00435466
3445, 30484749, 30485278, -0.23872228, -0.23594284, 0.01587677, 0.00267433
3446, 30485749, 30486276, -0.23728514, -0.23594284, 0.01587677, 0.00164239
3447, 30486749, 30487286, -0.23570894, -0.23594284, 0.01587677, 0.00100864
3448, 30487749, 30488282, -0.23398735, -0.23594284, 0.01587677, 0.00061944
3449, 30488749, 30489278, -0.23211384, -0.23594284, -0.01587677, 0.00038041
3450, 30489749, 30490277, -0.23008353, -0.23594284, -0.01587677, 0.00023362
3451, 30490749, 30491283, -0.22789228, -0.23594284, -0.01587677, 0.00014348
3452, 30491749, 30492275, -0.22553577, -0.23594284, -0.01587677, 0.00008811
3453, 30492749, 30493279, -0.22301275, -0.23594284, -0.01587677, 0.00005411
3454, 30493749, 30494279, -0.22032191, -0.23556137, 0.01587677, 0.00003323
3455, 30494749, 30495277, -0.21746166, -0.23556137, 0.01587677, 0.14721796
3456, 30495749, 30496284, -0.21443205, -0.23517990, 0.04762268, 0.09041103
3457, 30496749, 30497276, -0.21123689, -0.23441696, 0.11111450, 0.20272171
3458, 30497749, 30498282, -0.20788099, -0.23403549, 0.17460632, 0.41889268
3459, 30498749, 30499274, -0.20436896, -0.23327255, 0.23809814, 0.40445232
3460, 30499749, 30500274, -0.20070754, -0.23289108, 0.33333588, 0.54278159
3461, 30500749, 30501284, -0.19690448, -0.23212814, 0.39682770, 0.48053625
3462, 30501749, 30502277, -0.19296777, -0.23098373, 0.49206543, 0.58950704
3463, 30502749, 30503279, -0.18890376, -0.22983932, 0.58730316, 0.80362689
3464, 30503749, 30504277, -0.18472013, -0.22869492, 0.71428680, 0.93512440
3465, 30504749, 30505281, -0.18042511, -0.22678757, 0.84127045, 1.01588106
3466, 30505749, 30506275, -0.17602736, -0.22488022, 1.03174591, 1.35987115
3467, 30506749, 30507277, -0.17153417, -0.22297287, 1.19047546, 1.57112598
3468, 30507749, 30508274, -0.16695465, -0.22068405, 1.34920502, 1.70086396
3469, 30508749, 30509274, -0.16229981, -0.21877670, 1.53968048, 1.92773771
3470, 30509749, 30510276, -0.15757842, -0.21648693, 1.73015594, 1.91987014
3471, 30510749, 30511278, -0.15280066, -0.21381664, 1.88888550, 2.06260395
3472, 30511749, 30512272, -0.14797431, -0.21114635, 2.07936859, 2.29709077
3473, 30512749, 30513273, -0.14310831, -0.20771313, 2.23809814, 2.44109631
3474, 30513749, 30514271, -0.13820942, -0.20466137, 2.39682770, 2.82392979
3475, 30514749, 30515269, -0.13328229, -0.20160961, 2.58730316, 2.91184187
3476, 30515749, 30516273, -0.12833196, -0.19817638, 2.74603271, 2.96583128
3477, 30516749, 30517271, -0.12336212, -0.19474316, 2.87301636, 3.14618540
3478, 30517749, 30518273, -0.11837421, -0.19130993, 3.03174591, 3.25694633
3479, 30518749, 30519282, -0.11337116, -0.18711376, 3.22222137, 3.32496786
3480, 30519749, 30520270, -0.10835583, -0.18329906, 3.34920502, 3.66113710
3481, 30520749, 30521278, -0.10332948, -0.17910290, 3.50793457, 3.72039127
3482, 30521749, 30522278, -0.09829295, -0.17490673, 3.60317230, 3.90397859
3483, 30522749, 30523278, -0.09324842, -0.17109203, 3.69841003, 4.01672506
3484, 30523749, 30524280, -0.08819660, -0.16689587, 3.82539368, 3.93876863
3485, 30524749, 30525279, -0.08313815, -0.16269970, 3.92063141, 4.03809071
3486, 30525749, 30526279, -0.07807568, -0.15812206, 4.01587677, 4.09908724
3487, 30526749, 30527275, -0.07301048, -0.15392494, 4.11111450, 4.28374481
3488, 30527749, 30528275, -0.06794330, -0.14934731, 4.17460632, 4.25031900
3489, 30528749, 30529271, -0.06287538, -0.14438820, 4.26984406, 4.37662077
3490, 30529749, 30530273, -0.05780805, -0.13981056, 4.33333588, 4.60138416
3491, 30530749, 30531276, -0.05274346, -0.13561440, 4.42857361, 4.59222078
3492, 30531749, 30532278, -0.04768466, -0.13065529, 4.46031952, 4.43939543
3493, 30532749, 30533274, -0.04263448, -0.12607765, 4.55555725, 4.63993597
3494, 30533749, 30534274, -0.03759620, -0.12111855, 4.61904907, 4.61589670
3495, 30534749, 30535274, -0.03257555, -0.11615944, 4.65079498, 4.74833107
3496, 30535749, 30536277, -0.02757610, -0.11120033, 4.68254089, 4.82966280
3497, 30536749, 30537273, -0.02260192, -0.10662270, 4.68254089, 4.87961102
3498, 30537749, 30538271, -0.01765766, -0.10166359, 4.71428680, 4.76308823
3499, 30538749, 30539275, -0.01274620, -0.09708595, 4.77777863, 4.83872557
3500, 30539749, 30540277, -0.00787134, -0.09212589, 4.77777863, 4.73797941
3501, 30540749, 30541275, -0.00303613, -0.08716679, 4.77777863, 4.82367325
3502, 30541749, 30542274, 0.00175584, -0.08258915, 4.80952454, 4.87593269
3503, 30542749, 30543278, 0.00650285, -0.07763004, 4.80952454, 4.76082945
3504, 30543749, 30544278, 0.01120335, -0.07267094, 4.84127045, 4.83733845
3505, 30544749, 30545276, 0.01585531, -0.06771183, 4.87301636, 4.88432503
3506, 30545749, 30546278, 0.02045654, -0.06275272, 4.87301636, 4.91318083
3507, 30546749, 30547275, 0.02500600, -0.05779362, 4.87301636, 4.93090200
3508, 30547749, 30548275, 0.02950320, -0.05283451, 4.87301636, 4.94178534
3509, 30548749, 30549279, 0.03394704, -0.04825687, 4.90476227, 4.94846916
3510, 30549749, 30550275, 0.03833731, -0.04291630, 4.87301636, 4.80537605
3511, 30550749, 30551277, 0.04267371, -0.03833866, 4.87301636, 5.01189375
3512, 30551749, 30552275, 0.04695571, -0.03337955, 4.87301636, 4.84432697
3513, 30552749, 30553276, 0.05118164, -0.02880096, 4.87301636, 4.88861704
3514, 30553749, 30554276, 0.05535205, -0.02422333, 4.84127045, 4.76898718
3515, 30554749, 30555276, 0.05946697, -0.01926422, 4.80952454, 4.69515085
3516, 30555749, 30556274, 0.06352646, -0.01468658, 4.74603271, 4.79700327
3517, 30556749, 30557276, 0.06753149, -0.01010895, 4.74603271, 4.71235657
3518, 30557749, 30558273, 0.07148115, -0.00514984, 4.74603271, 4.66037226
3519, 30558749, 30559275, 0.07537634, -0.00057220, 4.71428680, 4.77564478
3520, 30559749, 30560275, 0.07921775, 0.00400543, 4.68254089, 4.69923925
3521, 30560749, 30561271, 0.08300514, 0.00896454, 4.68254089, 4.65231657
3522, 30561749, 30562271, 0.08673883, 0.01354218, 4.65079498, 4.77069759
3523, 30562749, 30563278, 0.09041876, 0.01811981, 4.68254089, 4.69620132
3524, 30563749, 30564270, 0.09404559, 0.02231598, 4.65079498, 4.65045071
3525, 30564749, 30565270, 0.09761924, 0.02727509, 4.61904907, 4.47515631
3526, 30565749, 30566274, 0.10113981, 0.03147221, 4.58730316, 4.66189814
3527, 30566749, 30567274, 0.10460695, 0.03604984, 4.55555725, 4.48255491
3528, 30567749, 30568270, 0.10801992, 0.04024601, 4.55555725, 4.51924419
3529, 30568749, 30569271, 0.11137836, 0.04482365, 4.49206543, 4.39457846
3530, 30569749, 30570271, 0.11468193, 0.04901981, 4.46031952, 4.46521521
3531, 30570749, 30571269, 0.11792981, 0.05321598, 4.42857361, 4.36139774
3532, 30571749, 30572271, 0.12112059, 0.05741215, 4.39682770, 4.29764032
3533, 30572749, 30573271, 0.12425224, 0.06198978, 4.36508179, 4.25848484
3534, 30573749, 30574267, 0.12732348, 0.06580448, 4.33333588, 4.38163567
3535, 30574749, 30575270, 0.13033126, 0.07000065, 4.23809814, 4.16287136
3536, 30575749, 30576272, 0.13327359, 0.07381535, 4.17460632, 4.17571926
3537, 30576749, 30577268, 0.13614719, 0.07801151, 4.14286041, 4.03641176
3538, 30577749, 30578268, 0.13895109, 0.08182621, 4.07936859, 4.09805632
3539, 30578749, 30579272, 0.14168222, 0.08525944, 4.01587677, 3.98871660
3540, 30579749, 30580271, 0.14433800, 0.08907413, 3.95237732, 3.77437043
3541, 30580749, 30581269, 0.14691624, 0.09250736, 3.85713959, 3.78993130
3542, 30581749, 30582267, 0.14941548, 0.09594154, 3.76190186, 3.65229034
3543, 30582749, 30583267, 0.15183406, 0.09937477, 3.69841003, 3.56812859
3544, 30583749, 30584269, 0.15417017, 0.10280800, 3.63491821, 3.51607442
3545, 30584749, 30585268, 0.15642238, 0.10624123, 3.57142639, 3.48410630
3546, 30585749, 30586276, 0.15858872, 0.10929298, 3.47618866, 3.46447372
3547, 30586749, 30587282, 0.16066894, 0.11234474, 3.41269684, 3.30521941
3548, 30587749, 30588264, 0.16266134, 0.11539650, 3.31745911, 3.20741630
3549, 30588749, 30589276, 0.16456518, 0.11806679, 3.22222137, 3.14735246
3550, 30589749, 30590276, 0.16637884, 0.12073708, 3.12698364, 2.96326780
3551, 30590749, 30591280, 0.16810049, 0.12302589, 3.03174591, 2.85021591
3552, 30591749, 30592276, 0.16972858, 0.12569618, 2.93650818, 2.63358974
3553, 30592749, 30593263, 0.17126288, 0.12836647, 2.80952454, 2.64775062
3554, 30593749, 30594275, 0.17270330, 0.13065529, 2.74603271, 2.65644693
3555, 30594749, 30595277, 0.17404994, 0.13294411, 2.65079498, 2.51459026
3556, 30595749, 30596285, 0.17530292, 0.13523293, 2.55555725, 2.42747164
3557, 30596749, 30597263, 0.17646196, 0.13790321, 2.49206543, 2.37396955
3558, 30597749, 30598275, 0.17752597, 0.13981056, 2.42857361, 2.48830986
3559, 30598749, 30599276, 0.17849502, 0.14209938, 2.39682770, 2.26413465
3560, 30599749, 30600262, 0.17936881, 0.14438820, 2.30158997, 2.27365923
3561, 30600749, 30601278, 0.18014786, 0.14591408, 2.23809814, 2.27950859
3562, 30601749, 30602282, 0.18083265, 0.14782143, 2.17460632, 1.98870587
3563, 30602749, 30603276, 0.18142471, 0.15011024, 2.11111450, 1.95731258
3564, 30603749, 30604265, 0.18192489, 0.15163612, 2.01587677, 2.08523059
3565, 30604749, 30605281, 0.18233533, 0.15354347, 1.98412323, 1.86939383
3566, 30605749, 30606277, 0.18265775, 0.15506935, 1.88888550, 1.88403940
3567, 30606749, 30607281, 0.18289343, 0.15697765, 1.85713959, 1.74583626
3568, 30607749, 30608281, 0.18304354, 0.15812206, 1.79364777, 1.80852699
3569, 30608749, 30609276, 0.18311013, 0.16002941, 1.73015594, 1.55226409
3570, 30609749, 30610282, 0.18309537, 0.16117382, 1.69841003, 1.68928039
3571, 30610749, 30611280, 0.18300179, 0.16269970, 1.63491821, 1.47903121
3572, 30611749, 30612278, 0.18283038, 0.16422558, 1.60317230, 1.49710822
3573, 30612749, 30613282, 0.18258317, 0.16536999, 1.53968048, 1.50820994
3574, 30613749, 30614276, 0.18226433, 0.16651440, 1.47618866, 1.36783028
3575, 30614749, 30615276, 0.18187638, 0.16727734, 1.38095093, 1.28161883
3576, 30615749, 30616284, 0.18142195, 0.16842175, 1.31745911, 1.08147633
3577, 30616749, 30617279, 0.18090470, 0.16956615, 1.25396729, 1.10576022
3578, 30617749, 30618281, 0.18032846, 0.17032909, 1.15872955, 1.12067366
3579, 30618749, 30619281, 0.17969750, 0.17109203, 1.09523773, 0.98263496
3580, 30619749, 30620277, 0.17901577, 0.17185497, 1.00000000, 0.89786112
3581, 30620749, 30621275, 0.17828700, 0.17261791, 0.93650818, 0.84579897
3582, 30621749, 30622277, 0.17751379, 0.17338085, 0.87301636, 0.81382602
3583, 30622749, 30623275, 0.17670166, 0.17376232, 0.80952454, 0.79419041
3584, 30623749, 30624274, 0.17585117, 0.17414379, 0.74603271, 0.63493401
3585, 30624749, 30625286, 0.17496553, 0.17452526, 0.61904907, 0.53712988
3586, 30625749, 30626276, 0.17404576, 0.17452526, 0.58730316, 0.47706538
3587, 30626749, 30627280, 0.17309296, 0.17490673, 0.46031952, 0.29298037
3588, 30627749, 30628274, 0.17210895, 0.17490673, 0.39682770, 0.32712573
3589, 30628749, 30629279, 0.17109478, 0.17490673, 0.33333588, 0.20089787
3590, 30629749, 30630275, 0.17005147, 0.17490673, 0.23809814, 0.12337750
3591, 30630749, 30631281, 0.16897972, 0.17452526, 0.14286041, 0.07576988
3592, 30631749, 30632275, 0.16788039, 0.17414379, 0.04762268, -0.10066496
3593, 30632749, 30633281, 0.16675314, 0.17376232, -0.01587677, -0.20901898
3594, 30633749, 30634273, 0.16559841, 0.17376232, -0.07936859, -0.27556247
3595, 30634749, 30635271, 0.16441554, 0.17338085, -0.11111450, -0.16923130
3596, 30635749, 30636278, 0.16320442, 0.17299938, -0.20635223, -0.25112763
3597, 30636749, 30637278, 0.16196567, 0.17261791, -0.26984406, -0.30142266
3598, 30637749, 30638278, 0.16069978, 0.17185497, -0.33333588, -0.33231041
3599, 30638749, 30639288, 0.15940492, 0.17147350, -0.36508179, -0.49847704
3600, 30639749, 30640284, 0.15808085, 0.17071056, -0.42857361, -0.45332751
3601, 30640749, 30641278, 0.15672609, 0.17032909, -0.46031952, -0.57279736
3602, 30641749, 30642285, 0.15533981, 0.16956615, -0.49206543, -0.49896985
3603, 30642749, 30643279, 0.15392132, 0.16880322, -0.55555725, -0.60082769
3604, 30643749, 30644271, 0.15246928, 0.16804028, -0.58730316, -0.66338170
3605, 30644749, 30645277, 0.15098153, 0.16727734, -0.65079498, -0.70179802
3606, 30645749, 30646275, 0.14945626, 0.16651440, -0.71428680, -0.72539061
3607, 30646749, 30647277, 0.14789246, 0.16536999, -0.74603271, -0.73987955
3608, 30647749, 30648272, 0.14629014, 0.16460705, -0.77777863, -0.89597523
3609, 30648749, 30649284, 0.14464772, 0.16346264, -0.84127045, -0.84464079
3610, 30649749, 30650274, 0.14296384, 0.16231823, -0.87301636, -0.96031231
3611, 30650749, 30651276, 0.14123613, 0.16117382, -0.93650818, -1.03134966
3612, 30651749, 30652274, 0.13946235, 0.16002941, -0.96825409, -1.07497585
3613, 30652749, 30653277, 0.13764066, 0.15926647, -1.03174591, -1.10176802
3614, 30653749, 30654275, 0.13577101, 0.15774059, -1.03174591, -0.97102439
3615, 30654749, 30655273, 0.13385108, 0.15697765, -1.09523773, -1.18512583
3616, 30655749, 30656273, 0.13188057, 0.15545082, -1.15872955, -1.02221704
3617, 30656749, 30657283, 0.12985580, 0.15392494, -1.15872955, -1.21693277
3618, 30657749, 30658277, 0.12777469, 0.15278053, -1.19047546, -1.33614576
3619, 30658749, 30659272, 0.12563556, 0.15125465, -1.22222137, -1.26216054
3620, 30659749, 30660272, 0.12343660, 0.15011024, -1.25396729, -1.36392152
3621, 30660749, 30661272, 0.12117501, 0.14858437, -1.31745911, -1.27921844
3622, 30661749, 30662276, 0.11884939, 0.14743996, -1.34920502, -1.37439728
3623, 30662749, 30663282, 0.11645679, 0.14553261, -1.38095093, -1.28565192
3624, 30663749, 30664279, 0.11399490, 0.14400673, -1.41269684, -1.52554572
3625, 30664749, 30665271, 0.11146116, 0.14248085, -1.44444275, -1.52567422
3626, 30665749, 30666271, 0.10885298, 0.14095497, -1.47618866, -1.52575314
3627, 30666749, 30667271, 0.10616833, 0.13904762, -1.53968430, -1.52580166
3628, 30667749, 30668275, 0.10340528, 0.13752174, -1.57143021, -1.67302895
3629, 30668749, 30669278, 0.10056124, 0.13561440, -1.60317612, -1.61624825
3630, 30669749, 30670286, 0.09763362, 0.13408852, -1.63492203, -1.72857499
3631, 30670749, 30671270, 0.09462220, 0.13218117, -1.66666794, -1.65036082
3632, 30671749, 30672280, 0.09152701, 0.13027382, -1.69841385, -1.74952459
3633, 30672749, 30673276, 0.08834546, 0.12836647, -1.73015976, -1.81042397
3634, 30673749, 30674280, 0.08507700, 0.12607765, -1.79365158, -1.84782422
3635, 30674749, 30675279, 0.08171942, 0.12417030, -1.85714340, -2.01799059
3636, 30675749, 30676283, 0.07827263, 0.12226295, -1.88888931, -1.97529721
3637, 30676749, 30677275, 0.07473676, 0.11959267, -1.98412704, -1.94907784
3638, 30677749, 30678277, 0.07111409, 0.11768532, -2.01587296, -2.22737098
3639, 30678749, 30679275, 0.06740481, 0.11539650, -2.07936478, -2.10388398
3640, 30679749, 30680275, 0.06361043, 0.11272621, -2.14285660, -2.17524457
3641, 30680749, 30681276, 0.05973211, 0.11043739, -2.20634842, -2.36626673
3642, 30681749, 30682276, 0.05577201, 0.10776711, -2.26984024, -2.33638167
3643, 30682749, 30683278, 0.05173170, 0.10547829, -2.33333206, -2.46522593
3644, 30683749, 30684276, 0.04761308, 0.10280800, -2.39682388, -2.39715552
3645, 30684749, 30685276, 0.04341903, 0.09975624, -2.46031570, -2.50254893
3646, 30685749, 30686281, 0.03915158, 0.09708595, -2.52381134, -2.71447182
3647, 30686749, 30687273, 0.03481445, 0.09403419, -2.61904907, -2.69742274
3648, 30687749, 30688275, 0.03040921, 0.09098148, -2.68254089, -2.83414984
3649, 30688749, 30689275, 0.02593861, 0.08792973, -2.74603271, -2.91848612
3650, 30689749, 30690273, 0.02140586, 0.08487797, -2.80952454, -2.96991158
3651, 30690749, 30691274, 0.01681191, 0.08182621, -2.90476227, -3.00149369
3652, 30691749, 30692274, 0.01215908, 0.07877445, -2.96825409, -3.02088904
3653, 30692749, 30693274, 0.00744885, 0.07572269, -3.00000000, -3.03280020
3654, 30693749, 30694278, 0.00268444, 0.07228947, -3.06349182, -3.04011536
3655, 30694749, 30695276, -0.00213308, 0.06885624, -3.09523773, -3.19180560
3656, 30695749, 30696276, -0.00700158, 0.06542301, -3.19047546, -3.28496289
3657, 30696749, 30697273, -0.01192031, 0.06198978, -3.25396729, -3.34217358
3658, 30697749, 30698273, -0.01688817, 0.05817509, -3.31745911, -3.37730861
3659, 30698749, 30699275, -0.02190342, 0.05436039, -3.38095093, -3.54608369
3660, 30699749, 30700275, -0.02696519, 0.05054569, -3.47618866, -3.64973354
3661, 30700749, 30701273, -0.03207153, 0.04673100, -3.57143021, -3.71338797
3662, 30701749, 30702273, -0.03722302, 0.04291630, -3.69841385, -3.75248003
3663, 30702749, 30703272, -0.04241925, 0.03872013, -3.76190567, -3.77648759
3664, 30703749, 30704272, -0.04766031, 0.03452396, -3.85714340, -3.93842912
3665, 30704749, 30705274, -0.05294546, 0.03032684, -3.92063522, -4.03788233
3666, 30705749, 30706276, -0.05827409, 0.02574921, -3.98412704, -4.09932756
3667, 30706749, 30707272, -0.06364568, 0.02155304, -4.07936478, -4.28389263
3668, 30707749, 30708277, -0.06905890, 0.01697540, -4.17460251, -4.25004196
3669, 30708749, 30709275, -0.07451169, 0.01239777, -4.23809433, -4.37645102
3670, 30709749, 30710273, -0.08000191, 0.00782013, -4.30158615, -4.45408249
3671, 30710749, 30711275, -0.08552824, 0.00324249, -4.39682388, -4.50175810
3672, 30711749, 30712271, -0.09108839, -0.00171661, -4.46031570, -4.53103733
3673, 30712749, 30713274, -0.09668103, -0.00629425, -4.52381134, -4.69621611
3674, 30713749, 30714272, -0.10230440, -0.01125336, -4.61904907, -4.65045977
3675, 30714749, 30715270, -0.10795510, -0.01583099, -4.65079498, -4.76955700
3676, 30715749, 30716268, -0.11363064, -0.02117157, -4.71428680, -4.69550085
3677, 30716749, 30717268, -0.11932983, -0.02574921, -4.77777863, -4.94441557
3678, 30717749, 30718268, -0.12504862, -0.03070831, -4.80952454, -4.80288696
3679, 30718749, 30719271, -0.13078381, -0.03604984, -4.87301636, -4.86316729
3680, 30719749, 30720269, -0.13653146, -0.04100895, -4.93650818, -5.04775286
3681, 30720749, 30721269, -0.14228727, -0.04596806, -4.96825409, -5.01354694
3682, 30721749, 30722267, -0.14804626, -0.05169010, -5.03174591, -4.99253988
3683, 30722749, 30723271, -0.15380460, -0.05664921, -5.06349182, -5.27403402
3684, 30723749, 30724269, -0.15955751, -0.06198978, -5.12698364, -5.15251303
3685, 30724749, 30725272, -0.16529709, -0.06694889, -5.15872955, -5.22508049
3686, 30725749, 30726268, -0.17101946, -0.07267094, -5.19047546, -5.12244892
3687, 30726749, 30727268, -0.17671724, -0.07801151, -5.25396729, -5.35381508
3688, 30727749, 30728282, -0.18238346, -0.08297062, -5.25396729, -5.34870672
3689, 30728749, 30729268, -0.18801087, -0.08869267, -5.28571320, -5.19837189
3690, 30729749, 30730281, -0.19359234, -0.09403419, -5.31745911, -5.40044165
3691, 30730749, 30731267, -0.19911857, -0.09937477, -5.34920502, -5.37770939
3692, 30731749, 30732277, -0.20458062, -0.10471535, -5.34920502, -5.36338091
3693, 30732749, 30733267, -0.20997138, -0.11043739, -5.38095093, -5.35458088
3694, 30733749, 30734267, -0.21527855, -0.11577797, -5.41269684, -5.49637413
3695, 30734749, 30735275, -0.22049166, -0.12111855, -5.41269684, -5.43625641
3696, 30735749, 30736268, -0.22559778, -0.12645912, -5.44444275, -5.39933634
3697, 30736749, 30737268, -0.23058517, -0.13256264, -5.44444275, -5.37666225
3698, 30737749, 30738264, -0.23543821, -0.13790321, -5.47618866, -5.65713310
3699, 30738749, 30739266, -0.24014299, -0.14324379, -5.47618866, -5.53498363
3700, 30739749, 30740266, -0.24468198, -0.14858437, -5.47618866, -5.45996761
3701, 30740749, 30741265, -0.24903353, -0.15468788, -5.50793839, -5.41389799
3702, 30741749, 30742265, -0.25318253, -0.16002941, -5.50793839, -5.68000031
3703, 30742749, 30743267, -0.25710776, -0.16536999, -5.50793839, -5.54939461
3704, 30743749, 30744279, -0.26078853, -0.17109203, -5.50793839, -5.46881819
3705, 30744749, 30745279, -0.26420519, -0.17643261, -5.50793839, -5.56653118
3706, 30745749, 30746282, -0.26734146, -0.18139172, -5.47618866, -5.47934198
3707, 30746749, 30747278, -0.27017894, -0.18711376, -5.47618866, -5.27859879
3708, 30747749, 30748282, -0.27270484, -0.19245434, -5.50793839, -5.44971132
3709, 30748749, 30749284, -0.27491128, -0.19779491, -5.47618866, -5.40759897
3710, 30749749, 30750278, -0.27679700, -0.20313549, -5.44444275, -5.38173676
3711, 30750749, 30751274, -0.27836496, -0.20847607, -5.44444275, -5.36585426
3712, 30751749, 30752279, -0.27962458, -0.21419811, -5.44444275, -5.35610008
3713, 30752749, 30753279, -0.28059238, -0.21953964, -5.44444275, -5.49730730
3714, 30753749, 30754277, -0.28128985, -0.22449875, -5.41269684, -5.43719769
3715, 30754749, 30755277, -0.28173846, -0.22945786, -5.34920502, -5.25271654
3716, 30755749, 30756279, -0.28196761, -0.23403549, -5.25396729, -5.13942146
3717, 30756749, 30757277, -0.28200388, -0.23861313, -5.15872955, -4.92264605
3718, 30757749, 30758276, -0.28187671, -0.24242783, -5.03174591, -4.78951740
3719, 30758749, 30759276, -0.28161046, -0.24662399, -4.87301636, -4.41336393
3720, 30759749, 30760276, -0.28123307, -0.25043869, -4.68254089, -4.32955408
3721, 30760749, 30761278, -0.28076321, -0.25387192, -4.46031570, -4.13088655
3722, 30761749, 30762272, -0.28022251, -0.25692368, -4.23809433, -3.86168122
3723, 30762749, 30763276, -0.27962321, -0.25997543, -3.98412704, -3.54915643
3724, 30763749, 30764273, -0.27897850, -0.26264572, -3.73015976, -3.35722542
3725, 30764749, 30765275, -0.27829498, -0.26455307, -3.47618866, -3.09215736
3726, 30765749, 30766275, -0.27757636, -0.26646042, -3.19047546, -2.63497567
3727, 30766749, 30767275, -0.27682596, -0.26836777, -2.90476227, -2.35420656
3728, 30767749, 30768279, -0.27604392, -0.26913071, -2.58730316, -2.18177772
3729, 30768749, 30769275, -0.27522665, -0.27027512, -2.26984024, -1.63429117
3730, 30769749, 30770277, -0.27437049, -0.27141953, -1.98412704, -1.44526064
3731, 30770749, 30771278, -0.27347147, -0.27218246, -1.69841385, -1.32917130
3732, 30771749, 30772276, -0.27252641, -0.27256393, -1.41269684, -1.11067975
3733, 30772749, 30773274, -0.27153000, -0.27256393, -1.15872955, -0.82929975
3734, 30773749, 30774276, -0.27048066, -0.27256393, -0.93650818, -0.50929821
3735, 30774749, 30775274, -0.26937547, -0.27256393, -0.68254089, -0.31277552
3736, 30775749, 30776278, -0.26821178, -0.27256393, -0.49206543, -0.19208497
3737, 30776749, 30777279, -0.26698324, -0.27218246, -0.30158997, -0.11796523
3738, 30777749, 30778273, -0.26568660, -0.27180099, -0.14286041, 0.07475151
3739, 30778749, 30779281, -0.26431954, -0.27103806, 0.01587677, 0.19310473
3740, 30779749, 30780273, -0.26287815, -0.27065659, 0.11111450, 0.41298661
3741, 30780749, 30781275, -0.26135933, -0.26989365, 0.23809814, 0.40082520
3742, 30781749, 30782280, -0.25976011, -0.26913071, 0.33333588, 0.54055405
3743, 30782749, 30783282, -0.25807700, -0.26874924, 0.39682770, 0.62636584
3744, 30783749, 30784282, -0.25630438, -0.26798630, 0.49206543, 0.53186792
3745, 30784749, 30785278, -0.25443619, -0.26722336, 0.55555725, 0.62103140
3746, 30785749, 30786280, -0.25246659, -0.26607895, 0.58730316, 0.67578942
3747, 30786749, 30787278, -0.25039211, -0.26569748, 0.68254089, 0.85661554
3748, 30787749, 30788279, -0.24820621, -0.26455307, 0.71428680, 0.67327124
3749, 30788749, 30789273, -0.24590515, -0.26340866, 0.74603271, 0.85506904
3750, 30789749, 30790277, -0.24348597, -0.26264572, 0.80952454, 0.96671659
3751, 30790749, 30791273, -0.24094532, -0.26188278, 0.84127045, 0.88808519
3752, 30791749, 30792273, -0.23828088, -0.26035690, 0.87301636, 0.83979523
3753, 30792749, 30793271, -0.23549086, -0.25959396, 0.93650818, 1.10453403
3754, 30793749, 30794278, -0.23257427, -0.25806808, 1.00000000, 0.97272313
3755, 30794749, 30795282, -0.22953215, -0.25654221, 1.03174591, 1.18616903
3756, 30795749, 30796274, -0.22636689, -0.25577927, 1.06349182, 1.31725276
3757, 30796749, 30797276, -0.22308095, -0.25387192, 1.15872955, 1.10336018
3758, 30797749, 30798276, -0.21967484, -0.25272751, 1.19047546, 1.41359484
3759, 30798749, 30799279, -0.21615164, -0.25120163, 1.28571320, 1.30972433
3760, 30799749, 30800275, -0.21251389, -0.24929428, 1.34920502, 1.39313185
3761, 30800749, 30801269, -0.20876370, -0.24776840, 1.41269684, 1.59155250
3762, 30801749, 30802277, -0.20490235, -0.24547958, 1.47618866, 1.56621110
3763, 30802749, 30803277, -0.20093097, -0.24395370, 1.57142639, 1.84504330
3764, 30803749, 30804278, -0.19685346, -0.24204636, 1.63491821, 1.72188747
3765, 30804749, 30805286, -0.19267306, -0.23975754, 1.73015594, 1.79345131
3766, 30805749, 30806272, -0.18839264, -0.23746872, 1.82539368, 1.98459840
3767, 30806749, 30807278, -0.18401702, -0.23517990, 1.88888550, 2.10198760
3768, 30807749, 30808280, -0.17955036, -0.23289108, 1.98412323, 2.17407990
3769, 30808749, 30809274, -0.17499402, -0.23022079, 2.07936859, 2.21835399
3770, 30809749, 30810277, -0.17035323, -0.22755051, 2.17460632, 2.39274168
3771, 30810749, 30811275, -0.16563188, -0.22488022, 2.26984406, 2.49983835
3772, 30811749, 30812275, -0.16083445, -0.22182846, 2.39682770, 2.56560969
3773, 30812749, 30813273, -0.15596406, -0.21915817, 2.49206543, 2.75319934
3774, 30813749, 30814275, -0.15102729, -0.21610546, 2.61904907, 2.72120619
3775, 30814749, 30815271, -0.14603008, -0.21267223, 2.71428680, 2.84912395
3776, 30815749, 30816274, -0.14097615, -0.20923901, 2.84127045, 3.07451177
3777, 30816749, 30817268, -0.13587019, -0.20580578, 2.96825409, 3.21292925
3778, 30817749, 30818276, -0.13071680, -0.20199108, 3.06349182, 3.29793572
3779, 30818749, 30819276, -0.12551993, -0.19855785, 3.19047546, 3.49733829
3780, 30819749, 30820278, -0.12028188, -0.19512463, 3.31745911, 3.47259998
3781, 30820749, 30821275, -0.11500645, -0.19130993, 3.41269684, 3.45740747
3782, 30821749, 30822277, -0.10969679, -0.18711376, 3.53968048, 3.59527469
3783, 30822749, 30823279, -0.10435549, -0.18291759, 3.60317230, 3.82714081
3784, 30823749, 30824277, -0.09898657, -0.17872143, 3.69841003, 3.96953678
3785, 30824749, 30825281, -0.09359203, -0.17452526, 3.82539368, 4.05698633
3786, 30825749, 30826282, -0.08817690, -0.17032909, 3.92063141, 4.11069202
3787, 30826749, 30827278, -0.08274383, -0.16613293, 4.01587677, 4.14367437
3788, 30827749, 30828274, -0.07729562, -0.16155529, 4.11111450, 4.16392946
3789, 30828749, 30829276, -0.07183663, -0.15697765, 4.17460632, 4.32356644
3790, 30829749, 30830280, -0.06637064, -0.15239906, 4.23809814, 4.42160463
3791, 30830749, 30831276, -0.06090073, -0.14743996, 4.33333588, 4.48218060
3792, 30831749, 30832277, -0.05543049, -0.14286232, 4.42857361, 4.66621161
3793, 30832749, 30833275, -0.04996435, -0.13828468, 4.49206543, 4.63203335
3794, 30833749, 30834277, -0.04450604, -0.13332558, 4.58730316, 4.61104345
3795, 30834749, 30835271, -0.03906011, -0.12836647, 4.65079498, 4.74535036
3796, 30835749, 30836273, -0.03362942, -0.12302589, 4.74603271, 4.82783222
3797, 30836749, 30837277, -0.02821631, -0.11806679, 4.80952454, 5.02568436
3798, 30837749, 30838276, -0.02282399, -0.11348915, 4.84127045, 4.99999380
3799, 30838749, 30839276, -0.01745401, -0.10814857, 4.90476227, 4.83701897
3800, 30839749, 30840274, -0.01210992, -0.10318947, 4.93650818, 5.03132629
3801, 30840749, 30841276, -0.00679336, -0.09823036, 4.96825409, 5.00345850
3802, 30841749, 30842276, -0.00150777, -0.09288883, 5.00000000, 4.98634434
3803, 30842749, 30843272, 0.00374369, -0.08792973, 5.03174591, 5.12339973
3804, 30843749, 30844277, 0.00895839, -0.08258915, 5.06349182, 5.06000376
3805, 30844749, 30845277, 0.01413225, -0.07724857, 5.06349182, 5.16826773
3806, 30845749, 30846275, 0.01926245, -0.07190800, 5.12698364, 5.23475599
3807, 30846749, 30847277, 0.02434682, -0.06694889, 5.15872955, 5.27558851
3808, 30847749, 30848281, 0.02938287, -0.06122684, 5.19047546, 5.15346766
3809, 30848749, 30849275, 0.03436917, -0.05626774, 5.19047546, 5.37286472
3810, 30849749, 30850274, 0.03930242, -0.05092716, 5.22222137, 5.21320772
3811, 30850749, 30851274, 0.04418070, -0.04558659, 5.22222137, 5.26235533
3812, 30851749, 30852274, 0.04900389, -0.04024601, 5.25396729, 5.29253817
3813, 30852749, 30853276, 0.05377083, -0.03528690, 5.25396729, 5.31107426
3814, 30853749, 30854276, 0.05847770, -0.03032684, 5.22222137, 5.17526054
3815, 30854749, 30855275, 0.06312452, -0.02460480, 5.22222137, 5.09222126
3816, 30855749, 30856273, 0.06770932, -0.01964569, 5.22222137, 5.33525133
3817, 30856749, 30857271, 0.07223274, -0.01468658, 5.19047546, 5.19010830
3818, 30857749, 30858273, 0.07669349, -0.00934601, 5.19047546, 5.10097122
3819, 30858749, 30859277, 0.08109022, -0.00438690, 5.19047546, 5.19342756
3820, 30859749, 30860272, 0.08542126, 0.00095367, 5.15872955, 5.10301018
3821, 30860749, 30861274, 0.08968662, 0.00591278, 5.15872955, 5.19467974
3822, 30861749, 30862272, 0.09388641, 0.01125336, 5.15872955, 5.10377932
3823, 30862749, 30863274, 0.09801975, 0.01621246, 5.12698364, 5.19515181
3824, 30863749, 30864272, 0.10208538, 0.02155304, 5.12698364, 5.10406923
3825, 30864749, 30865274, 0.10608382, 0.02651215, 5.09523773, 5.19532967
3826, 30865749, 30866275, 0.11001363, 0.03108978, 5.06349182, 5.10417795
3827, 30866749, 30867275, 0.11387500, 0.03643131, 5.06349182, 4.90100193
3828, 30867749, 30868271, 0.11766787, 0.04139042, 5.03174591, 5.07098818
3829, 30868749, 30869271, 0.12138982, 0.04634953, 5.03174591, 5.02781630
3830, 30869749, 30870271, 0.12504008, 0.05092716, 4.96825409, 5.00130320
3831, 30870749, 30871270, 0.12861794, 0.05588627, 4.93650818, 4.83782339
3832, 30871749, 30872272, 0.13212210, 0.06046391, 4.87301636, 4.88462305
3833, 30872749, 30873270, 0.13555001, 0.06542301, 4.84127045, 4.76616621
3834, 30873749, 30874270, 0.13890067, 0.07000065, 4.84127045, 4.84061623
3835, 30874749, 30875268, 0.14217176, 0.07457829, 4.77777863, 4.73914051
3836, 30875749, 30876266, 0.14536329, 0.07877445, 4.74603271, 4.67682123
3837, 30876749, 30877269, 0.14847219, 0.08335209, 4.65079498, 4.49135113
3838, 30877749, 30878267, 0.15149605, 0.08792973, 4.61904907, 4.52464628
3839, 30878749, 30879265, 0.15443294, 0.09212589, 4.55555725, 4.54509354
3840, 30879749, 30880269, 0.15728056, 0.09632301, 4.49206543, 4.41045332
3841, 30880749, 30881279, 0.16003837, 0.09975624, 4.39682770, 4.32813501
3842, 30881749, 30882281, 0.16270317, 0.10357094, 4.30158997, 3.98281765
3843, 30882749, 30883268, 0.16527195, 0.10738564, 4.17460632, 3.91794491
3844, 30883749, 30884266, 0.16774371, 0.11081886, 4.04762268, 3.87810469
3845, 30884749, 30885280, 0.17011702, 0.11463356, 3.95237732, 3.70644021
3846, 30885749, 30886278, 0.17238925, 0.11844826, 3.82539368, 3.74821329
3847, 30886749, 30887278, 0.17455825, 0.12188148, 3.76190186, 3.77386737
3848, 30887749, 30888264, 0.17662494, 0.12569618, 3.69841003, 3.64242482
3849, 30888749, 30889275, 0.17858693, 0.12874794, 3.60317230, 3.70889950
3850, 30889749, 30890263, 0.18044636, 0.13179970, 3.50793457, 3.45532870
3851, 30890749, 30891265, 0.18220206, 0.13485146, 3.44444275, 3.29960299
3852, 30891749, 30892265, 0.18385550, 0.13752174, 3.34920502, 3.20396709
3853, 30892749, 30893279, 0.18540685, 0.14019203, 3.25396729, 2.99803662
3854, 30893749, 30894276, 0.18685648, 0.14248085, 3.12698364, 2.87156844
3855, 30894749, 30895264, 0.18820404, 0.14515114, 2.96825409, 2.64670300
3856, 30895749, 30896282, 0.18944958, 0.14743996, 2.84127045, 2.65580368
3857, 30896749, 30897278, 0.19059327, 0.15049171, 2.74603271, 2.51419520
3858, 30897749, 30898274, 0.19163546, 0.15278053, 2.65079498, 2.72162414
3859, 30898749, 30899278, 0.19257757, 0.15468788, 2.58730316, 2.55461764
3860, 30899749, 30900275, 0.19342162, 0.15697765, 2.49206543, 2.30485630
3861, 30900749, 30901277, 0.19416931, 0.15926647, 2.39682770, 2.29903579
3862, 30901749, 30902275, 0.19482140, 0.16117382, 2.33333588, 2.29509330
3863, 30902749, 30903279, 0.19538008, 0.16346264, 2.30158997, 2.14547443
3864, 30903749, 30904277, 0.19584773, 0.16498852, 2.20635223, 2.20078659
3865, 30904749, 30905276, 0.19622700, 0.16689587, 2.11111450, 1.94036031
3866, 30905749, 30906282, 0.19652011, 0.16842175, 2.01587677, 1.92762208
3867, 30906749, 30907280, 0.19672985, 0.17032909, 1.92063141, 1.77260172
3868, 30907749, 30908278, 0.19685924, 0.17147350, 1.85713959, 1.82459652
3869, 30908749, 30909278, 0.19691151, 0.17338085, 1.79364777, 1.56213295
3870, 30909749, 30910276, 0.19689199, 0.17452526, 1.69841003, 1.69534123
3871, 30910749, 30911279, 0.19680445, 0.17605114, 1.60317230, 1.48275340
3872, 30911749, 30912279, 0.19665153, 0.17757702, 1.53968048, 1.49939418
3873, 30912749, 30913275, 0.19643763, 0.17872143, 1.50793457, 1.50961387
3874, 30913749, 30914281, 0.19616547, 0.17986584, 1.44444275, 1.36869252
3875, 30914749, 30915279, 0.19583990, 0.18101025, 1.38095093, 1.28214848
3876, 30915749, 30916275, 0.19546400, 0.18177319, 1.31745911, 1.22899914
3877, 30916749, 30917280, 0.19504185, 0.18291759, 1.22222137, 1.04916096
3878, 30917749, 30918282, 0.19457828, 0.18368053, 1.15872955, 1.08591437
3879, 30918749, 30919276, 0.19407709, 0.18406200, 1.09523773, 0.96128821
3880, 30919749, 30920280, 0.19354081, 0.18520641, 1.00000000, 0.73755389
3881, 30920749, 30921280, 0.19297574, 0.18558788, 0.93650818, 0.89454699
3882, 30921749, 30922280, 0.19238539, 0.18635082, 0.84127045, 0.69656605
3883, 30922749, 30923278, 0.19177486, 0.18673229, 0.74603271, 0.72217751
3884, 30923749, 30924275, 0.19114722, 0.18711376, 0.68254089, 0.59070873
3885, 30924749, 30925275, 0.19050576, 0.18711376, 0.61904907, 0.50996977
3886, 30925749, 30926277, 0.18985423, 0.18749523, 0.52381134, 0.31318796
3887, 30926749, 30927273, 0.18919489, 0.18787670, 0.46031952, 0.33953583
3888, 30927749, 30928279, 0.18853208, 0.18787670, 0.39682770, 0.35571685
3889, 30928749, 30929274, 0.18786801, 0.18787670, 0.33333588, 0.21845655
3890, 30929749, 30930274, 0.18720441, 0.18787670, 0.23809814, 0.13416082
3891, 30930749, 30931280, 0.18654156, 0.18787670, 0.17460632, 0.08239225
3892, 30931749, 30932278, 0.18588120, 0.18787670, 0.14286041, 0.05059959
3893, 30932749, 30933274, 0.18522361, 0.18749523, 0.07936859, 0.03107475
3894, 30933749, 30934280, 0.18457018, 0.18749523, 0.01587677, -0.12811361
3895, 30934749, 30935279, 0.18392015, 0.18711376, -0.04762268, -0.07867847
3896, 30935749, 30936279, 0.18327291, 0.18711376, -0.07936859, -0.19551641
3897, 30936749, 30937277, 0.18262933, 0.18711376, -0.11111450, -0.12007258
3898, 30937749, 30938279, 0.18198922, 0.18673229, -0.17460632, -0.07374023
3899, 30938749, 30939277, 0.18135065, 0.18635082, -0.20635223, -0.19248368
3900, 30939749, 30940277, 0.18071267, 0.18596935, -0.23809814, -0.26540765
3901, 30940749, 30941282, 0.18007395, 0.18520641, -0.30158997, -0.31019247
3902, 30941749, 30942276, 0.17943236, 0.18482494, -0.33333588, -0.48489374
3903, 30942749, 30943276, 0.17878696, 0.18406200, -0.36508179, -0.44498557
3904, 30943749, 30944276, 0.17813481, 0.18406200, -0.39682770, -0.56767428
3905, 30944749, 30945280, 0.17747356, 0.18329906, -0.42857361, -0.34862605
3906, 30945749, 30946279, 0.17680003, 0.18291759, -0.46031952, -0.50849700
3907, 30946749, 30947277, 0.17611228, 0.18215466, -0.52381134, -0.45948106
3908, 30947749, 30948281, 0.17540771, 0.18139172, -0.52381134, -0.57657641
3909, 30948749, 30949275, 0.17468333, 0.18101025, -0.55555725, -0.64848822
3910, 30949749, 30950283, 0.17393574, 0.18062878, -0.52381134, -0.54545391
3911, 30950749, 30951276, 0.17316233, 0.18024731, -0.55555725, -0.48217741
3912, 30951749, 30952284, 0.17235968, 0.17948437, -0.55555725, -0.44331738
3913, 30952749, 30953282, 0.17152467, 0.17872143, -0.58730316, -0.56664979
3914, 30953749, 30954274, 0.17065397, 0.17795849, -0.58730316, -0.64239204
3915, 30954749, 30955272, 0.16974349, 0.17757702, -0.61904907, -0.68890762
3916, 30955749, 30956280, 0.16878797, 0.17643261, -0.65079498, -0.57027674
3917, 30956749, 30957285, 0.16778499, 0.17566967, -0.68254089, -0.79181695
3918, 30957749, 30958281, 0.16672890, 0.17452526, -0.74603271, -0.78067404
3919, 30958749, 30959271, 0.16561630, 0.17376232, -0.77777863, -0.92102838
3920, 30959749, 30960277, 0.16444437, 0.17299938, -0.80952454, -0.86002672
3921, 30960749, 30961281, 0.16320732, 0.17185497, -0.84127045, -0.82256371
3922, 30961749, 30962285, 0.16190316, 0.17109203, -0.87301636, -0.94675410
3923, 30962749, 30963286, 0.16052797, 0.17032909, -0.87301636, -0.87582564
3924, 30963749, 30964280, 0.15907796, 0.16994762, -0.87301636, -0.83226633
3925, 30964749, 30965282, 0.15754913, 0.16880322, -0.84127045, -0.65831763
3926, 30965749, 30966284, 0.15593892, 0.16804028, -0.80952454, -0.84588557
3927, 30966749, 30967280, 0.15424417, 0.16727734, -0.80952454, -0.81387919
3928, 30967749, 30968279, 0.15246342, 0.16689587, -0.80952454, -0.79422307
3929, 30968749, 30969279, 0.15059426, 0.16575146, -0.77777863, -0.63495409
3930, 30969749, 30970279, 0.14863543, 0.16498852, -0.77777863, -0.83153731
3931, 30970749, 30971281, 0.14658618, 0.16422558, -0.80952454, -0.80506748
3932, 30971749, 30972283, 0.14444490, 0.16308117, -0.80952454, -0.78881156
3933, 30972749, 30973282, 0.14221101, 0.16231823, -0.84127045, -0.92602587
3934, 30973749, 30974280, 0.13988373, 0.16117382, -0.87301636, -0.86309582
3935, 30974749, 30975282, 0.13746336, 0.16002941, -0.87301636, -0.97164613
3936, 30975749, 30976280, 0.13494918, 0.15964794, -0.90476227, -1.03831017
3937, 30976749, 30977282, 0.13234080, 0.15850353, -0.90476227, -0.78485543
3938, 30977749, 30978274, 0.12963907, 0.15774059, -0.90476227, -0.92359632
3939, 30978749, 30979283, 0.12684396, 0.15697765, -0.90476227, -0.86160374
3940, 30979749, 30980277, 0.12395617, 0.15583229, -0.90476227, -0.82353222
3941, 30980749, 30981279, 0.12097604, 0.15468788, -0.90476227, -0.94771689
3942, 30981749, 30982279, 0.11790410, 0.15354347, -0.93650818, -1.02361453
3943, 30982749, 30983277, 0.11474022, 0.15278053, -0.96825409, -1.07022548
3944, 30983749, 30984278, 0.11148460, 0.15125465, -1.00000000, -0.95165318
3945, 30984749, 30985280, 0.10813817, 0.15011024, -1.06349182, -1.17322946
3946, 30985749, 30986278, 0.10470164, 0.14820290, -1.12698364, -1.16210854
3947, 30986749, 30987278, 0.10117563, 0.14667702, -1.22222137, -1.44967401
3948, 30987749, 30988276, 0.09756172, 0.14476967, -1.31745911, -1.47907913
3949, 30988749, 30989276, 0.09385909, 0.14286232, -1.44444275, -1.64433527
3950, 30989749, 30990277, 0.09006854, 0.14095497, -1.57143021, -1.74582410
3951, 30990749, 30991279, 0.08619182, 0.13828468, -1.69841385, -1.80815148
3952, 30991749, 30992277, 0.08222915, 0.13637733, -1.82539749, -2.14082384
3953, 30992749, 30993279, 0.07818199, 0.13446999, -1.88888931, -2.05073285
3954, 30993749, 30994277, 0.07405120, 0.13218117, -1.98412704, -1.99540520
3955, 30994749, 30995278, 0.06983779, 0.12989235, -2.07936478, -2.10862446
3956, 30995749, 30996274, 0.06554146, 0.12722206, -2.17460251, -2.17815590
3957, 30996749, 30997276, 0.06116329, 0.12417030, -2.26984024, -2.36805487
3958, 30997749, 30998272, 0.05670292, 0.12111855, -2.39682388, -2.63187504
3959, 30998749, 30999274, 0.05216140, 0.11806679, -2.52381134, -2.79389501
3960, 30999749, 31000272, 0.04753901, 0.11501503, -2.61904907, -2.89339638
3961, 31000749, 31001273, 0.04283698, 0.11158180, -2.77777863, -2.95450330
3962, 31001749, 31002273, 0.03805454, 0.10814857, -2.90476227, -3.13922834
3963, 31002749, 31003271, 0.03319238, 0.10471535, -3.09523773, -3.25267386
3964, 31003749, 31004275, 0.02825100, 0.10090065, -3.19047546, -3.32234406
3965, 31004749, 31005275, 0.02323231, 0.09708595, -3.31745911, -3.51232815
3966, 31005749, 31006272, 0.01813770, 0.09327030, -3.41269684, -3.62900305
3967, 31006749, 31007272, 0.01296654, 0.08945560, -3.50793839, -3.70102477
3968, 31007749, 31008274, 0.00772152, 0.08525944, -3.63492203, -3.74488759
3969, 31008749, 31009270, 0.00240493, 0.08106327, -3.88888931, -3.91902256
3970, 31009749, 31010272, -0.00298245, 0.07686710, -3.92063522, -4.02596426
3971, 31010749, 31011276, -0.00843915, 0.07267094, -3.95238113, -4.09164047
3972, 31011749, 31012273, -0.01396337, 0.06847477, -4.04761887, -4.13197422
3973, 31012749, 31013271, -0.01955406, 0.06427860, -4.11111069, -4.15674400
3974, 31013749, 31014273, -0.02521066, 0.05970097, -4.17460251, -4.17195606
3975, 31014749, 31015271, -0.03093028, 0.05550480, -4.23809433, -4.32849598
3976, 31015749, 31016271, -0.03671121, 0.05054569, -4.26984024, -4.27743435
3977, 31016749, 31017269, -0.04255157, 0.04634953, -4.26984024, -4.54047108
3978, 31017749, 31018268, -0.04844734, 0.04139042, -4.39682388, -4.40761471
3979, 31018749, 31019270, -0.05439746, 0.03681278, -4.46031570, -4.62041855
3980, 31019749, 31020268, -0.06039922, 0.03185368, -4.68254089, -4.60391045
3981, 31020749, 31021270, -0.06644777, 0.02727509, -4.65079498, -4.74096966
3982, 31021749, 31022266, -0.07254041, 0.02193451, -4.65079498, -4.67831230
3983, 31022749, 31023267, -0.07867360, 0.01735687, -4.71428680, -4.93385983
3984, 31023749, 31024269, -0.08484323, 0.01239777, -4.77777863, -4.79640436
3985, 31024749, 31025267, -0.09104507, 0.00705719, -4.74603271, -4.85918617
3986, 31025749, 31026279, -0.09727515, 0.00171661, -5.03174591, -5.04493999
3987, 31026749, 31027267, -0.10353106, -0.00324249, -5.09523773, -5.15901709
3988, 31027749, 31028266, -0.10980608, -0.00858307, -4.90476227, -5.08187771
3989, 31028749, 31029280, -0.11609560, -0.01392365, -5.06349182, -5.18170166
3990, 31029749, 31030268, -0.12239529, -0.01926422, -5.12698364, -5.24300671
3991, 31030749, 31031268, -0.12870030, -0.02460480, -5.19047546, -5.28065586
3992, 31031749, 31032268, -0.13500528, -0.03032684, -5.28571320, -5.30377722
3993, 31032749, 31033266, -0.14130507, -0.03566837, -5.34920502, -5.46517467
3994, 31033749, 31034265, -0.14759482, -0.04139042, -5.22222137, -5.41746378
3995, 31034749, 31035267, -0.15386987, -0.04711246, -5.47618866, -5.53499269
3996, 31035749, 31036275, -0.16012491, -0.05283451, -5.60317612, -5.60717106
3997, 31036749, 31037263, -0.16635698, -0.05855656, -5.60317612, -5.65149736
3998, 31037749, 31038277, -0.17256232, -0.06427860, -5.63492203, -5.67872000
3999, 31038749, 31039277, -0.17873575, -0.07038212, -5.69841385, -5.69543839
4000, 31039749, 31040268, -0.18487419, -0.07648563, -5.76190567, -5.85290337
4001, 31040749, 31041276, -0.19097242, -0.08220768, -5.79365158, -5.94960737
4002, 31041749, 31042262, -0.19702643, -0.08792973, -5.98412704, -5.86179829
4003, 31042749, 31043264, -0.20303392, -0.09403419, -5.73015976, -5.80787182
4004, 31043749, 31044264, -0.20899232, -0.09975624, -5.76190567, -5.92231989
4005, 31044749, 31045265, -0.21489781, -0.10585976, -5.88888931, -5.84504032
4006, 31045749, 31046279, -0.22074693, -0.11196327, -5.92063522, -5.94477844
4007, 31046749, 31047275, -0.22653659, -0.11768532, -5.95238113, -6.00603056
4008, 31047749, 31048273, -0.23226413, -0.12378883, -5.98412704, -5.89644957
4009, 31048749, 31049279, -0.23792705, -0.12989235, -6.01587296, -5.97634983
4010, 31049749, 31050280, -0.24352175, -0.13599586, -5.88888931, -6.02541924
4011, 31050749, 31051282, -0.24904443, -0.14209938, -6.04761887, -6.05555439
4012, 31051749, 31052280, -0.25449133, -0.14820290, -6.07936478, -6.07406139
4013, 31052749, 31053278, -0.25985768, -0.15468788, -6.07936478, -6.08542728
4014, 31053749, 31054280, -0.26513791, -0.16041088, -6.07936478, -6.23960447
4015, 31054749, 31055264, -0.27032506, -0.16651440, -6.11111069, -6.04026222
4016, 31055749, 31056283, -0.27541274, -0.17261791, -6.07936478, -6.06467009
4017, 31056749, 31057277, -0.28039095, -0.17833996, -6.07936478, -6.07965946
4018, 31057749, 31058277, -0.28525078, -0.18444347, -6.04761887, -5.94166708
4019, 31058749, 31059277, -0.28998202, -0.19054699, -6.04761887, -6.00411940
4020, 31059749, 31060279, -0.29457140, -0.19665051, -6.04761887, -6.04247332
4021, 31060749, 31061279, -0.29900396, -0.20237255, -6.04761887, -6.06602764
4022, 31061749, 31062274, -0.30326641, -0.20847607, -6.01587296, -5.93329525
4023, 31062749, 31063278, -0.30734336, -0.21419811, -6.01587296, -5.99897814
4024, 31063749, 31064280, -0.31121901, -0.22030258, -6.01587296, -5.89211845
4025, 31064749, 31065276, -0.31487435, -0.22678757, -6.01587296, -5.97405815
4026, 31065749, 31066276, -0.31829029, -0.23289108, -6.04761887, -6.17120934
4027, 31066749, 31067275, -0.32145095, -0.23861313, -6.01587296, -6.14508867
4028, 31067749, 31068275, -0.32433897, -0.24433517, -5.98412704, -5.98184967
4029, 31068749, 31069273, -0.32694224, -0.24967575, -5.95238113, -5.88159895
4030, 31069749, 31070273, -0.32924977, -0.25539780, -5.92063522, -5.67283440
4031, 31070749, 31071277, -0.33125034, -0.26035690, -5.82539749, -5.69182348
4032, 31071749, 31072274, -0.33293343, -0.26569748, -5.73015976, -5.40909052
4033, 31072749, 31073274, -0.33429113, -0.27065659, -5.57143021, -5.38265276
4034, 31073749, 31074274, -0.33531666, -0.27561569, -5.44444275, -5.21921921
4035, 31074749, 31075278, -0.33601108, -0.28019333, -5.31745911, -5.11884928
4036, 31075749, 31076276, -0.33637828, -0.28477192, -5.15872955, -4.91001177
4037, 31076749, 31077274, -0.33642823, -0.28896809, -5.00000000, -4.78212643
4038, 31077749, 31078277, -0.33617601, -0.29278278, -4.80952454, -4.55602264
4039, 31078749, 31079277, -0.33564234, -0.29621601, -4.61904907, -4.26996756
4040, 31079749, 31080271, -0.33485264, -0.29964924, -4.39682388, -3.94709516
4041, 31080749, 31081273, -0.33384213, -0.30270100, -4.17460251, -3.74880934
4042, 31081749, 31082275, -0.33264363, -0.30575275, -3.95238113, -3.47983837
4043, 31082749, 31083270, -0.33129475, -0.30842304, -3.73015976, -3.31465530
4044, 31083749, 31084280, -0.32982859, -0.31109333, -3.47618866, -3.06601357
4045, 31084749, 31085270, -0.32827598, -0.31300068, -3.19047546, -2.91331506
4046, 31085749, 31086270, -0.32665956, -0.31490803, -2.93650818, -2.52514338
4047, 31086749, 31087276, -0.32499900, -0.31643391, -2.68254089, -2.28675508
4048, 31087749, 31088276, -0.32330906, -0.31757832, -2.42856979, -1.99315619
4049, 31088749, 31089271, -0.32160145, -0.31910419, -2.20634842, -1.66565061
4050, 31089749, 31090273, -0.31988373, -0.31986713, -1.92063522, -1.61171699
4051, 31090749, 31091277, -0.31815997, -0.32024860, -1.66666794, -1.28419948
4052, 31091749, 31092279, -0.31643200, -0.32063007, -1.41269684, -0.93586355
4053, 31092749, 31093279, -0.31470022, -0.32101154, -1.19047546, -0.72193986
4054, 31093749, 31094280, -0.31296080, -0.32101154, -0.93650818, -0.59056282
4055, 31094749, 31095278, -0.31121001, -0.32101154, -0.71428680, -0.36268261
4056, 31095749, 31096274, -0.30944332, -0.32063007, -0.49206543, -0.22273444
4057, 31096749, 31097270, -0.30765578, -0.32024860, -0.30158997, 0.01040955
4058, 31097749, 31098276, -0.30584115, -0.31986713, -0.14286041, 0.15359038
4059, 31098749, 31099276, -0.30399564, -0.31948566, 0.01587677, 0.24152207
4060, 31099749, 31100275, -0.30211562, -0.31834126, 0.17460632, 0.29552361
4061, 31100749, 31101277, -0.30019647, -0.31757832, 0.33333588, 0.62308270
4062, 31101749, 31102275, -0.29823205, -0.31681538, 0.46031952, 0.67704916
4063, 31102749, 31103273, -0.29621735, -0.31567097, 0.58730316, 0.71019161
4064, 31103749, 31104273, -0.29414564, -0.31414509, 0.71428680, 0.87774295
4065, 31104749, 31105274, -0.29200998, -0.31338215, 0.80952454, 1.12783885
4066, 31105749, 31106274, -0.28980410, -0.31185627, 0.93650818, 0.98703533
4067, 31106749, 31107276, -0.28751868, -0.31071186, 1.03174591, 1.19495869
4068, 31107749, 31108280, -0.28514498, -0.30918598, 1.12698364, 1.17545319
4069, 31108749, 31109282, -0.28267476, -0.30766010, 1.19047546, 1.31067181
4070, 31109749, 31110282, -0.28010345, -0.30613422, 1.25396729, 1.39371371
4071, 31110749, 31111273, -0.27742448, -0.30460835, 1.31745911, 1.44471228
4072, 31111749, 31112279, -0.27463111, -0.30270100, 1.38095093, 1.47603202
4073, 31112749, 31113271, -0.27171424, -0.30117512, 1.44444275, 1.64246392
4074, 31113749, 31114275, -0.26866224, -0.29926777, 1.50793457, 1.59747732
4075, 31114749, 31115277, -0.26546478, -0.29736042, 1.57142639, 1.71704721
4076, 31115749, 31116277, -0.26211014, -0.29545307, 1.60317230, 1.79047871
4077, 31116749, 31117286, -0.25859073, -0.29392719, 1.66666412, 1.83557522
4078, 31117749, 31118276, -0.25490093, -0.29201984, 1.69841003, 1.71607280
4079, 31118749, 31119282, -0.25103602, -0.28973103, 1.76190186, 1.78988028
4080, 31119749, 31120280, -0.24699183, -0.28782368, 1.82539368, 1.98240530
4081, 31120749, 31121278, -0.24276814, -0.28553486, 1.85713959, 1.95344329
4082, 31121749, 31122281, -0.23836444, -0.28362751, 1.92063141, 2.08285427
4083, 31122749, 31123279, -0.23378240, -0.28133869, 1.98412323, 2.01513195
4084, 31123749, 31124279, -0.22902396, -0.27866745, 2.04762268, 2.12073922
4085, 31124749, 31125277, -0.22409259, -0.27637863, 2.11111450, 2.33316135
4086, 31125749, 31126277, -0.21899527, -0.27370834, 2.17460632, 2.31605077
4087, 31126749, 31127278, -0.21374087, -0.27141953, 2.26984406, 2.45274019
4088, 31127749, 31128278, -0.20834053, -0.26874924, 2.33333588, 2.38948774
4089, 31128749, 31129274, -0.20280759, -0.26607895, 2.42857361, 2.49784017
4090, 31129749, 31130274, -0.19715683, -0.26264572, 2.49206543, 2.56438255
4091, 31130749, 31131278, -0.19140345, -0.25959396, 2.58730316, 2.89964342
4092, 31131749, 31132276, -0.18555987, -0.25654221, 2.71428680, 2.95833993
4093, 31132749, 31133277, -0.17963901, -0.25310898, 2.77777863, 2.99438691
4094, 31133749, 31134271, -0.17365174, -0.24967575, 2.90476227, 3.16372204
4095, 31134749, 31135277, -0.16760783, -0.24624252, 3.03174591, 3.26771617
4096, 31135749, 31136273, -0.16151626, -0.24242783, 3.15872955, 3.33158207
4097, 31136749, 31137275, -0.15538657, -0.23861313, 3.28571320, 3.51800132
4098, 31137749, 31138276, -0.14922610, -0.23479843, 3.41269684, 3.63248730
4099, 31138749, 31139276, -0.14304267, -0.23022079, 3.53968048, 3.70279646
4100, 31139749, 31140274, -0.13684161, -0.22640610, 3.66666412, 4.04037046
4101, 31140749, 31141276, -0.13062902, -0.22182846, 3.82539368, 3.95328999
4102, 31141749, 31142274, -0.12441091, -0.21686840, 3.98412323, 4.19420624
4103, 31142749, 31143276, -0.11819030, -0.21229076, 4.11111450, 4.48972559
4104, 31143749, 31144273, -0.11197082, -0.20771313, 4.26984406, 4.52364779
4105, 31144749, 31145275, -0.10575520, -0.20237255, 4.39682770, 4.54448032
4106, 31145749, 31146279, -0.09954585, -0.19741344, 4.55555725, 4.85166931
4107, 31146749, 31147277, -0.09334230, -0.19245434, 4.71428680, 4.89312601
4108, 31147749, 31148273, -0.08714501, -0.18673229, 4.80952454, 4.91858578
4109, 31148749, 31149272, -0.08095632, -0.18139172, 4.96825409, 5.22861624
4110, 31149749, 31150276, -0.07477599, -0.17605114, 5.06349182, 5.27181816
4111, 31150749, 31151276, -0.06860359, -0.17032909, 5.19047546, 5.29834986
4112, 31151749, 31152278, -0.06243959, -0.16460705, 5.25396729, 5.46184158
4113, 31152749, 31153270, -0.05628532, -0.15926647, 5.34920502, 5.56224632
4114, 31153749, 31154270, -0.05014251, -0.15354347, 5.41269684, 5.47671080
4115, 31154749, 31155275, -0.04401605, -0.14743996, 5.50793457, 5.57174587
4116, 31155749, 31156271, -0.03791043, -0.14171791, 5.60317230, 5.77693987
4117, 31156749, 31157271, -0.03183046, -0.13599586, 5.63491821, 5.75575829
4118, 31157749, 31158271, -0.02578087, -0.12951088, 5.69841003, 5.74274969
4119, 31158749, 31159271, -0.01976706, -0.12378883, 5.76190186, 6.02915621
4120, 31159749, 31160272, -0.01379445, -0.11768532, 5.82539368, 5.91065168
4121, 31160749, 31161274, -0.00786684, -0.11158180, 5.88888550, 5.98507166
4122, 31161749, 31162270, -0.00198804, -0.10585976, 5.95237732, 6.03077555
4123, 31162749, 31163272, 0.00383821, -0.09975624, 5.95237732, 5.91164637
4124, 31163749, 31164274, 0.00960945, -0.09365177, 5.95237732, 5.98568296
4125, 31164749, 31165270, 0.01532316, -0.08792973, 5.98412323, 6.03151846
4126, 31165749, 31166269, 0.02097657, -0.08182621, 5.98412323, 5.91210270
4127, 31166749, 31167271, 0.02656748, -0.07610416, 5.98412323, 5.98596334
4128, 31167749, 31168271, 0.03209371, -0.07000065, 5.98412323, 5.88412571
4129, 31168749, 31169269, 0.03755366, -0.06351566, 5.98412323, 5.96878195
4130, 31169749, 31170271, 0.04294468, -0.05779362, 5.95237732, 6.16796923
4131, 31170749, 31171271, 0.04826475, -0.05169010, 5.95237732, 5.99590111
4132, 31171749, 31172270, 0.05351187, -0.04558659, 5.98412323, 6.03742647
4133, 31172749, 31173270, 0.05868556, -0.03986454, 5.98412323, 6.06292820
4134, 31173749, 31174270, 0.06378314, -0.03376102, 5.95237732, 5.93139172
4135, 31174749, 31175282, 0.06880389, -0.02803802, 5.95237732, 5.99780941
4136, 31175749, 31176266, 0.07374626, -0.02193451, 5.95237732, 5.89176893
4137, 31176749, 31177270, 0.07860967, -0.01621246, 5.92063141, 5.97347546
4138, 31177749, 31178279, 0.08339415, -0.01049042, 5.95237732, 5.87645626
4139, 31178749, 31179269, 0.08809881, -0.00438690, 5.95237732, 5.81687403
4140, 31179749, 31180269, 0.09272478, 0.00133514, 5.88888550, 5.92748022
4141, 31180749, 31181265, 0.09727031, 0.00705719, 5.88888550, 5.84820938
4142, 31181749, 31182279, 0.10173547, 0.01277924, 5.85713959, 5.79952669
4143, 31182749, 31183278, 0.10612095, 0.01850128, 5.82539368, 5.76962948
4144, 31183749, 31184266, 0.11042722, 0.02422333, 5.79364777, 5.75126839
4145, 31184749, 31185278, 0.11465386, 0.02994537, 5.76190186, 5.73999214
4146, 31185749, 31186282, 0.11880047, 0.03528690, 5.69841003, 5.73306704
4147, 31186749, 31187264, 0.12286628, 0.04062748, 5.63491821, 5.58198500
4148, 31187749, 31188267, 0.12685126, 0.04634953, 5.60317230, 5.48883247
4149, 31188749, 31189283, 0.13075484, 0.05130863, 5.53968048, 5.57882214
4150, 31189749, 31190275, 0.13457584, 0.05626774, 5.47618866, 5.33969259
4151, 31190749, 31191263, 0.13831393, 0.06160831, 5.41269684, 5.19283581
4152, 31191749, 31192263, 0.14196946, 0.06656742, 5.34920502, 5.24984455
4153, 31192749, 31193273, 0.14554173, 0.07152653, 5.22222137, 5.13765717
4154, 31193749, 31194276, 0.14902933, 0.07572269, 5.12698364, 5.06875944
4155, 31194749, 31195274, 0.15243132, 0.08068180, 5.03174591, 4.73205233
4156, 31195749, 31196282, 0.15574537, 0.08525944, 4.93650818, 4.81966543
4157, 31196749, 31197280, 0.15896952, 0.08983707, 4.84127045, 4.72627401
4158, 31197749, 31198280, 0.16210096, 0.09403419, 4.74603271, 4.66891956
4159, 31198749, 31199282, 0.16513847, 0.09861183, 4.68254089, 4.48686695
4160, 31199749, 31200274, 0.16807897, 0.10318947, 4.61904907, 4.52189207
4161, 31200749, 31201275, 0.17091978, 0.10700417, 4.52381134, 4.54340219
4162, 31201749, 31202275, 0.17365870, 0.11081886, 4.42857361, 4.26221704
4163, 31202749, 31203279, 0.17629345, 0.11463356, 4.33333588, 4.08953285
4164, 31203749, 31204275, 0.17882235, 0.11806679, 4.20635223, 3.98348212
4165, 31204749, 31205279, 0.18124358, 0.12188148, 4.07936859, 3.77115560
4166, 31205749, 31206274, 0.18355586, 0.12531471, 3.92063141, 3.78795695
4167, 31206749, 31207274, 0.18575716, 0.12836647, 3.79364777, 3.65107775
4168, 31207749, 31208276, 0.18784730, 0.13179970, 3.66666412, 3.41981840
4169, 31208749, 31209278, 0.18982498, 0.13485146, 3.53968048, 3.42499280
4170, 31209749, 31210276, 0.19168811, 0.13790321, 3.47618866, 3.28097272
4171, 31210749, 31211274, 0.19343631, 0.14133644, 3.38095093, 3.19252563
4172, 31211749, 31212275, 0.19506946, 0.14438820, 3.28571320, 3.28540516
4173, 31212749, 31213281, 0.19658731, 0.14705849, 3.22222137, 3.19524789
4174, 31213749, 31214271, 0.19799016, 0.15011024, 3.12698364, 2.99268174
4175, 31214749, 31215277, 0.19927770, 0.15278053, 3.03174591, 3.01547742
4176, 31215749, 31216271, 0.20044968, 0.15506935, 2.96825409, 2.88227916
4177, 31216749, 31217275, 0.20150651, 0.15774059, 2.90476227, 2.65328074
4178, 31217749, 31218282, 0.20244929, 0.16002941, 2.80952454, 2.66021109
4179, 31218749, 31219274, 0.20327844, 0.16269970, 2.71428680, 2.51690197
4180, 31219749, 31220274, 0.20399496, 0.16498852, 2.65079498, 2.57608914
4181, 31220749, 31221274, 0.20459957, 0.16727734, 2.58730316, 2.46524024
4182, 31221749, 31222274, 0.20509437, 0.16956615, 2.49206543, 2.39716434
4183, 31222749, 31223276, 0.20548174, 0.17185497, 2.42857361, 2.35535693
4184, 31223749, 31224275, 0.20576356, 0.17376232, 2.36508179, 2.32968163
4185, 31224749, 31225273, 0.20594329, 0.17566967, 2.26984406, 2.16671610
4186, 31225749, 31226271, 0.20602445, 0.17757702, 2.20635223, 2.06663394
4187, 31226749, 31227277, 0.20601086, 0.17948437, 2.14286041, 2.00517058
4188, 31227749, 31228275, 0.20590515, 0.18101025, 2.04762268, 1.96742404
4189, 31228749, 31229280, 0.20571217, 0.18291759, 1.98412323, 1.79704523
4190, 31229749, 31230280, 0.20543689, 0.18444347, 1.92063141, 1.83960795
4191, 31230749, 31231278, 0.20508337, 0.18596935, 1.82539368, 1.71854949
4192, 31231749, 31232282, 0.20465648, 0.18711376, 1.73015594, 1.64420378
4193, 31232749, 31233286, 0.20416331, 0.18863964, 1.63491821, 1.45134830
4194, 31233749, 31234277, 0.20360944, 0.18978405, 1.57142639, 1.48010743
4195, 31234749, 31235277, 0.20300049, 0.19092846, 1.47618866, 1.35057175
4196, 31235749, 31236271, 0.20234342, 0.19207287, 1.38095093, 1.27101994
4197, 31236749, 31237281, 0.20164606, 0.19283581, 1.25396729, 1.22216475
4198, 31237749, 31238277, 0.20091607, 0.19359875, 1.19047546, 1.04496372
4199, 31238749, 31239277, 0.20016026, 0.19398022, 1.06349182, 0.93613917
4200, 31239749, 31240280, 0.19938619, 0.19474316, 0.96825409, 0.72210914
4201, 31240749, 31241278, 0.19859977, 0.19512463, 0.87301636, 0.73786432
4202, 31241749, 31242278, 0.19780669, 0.19550610, 0.77777863, 0.60034251
4203, 31242749, 31243280, 0.19701296, 0.19588757, 0.68254089, 0.51588619
4204, 31243749, 31244284, 0.19622584, 0.19626904, 0.55555725, 0.46401897
4205, 31244749, 31245276, 0.19544941, 0.19626904, 0.46031952, 0.43216571
4206, 31245749, 31246281, 0.19468810, 0.19626904, 0.36508179, 0.26540613
4207, 31246749, 31247277, 0.19394596, 0.19626904, 0.26984406, 0.16299398
4208, 31247749, 31248281, 0.19322492, 0.19588757, 0.20635223, 0.10009957
4209, 31248749, 31249275, 0.19252723, 0.19588757, 0.11111450, -0.08572336
4210, 31249749, 31250277, 0.19185486, 0.19550610, 0.01587677, -0.05264532
4211, 31250749, 31251283, 0.19120918, 0.19512463, -0.04762268, -0.17952864
4212, 31251749, 31252282, 0.19059008, 0.19474316, -0.14286041, -0.25745156
4213, 31252749, 31253280, 0.18999651, 0.19436169, -0.20635223, -0.30530638
4214, 31253749, 31254274, 0.18942657, 0.19398022, -0.23809814, -0.33469552
4215, 31254749, 31255282, 0.18887790, 0.19359875, -0.33333588, -0.35274428
4216, 31255749, 31256274, 0.18834877, 0.19321728, -0.36508179, -0.36382857
4217, 31256749, 31257276, 0.18783541, 0.19283581, -0.39682770, -0.37063575
4218, 31257749, 31258279, 0.18733418, 0.19207287, -0.42857361, -0.37481627
4219, 31258749, 31259271, 0.18684098, 0.19169140, -0.42857361, -0.52458119
4220, 31259749, 31260279, 0.18635029, 0.19092846, -0.46031952, -0.46935886
4221, 31260749, 31261283, 0.18585724, 0.19054699, -0.49206543, -0.58264267
4222, 31261749, 31262285, 0.18535599, 0.19016552, -0.49206543, -0.50501615
4223, 31262749, 31263279, 0.18484236, 0.18940258, -0.52381134, -0.45734337
4224, 31263749, 31264278, 0.18431173, 0.18863964, -0.52381134, -0.57526362
4225, 31264749, 31265284, 0.18376061, 0.18787670, -0.55555725, -0.64768201
4226, 31265749, 31266284, 0.18318403, 0.18749523, -0.55555725, -0.69215631
4227, 31266749, 31267284, 0.18257730, 0.18711376, -0.58730316, -0.57227182
4228, 31267749, 31268282, 0.18193635, 0.18635082, -0.61904907, -0.49864712
4229, 31268749, 31269283, 0.18125761, 0.18558788, -0.65079498, -0.60062951
4230, 31269749, 31270283, 0.18053657, 0.18444347, -0.65079498, -0.66325998
4231, 31270749, 31271281, 0.17976908, 0.18368053, -0.68254089, -0.84892082
4232, 31271749, 31272279, 0.17895186, 0.18253613, -0.74603271, -0.81574327
4233, 31272749, 31273281, 0.17808203, 0.18177319, -0.77777863, -0.94256544
4234, 31273749, 31274282, 0.17715622, 0.18101025, -0.80952454, -0.87325329
4235, 31274749, 31275282, 0.17617230, 0.18024731, -0.84127045, -0.83068651
4236, 31275749, 31276280, 0.17512807, 0.17948437, -0.87301636, -0.80454499
4237, 31276749, 31277280, 0.17402115, 0.17833996, -0.87301636, -0.78849065
4238, 31277749, 31278280, 0.17284992, 0.17757702, -0.87301636, -0.92582875
4239, 31278749, 31279282, 0.17161213, 0.17719555, -0.84127045, -0.86297470
4240, 31279749, 31280281, 0.17030486, 0.17643261, -0.80952454, -0.67717659
4241, 31280749, 31281281, 0.16892505, 0.17605114, -0.77777863, -0.71026987
4242, 31281749, 31282281, 0.16746977, 0.17528820, -0.74603271, -0.58339590
4243, 31282749, 31283277, 0.16593656, 0.17452526, -0.71428680, -0.65267628
4244, 31283749, 31284279, 0.16432399, 0.17376232, -0.71428680, -0.69522345
4245, 31284749, 31285280, 0.16263047, 0.17299938, -0.71428680, -0.72135299
4246, 31285749, 31286282, 0.16085432, 0.17223644, -0.74603271, -0.73739994
4247, 31286749, 31287280, 0.15899499, 0.17147350, -0.74603271, -0.74725491
4248, 31287749, 31288280, 0.15705140, 0.17071056, -0.74603271, -0.75330710
4249, 31288749, 31289280, 0.15502223, 0.17032909, -0.74603271, -0.75702393
4250, 31289749, 31290280, 0.15290610, 0.16956615, -0.71428680, -0.61210901
4251, 31290749, 31291277, 0.15070410, 0.16918468, -0.71428680, -0.67030984
4252, 31291749, 31292277, 0.14841597, 0.16842175, -0.71428680, -0.55885524
4253, 31292749, 31293275, 0.14604175, 0.16765881, -0.65079498, -0.63760513
4254, 31293749, 31294277, 0.14358166, 0.16727734, -0.61904907, -0.68596780
4255, 31294749, 31295277, 0.14103714, 0.16651440, -0.61904907, -0.56847125
4256, 31295749, 31296276, 0.13840885, 0.16575146, -0.61904907, -0.64351058
4257, 31296749, 31297274, 0.13569711, 0.16498852, -0.65079498, -0.68959457
4258, 31297749, 31298276, 0.13290313, 0.16460705, -0.68254089, -0.71789610
4259, 31298749, 31299274, 0.13002878, 0.16346264, -0.68254089, -0.58807939
4260, 31299749, 31300274, 0.12707618, 0.16269970, -0.71428680, -0.80275017
4261, 31300749, 31301274, 0.12404616, 0.16155529, -0.77777863, -0.78738838
4262, 31301749, 31302273, 0.12094085, 0.16041088, -0.80952454, -0.92515188
4263, 31302749, 31303275, 0.11776164, 0.15964794, -0.87301636, -1.00975668
4264, 31303749, 31304275, 0.11451023, 0.15812206, -0.93650818, -0.91451746
4265, 31304749, 31305275, 0.11118783, 0.15659618, -1.00000000, -1.15042329
4266, 31305749, 31306273, 0.10779637, 0.15506935, -1.09523773, -1.29530025
4267, 31306749, 31307272, 0.10433875, 0.15316200, -1.22222137, -1.38464153
4268, 31307749, 31308274, 0.10081635, 0.15125465, -1.34920502, -1.58633828
4269, 31308749, 31309274, 0.09722983, 0.14934731, -1.47618866, -1.71020639
4270, 31309749, 31310274, 0.09357980, 0.14743996, -1.57143021, -1.78627765
4271, 31310749, 31311274, 0.08986594, 0.14553261, -1.66666794, -1.83299530
4272, 31311749, 31312272, 0.08608922, 0.14324379, -1.79365158, -1.86168599
4273, 31312749, 31313273, 0.08224989, 0.14095497, -1.92063522, -2.02650332
4274, 31313749, 31314271, 0.07834870, 0.13790321, -2.04761887, -2.12772274
4275, 31314749, 31315271, 0.07438622, 0.13485146, -2.17460251, -2.48427987
4276, 31315749, 31316269, 0.07036222, 0.13179970, -2.33333206, -2.70325232
4277, 31316749, 31317267, 0.06627662, 0.12874794, -2.46031570, -2.83773017
4278, 31317749, 31318272, 0.06212974, 0.12569618, -2.61904907, -2.92031693
4279, 31318749, 31319272, 0.05792049, 0.12226295, -2.77777863, -2.97103596
4280, 31319749, 31320270, 0.05364977, 0.11921120, -2.93650818, -3.14938164
4281, 31320749, 31321272, 0.04931902, 0.11577797, -3.03174591, -3.11171174
4282, 31321749, 31322266, 0.04492763, 0.11234474, -3.15872955, -3.23577499
4283, 31322749, 31323267, 0.04047478, 0.10853004, -3.41269684, -3.31196594
4284, 31323749, 31324281, 0.03596087, 0.10509682, -3.38095093, -3.50595450
4285, 31324749, 31325269, 0.03138697, 0.10128212, -3.44444275, -3.47789145
4286, 31325749, 31326273, 0.02675453, 0.09708595, -3.50793839, -3.60785437
4287, 31326749, 31327279, 0.02206426, 0.09327030, -3.60317612, -3.83486629
4288, 31327749, 31328279, 0.01731763, 0.08945560, -3.85714340, -3.82745147
4289, 31328749, 31329268, 0.01251501, 0.08564091, -3.82539749, -3.82253003
4290, 31329749, 31330268, 0.00765794, 0.08144474, -3.85714340, -3.81950760
4291, 31330749, 31331270, 0.00274802, 0.07724857, -3.76190567, -3.96484900
4292, 31331749, 31332268, -0.00221339, 0.07305241, -3.95238113, -4.05410767
4293, 31332749, 31333284, -0.00722333, 0.06885624, -4.01587296, -4.10892391
4294, 31333749, 31334278, -0.01227894, 0.06504154, -4.04761887, -4.14258814
4295, 31334749, 31335269, -0.01737868, 0.06084538, -4.07936478, -4.01606512
4296, 31335749, 31336265, -0.02252174, 0.05626774, -3.95238113, -4.08556080
4297, 31336749, 31337277, -0.02770660, 0.05245304, -4.11111069, -4.27543783
4298, 31337749, 31338281, -0.03292982, 0.04787540, -4.17460251, -4.09765196
4299, 31338749, 31339263, -0.03818845, 0.04329777, -4.20634842, -4.28286362
4300, 31339749, 31340264, -0.04347830, 0.03910160, -4.23809433, -4.39660740
4301, 31340749, 31341276, -0.04879523, 0.03452396, -4.30158615, -4.31926346
4302, 31341749, 31342278, -0.05413542, 0.03032684, -4.33333206, -4.41896200
4303, 31342749, 31343282, -0.05949495, 0.02574921, -4.36507797, -4.33336020
4304, 31343749, 31344276, -0.06486890, 0.02155304, -4.39682388, -4.42761898
4305, 31344749, 31345264, -0.07025179, 0.01659393, -4.42856979, -4.33830881
4306, 31345749, 31346279, -0.07564063, 0.01239777, -4.46031570, -4.57785559
4307, 31346749, 31347273, -0.08103144, 0.00743866, -4.49206161, -4.43057346
4308, 31347749, 31348279, -0.08641972, 0.00247955, -4.55555725, -4.63451815
4309, 31348749, 31349275, -0.09180169, -0.00209808, -4.58730316, -4.75976706
4310, 31349749, 31350263, -0.09717301, -0.00705719, -4.65079498, -4.68948841
4311, 31350749, 31351272, -0.10252845, -0.01163483, -4.68254089, -4.79352570
4312, 31351749, 31352274, -0.10786282, -0.01659393, -4.74603271, -4.71022081
4313, 31352749, 31353272, -0.11317201, -0.02155304, -4.74603271, -4.80625820
4314, 31353749, 31354274, -0.11845171, -0.02651215, -4.80952454, -4.86523771
4315, 31354749, 31355274, -0.12369753, -0.03147221, -4.84127045, -4.90145874
4316, 31355749, 31356280, -0.12890320, -0.03681278, -4.87301636, -4.92407131
4317, 31356749, 31357279, -0.13406281, -0.04177189, -4.90476227, -5.08478785
4318, 31357749, 31358277, -0.13917032, -0.04673100, -4.93650818, -5.03629112
4319, 31358749, 31359275, -0.14421774, -0.05169010, -4.96825409, -5.00650787
4320, 31359749, 31360277, -0.14919469, -0.05703068, -5.00000000, -4.98821688
4321, 31360749, 31361277, -0.15409067, -0.06198978, -5.03174591, -5.12418127
4322, 31361749, 31362277, -0.15889287, -0.06694889, -5.09523773, -5.06048393
4323, 31362749, 31363276, -0.16358624, -0.07228947, -5.12698364, -5.02136517
4324, 31363749, 31364276, -0.16815312, -0.07724857, -5.12698364, -5.14453888
4325, 31364749, 31365276, -0.17257637, -0.08258915, -5.12698364, -5.07298565
4326, 31365749, 31366276, -0.17683423, -0.08792973, -5.12698364, -5.17624092
4327, 31366749, 31367274, -0.18090513, -0.09288883, -5.15872955, -5.23965311
4328, 31367749, 31368277, -0.18476713, -0.09823036, -5.15872955, -5.13139868
4329, 31368749, 31369277, -0.18839638, -0.10318947, -5.15872955, -5.21248198
4330, 31369749, 31370273, -0.19177075, -0.10814857, -5.12698364, -5.11471224
4331, 31370749, 31371279, -0.19486859, -0.11348915, -5.12698364, -5.05466890
4332, 31371749, 31372273, -0.19767305, -0.11844826, -5.12698364, -5.16499138
4333, 31372749, 31373274, -0.20016994, -0.12340736, -5.12698364, -5.08554649
4334, 31373749, 31374276, -0.20234990, -0.12836647, -5.12698364, -5.03675699
4335, 31374749, 31375274, -0.20420706, -0.13332558, -5.09523773, -5.00679398
4336, 31375749, 31376276, -0.20574172, -0.13866615, -5.06349182, -4.98839235
4337, 31376749, 31377272, -0.20696127, -0.14324379, -5.06349182, -5.12428904
4338, 31377749, 31378282, -0.20788023, -0.14820290, -5.06349182, -4.91335297
4339, 31378749, 31379277, -0.20851915, -0.15354347, -5.03174591, -4.93100739
4340, 31379749, 31380271, -0.20890704, -0.15812206, -5.03174591, -5.08904743
4341, 31380749, 31381271, -0.20907733, -0.16308117, -5.00000000, -4.89207792
4342, 31381749, 31382285, -0.20906404, -0.16765881, -4.90476227, -4.91794205
4343, 31382749, 31383277, -0.20889758, -0.17147350, -4.84127045, -4.78662872
4344, 31383749, 31384284, -0.20860928, -0.17528820, -4.71428680, -4.41158962
4345, 31384749, 31385278, -0.20822340, -0.17910290, -4.58730316, -4.18126678
4346, 31385749, 31386278, -0.20776127, -0.18253613, -4.39682388, -4.03981876
4347, 31386749, 31387278, -0.20723797, -0.18558788, -4.17460251, -3.80575371
4348, 31387749, 31388276, -0.20666869, -0.18863964, -3.95238113, -3.51480985
4349, 31388749, 31389276, -0.20606312, -0.19130993, -3.69841385, -3.33613205
4350, 31389749, 31390277, -0.20542796, -0.19321728, -3.44444275, -3.07920313
4351, 31390749, 31391277, -0.20476563, -0.19550610, -3.15872955, -2.62702012
4352, 31391749, 31392277, -0.20407584, -0.19703197, -2.90476227, -2.49651861
4353, 31392749, 31393273, -0.20335583, -0.19855785, -2.61904907, -2.12197828
4354, 31393749, 31394275, -0.20260152, -0.19932079, -2.33333206, -1.89196169
4355, 31394749, 31395278, -0.20180750, -0.20008373, -2.04761887, -1.45630646
4356, 31395749, 31396276, -0.20097020, -0.20084667, -1.73015976, -1.18875730
4357, 31396749, 31397276, -0.20008650, -0.20122814, -1.44444275, -1.02444720
4358, 31397749, 31398274, -0.19915166, -0.20160961, -1.19047546, -0.77634174
4359, 31398749, 31399280, -0.19816184, -0.20160961, -0.93650818, -0.62397265
4360, 31399749, 31400275, -0.19711436, -0.20122814, -0.71428680, -0.38320062
4361, 31400749, 31401275, -0.19600502, -0.20122814, -0.49206543, -0.08813761
4362, 31401749, 31402275, -0.19483028, -0.20084667, -0.30158997, -0.05412799
4363, 31402749, 31403283, -0.19358569, -0.20008373, -0.11111450, 0.11395591
4364, 31403749, 31404281, -0.19226612, -0.19970226, 0.04762268, 0.36437890
4365, 31404749, 31405275, -0.19086726, -0.19893932, 0.17460632, 0.37097374
4366, 31405749, 31406278, -0.18938588, -0.19855785, 0.30158997, 0.52222139
4367, 31406749, 31407276, -0.18781888, -0.19779491, 0.36508179, 0.46790960
4368, 31407749, 31408282, -0.18616202, -0.19703197, 0.46031952, 0.58175266
4369, 31408749, 31409282, -0.18441130, -0.19626904, 0.52381134, 0.65166712
4370, 31409749, 31410274, -0.18256323, -0.19550610, 0.58730316, 0.69460374
4371, 31410749, 31411280, -0.18061446, -0.19474316, 0.61904907, 0.72097242
4372, 31411749, 31412281, -0.17856130, -0.19359875, 0.68254089, 0.73716623
4373, 31412749, 31413283, -0.17640214, -0.19245434, 0.74603271, 0.89430892
4374, 31413749, 31414279, -0.17413491, -0.19169140, 0.77777863, 0.99081498
4375, 31414749, 31415279, -0.17175782, -0.19092846, 0.84127045, 0.90288472
4376, 31415749, 31416271, -0.16927022, -0.18978405, 0.87301636, 0.84888411
4377, 31416749, 31417279, -0.16666996, -0.18863964, 0.90476227, 0.96291822
4378, 31417749, 31418280, -0.16395663, -0.18749523, 0.93650818, 1.03295004
4379, 31418749, 31419284, -0.16112959, -0.18635082, 1.00000000, 1.07595873
4380, 31419749, 31420278, -0.15818985, -0.18482494, 1.03174591, 1.10237169
4381, 31420749, 31421278, -0.15513834, -0.18368053, 1.09523773, 1.26579022
4382, 31421749, 31422278, -0.15197714, -0.18215466, 1.12698364, 1.21895301
4383, 31422749, 31423274, -0.14870794, -0.18101025, 1.19047546, 1.33738637
4384, 31423749, 31424279, -0.14533335, -0.17948437, 1.25396729, 1.26292229
4385, 31424749, 31425273, -0.14185579, -0.17795849, 1.31745911, 1.36438930
4386, 31425749, 31426279, -0.13827713, -0.17605114, 1.38095093, 1.42670321
4387, 31426749, 31427279, -0.13460007, -0.17414379, 1.41269684, 1.61216962
4388, 31427749, 31428277, -0.13082573, -0.17261791, 1.47618866, 1.72607028
4389, 31428749, 31429276, -0.12695639, -0.17071056, 1.57142639, 1.64882255
4390, 31429749, 31430276, -0.12299610, -0.16842175, 1.63491821, 1.74857986
4391, 31430749, 31431276, -0.11894859, -0.16651440, 1.73015594, 1.95704150
4392, 31431749, 31432280, -0.11481840, -0.16460705, 1.79364777, 1.93786645
4393, 31432749, 31433280, -0.11061016, -0.16193676, 1.88888550, 1.92609048
4394, 31433749, 31434279, -0.10632697, -0.15964794, 1.98412323, 2.21325374
4395, 31434749, 31435279, -0.10197308, -0.15697765, 2.07936859, 2.24241185
4396, 31435749, 31436277, -0.09755302, -0.15468788, 2.17460632, 2.40751624
4397, 31436749, 31437273, -0.09307281, -0.15163612, 2.30158997, 2.36208224
4398, 31437749, 31438275, -0.08853893, -0.14858437, 2.39682770, 2.62820697
4399, 31438749, 31439275, -0.08395684, -0.14553261, 2.49206543, 2.79164219
4400, 31439749, 31440274, -0.07933218, -0.14248085, 2.61904907, 2.89201307
4401, 31440749, 31441274, -0.07466999, -0.13942909, 2.71428680, 2.95365381
4402, 31441749, 31442276, -0.06997571, -0.13599586, 2.84127045, 2.99150920
4403, 31442749, 31443276, -0.06525534, -0.13256264, 2.96825409, 3.16195488
4404, 31443749, 31444274, -0.06051415, -0.12912941, 3.03174591, 3.26663089
4405, 31444749, 31445272, -0.05575770, -0.12569618, 3.12698364, 3.33091545
4406, 31445749, 31446275, -0.05098899, -0.12226295, 3.25396729, 3.37039471
4407, 31446749, 31447273, -0.04621067, -0.11844826, 3.34920502, 3.39464021
4408, 31447749, 31448273, -0.04142662, -0.11463356, 3.41269684, 3.55672741
4409, 31448749, 31449273, -0.03663896, -0.11081886, 3.53968048, 3.65627003
4410, 31449749, 31450271, -0.03184896, -0.10662270, 3.60317230, 3.71740222
4411, 31450749, 31451276, -0.02705698, -0.10280800, 3.69841003, 3.90214300
4412, 31451749, 31452274, -0.02226451, -0.09861183, 3.76190186, 3.86840034
4413, 31452749, 31453276, -0.01747282, -0.09441566, 3.85713959, 3.99487567
4414, 31453749, 31454272, -0.01268228, -0.09021854, 3.88888550, 4.07254791
4415, 31454749, 31455272, -0.00789391, -0.08602238, 3.98412323, 4.12061691
4416, 31455749, 31456272, -0.00310922, -0.08182621, 4.04762268, 4.14976931
4417, 31456749, 31457275, 0.00166979, -0.07724857, 4.11111450, 4.16767263
4418, 31457749, 31458275, 0.00644149, -0.07305241, 4.20635223, 4.32586527
4419, 31458749, 31459269, 0.01120420, -0.06809330, 4.23809814, 4.27581882
4420, 31459749, 31460271, 0.01595438, -0.06351566, 4.30158997, 4.53947878
4421, 31460749, 31461269, 0.02068910, -0.05931950, 4.36508179, 4.55420256
4422, 31461749, 31462274, 0.02540514, -0.05474186, 4.39682770, 4.41604757
4423, 31462749, 31463274, 0.03009931, -0.05016422, 4.42857361, 4.47839975
4424, 31463749, 31464270, 0.03476850, -0.04558659, 4.46031952, 4.51669216
4425, 31464749, 31465270, 0.03940932, -0.04100895, 4.49206543, 4.54020882
4426, 31465749, 31466270, 0.04401882, -0.03643131, 4.52381134, 4.55465126
4427, 31466749, 31467268, 0.04859401, -0.03185368, 4.52381134, 4.56352043
4428, 31467749, 31468269, 0.05313271, -0.02727509, 4.52381134, 4.56896734
4429, 31468749, 31469283, 0.05763248, -0.02231598, 4.55555725, 4.57268047
4430, 31469749, 31470273, 0.06209074, -0.01811981, 4.58730316, 4.72179031
4431, 31470749, 31471273, 0.06650434, -0.01316071, 4.58730316, 4.51896811
4432, 31471749, 31472271, 0.07086979, -0.00820160, 4.61904907, 4.68880415
4433, 31472749, 31473280, 0.07518356, -0.00400543, 4.65079498, 4.79310560
4434, 31473749, 31474268, 0.07944218, 0.00095367, 4.61904907, 4.56276512
4435, 31474749, 31475268, 0.08364253, 0.00553131, 4.65079498, 4.71570110
4436, 31475749, 31476280, 0.08778206, 0.01010895, 4.65079498, 4.66242647
4437, 31476749, 31477286, 0.09185823, 0.01506805, 4.65079498, 4.62970877
4438, 31477749, 31478268, 0.09586886, 0.01926422, 4.61904907, 4.75681353
4439, 31478749, 31479285, 0.09981174, 0.02384186, 4.65079498, 4.54047680
4440, 31479749, 31480269, 0.10368419, 0.02841949, 4.61904907, 4.55481577
4441, 31480749, 31481269, 0.10748491, 0.03299809, 4.55555725, 4.56362152
4442, 31481749, 31482269, 0.11121193, 0.03719425, 4.55555725, 4.56939745
4443, 31482749, 31483279, 0.11486329, 0.04177189, 4.52381134, 4.42537928
4444, 31483749, 31484276, 0.11843824, 0.04634953, 4.49206543, 4.48413086
4445, 31484749, 31485266, 0.12193593, 0.05054569, 4.46031952, 4.52021170
4446, 31485749, 31486264, 0.12535472, 0.05512333, 4.46031952, 4.39517260
4447, 31486749, 31487280, 0.12869346, 0.05931950, 4.42857361, 4.46557999
4448, 31487749, 31488280, 0.13195053, 0.06351566, 4.42857361, 4.36162186
4449, 31488749, 31489266, 0.13512464, 0.06809330, 4.39682770, 4.29777765
4450, 31489749, 31490278, 0.13821439, 0.07228947, 4.36508179, 4.40576696
4451, 31490749, 31491275, 0.14121823, 0.07648563, 4.36508179, 4.32488871
4452, 31491749, 31492277, 0.14413431, 0.08068180, 4.33333588, 4.27521896
4453, 31492749, 31493267, 0.14696014, 0.08525944, 4.30158997, 4.24471521
4454, 31493749, 31494261, 0.14969350, 0.08945560, 4.26984406, 4.37317944
4455, 31494749, 31495275, 0.15233211, 0.09327030, 4.23809814, 4.30487585
4456, 31495749, 31496278, 0.15487400, 0.09746742, 4.20635223, 4.11573076
4457, 31496749, 31497268, 0.15731709, 0.10128212, 4.17460632, 4.14713669
4458, 31497749, 31498278, 0.15965968, 0.10547829, 4.14286041, 4.01885843
4459, 31498749, 31499284, 0.16189909, 0.10929298, 4.07936859, 4.08727646
4460, 31499749, 31500276, 0.16403368, 0.11272621, 4.01587677, 3.98209643
4461, 31500749, 31501263, 0.16606201, 0.11615944, 3.95237732, 3.77030468
4462, 31501749, 31502277, 0.16798194, 0.11959267, 3.85713959, 3.64023709
4463, 31502749, 31503273, 0.16979249, 0.12302589, 3.76190186, 3.56035829
4464, 31503749, 31504277, 0.17149264, 0.12645912, 3.69841003, 3.51130247
4465, 31504749, 31505277, 0.17308180, 0.12951088, 3.57142639, 3.48117590
4466, 31505749, 31506273, 0.17455980, 0.13218117, 3.47618866, 3.31547666
4467, 31506749, 31507280, 0.17592672, 0.13523293, 3.31745911, 3.06651783
4468, 31507749, 31508276, 0.17718214, 0.13790321, 3.25396729, 3.06082249
4469, 31508749, 31509276, 0.17832588, 0.14133644, 3.12698364, 2.91012716
4470, 31509749, 31510276, 0.17935970, 0.14400673, 3.09523773, 3.11197591
4471, 31510749, 31511276, 0.18028563, 0.14667702, 3.00000000, 2.94154191
4472, 31511749, 31512274, 0.18110473, 0.14896584, 2.87301636, 2.83687329
4473, 31512749, 31513275, 0.18181892, 0.15125465, 2.77777863, 2.62539577
4474, 31513749, 31514279, 0.18243057, 0.15354347, 2.68254089, 2.49552083
4475, 31514749, 31515279, 0.18294185, 0.15506935, 2.55555725, 2.41576052
4476, 31515749, 31516273, 0.18335548, 0.15697765, 2.42857361, 2.07238245
4477, 31516749, 31517277, 0.18367493, 0.15888500, 2.30158997, 2.00906897
4478, 31517749, 31518277, 0.18390341, 0.16002941, 2.11111450, 1.96981812
4479, 31518749, 31519280, 0.18404375, 0.16193676, 1.98412323, 1.65131795
4480, 31519749, 31520274, 0.18409838, 0.16384411, 1.88888550, 1.75011241
4481, 31520749, 31521282, 0.18407111, 0.16498852, 1.76190186, 1.81078506
4482, 31521749, 31522276, 0.18396649, 0.16613293, 1.63491821, 1.55365086
4483, 31522749, 31523274, 0.18378890, 0.16727734, 1.57142639, 1.39573693
4484, 31523749, 31524274, 0.18354233, 0.16804028, 1.44444275, 1.29875720
4485, 31524749, 31525273, 0.18323089, 0.16918468, 1.34920502, 1.09200144
4486, 31525749, 31526281, 0.18285908, 0.17032909, 1.28571320, 1.11222398
4487, 31526749, 31527277, 0.18243131, 0.17071056, 1.15872955, 1.12464321
4488, 31527749, 31528279, 0.18195276, 0.17147350, 1.03174591, 0.83787519
4489, 31528749, 31529277, 0.18142919, 0.17223644, 0.96825409, 0.80895978
4490, 31529749, 31530275, 0.18086657, 0.17299938, 0.87301636, 0.79120195
4491, 31530749, 31531280, 0.18027063, 0.17338085, 0.77777863, 0.78029633
4492, 31531749, 31532280, 0.17964697, 0.17376232, 0.71428680, 0.62640125
4493, 31532749, 31533272, 0.17900100, 0.17414379, 0.65079498, 0.53188962
4494, 31533749, 31534276, 0.17833772, 0.17452526, 0.58730316, 0.47384718
4495, 31534749, 31535284, 0.17766117, 0.17452526, 0.52381134, 0.43820152
4496, 31535749, 31536276, 0.17697607, 0.17490673, 0.46031952, 0.26911288
4497, 31536749, 31537271, 0.17628780, 0.17490673, 0.36508179, 0.31246799
4498, 31537749, 31538273, 0.17559966, 0.17490673, 0.30158997, 0.19189611
4499, 31538749, 31539275, 0.17491511, 0.17490673, 0.23809814, 0.11784925
4500, 31539749, 31540291, 0.17423739, 0.17452526, 0.17460632, 0.07237481
4501, 31540749, 31541277, 0.17356846, 0.17452526, 0.07936859, -0.10274997
4502, 31541749, 31542282, 0.17291027, 0.17452526, 0.04762268, -0.06310189
4503, 31542749, 31543282, 0.17226453, 0.17414379, -0.01587677, -0.03875279
4504, 31543749, 31544270, 0.17163242, 0.17414379, -0.07936859, -0.17099681
4505, 31544749, 31545288, 0.17101502, 0.17376232, -0.11111450, -0.10501435
4506, 31545749, 31546276, 0.17041264, 0.17376232, -0.14286041, -0.21169005
4507, 31546749, 31547277, 0.16982611, 0.17376232, -0.17460632, -0.13000530
4508, 31547749, 31548273, 0.16925685, 0.17338085, -0.20635223, -0.07984021
4509, 31548749, 31549273, 0.16870552, 0.17299938, -0.20635223, -0.19622985
4510, 31549749, 31550277, 0.16817114, 0.17261791, -0.23809814, -0.26770827
4511, 31550749, 31551287, 0.16765238, 0.17261791, -0.23809814, -0.31160533
4512, 31551749, 31552275, 0.16714916, 0.17223644, -0.26984406, -0.19136633
4513, 31552749, 31553282, 0.16666102, 0.17185497, -0.26984406, -0.26472145
4514, 31553749, 31554284, 0.16618612, 0.17147350, -0.30158997, -0.30977106
4515, 31554749, 31555284, 0.16572273, 0.17071056, -0.30158997, -0.33743739
4516, 31555749, 31556286, 0.16526902, 0.17032909, -0.33333588, -0.50162566
4517, 31556749, 31557280, 0.16482270, 0.16994762, -0.36508179, -0.45526114
4518, 31557749, 31558272, 0.16438133, 0.16918468, -0.39682770, -0.42678729
4519, 31558749, 31559273, 0.16394247, 0.16842175, -0.46031952, -0.55649817
4520, 31559749, 31560281, 0.16350313, 0.16765881, -0.52381134, -0.63615757
4521, 31560749, 31561285, 0.16306025, 0.16727734, -0.58730316, -0.68507880
4522, 31561749, 31562279, 0.16261189, 0.16651440, -0.61904907, -0.56792533
4523, 31562749, 31563271, 0.16215476, 0.16575146, -0.65079498, -0.64317536
4524, 31563749, 31564282, 0.16168459, 0.16498852, -0.68254089, -0.68938869
4525, 31564749, 31565282, 0.16119784, 0.16460705, -0.71428680, -0.71776968
4526, 31565749, 31566282, 0.16069141, 0.16384411, -0.71428680, -0.58800179
4527, 31566749, 31567282, 0.16016142, 0.16308117, -0.68254089, -0.65550488
4528, 31567749, 31568284, 0.15960312, 0.16269970, -0.68254089, -0.69696057
4529, 31568749, 31569271, 0.15901218, 0.16193676, -0.61904907, -0.57522225
4530, 31569749, 31570281, 0.15838419, 0.16155529, -0.61904907, -0.64765662
4531, 31570749, 31571277, 0.15771453, 0.16079235, -0.77777863, -0.54494321
4532, 31571749, 31572281, 0.15699895, 0.16041088, -0.61904907, -0.62906134
4533, 31572749, 31573277, 0.15623359, 0.16002941, -0.58730316, -0.53352326
4534, 31573749, 31574277, 0.15541364, 0.15964794, -0.55555725, -0.47485045
4535, 31574749, 31575280, 0.15453385, 0.15888500, -0.58730316, -0.43881765
4536, 31575749, 31576280, 0.15359029, 0.15812206, -0.58730316, -0.56388640
4537, 31576749, 31577280, 0.15257956, 0.15735912, -0.58730316, -0.64069492
4538, 31577749, 31578278, 0.15149787, 0.15697765, -0.61904907, -0.68786532
4539, 31578749, 31579278, 0.15034157, 0.15621376, -0.46031952, -0.56963658
4540, 31579749, 31580282, 0.14910664, 0.15545082, -0.58730316, -0.64459425
4541, 31580749, 31581283, 0.14778936, 0.15506935, -0.61904907, -0.69026005
4542, 31581749, 31582279, 0.14638641, 0.15468788, -0.61904907, -0.57110727
4543, 31582749, 31583279, 0.14489488, 0.15430641, -0.58730316, -0.49793193
4544, 31583749, 31584281, 0.14331189, 0.15392494, -0.55555725, -0.45299271
4545, 31584749, 31585281, 0.14163555, 0.15354347, -0.52381134, -0.42539415
4546, 31585749, 31586282, 0.13986459, 0.15316200, -0.46031952, -0.40844503
4547, 31586749, 31587278, 0.13799711, 0.15278053, -0.46031952, -0.39803606
4548, 31587749, 31588276, 0.13603133, 0.15201759, -0.46031952, -0.39164364
4549, 31588749, 31589280, 0.13396661, 0.15125465, -0.46031952, -0.53491539
4550, 31589749, 31590280, 0.13180141, 0.15087318, -0.49206543, -0.62290293
4551, 31590749, 31591278, 0.12953496, 0.15049171, -0.49206543, -0.52974123
4552, 31591749, 31592279, 0.12716793, 0.14972878, -0.52381134, -0.47252777
4553, 31592749, 31593275, 0.12469947, 0.14934731, -0.55555725, -0.58458883
4554, 31593749, 31594277, 0.12212870, 0.14858437, -0.58730316, -0.50621134
4555, 31594749, 31595279, 0.11945655, 0.14782143, -0.55555725, -0.60527492
4556, 31595749, 31596277, 0.11668397, 0.14743996, -0.55555725, -0.66611290
4557, 31596749, 31597277, 0.11381070, 0.14705849, -0.58730316, -0.55627775
4558, 31597749, 31598278, 0.11083652, 0.14591408, -0.61904907, -0.48882467
4559, 31598749, 31599276, 0.10776182, 0.14515114, -0.61904907, -0.74179482
4560, 31599749, 31600274, 0.10458712, 0.14438820, -0.68254089, -0.74995393
4561, 31600749, 31601276, 0.10131262, 0.14286232, -0.74603271, -0.75496465
4562, 31601749, 31602272, 0.09793862, 0.14133644, -0.80952454, -1.05243695
4563, 31602749, 31603276, 0.09446462, 0.14019203, -0.93650818, -1.23512375
4564, 31603749, 31604275, 0.09089053, 0.13828468, -1.06349182, -1.20011973
4565, 31604749, 31605277, 0.08721754, 0.13675880, -1.19047546, -1.47301781
4566, 31605749, 31606275, 0.08344615, 0.13485146, -1.31745911, -1.49341524
4567, 31606749, 31607271, 0.07957684, 0.13332558, -1.41269684, -1.65313959
4568, 31607749, 31608275, 0.07560987, 0.13141823, -1.50793839, -1.60403359
4569, 31608749, 31609272, 0.07154536, 0.12912941, -1.63492203, -1.72107363
4570, 31609749, 31610274, 0.06738362, 0.12645912, -1.85714340, -1.94014907
4571, 31610749, 31611276, 0.06312519, 0.12378883, -1.95238113, -2.22188759
4572, 31611749, 31612270, 0.05877085, 0.12111855, -2.07936478, -2.39491177
4573, 31612749, 31613268, 0.05432172, 0.11844826, -2.20634842, -2.50117111
4574, 31613749, 31614268, 0.04977915, 0.11539650, -2.36507797, -2.56642818
4575, 31614749, 31615273, 0.04514364, 0.11234474, -2.55555725, -2.75370216
4576, 31615749, 31616269, 0.04041580, 0.10891151, -2.74603271, -2.86871290
4577, 31616749, 31617269, 0.03559687, 0.10547829, -2.87301636, -3.08654213
4578, 31617749, 31618271, 0.03068752, 0.10204506, -2.93650818, -3.22031760
4579, 31618749, 31619273, 0.02568901, 0.09823036, -3.12698364, -3.30247307
4580, 31619749, 31620268, 0.02060339, 0.09441566, -3.25396729, -3.50012469
4581, 31620749, 31621268, 0.01543288, 0.09060001, -3.38095093, -3.62150860
4582, 31621749, 31622268, 0.01018016, 0.08678532, -3.50793839, -3.69642210
4583, 31622749, 31623266, 0.00484772, 0.08258915, -3.60317612, -3.74206066
4584, 31623749, 31624266, -0.00056207, 0.07839298, -3.73015976, -3.91728640
4585, 31624749, 31625268, -0.00604629, 0.07457829, -3.82539749, -4.02489805
4586, 31625749, 31626267, -0.01160261, 0.07000065, -3.92063522, -3.94378781
4587, 31626749, 31627281, -0.01722838, 0.06580448, -4.01587296, -4.18837070
4588, 31627749, 31628267, -0.02292054, 0.06160831, -4.07936478, -4.19137907
4589, 31628749, 31629281, -0.02867584, 0.05703068, -4.17460251, -4.19322634
4590, 31629749, 31630267, -0.03449000, 0.05283451, -4.26984024, -4.34155846
4591, 31630749, 31631268, -0.04035945, 0.04787540, -4.30158615, -4.28545618
4592, 31631749, 31632266, -0.04628039, 0.04329777, -4.36507797, -4.54539728
4593, 31632749, 31633268, -0.05224869, 0.03872013, -4.39682388, -4.55783749
4594, 31633749, 31634264, -0.05825983, 0.03376102, -4.49206161, -4.56547737
4595, 31634749, 31635266, -0.06430967, 0.02918243, -4.55555725, -4.71736670
4596, 31635749, 31636265, -0.07039396, 0.02422333, -4.65079498, -4.66381741
4597, 31636749, 31637277, -0.07650673, 0.01888275, -4.68254089, -4.77776051
4598, 31637749, 31638277, -0.08264320, 0.01430511, -4.74603271, -4.99493408
4599, 31638749, 31639277, -0.08879867, 0.00896454, -4.84127045, -4.83391190
4600, 31639749, 31640281, -0.09496735, 0.00400543, -4.90476227, -5.02941847
4601, 31640749, 31641275, -0.10114397, -0.00171661, -4.96825409, -5.00228739
4602, 31641749, 31642276, -0.10732353, -0.00667572, -5.03174591, -5.28002024
4603, 31642749, 31643276, -0.11349919, -0.01163483, -5.09523773, -5.15618944
4604, 31643749, 31644274, -0.11966535, -0.01735687, -5.15872955, -5.08014107
4605, 31644749, 31645278, -0.12581643, -0.02269745, -5.22222137, -5.32783222
4606, 31645749, 31646276, -0.13194542, -0.02803802, -5.28571320, -5.33274984
4607, 31646749, 31647276, -0.13804530, -0.03376102, -5.31745911, -5.33576965
4608, 31647749, 31648278, -0.14410907, -0.03948307, -5.38095093, -5.48518991
4609, 31648749, 31649272, -0.15012902, -0.04520512, -5.44444275, -5.57658577
4610, 31649749, 31650263, -0.15609561, -0.05092716, -5.50793839, -5.63271427
4611, 31650749, 31651279, -0.16199856, -0.05664921, -5.57143021, -5.66718435
4612, 31651749, 31652273, -0.16782784, -0.06237125, -5.63492203, -5.68835402
4613, 31652749, 31653275, -0.17357191, -0.06809330, -5.66666794, -5.70135498
4614, 31653749, 31654281, -0.17921799, -0.07381535, -5.69841385, -5.70933867
4615, 31654749, 31655276, -0.18475236, -0.07953739, -5.76190567, -5.71424198
4616, 31655749, 31656278, -0.19015799, -0.08564091, -5.79365158, -5.71725321
4617, 31656749, 31657278, -0.19541855, -0.09174442, -5.79365158, -5.86630011
4618, 31657749, 31658280, -0.20051707, -0.09746742, -5.79365158, -5.95783424
4619, 31658749, 31659276, -0.20543617, -0.10318947, -5.82539749, -5.86721897
4620, 31659749, 31660274, -0.21015823, -0.10891151, -5.82539749, -5.81120110
4621, 31660749, 31661277, -0.21466461, -0.11501503, -5.85714340, -5.77679873
4622, 31661749, 31662275, -0.21893512, -0.12073708, -5.88888931, -5.90286875
4623, 31662749, 31663277, -0.22295004, -0.12645912, -5.85714340, -5.83309507
4624, 31663749, 31664275, -0.22668865, -0.13256264, -5.85714340, -5.79024458
4625, 31664749, 31665275, -0.23012835, -0.13828468, -5.88888931, -5.91112614
4626, 31665749, 31666276, -0.23324494, -0.14438820, -5.85714340, -5.83816576
4627, 31666749, 31667284, -0.23601198, -0.14972878, -5.85714340, -5.94055605
4628, 31667749, 31668276, -0.23840687, -0.15545082, -5.85714340, -5.70904207
4629, 31668749, 31669274, -0.24040967, -0.16155529, -5.79365158, -5.71405983
4630, 31669749, 31670276, -0.24200557, -0.16689587, -5.79365158, -5.86470699
4631, 31670749, 31671272, -0.24318618, -0.17261791, -5.76190567, -5.66246080
4632, 31671749, 31672273, -0.24395123, -0.17795849, -5.76190567, -5.68545294
4633, 31672749, 31673271, -0.24431169, -0.18406200, -5.69841385, -5.55237532
4634, 31673749, 31674273, -0.24428642, -0.18902111, -5.66666794, -5.76504326
4635, 31674749, 31675275, -0.24390560, -0.19474316, -5.63492203, -5.45405674
4636, 31675749, 31676271, -0.24320899, -0.19932079, -5.57143021, -5.55746555
4637, 31676749, 31677272, -0.24224220, -0.20389843, -5.44444275, -5.17937946
4638, 31677749, 31678272, -0.24105132, -0.20809460, -5.28571320, -4.94718504
4639, 31678749, 31679274, -0.23968266, -0.21229076, -5.12698364, -4.65739012
4640, 31679749, 31680276, -0.23818304, -0.21610546, -4.90476227, -4.47941828
4641, 31680749, 31681274, -0.23659232, -0.21953964, -4.65079498, -4.22292280
4642, 31681749, 31682273, -0.23494706, -0.22259140, -4.39682388, -3.91857147
4643, 31682749, 31683271, -0.23327848, -0.22488022, -4.04761887, -3.58409452
4644, 31683749, 31684273, -0.23161286, -0.22716904, -3.69841385, -3.08428693
4645, 31684749, 31685271, -0.22997145, -0.22907639, -3.38095093, -2.77733994
4646, 31685749, 31686281, -0.22837177, -0.23060226, -3.03174591, -2.44163680
4647, 31686749, 31687271, -0.22682661, -0.23174667, -2.68254089, -2.08827376
4648, 31687749, 31688275, -0.22534481, -0.23250961, -2.30158615, -1.72406518
4649, 31688749, 31689277, -0.22393031, -0.23289108, -1.95238113, -1.35319602
4650, 31689749, 31690278, -0.22258112, -0.23289108, -1.60317612, -0.97823644
4651, 31690749, 31691276, -0.22129276, -0.23289108, -1.25396729, -0.60076481
4652, 31691749, 31692276, -0.22005850, -0.23289108, -0.93650818, -0.36894795
4653, 31692749, 31693276, -0.21886909, -0.23250961, -0.65079498, -0.22658217
4654, 31693749, 31694286, -0.21771531, -0.23174667, -0.33333588, 0.00804654
4655, 31694749, 31695268, -0.21658845, -0.23098373, -0.07936859, 0.29933673
4656, 31695749, 31696275, -0.21548171, -0.22983932, 0.14286041, 0.47822690
4657, 31696749, 31697275, -0.21438868, -0.22907639, 0.33333588, 0.73528636
4658, 31697749, 31698275, -0.21330360, -0.22793198, 0.52381134, 0.74595684
4659, 31698749, 31699281, -0.21222046, -0.22678757, 0.68254089, 0.89970750
4660, 31699749, 31700277, -0.21113305, -0.22564316, 0.80952454, 0.99413043
4661, 31700749, 31701274, -0.21003611, -0.22411728, 0.90476227, 1.05211842
4662, 31701749, 31702274, -0.20892319, -0.22297287, 1.00000000, 1.23492813
4663, 31702749, 31703280, -0.20778719, -0.22144699, 1.09523773, 1.19999957
4664, 31703749, 31704276, -0.20662180, -0.22030258, 1.19047546, 1.32574654
4665, 31704749, 31705282, -0.20542231, -0.21877670, 1.22222137, 1.25577402
4666, 31705749, 31706281, -0.20418374, -0.21724987, 1.25396729, 1.35999930
4667, 31706749, 31707283, -0.20290026, -0.21610546, 1.28571320, 1.42437506
4668, 31707749, 31708285, -0.20156670, -0.21457958, 1.28571320, 1.31634474
4669, 31708749, 31709281, -0.20017731, -0.21343517, 1.31745911, 1.39719760
4670, 31709749, 31710273, -0.19872609, -0.21190929, 1.34920502, 1.29965436
4671, 31710749, 31711285, -0.19720910, -0.21076488, 1.34920502, 1.38694751
4672, 31711749, 31712282, -0.19562218, -0.20923901, 1.34920502, 1.29335940
4673, 31712749, 31713282, -0.19396086, -0.20809460, 1.34920502, 1.38308156
4674, 31713749, 31714284, -0.19222082, -0.20695019, 1.31745911, 1.29098523
4675, 31714749, 31715282, -0.19039586, -0.20542431, 1.28571320, 1.23442602
4676, 31715749, 31716282, -0.18848015, -0.20427990, 1.28571320, 1.34688890
4677, 31716749, 31717276, -0.18646589, -0.20313549, 1.28571320, 1.26875818
4678, 31717749, 31718277, -0.18434528, -0.20160961, 1.25396729, 1.22077572
4679, 31718749, 31719281, -0.18211101, -0.20046520, 1.25396729, 1.33850574
4680, 31719749, 31720281, -0.17975600, -0.19932079, 1.25396729, 1.26360977
4681, 31720749, 31721279, -0.17727384, -0.19817638, 1.22222137, 1.21761394
4682, 31721749, 31722281, -0.17465863, -0.19703197, 1.22222137, 1.18936646
4683, 31722749, 31723284, -0.17190406, -0.19550610, 1.22222137, 1.17201877
4684, 31723749, 31724284, -0.16900651, -0.19474316, 1.19047546, 1.30856264
4685, 31724749, 31725282, -0.16596414, -0.19321728, 1.19047546, 1.09802330
4686, 31725749, 31726282, -0.16277657, -0.19245434, 1.19047546, 1.26311970
4687, 31726749, 31727280, -0.15944476, -0.19092846, 1.15872955, 1.07011545
4688, 31727749, 31728283, -0.15597162, -0.18940258, 1.19047546, 1.24598062
4689, 31728749, 31729273, -0.15236194, -0.18825817, 1.22222137, 1.35398483
4690, 31729749, 31730277, -0.14862271, -0.18673229, 1.25396729, 1.27311599
4691, 31730749, 31731279, -0.14476107, -0.18482494, 1.28571320, 1.37064946
4692, 31731749, 31732279, -0.14078501, -0.18368053, 1.34920502, 1.57774532
4693, 31732749, 31733275, -0.13670391, -0.18177319, 1.38095093, 1.41053414
4694, 31733749, 31734278, -0.13252667, -0.18024731, 1.44444275, 1.60223973
4695, 31734749, 31735280, -0.12826009, -0.17833996, 1.50793457, 1.57277441
4696, 31735749, 31736278, -0.12391191, -0.17643261, 1.57142639, 1.70187640
4697, 31736749, 31737276, -0.11949052, -0.17414379, 1.66666412, 1.78116179
4698, 31737749, 31738276, -0.11500268, -0.17185497, 1.73015594, 1.97705102
4699, 31738749, 31739274, -0.11045490, -0.16956615, 1.82539368, 2.09735250
4700, 31739749, 31740279, -0.10585249, -0.16689587, 1.95237732, 2.17123342
4701, 31740749, 31741275, -0.10120060, -0.16422558, 2.07936859, 2.36380339
4702, 31741749, 31742273, -0.09650418, -0.16155529, 2.23809814, 2.48206663
4703, 31742749, 31743273, -0.09176850, -0.15812206, 2.36508179, 2.55469561
4704, 31743749, 31744275, -0.08699742, -0.15506935, 2.52381134, 2.89369440
4705, 31744749, 31745272, -0.08219190, -0.15201759, 2.65079498, 2.95505404
4706, 31745749, 31746274, -0.07735190, -0.14858437, 2.80952454, 2.99236894
4707, 31746749, 31747274, -0.07247816, -0.14476967, 2.96825409, 3.16248274
4708, 31747749, 31748272, -0.06757186, -0.14133644, 3.09523773, 3.41415238
4709, 31748749, 31749274, -0.06263351, -0.13752174, 3.22222137, 3.42151284
4710, 31749749, 31750275, -0.05766478, -0.13332558, 3.34920502, 3.57323074
4711, 31750749, 31751271, -0.05266671, -0.12951088, 3.50793457, 3.81360292
4712, 31751749, 31752271, -0.04764002, -0.12569618, 3.60317230, 3.81402516
4713, 31752749, 31753271, -0.04258665, -0.12111855, 3.73015594, 3.81428456
4714, 31753749, 31754271, -0.03751020, -0.11730385, 3.82539368, 4.10883904
4715, 31754749, 31755271, -0.03241386, -0.11272621, 3.92063141, 3.99533868
4716, 31755749, 31756272, -0.02730181, -0.10814857, 4.04762268, 4.22002983
4717, 31756749, 31757274, -0.02217959, -0.10395241, 4.14286041, 4.35801935
4718, 31757749, 31758272, -0.01705246, -0.09937477, 4.20635223, 4.29556561
4719, 31758749, 31759276, -0.01192542, -0.09517860, 4.26984406, 4.40440845
4720, 31759749, 31760268, -0.00680388, -0.09021854, 4.36508179, 4.32405424
4721, 31760749, 31761272, -0.00169227, -0.08564091, 4.39682770, 4.56946945
4722, 31761749, 31762269, 0.00340463, -0.08106327, 4.46031952, 4.57262087
4723, 31762749, 31763269, 0.00848137, -0.07648563, 4.52381134, 4.57455635
4724, 31763749, 31764273, 0.01353406, -0.07152653, 4.55555725, 4.57574511
4725, 31764749, 31765271, 0.01855966, -0.06694889, 4.58730316, 4.72367239
4726, 31765749, 31766269, 0.02355504, -0.06160831, 4.65079498, 4.66732168
4727, 31766749, 31767270, 0.02851688, -0.05703068, 4.71428680, 4.92710972
4728, 31767749, 31768268, 0.03344228, -0.05207157, 4.71428680, 4.79225874
4729, 31768749, 31769268, 0.03832882, -0.04711246, 4.77777863, 4.85664034
4730, 31769749, 31770268, 0.04317557, -0.04253483, 4.80952454, 4.89617872
4731, 31770749, 31771280, 0.04798156, -0.03757572, 4.80952454, 4.77326298
4732, 31771749, 31772268, 0.05274532, -0.03261662, 4.80952454, 4.84497452
4733, 31772749, 31773269, 0.05746671, -0.02765656, 4.84127045, 4.88901472
4734, 31773749, 31774269, 0.06214523, -0.02269745, 4.84127045, 4.91642904
4735, 31774749, 31775271, 0.06677942, -0.01811981, 4.87301636, 4.93289709
4736, 31775749, 31776265, 0.07136922, -0.01277924, 4.87301636, 4.79581308
4737, 31776749, 31777265, 0.07591572, -0.00782013, 4.90476227, 5.00602055
4738, 31777749, 31778272, 0.08041987, -0.00286102, 4.87301636, 4.98791742
4739, 31778749, 31779270, 0.08488255, 0.00171661, 4.90476227, 4.97679996
4740, 31779749, 31780278, 0.08930548, 0.00705719, 4.93650818, 4.82277489
4741, 31780749, 31781282, 0.09369086, 0.01201630, 4.93650818, 5.02257872
4742, 31781749, 31782280, 0.09804017, 0.01659393, 4.93650818, 4.99808693
4743, 31782749, 31783267, 0.10235274, 0.02155304, 4.90476227, 4.83584785
4744, 31783749, 31784275, 0.10662851, 0.02613068, 4.87301636, 4.88340950
4745, 31784749, 31785277, 0.11086699, 0.03070831, 4.84127045, 4.76542091
4746, 31785749, 31786281, 0.11506685, 0.03566837, 4.84127045, 4.69296074
4747, 31786749, 31787275, 0.11922590, 0.04024601, 4.80952454, 4.79602623
4748, 31787749, 31788267, 0.12334191, 0.04520512, 4.77777863, 4.71175623
4749, 31788749, 31789278, 0.12741280, 0.04978275, 4.71428680, 4.80720139
4750, 31789749, 31790278, 0.13143693, 0.05436039, 4.71428680, 4.71861935
4751, 31790749, 31791280, 0.13541149, 0.05893803, 4.71428680, 4.66421843
4752, 31791749, 31792276, 0.13933326, 0.06351566, 4.65079498, 4.63080931
4753, 31792749, 31793278, 0.14319968, 0.06847477, 4.65079498, 4.61029148
4754, 31793749, 31794276, 0.14700797, 0.07267094, 4.61904907, 4.74488878
4755, 31794749, 31795279, 0.15075554, 0.07724857, 4.58730316, 4.53315353
4756, 31795749, 31796265, 0.15443735, 0.08182621, 4.58730316, 4.55031824
4757, 31796749, 31797275, 0.15804796, 0.08640385, 4.55555725, 4.56085968
4758, 31797749, 31798275, 0.16158332, 0.09060001, 4.55555725, 4.56733322
4759, 31798749, 31799279, 0.16503951, 0.09517860, 4.52381134, 4.42411137
4760, 31799749, 31800278, 0.16841228, 0.09937477, 4.49206543, 4.48372030
4761, 31800749, 31801280, 0.17169760, 0.10357094, 4.46031952, 4.37276220
4762, 31801749, 31802278, 0.17489061, 0.10814857, 4.42857361, 4.30461931
4763, 31802749, 31803280, 0.17798723, 0.11234474, 4.39682770, 4.40996838
4764, 31803749, 31804276, 0.18098316, 0.11654091, 4.36508179, 4.32746887
4765, 31804749, 31805277, 0.18387413, 0.12073708, 4.33333588, 4.27680349
4766, 31805749, 31806273, 0.18665627, 0.12493324, 4.26984406, 4.24568844
4767, 31806749, 31807275, 0.18932512, 0.12874794, 4.23809814, 4.22657967
4768, 31807749, 31808275, 0.19187568, 0.13256264, 4.17460632, 4.06764650
4769, 31808749, 31809277, 0.19430338, 0.13637733, 4.11111450, 3.97004104
4770, 31809749, 31810277, 0.19660503, 0.14019203, 4.04762268, 3.91009855
4771, 31810749, 31811275, 0.19877639, 0.14400673, 3.98412323, 3.87328601
4772, 31811749, 31812282, 0.20081317, 0.14743996, 3.88888550, 3.85067844
4773, 31812749, 31813276, 0.20271268, 0.15049171, 3.82539368, 3.68959689
4774, 31813749, 31814274, 0.20447347, 0.15392494, 3.73015594, 3.44347405
4775, 31814749, 31815278, 0.20609438, 0.15697765, 3.60317230, 3.43952012
4776, 31815749, 31816276, 0.20757303, 0.16041088, 3.50793457, 3.29026246
4777, 31816749, 31817275, 0.20890850, 0.16384411, 3.41269684, 3.34542823
4778, 31817749, 31818273, 0.21010049, 0.16651440, 3.31745911, 3.37930727
4779, 31818749, 31819275, 0.21114904, 0.16956615, 3.25396729, 3.10571837
4780, 31819749, 31820273, 0.21205442, 0.17261791, 3.19047546, 3.08489656
4781, 31820749, 31821273, 0.21281776, 0.17528820, 3.09523773, 3.07210946
4782, 31821749, 31822281, 0.21344042, 0.17795849, 3.03174591, 2.91705871
4783, 31822749, 31823274, 0.21392539, 0.18062878, 2.93650818, 2.82183743
4784, 31823749, 31824276, 0.21427508, 0.18253613, 2.84127045, 2.76335907
4785, 31824749, 31825278, 0.21449135, 0.18444347, 2.71428680, 2.43305063
4786, 31825749, 31826276, 0.21457881, 0.18673229, 2.58730316, 2.23019814
4787, 31826749, 31827276, 0.21454117, 0.18863964, 2.46031952, 2.25281787
4788, 31827749, 31828284, 0.21438269, 0.19054699, 2.33333588, 2.11951184
4789, 31828749, 31829273, 0.21410774, 0.19245434, 2.20635223, 2.03764439
4790, 31829749, 31830283, 0.21371968, 0.19398022, 2.07936859, 1.98736715
4791, 31830749, 31831281, 0.21322332, 0.19550610, 1.95237732, 1.80929291
4792, 31831749, 31832275, 0.21262383, 0.19703197, 1.82539368, 1.69993210
4793, 31832749, 31833281, 0.21192454, 0.19779491, 1.73015594, 1.63277030
4794, 31833749, 31834286, 0.21113133, 0.19893932, 1.60317230, 1.29712903
4795, 31834749, 31835280, 0.21025059, 0.20008373, 1.47618866, 1.23819911
4796, 31835749, 31836278, 0.20928882, 0.20084667, 1.34920502, 1.20200849
4797, 31836749, 31837282, 0.20825216, 0.20160961, 1.25396729, 1.03258514
4798, 31837749, 31838276, 0.20714636, 0.20237255, 1.15872955, 0.92853713
4799, 31838749, 31839277, 0.20597824, 0.20313549, 1.00000000, 0.86463803
4800, 31839749, 31840279, 0.20475392, 0.20351696, 0.90476227, 0.82539564
4801, 31840749, 31841275, 0.20347926, 0.20389843, 0.77777863, 0.65409815
4802, 31841749, 31842283, 0.20216018, 0.20389843, 0.68254089, 0.54889917
4803, 31842749, 31843277, 0.20080289, 0.20389843, 0.55555725, 0.33709571
4804, 31843749, 31844275, 0.19941260, 0.20389843, 0.46031952, 0.20702074
4805, 31844749, 31845279, 0.19799529, 0.20389843, 0.33333588, 0.12713774
4806, 31845749, 31846276, 0.19655673, 0.20389843, 0.23809814, 0.07807916
4807, 31846749, 31847280, 0.19510253, 0.20389843, 0.14286041, 0.04795079
4808, 31847749, 31848286, 0.19363841, 0.20351696, 0.04762268, 0.02944804
4809, 31848749, 31849276, 0.19216782, 0.20313549, -0.04762268, -0.12911262
4810, 31849749, 31850280, 0.19069462, 0.20237255, -0.14286041, -0.22648954
4811, 31850749, 31851273, 0.18922225, 0.20160961, -0.20635223, -0.43348920
4812, 31851749, 31852279, 0.18775332, 0.20084667, -0.30158997, -0.56061399
4813, 31852749, 31853281, 0.18629073, 0.20046520, -0.39682770, -0.63868523
4814, 31853749, 31854273, 0.18483733, 0.19970226, -0.46031952, -0.53943360
4815, 31854749, 31855279, 0.18339415, 0.19893932, -0.55555725, -0.62567770
4816, 31855749, 31856283, 0.18196216, 0.19779491, -0.61904907, -0.67864287
4817, 31856749, 31857288, 0.18053991, 0.19703197, -0.68254089, -0.85836792
4818, 31857749, 31858274, 0.17912592, 0.19626904, -0.71428680, -0.82154500
4819, 31858749, 31859278, 0.17771886, 0.19512463, -0.80952454, -0.79893094
4820, 31859749, 31860280, 0.17631821, 0.19398022, -0.84127045, -0.93224049
4821, 31860749, 31861280, 0.17492367, 0.19321728, -0.90476227, -1.01410997
4822, 31861749, 31862282, 0.17353295, 0.19169140, -0.96825409, -0.91719091
4823, 31862749, 31863283, 0.17214413, 0.19054699, -1.00000000, -1.15206504
4824, 31863749, 31864285, 0.17075597, 0.18978405, -1.03174591, -1.14911091
4825, 31864749, 31865275, 0.16936608, 0.18825817, -1.09523773, -1.00009918
4826, 31865749, 31866275, 0.16797149, 0.18711376, -1.12698364, -1.20298159
4827, 31866749, 31867279, 0.16656913, 0.18596935, -1.15872955, -1.18038023
4828, 31867749, 31868280, 0.16515553, 0.18444347, -1.19047546, -1.16650009
4829, 31868749, 31869284, 0.16372700, 0.18329906, -1.22222137, -1.30517352
4830, 31869749, 31870280, 0.16228025, 0.18177319, -1.25396729, -1.24313951
4831, 31870749, 31871280, 0.16081199, 0.18101025, -1.25396729, -1.35224009
4832, 31871749, 31872282, 0.15931742, 0.17948437, -1.28571320, -1.12484694
4833, 31872749, 31873276, 0.15779367, 0.17795849, -1.28571320, -1.27959299
4834, 31873749, 31874281, 0.15623881, 0.17681408, -1.28571320, -1.37462723
4835, 31874749, 31875279, 0.15465055, 0.17528820, -1.31745911, -1.28579319
4836, 31875749, 31876277, 0.15302706, 0.17376232, -1.34920502, -1.37843490
4837, 31876749, 31877285, 0.15136677, 0.17223644, -1.34920502, -1.43532908
4838, 31877749, 31878283, 0.14966647, 0.17071056, -1.38095093, -1.47026944
4839, 31878749, 31879282, 0.14792429, 0.16918468, -1.44444275, -1.49172747
4840, 31879749, 31880282, 0.14613764, 0.16727734, -1.47618866, -1.50490546
4841, 31880749, 31881280, 0.14430498, 0.16575146, -1.50793839, -1.66019595
4842, 31881749, 31882280, 0.14242417, 0.16460705, -1.53968430, -1.60836709
4843, 31882749, 31883278, 0.14049335, 0.16269970, -1.63492203, -1.42933989
4844, 31883749, 31884281, 0.13851118, 0.16079235, -1.60317612, -1.61378884
4845, 31884749, 31885279, 0.13647607, 0.15964794, -1.63492203, -1.72706461
4846, 31885749, 31886279, 0.13438606, 0.15774059, -1.79365158, -1.50223565
4847, 31886749, 31887277, 0.13223961, 0.15659618, -1.66666794, -1.65855634
4848, 31887749, 31888279, 0.13003488, 0.15506935, -1.60317612, -1.46016264
4849, 31888749, 31889277, 0.12777148, 0.15354347, -1.57143021, -1.48588860
4850, 31889749, 31890280, 0.12544726, 0.15201759, -1.57143021, -1.50131965
4851, 31890749, 31891278, 0.12305988, 0.15049171, -1.44444275, -1.51079631
4852, 31891749, 31892282, 0.12060716, 0.14896584, -1.53968430, -1.51661623
4853, 31892749, 31893278, 0.11808743, 0.14743996, -1.53968430, -1.52019036
4854, 31893749, 31894280, 0.11549844, 0.14553261, -1.38095093, -1.52238536
4855, 31894749, 31895276, 0.11283767, 0.14400673, -1.53968430, -1.67093086
4856, 31895749, 31896279, 0.11010344, 0.14209938, -1.57143021, -1.61495972
4857, 31896749, 31897279, 0.10729335, 0.14095497, -1.60317612, -1.72778368
4858, 31897749, 31898275, 0.10440507, 0.13904762, -1.63492203, -1.50267720
4859, 31898749, 31899275, 0.10143713, 0.13752174, -1.63492203, -1.65882754
4860, 31899749, 31900275, 0.09838840, 0.13599586, -1.63492203, -1.60752678
4861, 31900749, 31901278, 0.09525841, 0.13446999, -1.63492203, -1.57602143
4862, 31901749, 31902276, 0.09204616, 0.13294411, -1.60317612, -1.55667305
4863, 31902749, 31903274, 0.08875197, 0.13141823, -1.60317612, -1.54479063
4864, 31903749, 31904272, 0.08537608, 0.12912941, -1.63492203, -1.53749311
4865, 31904749, 31905272, 0.08191773, 0.12760353, -1.63492203, -1.82740676
4866, 31905749, 31906273, 0.07837641, 0.12569618, -1.66666794, -1.71105635
4867, 31906749, 31907271, 0.07475244, 0.12378883, -1.69841385, -1.78679955
4868, 31907749, 31908285, 0.07104646, 0.12150002, -1.76190567, -1.83331573
4869, 31908749, 31909271, 0.06725944, 0.11921120, -1.82539749, -2.00908041
4870, 31909749, 31910273, 0.06339379, 0.11692238, -1.92063522, -2.11702275
4871, 31910749, 31911273, 0.05945112, 0.11463356, -2.01587296, -2.18331337
4872, 31911749, 31912272, 0.05543295, 0.11234474, -2.07936478, -2.22402453
4873, 31912749, 31913272, 0.05134118, 0.11005592, -2.17460251, -2.24902654
4874, 31913749, 31914270, 0.04717778, 0.10700417, -2.26984024, -2.26438093
4875, 31914749, 31915270, 0.04294507, 0.10433388, -2.36507797, -2.56820583
4876, 31915749, 31916270, 0.03864607, 0.10204506, -2.42856979, -2.60759640
4877, 31916749, 31917270, 0.03428288, 0.09937477, -2.49206161, -2.48458958
4878, 31917749, 31918269, 0.02985766, 0.09632301, -2.55555725, -2.55624509
4879, 31918749, 31919279, 0.02537319, 0.09327030, -2.61904907, -2.74744821
4880, 31919749, 31920267, 0.02083171, 0.08983707, -2.74603271, -2.86524010
4881, 31920749, 31921267, 0.01623579, 0.08640385, -2.84127045, -3.08440924
4882, 31921749, 31922269, 0.01158817, 0.08297062, -2.96825409, -3.21900773
4883, 31922749, 31923272, 0.00689141, 0.07915592, -3.09523773, -3.30166864
4884, 31923749, 31924282, 0.00214785, 0.07534122, -3.22222137, -3.49963069
4885, 31924749, 31925266, -0.00264172, 0.07190800, -3.34920502, -3.62120533
4886, 31925749, 31926268, -0.00747538, 0.06809330, -3.47618866, -3.54867053
4887, 31926749, 31927264, -0.01235179, 0.06427860, -3.57143021, -3.65132213
4888, 31927749, 31928267, -0.01727097, 0.06008244, -3.66666794, -3.71436357
4889, 31928749, 31929267, -0.02223210, 0.05588627, -3.76190567, -3.90027666
4890, 31929749, 31930265, -0.02723502, 0.05207157, -3.82539749, -4.01445150
4891, 31930749, 31931267, -0.03227880, 0.04787540, -3.85714340, -3.93737221
4892, 31931749, 31932277, -0.03736285, 0.04329777, -3.95238113, -4.03723335
4893, 31932749, 31933279, -0.04248589, 0.03910160, -4.04761887, -4.24575853
4894, 31933749, 31934280, -0.04764688, 0.03452396, -4.14285660, -4.22662258
4895, 31934749, 31935280, -0.05284496, 0.03032684, -4.20634842, -4.36206818
4896, 31935749, 31936276, -0.05808016, 0.02574921, -4.26984024, -4.29841995
4897, 31936749, 31937276, -0.06335259, 0.02155304, -4.33333206, -4.40616131
4898, 31937749, 31938262, -0.06866165, 0.01659393, -4.39682388, -4.32513094
4899, 31938749, 31939266, -0.07400677, 0.01239777, -4.42856979, -4.56976271
4900, 31939749, 31940263, -0.07938733, 0.00743866, -4.49206161, -4.42560339
4901, 31940749, 31941265, -0.08480185, 0.00247955, -4.52381134, -4.63146591
4902, 31941749, 31942281, -0.09025018, -0.00209808, -4.55555725, -4.75789261
4903, 31942749, 31943273, -0.09573172, -0.00667572, -4.61904907, -4.68833733
4904, 31943749, 31944275, -0.10124447, -0.01125336, -4.65079498, -4.64562130
4905, 31944749, 31945261, -0.10678567, -0.01621246, -4.68254089, -4.61938810
4906, 31945749, 31946278, -0.11235226, -0.02117157, -4.71428680, -4.75047493
4907, 31946749, 31947276, -0.11794214, -0.02613068, -4.77777863, -4.83097935
4908, 31947749, 31948280, -0.12355127, -0.03108978, -4.77777863, -4.88041973
4909, 31948749, 31949278, -0.12917578, -0.03604984, -4.84127045, -4.91078234
4910, 31949749, 31950274, -0.13481274, -0.04100895, -4.87301636, -4.92979717
4911, 31950749, 31951278, -0.14045615, -0.04596806, -4.93650818, -4.94110632
4912, 31951749, 31952279, -0.14609851, -0.05130863, -4.96825409, -4.94805193
4913, 31952749, 31953275, -0.15173356, -0.05626774, -5.00000000, -5.09951496
4914, 31953749, 31954273, -0.15735342, -0.06160831, -5.03174591, -5.04533529
4915, 31954749, 31955277, -0.16294819, -0.06694889, -5.06349182, -5.15925932
4916, 31955749, 31956275, -0.16850509, -0.07190800, -5.09523773, -5.22922373
4917, 31956749, 31957276, -0.17400977, -0.07686710, -5.12698364, -5.12499380
4918, 31957749, 31958278, -0.17944939, -0.08258915, -5.15872955, -5.06098318
4919, 31958749, 31959276, -0.18480988, -0.08754826, -5.19047546, -5.31606722
4920, 31959749, 31960276, -0.19007617, -0.09288883, -5.19047546, -5.17832708
4921, 31960749, 31961278, -0.19523084, -0.09823036, -5.22222137, -5.24093390
4922, 31961749, 31962277, -0.20025709, -0.10357094, -5.25396729, -5.27975082
4923, 31962749, 31963275, -0.20513412, -0.10891151, -5.25396729, -5.30322170
4924, 31963749, 31964271, -0.20984159, -0.11425209, -5.28571320, -5.31763554
4925, 31964749, 31965273, -0.21435468, -0.11959267, -5.31745911, -5.32648754
4926, 31965749, 31966275, -0.21864831, -0.12493324, -5.31745911, -5.33192396
4927, 31966749, 31967273, -0.22269192, -0.13027382, -5.31745911, -5.33526230
4928, 31967749, 31968279, -0.22645584, -0.13561440, -5.34920502, -5.33731270
4929, 31968749, 31969276, -0.22990511, -0.14095497, -5.34920502, -5.33857203
4930, 31969749, 31970284, -0.23300174, -0.14629555, -5.34920502, -5.33934498
4931, 31970749, 31971282, -0.23571298, -0.15163612, -5.34920502, -5.33981991
4932, 31971749, 31972276, -0.23800804, -0.15697765, -5.34920502, -5.34011173
4933, 31972749, 31973274, -0.23986681, -0.16193676, -5.31745911, -5.34065866
4934, 31973749, 31974278, -0.24128073, -0.16727734, -5.31745911, -5.19342947
4935, 31974749, 31975274, -0.24224991, -0.17223644, -5.31745911, -5.25020885
4936, 31975749, 31976279, -0.24278158, -0.17757702, -5.25396729, -5.13788080
4937, 31976749, 31977271, -0.24289225, -0.18253613, -5.22222137, -5.21609449
4938, 31977749, 31978271, -0.24261433, -0.18749523, -5.22222137, -5.11693048
4939, 31978749, 31979277, -0.24199393, -0.19245434, -5.15872955, -5.05603123
4940, 31979749, 31980273, -0.24109451, -0.19703197, -5.09523773, -5.01863050
4941, 31980749, 31981277, -0.23998332, -0.20160961, -5.03174591, -4.84846449
4942, 31981749, 31982276, -0.23871519, -0.20656872, -5.00000000, -4.74396038
4943, 31982749, 31983284, -0.23734257, -0.21114635, -4.87301636, -4.82697868
4944, 31983749, 31984274, -0.23590562, -0.21457958, -4.74603271, -4.73076534
4945, 31984749, 31985278, -0.23444325, -0.21801281, -4.58730316, -4.23008537
4946, 31985749, 31986278, -0.23298450, -0.22068405, -4.36507797, -3.92260242
4947, 31986749, 31987276, -0.23155326, -0.22335434, -4.11111069, -3.43974042
4948, 31987749, 31988273, -0.23016702, -0.22602463, -3.85714340, -3.14283204
4949, 31988749, 31989273, -0.22883922, -0.22793198, -3.53968430, -2.96049166
4950, 31989749, 31990277, -0.22757789, -0.22983932, -3.19047546, -2.55411577
4951, 31990749, 31991273, -0.22638761, -0.23098373, -2.84127045, -2.30454803
4952, 31991749, 31992277, -0.22527021, -0.23174667, -2.46031570, -1.85688579
4953, 31992749, 31993273, -0.22422625, -0.23250961, -2.11111069, -1.43476522
4954, 31993749, 31994280, -0.22325255, -0.23289108, -1.76190567, -1.17552817
4955, 31994749, 31995276, -0.22234491, -0.23289108, -1.38095093, -0.86912519
4956, 31995749, 31996276, -0.22149855, -0.23289108, -1.09523773, -0.53375626
4957, 31996749, 31997276, -0.22070649, -0.23250961, -0.77777863, -0.32779598
4958, 31997749, 31998282, -0.21996148, -0.23174667, -0.49206543, -0.05411194
4959, 31998749, 31999274, -0.21925806, -0.23098373, -0.23809814, 0.26116329
4960, 31999749, 32000281, -0.21858981, -0.22983932, 0.04762268, 0.45478341
4961, 32000749, 32001273, -0.21795122, -0.22945786, 0.23809814, 0.72088903
4962, 32001749, 32002273, -0.21733680, -0.22831345, 0.42857361, 0.58991748
4963, 32002749, 32003273, -0.21674135, -0.22716904, 0.58730316, 0.80387896
4964, 32003749, 32004281, -0.21615927, -0.22602463, 0.71428680, 0.93527925
4965, 32004749, 32005280, -0.21558571, -0.22488022, 0.84127045, 1.01597607
4966, 32005749, 32006286, -0.21501687, -0.22335434, 0.93650818, 1.06553447
4967, 32006749, 32007284, -0.21445026, -0.22259140, 1.03174591, 1.24316740
4968, 32007749, 32008282, -0.21388333, -0.22106552, 1.06349182, 1.05786204
4969, 32008749, 32009280, -0.21331365, -0.21992111, 1.12698364, 1.23845553
4970, 32009749, 32010279, -0.21273972, -0.21877670, 1.15872955, 1.20216596
4971, 32010749, 32011281, -0.21216109, -0.21724987, 1.15872955, 1.17987943
4972, 32011749, 32012283, -0.21157794, -0.21648693, 1.15872955, 1.31375813
4973, 32012749, 32013281, -0.21098863, -0.21534252, 1.19047546, 1.10121405
4974, 32013749, 32014281, -0.21039191, -0.21419811, 1.19047546, 1.11788177
4975, 32014749, 32015281, -0.20978674, -0.21305370, 1.15872955, 1.12811792
4976, 32015749, 32016286, -0.20917033, -0.21190929, 1.15872955, 1.13440418
4977, 32016749, 32017278, -0.20853938, -0.21114635, 1.09523773, 1.13826478
4978, 32017749, 32018282, -0.20788975, -0.21000195, 1.09523773, 0.99343818
4979, 32018749, 32019280, -0.20721790, -0.20885754, 1.06349182, 1.05169332
4980, 32019749, 32020280, -0.20651929, -0.20771313, 1.06349182, 1.08746958
4981, 32020749, 32021282, -0.20579100, -0.20695019, 1.03174591, 1.10944080
4982, 32021749, 32022283, -0.20502806, -0.20618725, 1.00000000, 0.97573650
4983, 32022749, 32023277, -0.20422533, -0.20504284, 0.96825409, 0.89362460
4984, 32023749, 32024279, -0.20337829, -0.20466137, 0.93650818, 0.99039477
4985, 32024749, 32025281, -0.20248471, -0.20389843, 0.90476227, 0.75542915
4986, 32025749, 32026281, -0.20153962, -0.20313549, 0.87301636, 0.75832719
4987, 32026749, 32027277, -0.20053855, -0.20237255, 0.84127045, 0.76010692
4988, 32027749, 32028278, -0.19947758, -0.20160961, 0.80952454, 0.76119995
4989, 32028749, 32029276, -0.19835217, -0.20084667, 0.74603271, 0.76187122
4990, 32029749, 32030278, -0.19715868, -0.20008373, 0.74603271, 0.76228344
4991, 32030749, 32031278, -0.19588998, -0.19932079, 0.71428680, 0.76253659
4992, 32031749, 32032278, -0.19454154, -0.19893932, 0.71428680, 0.76269203
4993, 32032749, 32033278, -0.19310728, -0.19855785, 0.65079498, 0.61558998
4994, 32033749, 32034283, -0.19158317, -0.19817638, 0.61904907, 0.52525014
4995, 32034749, 32035279, -0.18996395, -0.19779491, 0.58730316, 0.46976966
4996, 32035749, 32036281, -0.18824518, -0.19741344, 0.55555725, 0.43569741
4997, 32036749, 32037279, -0.18642356, -0.19703197, 0.49206543, 0.41477260
4998, 32037749, 32038279, -0.18449588, -0.19703197, 0.46031952, 0.40192202
4999, 32038749, 32039280, -0.18245846, -0.19665051, 0.39682770, 0.24683255
5000, 32039749, 32040280, -0.18031047, -0.19626904, 0.33333588, 0.29878494
5001, 32040749, 32041282, -0.17805044, -0.19626904, 0.30158997, 0.33069047
5002, 32041749, 32042278, -0.17567925, -0.19588757, 0.23809814, 0.20308709
5003, 32042749, 32043282, -0.17319748, -0.19588757, 0.20635223, 0.27191952
5004, 32043749, 32044277, -0.17060742, -0.19550610, 0.17460632, 0.16699405
5005, 32044749, 32045277, -0.16791287, -0.19550610, 0.17460632, 0.24975368
5006, 32045749, 32046279, -0.16511771, -0.19512463, 0.17460632, 0.15338135
5007, 32046749, 32047275, -0.16222672, -0.19474316, 0.20635223, 0.24139370
5008, 32047749, 32048277, -0.15924507, -0.19359875, 0.26984406, 0.29544479
5009, 32048749, 32049277, -0.15617849, -0.19283581, 0.36508179, 0.62303436
5010, 32049749, 32050278, -0.15303490, -0.19207287, 0.46031952, 0.67701948
5011, 32050749, 32051276, -0.14981985, -0.19054699, 0.55555725, 0.71017343
5012, 32051749, 32052276, -0.14653976, -0.18940258, 0.68254089, 1.02492929
5013, 32052749, 32053276, -0.14320050, -0.18902111, 0.77777863, 1.07103288
5014, 32053749, 32054272, -0.13980728, -0.18749523, 0.87301636, 0.80495143
5015, 32054749, 32055272, -0.13636522, -0.18558788, 0.96825409, 1.08313537
5016, 32055749, 32056277, -0.13287881, -0.18406200, 1.12698364, 1.40117407
5017, 32056749, 32057271, -0.12935276, -0.18177319, 1.25396729, 1.44929385
5018, 32057749, 32058271, -0.12579067, -0.17948437, 1.38095093, 1.77324080
5019, 32058749, 32059273, -0.12219524, -0.17719555, 1.57142639, 1.97218645
5020, 32059749, 32060273, -0.11856840, -0.17414379, 1.76190186, 2.09436512
5021, 32060749, 32061276, -0.11491222, -0.17185497, 1.92063141, 2.46379399
5022, 32061749, 32062268, -0.11122819, -0.16918468, 2.11111450, 2.39627624
5023, 32062749, 32063268, -0.10751827, -0.16613293, 2.30158997, 2.50200891
5024, 32063749, 32064280, -0.10378411, -0.16308117, 2.42857361, 2.71414042
5025, 32064749, 32065268, -0.10002726, -0.16002941, 2.58730316, 2.84441686
5026, 32065749, 32066280, -0.09624847, -0.15659618, 2.71428680, 2.92442346
5027, 32066749, 32067269, -0.09244876, -0.15354347, 2.84127045, 3.12075543
5028, 32067749, 32068267, -0.08862896, -0.15011024, 2.96825409, 3.09449935
5029, 32068749, 32069271, -0.08479021, -0.14629555, 3.09523773, 3.22520423
5030, 32069749, 32070267, -0.08093362, -0.14286232, 3.19047546, 3.45267177
5031, 32070749, 32071269, -0.07705953, -0.13904762, 3.28571320, 3.44516873
5032, 32071749, 32072268, -0.07316742, -0.13599586, 3.34920502, 3.58775854
5033, 32072749, 32073278, -0.06926008, -0.13218117, 3.44444275, 3.38093233
5034, 32073749, 32074268, -0.06533892, -0.12836647, 3.47618866, 3.54830885
5035, 32074749, 32075284, -0.06140488, -0.12455177, 3.53968048, 3.65109992
5036, 32075749, 32076282, -0.05745883, -0.12073708, 3.57142639, 3.71422720
5037, 32076749, 32077267, -0.05350432, -0.11730385, 3.60317230, 3.75299549
5038, 32077749, 32078269, -0.04954467, -0.11348915, 3.63491821, 3.62960696
5039, 32078749, 32079267, -0.04558231, -0.10967445, 3.66666412, 3.70102763
5040, 32079749, 32080267, -0.04162011, -0.10585976, 3.69841003, 3.74488926
5041, 32080749, 32081263, -0.03766034, -0.10204506, 3.69841003, 3.77182603
5042, 32081749, 32082265, -0.03370628, -0.09861183, 3.73015594, 3.78836870
5043, 32082749, 32083268, -0.02976135, -0.09517860, 3.69841003, 3.65133071
5044, 32083749, 32084280, -0.02582811, -0.09136295, 3.69841003, 3.56717134
5045, 32084749, 32085278, -0.02191047, -0.08754826, 3.73015594, 3.66305184
5046, 32085749, 32086284, -0.01801084, -0.08335209, 3.73015594, 3.72156715
5047, 32086749, 32087278, -0.01413180, -0.07953739, 3.73015594, 3.90470076
5048, 32087749, 32088264, -0.01027577, -0.07610416, 3.73015594, 3.86997104
5049, 32088749, 32089277, -0.00644588, -0.07228947, 3.73015594, 3.70144510
5050, 32089749, 32090277, -0.00264535, -0.06847477, 3.73015594, 3.74514556
5051, 32090749, 32091277, 0.00112305, -0.06427860, 3.76190186, 3.77198339
5052, 32091749, 32092267, 0.00485678, -0.06084538, 3.79364777, 3.93566298
5053, 32092749, 32093275, 0.00855377, -0.05703068, 3.76190186, 3.74178839
5054, 32093749, 32094276, 0.01221184, -0.05321598, 3.76190186, 3.76992154
5055, 32094749, 32095280, 0.01582836, -0.04940128, 3.76190186, 3.78719926
5056, 32095749, 32096282, 0.01940106, -0.04558659, 3.76190186, 3.79780984
5057, 32096749, 32097276, 0.02292803, -0.04215336, 3.76190186, 3.80432630
5058, 32097749, 32098276, 0.02640761, -0.03833866, 3.76190186, 3.66113067
5059, 32098749, 32099281, 0.02983696, -0.03452396, 3.73015594, 3.72038746
5060, 32099749, 32100273, 0.03321382, -0.03070831, 3.69841003, 3.75677872
5061, 32100749, 32101279, 0.03653566, -0.02727509, 3.69841003, 3.77949572
5062, 32101749, 32102277, 0.03979876, -0.02346039, 3.69841003, 3.64588141
5063, 32102749, 32103275, 0.04300085, -0.01964569, 3.69841003, 3.71102238
5064, 32103749, 32104275, 0.04613892, -0.01621246, 3.69841003, 3.75102735
5065, 32104749, 32105279, 0.04920911, -0.01239777, 3.66666412, 3.62839818
5066, 32105749, 32106277, 0.05220843, -0.00858307, 3.66666412, 3.70028543
5067, 32106749, 32107278, 0.05513246, -0.00476837, 3.69841003, 3.74443340
5068, 32107749, 32108280, 0.05797671, -0.00133514, 3.69841003, 3.77154589
5069, 32108749, 32109280, 0.06073907, 0.00209808, 3.66666412, 3.64099932
5070, 32109749, 32110280, 0.06341457, 0.00591278, 3.66666412, 3.56082654
5071, 32110749, 32111276, 0.06599834, 0.00934601, 3.63491821, 3.65878749
5072, 32111749, 32112282, 0.06848694, 0.01277924, 3.63491821, 3.57175064
5073, 32112749, 32113277, 0.07087591, 0.01621246, 3.63491821, 3.51829886
5074, 32113749, 32114277, 0.07316124, 0.02002716, 3.57142639, 3.48547244
5075, 32114749, 32115279, 0.07534055, 0.02346039, 3.53968048, 3.61251020
5076, 32115749, 32116275, 0.07740945, 0.02689362, 3.50793457, 3.54333067
5077, 32116749, 32117275, 0.07936478, 0.02994537, 3.50793457, 3.50084543
5078, 32117749, 32118276, 0.08120360, 0.03337955, 3.44444275, 3.32755637
5079, 32118749, 32119276, 0.08292276, 0.03681278, 3.41269684, 3.36869979
5080, 32119749, 32120276, 0.08451781, 0.03986454, 3.34920502, 3.39359903
5081, 32120749, 32121272, 0.08598662, 0.04329777, 3.34920502, 3.26169300
5082, 32121749, 32122278, 0.08732793, 0.04634953, 3.31745911, 3.32788301
5083, 32122749, 32123273, 0.08853888, 0.04978275, 3.25396729, 3.22133470
5084, 32123749, 32124271, 0.08961616, 0.05245304, 3.22222137, 3.30309772
5085, 32124749, 32125273, 0.09055704, 0.05550480, 3.19047546, 3.05891585
5086, 32125749, 32126273, 0.09136069, 0.05855656, 3.12698364, 3.05615377
5087, 32126749, 32127273, 0.09202638, 0.06122684, 3.09523773, 3.05445766
5088, 32127749, 32128279, 0.09255381, 0.06351566, 3.00000000, 2.90621829
5089, 32128749, 32129275, 0.09294233, 0.06580448, 2.90476227, 2.66798258
5090, 32129749, 32130276, 0.09319168, 0.06847477, 2.80952454, 2.52167463
5091, 32130749, 32131278, 0.09330434, 0.07038212, 2.71428680, 2.57902002
5092, 32131749, 32132276, 0.09328145, 0.07267094, 2.58730316, 2.31984234
5093, 32132749, 32133274, 0.09312423, 0.07495975, 2.46031952, 2.30787110
5094, 32133749, 32134280, 0.09283440, 0.07686710, 2.39682770, 2.30051923
5095, 32134749, 32135275, 0.09241328, 0.07877445, 2.26984406, 2.14880657
5096, 32135749, 32136275, 0.09186406, 0.08030033, 2.17460632, 2.05563521
5097, 32136749, 32137279, 0.09118983, 0.08182621, 2.01587677, 1.85121846
5098, 32137749, 32138281, 0.09039313, 0.08297062, 1.92063141, 1.72567987
5099, 32138749, 32139281, 0.08947812, 0.08373356, 1.76190186, 1.50138521
5100, 32139749, 32140277, 0.08844850, 0.08487797, 1.60317230, 1.21644151
5101, 32140749, 32141283, 0.08730849, 0.08564091, 1.47618866, 1.18864644
5102, 32141749, 32142276, 0.08606266, 0.08640385, 1.28571320, 1.02437913
5103, 32142749, 32143278, 0.08471684, 0.08640385, 1.09523773, 0.92349756
5104, 32143749, 32144284, 0.08327568, 0.08678532, 0.93650818, 0.56714797
5105, 32144749, 32145286, 0.08174389, 0.08678532, 0.77777863, 0.49550039
5106, 32145749, 32146276, 0.08012843, 0.08678532, 0.58730316, 0.30430189
5107, 32146749, 32147277, 0.07843576, 0.08678532, 0.46031952, 0.18688105
5108, 32147749, 32148275, 0.07667518, 0.08678532, 0.33333588, 0.11476935
5109, 32148749, 32149279, 0.07485317, 0.08640385, 0.20635223, 0.07048335
5110, 32149749, 32150285, 0.07297765, 0.08602238, 0.04762268, -0.10391158
5111, 32150749, 32151277, 0.07105790, 0.08564091, -0.07936859, -0.21101281
5112, 32151749, 32152273, 0.06910277, 0.08487797, -0.20635223, -0.27678692
5113, 32152749, 32153276, 0.06712189, 0.08411503, -0.33333588, -0.46437836
5114, 32153749, 32154284, 0.06512488, 0.08335209, -0.39682770, -0.57958400
5115, 32154749, 32155278, 0.06312125, 0.08220768, -0.49206543, -0.65033531
5116, 32155749, 32156274, 0.06111911, 0.08182621, -0.61904907, -0.84098339
5117, 32156749, 32157276, 0.05912879, 0.08068180, -0.68254089, -0.66367102
5118, 32157749, 32158274, 0.05715997, 0.07953739, -0.74603271, -0.84917325
5119, 32158749, 32159271, 0.05522219, 0.07839298, -0.80952454, -0.96309584
5120, 32159749, 32160281, 0.05332325, 0.07724857, -0.87301636, -1.03305912
5121, 32160749, 32161277, 0.05147287, 0.07610416, -0.93650818, -1.07602572
5122, 32161749, 32162283, 0.04968027, 0.07495975, -1.00000000, -1.10241282
5123, 32162749, 32163281, 0.04795534, 0.07343388, -1.09523773, -1.11861789
5124, 32163749, 32164278, 0.04630748, 0.07190800, -1.15872955, -1.27576745
5125, 32164749, 32165280, 0.04474415, 0.07076359, -1.22222137, -1.37227786
5126, 32165749, 32166276, 0.04327383, 0.06923771, -1.25396729, -1.28435040
5127, 32166749, 32167280, 0.04190164, 0.06771183, -1.31745911, -1.37754893
5128, 32167749, 32168280, 0.04063341, 0.06618595, -1.38095093, -1.43478501
5129, 32168749, 32169275, 0.03947384, 0.06466007, -1.41269684, -1.46993530
5130, 32169749, 32170279, 0.03842553, 0.06275272, -1.44444275, -1.49152219
5131, 32170749, 32171285, 0.03748919, 0.06122684, -1.50793839, -1.65197694
5132, 32171749, 32172277, 0.03666314, 0.05970097, -1.53968430, -1.60331953
5133, 32172749, 32173281, 0.03594574, 0.05817509, -1.57143021, -1.57343757
5134, 32173749, 32174279, 0.03533363, 0.05626774, -1.60317612, -1.55508614
5135, 32174749, 32175284, 0.03482118, 0.05474186, -1.60317612, -1.69101346
5136, 32175749, 32176280, 0.03440263, 0.05283451, -1.63492203, -1.62729299
5137, 32176749, 32177278, 0.03407166, 0.05169010, -1.63492203, -1.73535800
5138, 32177749, 32178280, 0.03381934, 0.04978275, -1.66666794, -1.50732887
5139, 32178749, 32179284, 0.03363594, 0.04825687, -1.63492203, -1.66168427
5140, 32179749, 32180278, 0.03351281, 0.04673100, -1.63492203, -1.60928118
5141, 32180749, 32181279, 0.03343941, 0.04520512, -1.63492203, -1.57709873
5142, 32181749, 32182279, 0.03340515, 0.04367924, -1.60317612, -1.55733454
5143, 32182749, 32183279, 0.03340198, 0.04215336, -1.60317612, -1.54519677
5144, 32183749, 32184279, 0.03342245, 0.04024601, -1.60317612, -1.53774261
5145, 32184749, 32185279, 0.03345686, 0.03872013, -1.60317612, -1.68036222
5146, 32185749, 32186278, 0.03349562, 0.03681278, -1.63492203, -1.62075186
5147, 32186749, 32187278, 0.03353155, 0.03528690, -1.63492203, -1.73134077
5148, 32187749, 32188276, 0.03355692, 0.03376102, -1.63492203, -1.65205932
5149, 32188749, 32189278, 0.03356376, 0.03299809, -1.60317612, -1.60337019
5150, 32189749, 32190276, 0.03354661, 0.03147221, -1.57143021, -1.27907348
5151, 32190749, 32191275, 0.03350040, 0.03070831, -1.50793839, -1.37430823
5152, 32191749, 32192275, 0.03341851, 0.02994537, -1.44444275, -1.13876760
5153, 32192749, 32193275, 0.03329819, 0.02880096, -1.31745911, -0.99374700
5154, 32193749, 32194277, 0.03313478, 0.02803802, -1.19047546, -1.05188298
5155, 32194749, 32195273, 0.03292331, 0.02803802, -1.09523773, -0.94038850
5156, 32195749, 32196273, 0.03266112, 0.02765656, -0.93650818, -0.57752120
5157, 32196749, 32197274, 0.03234598, 0.02727509, -0.80952454, -0.50187093
5158, 32197749, 32198274, 0.03197491, 0.02727509, -0.68254089, -0.45541179
5159, 32198749, 32199274, 0.03154459, 0.02727509, -0.55555725, -0.27968225
5160, 32199749, 32200272, 0.03105198, 0.02727509, -0.42857361, -0.17176138
5161, 32200749, 32201272, 0.03049571, 0.02727509, -0.33333588, -0.10548389
5162, 32201749, 32202272, 0.02987291, 0.02765656, -0.23809814, -0.06478087
5163, 32202749, 32203273, 0.02918076, 0.02765656, -0.11111450, 0.10741364
5164, 32203749, 32204277, 0.02841895, 0.02803802, -0.01587677, 0.06596599
5165, 32204749, 32205279, 0.02758501, 0.02803802, 0.04762268, 0.18770929
5166, 32205749, 32206273, 0.02667771, 0.02803802, 0.07936859, 0.11527799
5167, 32206749, 32207275, 0.02569317, 0.02841949, 0.14286041, 0.07079572
5168, 32207749, 32208276, 0.02463096, 0.02880096, 0.17460632, 0.19067536
5169, 32208749, 32209286, 0.02348996, 0.02918243, 0.20635223, 0.26429710
5170, 32209749, 32210272, 0.02226901, 0.02956390, 0.23809814, 0.30951044
5171, 32210749, 32211274, 0.02096886, 0.02994537, 0.23809814, 0.33727732
5172, 32211749, 32212272, 0.01958919, 0.02994537, 0.23809814, 0.35432982
5173, 32212749, 32213276, 0.01812799, 0.03032684, 0.23809814, 0.21760473
5174, 32213749, 32214277, 0.01658557, 0.03032684, 0.23809814, 0.28083524
5175, 32214749, 32215269, 0.01496279, 0.03070831, 0.23809814, 0.17246947
5176, 32215749, 32216271, 0.01325948, 0.03070831, 0.20635223, 0.25311631
5177, 32216749, 32217271, 0.01147616, 0.03070831, 0.17460632, 0.15544644
5178, 32217749, 32218271, 0.00961359, 0.03032684, 0.14286041, 0.09546439
5179, 32218749, 32219282, 0.00766978, 0.03032684, 0.07936859, -0.08856996
5180, 32219749, 32220272, 0.00564449, 0.02994537, 0.01587677, -0.05439351
5181, 32220749, 32221272, 0.00354029, 0.02956390, -0.04762268, -0.18060227
5182, 32221749, 32222270, 0.00135768, 0.02918243, -0.11111450, -0.25811091
5183, 32222749, 32223268, -0.00090168, 0.02841949, -0.17460632, -0.30571130
5184, 32223749, 32224268, -0.00323727, 0.02803802, -0.26984406, -0.48214173
5185, 32224749, 32225269, -0.00564828, 0.02727509, -0.36508179, -0.44329548
5186, 32225749, 32226267, -0.00813278, 0.02651215, -0.42857361, -0.56663632
5187, 32226749, 32227269, -0.01069115, 0.02574921, -0.52381134, -0.64238375
5188, 32227749, 32228271, -0.01332181, 0.02460480, -0.58730316, -0.68890250
5189, 32228749, 32229281, -0.01602381, 0.02384186, -0.65079498, -0.86466867
5190, 32229749, 32230270, -0.01879727, 0.02231598, -0.74603271, -0.82541442
5191, 32230749, 32231268, -0.02164284, 0.02117157, -0.90476227, -1.09570229
5192, 32231749, 32232286, -0.02455824, 0.01926422, -1.00000000, -1.11449683
5193, 32232749, 32233282, -0.02754502, 0.01773834, -1.12698364, -1.42043424
5194, 32233749, 32234276, -0.03060109, 0.01544952, -1.25396729, -1.46112216
5195, 32234749, 32235266, -0.03372643, 0.01354218, -1.38095093, -1.78050494
5196, 32235749, 32236267, -0.03692123, 0.01163483, -1.53968430, -1.82945001
5197, 32236749, 32237267, -0.04018538, 0.00934601, -1.73015976, -1.85950875
5198, 32237749, 32238281, -0.04351799, 0.00705719, -1.85714340, -2.02516627
5199, 32238749, 32239281, -0.04691836, 0.00438690, -1.98412704, -2.12690163
5200, 32239749, 32240265, -0.05038615, 0.00171661, -2.11111069, -2.33657789
5201, 32240749, 32241278, -0.05392057, -0.00095367, -2.23809433, -2.46534657
5202, 32241749, 32242274, -0.05752246, -0.00362396, -2.36507797, -2.54442716
5203, 32242749, 32243278, -0.06119075, -0.00629425, -2.46031570, -2.59299302
5204, 32243749, 32244274, -0.06492416, -0.00934601, -2.55555725, -2.62281871
5205, 32244749, 32245278, -0.06872186, -0.01201630, -2.65079498, -2.78833318
5206, 32245749, 32246277, -0.07258233, -0.01506805, -2.74603271, -2.74278307
5207, 32246749, 32247265, -0.07650571, -0.01811981, -2.80952454, -2.86200714
5208, 32247749, 32248277, -0.08048847, -0.02117157, -2.87301636, -2.93522620
5209, 32248749, 32249275, -0.08453024, -0.02460480, -2.93650818, -2.98019218
5210, 32249749, 32250275, -0.08862974, -0.02765656, -3.00000000, -3.15500498
5211, 32250749, 32251275, -0.09278516, -0.03108978, -3.09523773, -3.11516523
5212, 32251749, 32252276, -0.09699343, -0.03452396, -3.12698364, -3.23789597
5213, 32252749, 32253274, -0.10125072, -0.03795719, -3.19047546, -3.31363630
5214, 32253749, 32254274, -0.10555699, -0.04139042, -3.22222137, -3.35978293
5215, 32254749, 32255276, -0.10990907, -0.04482365, -3.28571320, -3.38812304
5216, 32255749, 32256276, -0.11430266, -0.04825687, -3.34920502, -3.40552759
5217, 32256749, 32257274, -0.11873496, -0.05169010, -3.38095093, -3.41621637
5218, 32257749, 32258275, -0.12320235, -0.05512333, -3.41269684, -3.42278051
5219, 32258749, 32259273, -0.12770167, -0.05893803, -3.44444275, -3.42681193
5220, 32259749, 32260281, -0.13222782, -0.06275272, -3.50793839, -3.57648516
5221, 32260749, 32261275, -0.13677524, -0.06618595, -3.50793839, -3.66840386
5222, 32261749, 32262273, -0.14133786, -0.07000065, -3.57143021, -3.57765651
5223, 32262749, 32263278, -0.14590840, -0.07343388, -3.57143021, -3.66912341
5224, 32263749, 32264274, -0.15047814, -0.07724857, -3.60317612, -3.57809830
5225, 32264749, 32265272, -0.15503918, -0.08106327, -3.63492203, -3.66939449
5226, 32265749, 32266274, -0.15958086, -0.08487797, -3.66666794, -3.72546220
5227, 32266749, 32267276, -0.16409288, -0.08869267, -3.73015976, -3.75989532
5228, 32267749, 32268277, -0.16856107, -0.09250736, -3.76190567, -3.78104162
5229, 32268749, 32269277, -0.17297405, -0.09670448, -3.82539749, -3.79402828
5230, 32269749, 32270277, -0.17731616, -0.10090065, -3.85714340, -3.94956946
5231, 32270749, 32271273, -0.18156940, -0.10471535, -3.88888931, -4.04472399
5232, 32271749, 32272273, -0.18571705, -0.10891151, -3.95238113, -3.95596361
5233, 32272749, 32273275, -0.18974073, -0.11348915, -3.98412704, -4.04865074
5234, 32273749, 32274276, -0.19362250, -0.11730385, -4.04761887, -4.25277042
5235, 32274749, 32275276, -0.19734029, -0.12188148, -4.07936478, -4.08373117
5236, 32275749, 32276280, -0.20087701, -0.12607765, -4.14285660, -4.27431440
5237, 32276749, 32277278, -0.20420881, -0.13027382, -4.17460251, -4.24415970
5238, 32277749, 32278280, -0.20730901, -0.13446999, -4.20634842, -4.22564077
5239, 32278749, 32279276, -0.21015544, -0.13866615, -4.20634842, -4.21426773
5240, 32279749, 32280273, -0.21272723, -0.14286232, -4.23809433, -4.20728302
5241, 32280749, 32281281, -0.21499622, -0.14705849, -4.23809433, -4.20299339
5242, 32281749, 32282273, -0.21694219, -0.15163612, -4.23809433, -4.20035934
5243, 32282749, 32283271, -0.21854967, -0.15545082, -4.26984024, -4.34593916
5244, 32283749, 32284271, -0.21980368, -0.15964794, -4.23809433, -4.14094877
5245, 32284749, 32285276, -0.22069246, -0.16384411, -4.23809433, -4.16262388
5246, 32285749, 32286282, -0.22120553, -0.16804028, -4.20634842, -4.17556715
5247, 32286749, 32287278, -0.22133973, -0.17185497, -4.20634842, -4.18351603
5248, 32287749, 32288280, -0.22109799, -0.17643261, -4.17460251, -4.04120016
5249, 32288749, 32289270, -0.22049300, -0.18024731, -4.17460251, -4.24819469
5250, 32289749, 32290275, -0.21954760, -0.18406200, -4.11111069, -4.08092117
5251, 32290749, 32291285, -0.21829279, -0.18787670, -4.04761887, -3.97819328
5252, 32291749, 32292279, -0.21678543, -0.19169140, -4.01587296, -3.91510510
5253, 32292749, 32293271, -0.21508519, -0.19550610, -3.98412704, -3.87636089
5254, 32293749, 32294277, -0.21325596, -0.19855785, -3.92063522, -3.85256672
5255, 32294749, 32295271, -0.21135058, -0.20160961, -3.82539749, -3.54355907
5256, 32295749, 32296274, -0.20940851, -0.20466137, -3.69841385, -3.35378814
5257, 32296749, 32297274, -0.20746739, -0.20695019, -3.50793839, -3.23724365
5258, 32297749, 32298270, -0.20555392, -0.20885754, -3.31745911, -2.87127519
5259, 32298749, 32299282, -0.20369072, -0.21076488, -3.06349182, -2.49932528
5260, 32299749, 32300274, -0.20189464, -0.21190929, -2.77777863, -2.27089953
5261, 32300749, 32301276, -0.20017828, -0.21343517, -2.49206161, -1.83622122
5262, 32301749, 32302271, -0.19854513, -0.21419811, -2.17460251, -1.71646965
5263, 32302749, 32303277, -0.19699773, -0.21419811, -1.82539749, -1.34853137
5264, 32303749, 32304277, -0.19553220, -0.21419811, -1.50793839, -0.82817417
5265, 32304749, 32305279, -0.19414367, -0.21419811, -1.15872955, -0.50860697
5266, 32305749, 32306281, -0.19282515, -0.21381664, -0.80952454, -0.31235102
5267, 32306749, 32307272, -0.19156697, -0.21305370, -0.55555725, -0.04462672
5268, 32307749, 32308280, -0.19036177, -0.21229076, -0.26984406, 0.26698846
5269, 32308749, 32309280, -0.18920150, -0.21114635, 0.01587677, 0.45836082
5270, 32309749, 32310284, -0.18807989, -0.21000195, 0.26984406, 0.72308600
5271, 32310749, 32311280, -0.18699160, -0.20847607, 0.52381134, 0.88566178
5272, 32311749, 32312278, -0.18592949, -0.20733166, 0.74603271, 1.13270211
5273, 32312749, 32313281, -0.18488863, -0.20580578, 0.90476227, 1.13721955
5274, 32313749, 32314283, -0.18386438, -0.20466137, 1.03174591, 1.28719127
5275, 32314749, 32315279, -0.18285201, -0.20275402, 1.19047546, 1.23209608
5276, 32315749, 32316275, -0.18184771, -0.20160961, 1.28571320, 1.49265552
5277, 32316749, 32317277, -0.18084770, -0.19970226, 1.38095093, 1.35827780
5278, 32317749, 32318284, -0.17984696, -0.19817638, 1.41269684, 1.57014751
5279, 32318749, 32319284, -0.17884099, -0.19665051, 1.44444275, 1.55306566
5280, 32319749, 32320282, -0.17782559, -0.19512463, 1.47618866, 1.54257512
5281, 32320749, 32321286, -0.17679399, -0.19321728, 1.50793457, 1.53613257
5282, 32321749, 32322282, -0.17574178, -0.19207287, 1.53968048, 1.67937350
5283, 32322749, 32323285, -0.17466247, -0.19016552, 1.53968048, 1.47294700
5284, 32323749, 32324281, -0.17355214, -0.18863964, 1.53968048, 1.64056933
5285, 32324749, 32325279, -0.17240596, -0.18711376, 1.57142639, 1.59631371
5286, 32325749, 32326279, -0.17121765, -0.18520641, 1.57142639, 1.56913507
5287, 32326749, 32327275, -0.16998112, -0.18406200, 1.57142639, 1.69964135
5288, 32327749, 32328277, -0.16869150, -0.18253613, 1.57142639, 1.48539424
5289, 32328749, 32329282, -0.16734038, -0.18101025, 1.57142639, 1.50101614
5290, 32329749, 32330280, -0.16592218, -0.17948437, 1.53968048, 1.51060998
5291, 32330749, 32331278, -0.16442880, -0.17795849, 1.50793457, 1.51650178
5292, 32331749, 32332278, -0.16285333, -0.17681408, 1.50793457, 1.52012014
5293, 32332749, 32333280, -0.16118979, -0.17528820, 1.44444275, 1.37514472
5294, 32333749, 32334278, -0.15942904, -0.17414379, 1.44444275, 1.43330848
5295, 32334749, 32335279, -0.15756285, -0.17261791, 1.41269684, 1.32183111
5296, 32335749, 32336281, -0.15558308, -0.17147350, 1.34920502, 1.40056694
5297, 32336749, 32337281, -0.15348484, -0.17032909, 1.31745911, 1.30172348
5298, 32337749, 32338277, -0.15126002, -0.16918468, 1.28571320, 1.24102068
5299, 32338749, 32339281, -0.14890523, -0.16804028, 1.28571320, 1.20374119
5300, 32339749, 32340280, -0.14641589, -0.16689587, 1.25396729, 1.18084681
5301, 32340749, 32341280, -0.14379023, -0.16536999, 1.22222137, 1.16678667
5302, 32341749, 32342280, -0.14102767, -0.16460705, 1.19047546, 1.30534947
5303, 32342749, 32343274, -0.13812923, -0.16346264, 1.15872955, 1.09605002
5304, 32343749, 32344278, -0.13509914, -0.16231823, 1.15872955, 1.11471033
5305, 32344749, 32345277, -0.13194399, -0.16155529, 1.12698364, 1.12617016
5306, 32345749, 32346273, -0.12866941, -0.16041088, 1.09523773, 0.98601049
5307, 32346749, 32347275, -0.12528321, -0.15926647, 1.06349182, 1.04713178
5308, 32347749, 32348273, -0.12179214, -0.15812206, 1.06349182, 1.08466816
5309, 32348749, 32349275, -0.11820681, -0.15697765, 1.06349182, 1.10772038
5310, 32349749, 32350273, -0.11453556, -0.15583229, 1.06349182, 1.12187743
5311, 32350749, 32351272, -0.11078670, -0.15468788, 1.09523773, 1.13093972
5312, 32351749, 32352272, -0.10696781, -0.15278053, 1.12698364, 1.13613713
5313, 32352749, 32353272, -0.10309050, -0.15163612, 1.19047546, 1.43372416
5314, 32353749, 32354272, -0.09916095, -0.14934731, 1.25396729, 1.32208633
5315, 32354749, 32355274, -0.09518744, -0.14743996, 1.38095093, 1.69511878
5316, 32355749, 32356276, -0.09117558, -0.14553261, 1.50793457, 1.77701187
5317, 32356749, 32357271, -0.08712953, -0.14362526, 1.57142639, 1.82730484
5318, 32357749, 32358273, -0.08305685, -0.14171791, 1.69841003, 1.85819125
5319, 32358749, 32359271, -0.07896192, -0.13981056, 1.76190186, 1.87715948
5320, 32359749, 32360273, -0.07484762, -0.13752174, 1.85713959, 1.88880861
5321, 32360749, 32361275, -0.07071584, -0.13485146, 1.92063141, 2.04316020
5322, 32361749, 32362273, -0.06656680, -0.13218117, 2.07936859, 2.28514981
5323, 32362749, 32363268, -0.06240236, -0.12912941, 2.17460632, 2.43376303
5324, 32363749, 32364268, -0.05822391, -0.12569618, 2.33333588, 2.67222857
5325, 32364749, 32365272, -0.05403176, -0.12264442, 2.49206543, 2.96587491
5326, 32365749, 32366268, -0.04982567, -0.11921120, 2.65079498, 2.99901438
5327, 32366749, 32367270, -0.04560614, -0.11577797, 2.80952454, 3.16656423
5328, 32367749, 32368268, -0.04137396, -0.11196327, 3.00000000, 3.26946139
5329, 32368749, 32369267, -0.03713020, -0.10853004, 3.19047546, 3.47985125
5330, 32369749, 32370267, -0.03287685, -0.10433388, 3.28571320, 3.46186066
5331, 32370749, 32371279, -0.02861726, -0.10090065, 3.44444275, 3.74520707
5332, 32371749, 32372269, -0.02435147, -0.09670448, 3.50793457, 3.62482357
5333, 32372749, 32373267, -0.02008426, -0.09250736, 3.60317230, 3.84528756
5334, 32373749, 32374280, -0.01581798, -0.08869267, 3.73015594, 3.98104906
5335, 32374749, 32375266, -0.01155490, -0.08449650, 3.82539368, 3.91685891
5336, 32375749, 32376278, -0.00729775, -0.08030033, 3.92063141, 4.02463531
5337, 32376749, 32377266, -0.00304828, -0.07610416, 3.98412323, 4.09082413
5338, 32377749, 32378278, 0.00118945, -0.07190800, 4.01587677, 4.13147259
5339, 32378749, 32379267, 0.00541508, -0.06733036, 4.07936859, 4.15643597
5340, 32379749, 32380283, 0.00962488, -0.06351566, 4.11111450, 4.31896448
5341, 32380749, 32381291, 0.01381662, -0.05893803, 4.17460632, 4.12438297
5342, 32381749, 32382269, 0.01798849, -0.05474186, 4.20635223, 4.29927969
5343, 32382749, 32383267, 0.02214062, -0.05054569, 4.20635223, 4.25949144
5344, 32383749, 32384277, 0.02627337, -0.04596806, 4.23809814, 4.23505640
5345, 32384749, 32385266, 0.03038522, -0.04215336, 4.23809814, 4.36724758
5346, 32385749, 32386278, 0.03447373, -0.03757572, 4.26984406, 4.15403509
5347, 32386749, 32387264, 0.03853852, -0.03337955, 4.23809814, 4.31749010
5348, 32387749, 32388264, 0.04258038, -0.02956390, 4.23809814, 4.27067518
5349, 32388749, 32389282, 0.04659931, -0.02498627, 4.23809814, 4.09509516
5350, 32389749, 32390278, 0.05059350, -0.02117157, 4.20635223, 4.28129339
5351, 32390749, 32391281, 0.05456464, -0.01697540, 4.20635223, 4.10124826
5352, 32391749, 32392267, 0.05851056, -0.01239777, 4.17460632, 4.13787460
5353, 32392749, 32393281, 0.06243303, -0.00820160, 4.17460632, 4.30756521
5354, 32393749, 32394277, 0.06632918, -0.00438690, 4.17460632, 4.26457977
5355, 32394749, 32395279, 0.07019748, -0.00019073, 4.17460632, 4.09098387
5356, 32395749, 32396284, 0.07403880, 0.00400543, 4.17460632, 4.13157082
5357, 32396749, 32397278, 0.07785273, 0.00858307, 4.17460632, 4.15649652
5358, 32397749, 32398284, 0.08163839, 0.01239777, 4.17460632, 4.31900167
5359, 32398749, 32399280, 0.08539619, 0.01659393, 4.14286041, 4.12440586
5360, 32399749, 32400280, 0.08912466, 0.02079010, 4.14286041, 4.15209627
5361, 32400749, 32401283, 0.09282376, 0.02460480, 4.14286041, 4.16910172
5362, 32401749, 32402279, 0.09649273, 0.02841949, 4.11111450, 4.03234768
5363, 32402749, 32403279, 0.10013046, 0.03261662, 4.07936859, 3.94836283
5364, 32403749, 32404277, 0.10373535, 0.03643131, 4.04762268, 4.04435110
5365, 32404749, 32405279, 0.10730682, 0.04024601, 4.01587677, 3.95573449
5366, 32405749, 32406279, 0.11084390, 0.04406071, 3.98412323, 3.90131259
5367, 32406749, 32407281, 0.11434604, 0.04787540, 3.95237732, 3.86789036
5368, 32407749, 32408276, 0.11781190, 0.05169010, 3.92063141, 3.84736466
5369, 32408749, 32409276, 0.12123833, 0.05588627, 3.88888550, 3.83475924
5370, 32409749, 32410284, 0.12462405, 0.05931950, 3.82539368, 3.97421551
5371, 32410749, 32411276, 0.12796797, 0.06313419, 3.82539368, 3.76546478
5372, 32411749, 32412278, 0.13126506, 0.06694889, 3.82539368, 3.78446198
5373, 32412749, 32413275, 0.13451286, 0.07076359, 3.82539368, 3.79612875
5374, 32413749, 32414273, 0.13770778, 0.07457829, 3.76190186, 3.80329370
5375, 32414749, 32415275, 0.14084674, 0.07801151, 3.76190186, 3.80769396
5376, 32415749, 32416275, 0.14392564, 0.08182621, 3.73015594, 3.66319895
5377, 32416749, 32417275, 0.14694135, 0.08564091, 3.73015594, 3.72165751
5378, 32417749, 32418275, 0.14989041, 0.08907413, 3.73015594, 3.75755882
5379, 32418749, 32419272, 0.15277112, 0.09288883, 3.69841003, 3.63240933
5380, 32419749, 32420278, 0.15558065, 0.09632301, 3.66666412, 3.70274878
5381, 32420749, 32421276, 0.15831633, 0.09975624, 3.60317230, 3.59911656
5382, 32421749, 32422282, 0.16097581, 0.10357094, 3.63491821, 3.53510499
5383, 32422749, 32423278, 0.16355634, 0.10662270, 3.60317230, 3.64299107
5384, 32423749, 32424278, 0.16605699, 0.11005592, 3.57142639, 3.41485214
5385, 32424749, 32425279, 0.16847497, 0.11348915, 3.53968048, 3.42194271
5386, 32425749, 32426273, 0.17080958, 0.11692238, 3.50793457, 3.42629743
5387, 32426749, 32427271, 0.17305794, 0.11997414, 3.44444275, 3.42897153
5388, 32427749, 32428275, 0.17521876, 0.12340736, 3.41269684, 3.28341627
5389, 32428749, 32429269, 0.17729297, 0.12645912, 3.53968048, 3.34122396
5390, 32429749, 32430272, 0.17927901, 0.12951088, 3.38095093, 3.22952771
5391, 32430749, 32431278, 0.18117718, 0.13256264, 3.28571320, 3.16093159
5392, 32431749, 32432276, 0.18298472, 0.13599586, 3.22222137, 3.11880493
5393, 32432749, 32433268, 0.18470138, 0.13866615, 3.28571320, 3.24013114
5394, 32433749, 32434276, 0.18632722, 0.14171791, 3.15872955, 3.02024603
5395, 32434749, 32435268, 0.18786110, 0.14476967, 3.09523773, 3.03240561
5396, 32435749, 32436273, 0.18930379, 0.14743996, 3.06349182, 3.03987288
5397, 32436749, 32437271, 0.19065528, 0.15049171, 2.84127045, 2.89726114
5398, 32437749, 32438273, 0.19191389, 0.15316200, 2.90476227, 2.95687675
5399, 32438749, 32439275, 0.19307847, 0.15583229, 2.90476227, 2.84629107
5400, 32439749, 32440271, 0.19414946, 0.15850353, 2.84127045, 2.77837682
5401, 32440749, 32441272, 0.19512655, 0.16079235, 2.68254089, 2.73703671
5402, 32441749, 32442274, 0.19600950, 0.16346264, 2.68254089, 2.56408286
5403, 32442749, 32443272, 0.19679761, 0.16536999, 2.61904907, 2.60506415
5404, 32443749, 32444272, 0.19749229, 0.16727734, 2.52381134, 2.33583689
5405, 32444749, 32445276, 0.19809145, 0.16956615, 2.46031952, 2.17049623
5406, 32445749, 32446275, 0.19859555, 0.17147350, 2.33333588, 2.21615314
5407, 32446749, 32447279, 0.19900577, 0.17376232, 2.26984406, 2.09699488
5408, 32447749, 32448271, 0.19932280, 0.17528820, 2.33333588, 2.17101359
5409, 32448749, 32449279, 0.19954436, 0.17757702, 2.11111450, 1.92207575
5410, 32449749, 32450283, 0.19967258, 0.17910290, 2.01587677, 2.06359053
5411, 32450749, 32451275, 0.19970767, 0.18062878, 1.95237732, 1.85610402
5412, 32451749, 32452282, 0.19965176, 0.18215466, 1.85713959, 1.72868013
5413, 32452749, 32453274, 0.19950704, 0.18329906, 1.76190186, 1.65042531
5414, 32453749, 32454280, 0.19927587, 0.18406200, 1.66666412, 1.45516920
5415, 32454749, 32455284, 0.19896191, 0.18520641, 1.53968048, 1.18805885
5416, 32455749, 32456276, 0.19856766, 0.18635082, 1.28571320, 1.17121577
5417, 32456749, 32457276, 0.19809468, 0.18711376, 1.28571320, 1.16087186
5418, 32457749, 32458281, 0.19754659, 0.18787670, 1.19047546, 1.00732183
5419, 32458749, 32459281, 0.19692555, 0.18863964, 1.06349182, 0.91302216
5420, 32459749, 32460277, 0.19623545, 0.18940258, 0.96825409, 0.85510981
5421, 32460749, 32461279, 0.19548053, 0.19016552, 0.87301636, 0.81954408
5422, 32461749, 32462279, 0.19466624, 0.19054699, 0.77777863, 0.79770207
5423, 32462749, 32463282, 0.19379659, 0.19054699, 0.71428680, 0.63709068
5424, 32463749, 32464270, 0.19287670, 0.19054699, 0.61904907, 0.39125678
5425, 32464749, 32465278, 0.19191463, 0.19092846, 0.55555725, 0.24028270
5426, 32465749, 32466278, 0.19091308, 0.19092846, 0.46031952, 0.29476246
5427, 32466749, 32467276, 0.18987611, 0.19092846, 0.36508179, 0.18102260
5428, 32467749, 32468283, 0.18880673, 0.19092846, 0.26984406, 0.11117149
5429, 32468749, 32469279, 0.18771103, 0.19092846, 0.20635223, 0.06827380
5430, 32469749, 32470279, 0.18659379, 0.19054699, 0.11111450, 0.04192902
5431, 32470749, 32471281, 0.18545869, 0.19054699, 0.04762268, -0.12144767
5432, 32471749, 32472279, 0.18431012, 0.19054699, -0.01587677, -0.07458471
5433, 32472749, 32473279, 0.18315014, 0.19016552, -0.11111450, -0.04580474
5434, 32473749, 32474276, 0.18198147, 0.18978405, -0.14286041, -0.17532763
5435, 32474749, 32475282, 0.18080568, 0.18940258, -0.20635223, -0.25487158
5436, 32475749, 32476280, 0.17962275, 0.18863964, -0.23809814, -0.30372193
5437, 32476749, 32477280, 0.17843096, 0.18825817, -0.33333588, -0.48091999
5438, 32477749, 32478282, 0.17722985, 0.18749523, -0.36508179, -0.44254515
5439, 32478749, 32479280, 0.17601678, 0.18711376, -0.39682770, -0.56617558
5440, 32479749, 32480277, 0.17479005, 0.18673229, -0.46031952, -0.49490324
5441, 32480749, 32481283, 0.17354620, 0.18596935, -0.49206543, -0.45113268
5442, 32481749, 32482279, 0.17228261, 0.18520641, -0.52381134, -0.57144940
5443, 32482749, 32483277, 0.17099462, 0.18444347, -0.55555725, -0.64533961
5444, 32483749, 32484277, 0.16967945, 0.18406200, -0.61904907, -0.69071782
5445, 32484749, 32485278, 0.16833280, 0.18291759, -0.65079498, -0.57138842
5446, 32485749, 32486278, 0.16695213, 0.18215466, -0.68254089, -0.79249972
5447, 32486749, 32487278, 0.16553384, 0.18101025, -0.71428680, -0.78109330
5448, 32487749, 32488276, 0.16407435, 0.18062878, -0.74603271, -0.92128587
5449, 32488749, 32489274, 0.16257201, 0.17948437, -0.80952454, -0.71298724
5450, 32489749, 32490277, 0.16102584, 0.17833996, -0.84127045, -0.87945986
5451, 32490749, 32491275, 0.15943269, 0.17757702, -0.87301636, -0.98169571
5452, 32491749, 32492275, 0.15779191, 0.17643261, -0.90476227, -0.89728433
5453, 32492749, 32493273, 0.15610102, 0.17528820, -0.93650818, -0.99264234
5454, 32493749, 32494275, 0.15435974, 0.17414379, -0.96825409, -1.05120456
5455, 32494749, 32495277, 0.15256812, 0.17338085, -1.00000000, -1.08716941
5456, 32495749, 32496274, 0.15072566, 0.17185497, -1.06349182, -0.96205896
5457, 32496749, 32497276, 0.14883348, 0.17071056, -1.06349182, -1.17961991
5458, 32497749, 32498276, 0.14689244, 0.16956615, -1.09523773, -1.16603315
5459, 32498749, 32499274, 0.14490257, 0.16804028, -1.15872955, -1.15768909
5460, 32499749, 32500272, 0.14286360, 0.16689587, -1.19047546, -1.29976237
5461, 32500749, 32501274, 0.14077573, 0.16536999, -1.22222137, -1.23981643
5462, 32501749, 32502275, 0.13863957, 0.16422558, -1.28571320, -1.35019922
5463, 32502749, 32503273, 0.13645416, 0.16231823, -1.31745911, -1.27079105
5464, 32503749, 32504273, 0.13422072, 0.16079235, -1.34920502, -1.51641917
5465, 32504749, 32505271, 0.13193926, 0.15964794, -1.41269684, -1.52006948
5466, 32505749, 32506273, 0.12960865, 0.15812206, -1.41269684, -1.37511373
5467, 32506749, 32507272, 0.12723023, 0.15659618, -1.44444275, -1.43328941
5468, 32507749, 32508270, 0.12480314, 0.15506935, -1.47618866, -1.46901679
5469, 32508749, 32509274, 0.12232903, 0.15354347, -1.47618866, -1.49132609
5470, 32509749, 32510288, 0.11980772, 0.15201759, -1.50793839, -1.50465906
5471, 32510749, 32511270, 0.11723734, 0.15049171, -1.53968430, -1.51284707
5472, 32511749, 32512270, 0.11461813, 0.14858437, -1.53968430, -1.51787567
5473, 32512749, 32513287, 0.11194887, 0.14705849, -1.57143021, -1.66816139
5474, 32513749, 32514271, 0.10922974, 0.14515114, -1.60317612, -1.61325896
5475, 32514749, 32515269, 0.10645934, 0.14324379, -1.63492203, -1.72673917
5476, 32515749, 32516269, 0.10363906, 0.14133644, -1.66666794, -1.79643083
5477, 32516749, 32517269, 0.10076659, 0.13942909, -1.73015976, -1.83923054
5478, 32517749, 32518274, 0.09784052, 0.13752174, -1.76190567, -1.86551523
5479, 32518749, 32519268, 0.09486108, 0.13561440, -1.82539749, -1.88165736
5480, 32519749, 32520268, 0.09182587, 0.13332558, -1.85714340, -1.89157081
5481, 32520749, 32521270, 0.08873497, 0.13141823, -1.92063522, -2.04485655
5482, 32521749, 32522282, 0.08558768, 0.12912941, -1.95238113, -1.99179637
5483, 32522749, 32523270, 0.08238355, 0.12684059, -2.01587296, -2.10640812
5484, 32523749, 32524267, 0.07912147, 0.12493324, -2.07936478, -2.17679477
5485, 32524749, 32525271, 0.07580039, 0.12226295, -2.11111069, -2.07282376
5486, 32525749, 32526279, 0.07242150, 0.11997414, -2.17460251, -2.30336714
5487, 32526749, 32527265, 0.06898389, 0.11730385, -2.20634842, -2.29775310
5488, 32527749, 32528277, 0.06548750, 0.11501503, -2.26984024, -2.44150305
5489, 32528749, 32529264, 0.06193411, 0.11272621, -2.33333206, -2.38258672
5490, 32529749, 32530286, 0.05832487, 0.11005592, -2.39682388, -2.34640431
5491, 32530749, 32531266, 0.05465994, 0.10700417, -2.46031570, -2.47138119
5492, 32531749, 32532282, 0.05094076, 0.10433388, -2.52381134, -2.69533086
5493, 32532749, 32533284, 0.04716921, 0.10166359, -2.58730316, -2.68566751
5494, 32533749, 32534264, 0.04334570, 0.09899330, -2.61904907, -2.67973304
5495, 32534749, 32535279, 0.03947176, 0.09594154, -2.68254089, -2.67608833
5496, 32535749, 32536275, 0.03554868, 0.09327030, -2.71428680, -2.82104778
5497, 32536749, 32537265, 0.03157742, 0.08983707, -2.77777863, -2.76324201
5498, 32537749, 32538275, 0.02756034, 0.08678532, -2.80952454, -3.02176905
5499, 32538749, 32539263, 0.02349797, 0.08411503, -2.87301636, -3.03334093
5500, 32539749, 32540278, 0.01939163, 0.08106327, -2.90476227, -2.89324999
5501, 32540749, 32541274, 0.01524250, 0.07801151, -2.93650818, -2.95441341
5502, 32541749, 32542278, 0.01105175, 0.07495975, -2.96825409, -2.99197578
5503, 32542749, 32543280, 0.00682020, 0.07152653, -3.03174591, -3.01504397
5504, 32543749, 32544280, 0.00254905, 0.06847477, -3.06349182, -3.17640829
5505, 32544749, 32545272, -0.00176174, 0.06504154, -3.12698364, -3.12830949
5506, 32545749, 32546279, -0.00610970, 0.06122684, -3.15872955, -3.24596810
5507, 32546749, 32547277, -0.01049485, 0.05779362, -3.25396729, -3.46542335
5508, 32547749, 32548273, -0.01491652, 0.05397892, -3.31745911, -3.45300007
5509, 32548749, 32549277, -0.01937540, 0.05054569, -3.38095093, -3.59256792
5510, 32549749, 32550275, -0.02387149, 0.04673100, -3.44444275, -3.53108335
5511, 32550749, 32551276, -0.02840486, 0.04329777, -3.50793839, -3.64052129
5512, 32551749, 32552276, -0.03297459, 0.03948307, -3.57143021, -3.56053305
5513, 32552749, 32553274, -0.03758175, 0.03566837, -3.63492203, -3.65860724
5514, 32553749, 32554276, -0.04222647, 0.03185368, -3.69841385, -3.71883774
5515, 32554749, 32555274, -0.04690991, 0.02803802, -3.69841385, -3.75582695
5516, 32555749, 32556278, -0.05163178, 0.02384186, -3.76190567, -3.77891111
5517, 32556749, 32557275, -0.05639351, 0.01964569, -3.79365158, -3.93991733
5518, 32557749, 32558273, -0.06119506, 0.01583099, -3.85714340, -4.03879642
5519, 32558749, 32559273, -0.06603543, 0.01163483, -3.92063522, -3.95232320
5520, 32559749, 32560275, -0.07091454, 0.00743866, -3.98412704, -4.04641533
5521, 32560749, 32561281, -0.07583296, 0.00324249, -4.01587296, -4.10419989
5522, 32561749, 32562278, -0.08079016, -0.00095367, -4.07936478, -4.13968706
5523, 32562749, 32563278, -0.08578577, -0.00514984, -4.11111069, -4.16148090
5524, 32563749, 32564280, -0.09081817, -0.00934601, -4.17460251, -4.17486525
5525, 32564749, 32565272, -0.09588569, -0.01392365, -4.20634842, -4.18308496
5526, 32565749, 32566274, -0.10098834, -0.01811981, -4.23809433, -4.33533049
5527, 32566749, 32567273, -0.10612512, -0.02269745, -4.26984024, -4.28163147
5528, 32567749, 32568279, -0.11129286, -0.02727509, -4.30158615, -4.39585066
5529, 32568749, 32569275, -0.11648994, -0.03147221, -4.33333206, -4.46599627
5530, 32569749, 32570273, -0.12171281, -0.03604984, -4.36507797, -4.36224556
5531, 32570749, 32571271, -0.12695955, -0.04024601, -4.39682388, -4.44535828
5532, 32571749, 32572273, -0.13222826, -0.04520512, -4.42856979, -4.34920311
5533, 32572749, 32573274, -0.13751572, -0.04978275, -4.49206161, -4.58454609
5534, 32573749, 32574276, -0.14281759, -0.05436039, -4.49206161, -4.58188009
5535, 32574749, 32575276, -0.14812978, -0.05893803, -4.52381134, -4.58024263
5536, 32575749, 32576278, -0.15344909, -0.06351566, -4.58730316, -4.57923698
5537, 32576749, 32577272, -0.15877320, -0.06847477, -4.61904907, -4.57861948
5538, 32577749, 32578272, -0.16409785, -0.07305241, -4.65079498, -4.72543764
5539, 32578749, 32579279, -0.16941917, -0.07839298, -4.68254089, -4.66840553
5540, 32579749, 32580271, -0.17473383, -0.08297062, -4.74603271, -4.92777586
5541, 32580749, 32581269, -0.18004002, -0.08792973, -4.74603271, -4.79266787
5542, 32581749, 32582271, -0.18533404, -0.09288883, -4.80952454, -4.85689163
5543, 32582749, 32583279, -0.19061199, -0.09784889, -4.84127045, -4.89633322
5544, 32583749, 32584274, -0.19587027, -0.10280800, -4.84127045, -4.92092323
5545, 32584749, 32585274, -0.20110537, -0.10738564, -4.87301636, -4.93565655
5546, 32585749, 32586276, -0.20631272, -0.11272621, -4.90476227, -4.79750776
5547, 32586749, 32587274, -0.21148780, -0.11768532, -4.93650818, -5.00706100
5548, 32587749, 32588284, -0.21662526, -0.12264442, -4.93650818, -4.98855639
5549, 32588749, 32589275, -0.22172029, -0.12798500, -4.96825409, -4.97719240
5550, 32589749, 32590271, -0.22676796, -0.13294411, -5.00000000, -5.11741114
5551, 32590749, 32591275, -0.23176277, -0.13828468, -5.03174591, -5.05632639
5552, 32591749, 32592281, -0.23669861, -0.14362526, -5.06349182, -5.16600943
5553, 32592749, 32593279, -0.24156734, -0.14820290, -5.09523773, -5.23336935
5554, 32593749, 32594275, -0.24635990, -0.15354347, -5.09523773, -4.98034239
5555, 32594749, 32595276, -0.25106442, -0.15850353, -5.12698364, -5.11934519
5556, 32595749, 32596274, -0.25566679, -0.16422558, -5.15872955, -5.05788183
5557, 32596749, 32597272, -0.26014858, -0.16880322, -5.15872955, -5.31416273
5558, 32597749, 32598278, -0.26448914, -0.17414379, -5.15872955, -5.02996016
5559, 32598749, 32599272, -0.26866737, -0.17910290, -5.15872955, -5.14981699
5560, 32599749, 32600272, -0.27265871, -0.18444347, -5.15872955, -5.07622766
5561, 32600749, 32601277, -0.27643818, -0.18940258, -5.15872955, -5.17823172
5562, 32601749, 32602275, -0.27997819, -0.19474316, -5.15872955, -5.09367800
5563, 32602749, 32603279, -0.28325495, -0.20008373, -5.15872955, -5.18894815
5564, 32603749, 32604277, -0.28624213, -0.20466137, -5.12698364, -5.24745655
5565, 32604749, 32605283, -0.28891718, -0.21000195, -5.12698364, -4.98899364
5566, 32605749, 32606278, -0.29125857, -0.21496105, -5.12698364, -5.12465858
5567, 32606749, 32607284, -0.29325092, -0.21992111, -5.09523773, -5.06077671
5568, 32607749, 32608278, -0.29488155, -0.22488022, -5.06349182, -5.02191353
5569, 32608749, 32609280, -0.29615018, -0.22983932, -5.06349182, -4.99767780
5570, 32609749, 32610274, -0.29705921, -0.23479843, -5.00000000, -4.98279381
5571, 32610749, 32611272, -0.29761609, -0.23937607, -4.96825409, -4.97365332
5572, 32611749, 32612281, -0.29783612, -0.24433517, -4.93650818, -4.82084274
5573, 32612749, 32613279, -0.29774517, -0.24891281, -4.90476227, -4.87419462
5574, 32613749, 32614273, -0.29737356, -0.25310898, -4.87301636, -4.75976181
5575, 32614749, 32615275, -0.29676029, -0.25768661, -4.80952454, -4.54228783
5576, 32615749, 32616273, -0.29593879, -0.26188278, -4.71428680, -4.55592775
5577, 32616749, 32617282, -0.29494175, -0.26569748, -4.58730316, -4.41710711
5578, 32617749, 32618278, -0.29379597, -0.26913071, -4.42856979, -4.18465519
5579, 32618749, 32619276, -0.29252815, -0.27218246, -4.23809433, -3.89470220
5580, 32619749, 32620278, -0.29115799, -0.27485275, -4.04761887, -3.56943560
5581, 32620749, 32621278, -0.28970543, -0.27752304, -3.79365158, -3.22248197
5582, 32621749, 32622272, -0.28818512, -0.27943039, -3.50793839, -3.00940704
5583, 32622749, 32623277, -0.28660882, -0.28172016, -3.22222137, -2.58415627
5584, 32623749, 32624271, -0.28498396, -0.28286457, -2.93650818, -2.47056222
5585, 32624749, 32625275, -0.28331861, -0.28439045, -2.61904907, -1.95884013
5586, 32625749, 32626275, -0.28161439, -0.28553486, -2.33333206, -1.79177368
5587, 32626749, 32627275, -0.27987030, -0.28591633, -2.01587296, -1.54197550
5588, 32627749, 32628276, -0.27808437, -0.28629780, -1.69841385, -1.09417164
5589, 32628749, 32629278, -0.27625450, -0.28629780, -1.38095093, -0.81916165
5590, 32629749, 32630276, -0.27437866, -0.28629780, -1.09523773, -0.50307214
5591, 32630749, 32631278, -0.27245358, -0.28591633, -0.80952454, -0.30895191
5592, 32631749, 32632278, -0.27047610, -0.28553486, -0.52381134, -0.04253923
5593, 32632749, 32633276, -0.26844576, -0.28515339, -0.30158997, 0.12107291
5594, 32633749, 32634277, -0.26636150, -0.28439045, -0.07936859, 0.22155210
5595, 32634749, 32635277, -0.26422340, -0.28324604, 0.14286041, 0.43045700
5596, 32635749, 32636279, -0.26203090, -0.28210163, 0.33333588, 0.70594943
5597, 32636749, 32637275, -0.25978601, -0.28133869, 0.49206543, 0.87513769
5598, 32637749, 32638277, -0.25748873, -0.27981186, 0.68254089, 0.83184385
5599, 32638749, 32639276, -0.25514111, -0.27866745, 0.77777863, 1.10001886
5600, 32639749, 32640274, -0.25274372, -0.27714157, 0.90476227, 1.11714768
5601, 32640749, 32641278, -0.25029773, -0.27561569, 1.03174591, 1.27486467
5602, 32641749, 32642276, -0.24780397, -0.27447128, 1.15872955, 1.37172341
5603, 32642749, 32643274, -0.24526380, -0.27256393, 1.22222137, 1.28400981
5604, 32643749, 32644277, -0.24267717, -0.27141953, 1.31745911, 1.52453732
5605, 32644749, 32645273, -0.24004339, -0.26951218, 1.38095093, 1.37785745
5606, 32645749, 32646275, -0.23736215, -0.26798630, 1.44444275, 1.58217192
5607, 32646749, 32647277, -0.23463014, -0.26607895, 1.50793457, 1.56045020
5608, 32647749, 32648273, -0.23184393, -0.26417160, 1.57142639, 1.69430780
5609, 32648749, 32649279, -0.22900201, -0.26226425, 1.63491821, 1.77651370
5610, 32649749, 32650274, -0.22610097, -0.26035690, 1.66666412, 1.82699895
5611, 32650749, 32651272, -0.22313944, -0.25844955, 1.73015594, 1.85800338
5612, 32651749, 32652274, -0.22011292, -0.25616074, 1.79364777, 1.87704420
5613, 32652749, 32653272, -0.21702029, -0.25425339, 1.85713959, 2.03593540
5614, 32653749, 32654276, -0.21386002, -0.25234604, 1.88888550, 1.98631763
5615, 32654749, 32655272, -0.21063091, -0.24967575, 1.95237732, 1.95584583
5616, 32655749, 32656275, -0.20733048, -0.24776840, 2.01587677, 2.23152733
5617, 32656749, 32657275, -0.20395739, -0.24547958, 2.04762268, 2.10643649
5618, 32657749, 32658271, -0.20051062, -0.24280930, 2.11111450, 2.17681217
5619, 32658749, 32659269, -0.19698821, -0.24052048, 2.14286041, 2.36722946
5620, 32659749, 32660267, -0.19338994, -0.23823166, 2.20635223, 2.33697295
5621, 32660749, 32661268, -0.18971561, -0.23594284, 2.23809814, 2.31839156
5622, 32661749, 32662268, -0.18596473, -0.23327255, 2.30158997, 2.30698013
5623, 32662749, 32663270, -0.18213679, -0.23060226, 2.33333588, 2.44716954
5624, 32663749, 32664270, -0.17823094, -0.22831345, 2.39682770, 2.53326416
5625, 32664749, 32665280, -0.17424686, -0.22564316, 2.42857361, 2.43894005
5626, 32665749, 32666269, -0.17018592, -0.22297287, 2.49206543, 2.52821016
5627, 32666749, 32667269, -0.16604742, -0.21992111, 2.55555725, 2.58303380
5628, 32667749, 32668269, -0.16183425, -0.21686840, 2.58730316, 2.76390004
5629, 32668749, 32669267, -0.15754834, -0.21419811, 2.65079498, 2.87534356
5630, 32669749, 32670267, -0.15319157, -0.21114635, 2.71428680, 2.79621887
5631, 32670749, 32671281, -0.14876598, -0.20771313, 2.77777863, 2.89482355
5632, 32671749, 32672266, -0.14427517, -0.20466137, 2.84127045, 3.10257745
5633, 32672749, 32673268, -0.13972196, -0.20160961, 2.87301636, 3.08296752
5634, 32673749, 32674266, -0.13511063, -0.19855785, 2.96825409, 3.07092452
5635, 32674749, 32675272, -0.13044494, -0.19512463, 3.03174591, 3.06352854
5636, 32675749, 32676266, -0.12572892, -0.19169140, 3.09523773, 3.20618415
5637, 32676749, 32677276, -0.12096810, -0.18825817, 3.12698364, 3.29379320
5638, 32677749, 32678267, -0.11616583, -0.18444347, 3.22222137, 3.34759688
5639, 32678749, 32679267, -0.11132519, -0.18101025, 3.28571320, 3.52783680
5640, 32679749, 32680263, -0.10644998, -0.17757702, 3.38095093, 3.49133015
5641, 32680749, 32681267, -0.10154267, -0.17376232, 3.44444275, 3.46891022
5642, 32681749, 32682277, -0.09660611, -0.16994762, 3.47618866, 3.60233879
5643, 32682749, 32683266, -0.09164339, -0.16613293, 3.57142639, 3.68428135
5644, 32683749, 32684274, -0.08665676, -0.16193676, 3.63491821, 3.73460484
5645, 32684749, 32685278, -0.08164866, -0.15812206, 3.73015594, 3.91270757
5646, 32685749, 32686264, -0.07662194, -0.15392494, 3.76190186, 3.87488842
5647, 32686749, 32687276, -0.07157948, -0.14972878, 3.82539368, 3.99922800
5648, 32687749, 32688265, -0.06652406, -0.14553261, 3.88888550, 4.07522058
5649, 32688749, 32689279, -0.06145657, -0.14133644, 3.98412323, 4.12189007
5650, 32689749, 32690263, -0.05637829, -0.13675880, 4.04762268, 4.15055132
5651, 32690749, 32691277, -0.05129272, -0.13256264, 4.11111450, 4.31535053
5652, 32691749, 32692279, -0.04620251, -0.12798500, 4.17460632, 4.26936102
5653, 32692749, 32693277, -0.04111244, -0.12340736, 4.23809814, 4.38831520
5654, 32693749, 32694280, -0.03602662, -0.11921120, 4.30158997, 4.46136856
5655, 32694749, 32695278, -0.03094738, -0.11425209, 4.33333588, 4.35903549
5656, 32695749, 32696278, -0.02587949, -0.11005592, 4.39682770, 4.59058475
5657, 32696749, 32697274, -0.02082796, -0.10509682, 4.42857361, 4.43839073
5658, 32697749, 32698272, -0.01579648, -0.10090065, 4.49206543, 4.63931894
5659, 32698749, 32699280, -0.01079113, -0.09594154, 4.55555725, 4.46831989
5660, 32699749, 32700277, -0.00581334, -0.09136295, 4.55555725, 4.65769958
5661, 32700749, 32701273, -0.00086522, -0.08640385, 4.58730316, 4.62717390
5662, 32701749, 32702275, 0.00405111, -0.08182621, 4.61904907, 4.75525665
5663, 32702749, 32703275, 0.00893148, -0.07648563, 4.68254089, 4.68671846
5664, 32703749, 32704279, 0.01377136, -0.07190800, 4.87301636, 4.93902206
5665, 32704749, 32705279, 0.01856720, -0.06694889, 4.77777863, 4.79957438
5666, 32705749, 32706274, 0.02331539, -0.06198978, 4.77777863, 4.86113310
5667, 32706749, 32707274, 0.02801261, -0.05741215, 4.77777863, 4.89893818
5668, 32707749, 32708274, 0.03265551, -0.05245304, 4.80952454, 4.77495766
5669, 32708749, 32709276, 0.03724229, -0.04749393, 5.03174591, 4.84601498
5670, 32709749, 32710274, 0.04176962, -0.04291630, 4.87301636, 4.88965368
5671, 32710749, 32711277, 0.04623429, -0.03795719, 4.84127045, 4.76925564
5672, 32711749, 32712283, 0.05063504, -0.03299809, 4.68254089, 4.84251308
5673, 32712749, 32713277, 0.05496853, -0.02803802, 4.80952454, 4.88750315
5674, 32713749, 32714279, 0.05923340, -0.02346039, 4.90476227, 4.91550064
5675, 32714749, 32715277, 0.06342755, -0.01850128, 4.87301636, 4.78512907
5676, 32715749, 32716272, 0.06754827, -0.01354218, 4.84127045, 4.85226154
5677, 32716749, 32717280, 0.07159386, -0.00858307, 4.65079498, 4.89348984
5678, 32717749, 32718274, 0.07556230, -0.00400543, 4.96825409, 4.91880894
5679, 32718749, 32719282, 0.07945221, 0.00095367, 4.84127045, 4.78716087
5680, 32719749, 32720274, 0.08326184, 0.00553131, 4.80952454, 4.85350943
5681, 32720749, 32721272, 0.08698878, 0.01049042, 4.80952454, 4.74705839
5682, 32721749, 32722273, 0.09063258, 0.01506805, 4.87301636, 4.82888126
5683, 32722749, 32723273, 0.09419123, 0.02002716, 4.77777863, 4.73193359
5684, 32723749, 32724275, 0.09766404, 0.02460480, 4.77777863, 4.81959248
5685, 32724749, 32725277, 0.10105073, 0.02918243, 4.77777863, 4.72622919
5686, 32725749, 32726271, 0.10434927, 0.03376102, 4.65079498, 4.66889191
5687, 32726749, 32727272, 0.10755883, 0.03833866, 4.68254089, 4.63404751
5688, 32727749, 32728276, 0.11067937, 0.04291630, 4.68254089, 4.61228037
5689, 32728749, 32729272, 0.11371009, 0.04711246, 4.71428680, 4.59891224
5690, 32729749, 32730278, 0.11665031, 0.05169010, 4.42857361, 4.44350481
5691, 32730749, 32731278, 0.11949988, 0.05588627, 4.65079498, 4.49526215
5692, 32731749, 32732268, 0.12225870, 0.06008244, 4.49206543, 4.37985039
5693, 32732749, 32733275, 0.12492530, 0.06466007, 4.42857361, 4.30897236
5694, 32733749, 32734271, 0.12749977, 0.06885624, 4.30158997, 4.41264153
5695, 32734749, 32735277, 0.12998113, 0.07267094, 4.33333588, 4.32911062
5696, 32735749, 32736269, 0.13236935, 0.07648563, 4.26984406, 4.13061428
5697, 32736749, 32737281, 0.13466358, 0.08068180, 4.11111450, 4.00871134
5698, 32737749, 32738269, 0.13686301, 0.08411503, 4.07936859, 4.08104467
5699, 32738749, 32739268, 0.13896751, 0.08792973, 3.85713959, 3.83107185
5700, 32739749, 32740274, 0.14097619, 0.09136295, 3.92063141, 3.82475328
5701, 32740749, 32741276, 0.14288877, 0.09517860, 3.85713959, 3.67367554
5702, 32741749, 32742274, 0.14470576, 0.09861183, 3.85713959, 3.72845960
5703, 32742749, 32743278, 0.14642425, 0.10204506, 3.73015594, 3.61453843
5704, 32743749, 32744276, 0.14804409, 0.10509682, 3.63491821, 3.54457617
5705, 32744749, 32745271, 0.14956422, 0.10814857, 3.53968048, 3.35441256
5706, 32745749, 32746271, 0.15098397, 0.11081886, 3.41269684, 3.23762751
5707, 32746749, 32747273, 0.15230174, 0.11310768, 3.28571320, 3.01870847
5708, 32747749, 32748279, 0.15351729, 0.11577797, 3.15872955, 2.73706627
5709, 32748749, 32749273, 0.15463038, 0.11844826, 3.03174591, 2.71129870
5710, 32749749, 32750276, 0.15564166, 0.12073708, 2.77777863, 2.69547391
5711, 32750749, 32751274, 0.15655108, 0.12264442, 2.68254089, 2.53855801
5712, 32751749, 32752272, 0.15735996, 0.12493324, 2.58730316, 2.29499340
5713, 32752749, 32753278, 0.15806876, 0.12684059, 2.42857361, 2.29261065
5714, 32753749, 32754278, 0.15867782, 0.12874794, 2.33333588, 2.14394975
5715, 32754749, 32755277, 0.15918934, 0.13065529, 2.20635223, 2.05265260
5716, 32755749, 32756279, 0.15960510, 0.13218117, 2.11111450, 1.99658418
5717, 32756749, 32757273, 0.15992734, 0.13370705, 2.01587677, 1.81495345
5718, 32757749, 32758279, 0.16015768, 0.13523293, 1.88888550, 1.70340836
5719, 32758749, 32759283, 0.16029793, 0.13675880, 1.82539368, 1.63490510
5720, 32759749, 32760275, 0.16035083, 0.13790321, 1.69841003, 1.59283531
5721, 32760749, 32761282, 0.16031942, 0.13942909, 1.63491821, 1.41980135
5722, 32761749, 32762278, 0.16020639, 0.14095497, 1.53968048, 1.46073341
5723, 32762749, 32763278, 0.16001636, 0.14171791, 1.44444275, 1.48587108
5724, 32763749, 32764280, 0.15975282, 0.14286232, 1.38095093, 1.20691383
5725, 32764749, 32765282, 0.15941958, 0.14400673, 1.28571320, 1.18279517
5726, 32765749, 32766278, 0.15902065, 0.14476967, 1.22222137, 1.16798317
5727, 32766749, 32767281, 0.15856059, 0.14553261, 1.15872955, 1.01168919
5728, 32767749, 32768281, 0.15804234, 0.14667702, 1.09523773, 0.91570425
5729, 32768749, 32769281, 0.15747026, 0.14743996, 1.00000000, 1.00395453
5730, 32769749, 32770281, 0.15684795, 0.14782143, 0.90476227, 0.91095418
5731, 32770749, 32771279, 0.15618050, 0.14858437, 0.87301636, 0.70664227
5732, 32771749, 32772280, 0.15547457, 0.14896584, 0.80952454, 0.72836566
5733, 32772749, 32773278, 0.15473506, 0.14972878, 0.74603271, 0.59450907
5734, 32773749, 32774278, 0.15396594, 0.15011024, 0.68254089, 0.65950119
5735, 32774749, 32775280, 0.15317291, 0.15049171, 0.61904907, 0.55221730
5736, 32775749, 32776282, 0.15236190, 0.15049171, 0.52381134, 0.48633102
5737, 32776749, 32777279, 0.15153803, 0.15049171, 0.49206543, 0.29867068
5738, 32777749, 32778279, 0.15070699, 0.15049171, 0.39682770, 0.18342276
5739, 32778749, 32779277, 0.14987312, 0.15049171, 0.33333588, 0.11264550
5740, 32779749, 32780277, 0.14904155, 0.15049171, 0.23809814, 0.06917903
5741, 32780749, 32781277, 0.14821638, 0.15049171, 0.17460632, 0.04248495
5742, 32781749, 32782283, 0.14740227, 0.15049171, 0.11111450, 0.02609130
5743, 32782749, 32783280, 0.14660215, 0.15049171, 0.04762268, 0.01602346
5744, 32783749, 32784280, 0.14581844, 0.15011024, -0.01587677, 0.00984050
5745, 32784749, 32785278, 0.14505433, 0.14972878, -0.07936859, -0.14115420
5746, 32785749, 32786276, 0.14431120, 0.14934731, -0.11111450, -0.23388463
5747, 32786749, 32787276, 0.14359052, 0.14896584, -0.17460632, -0.29083320
5748, 32787749, 32788276, 0.14289334, 0.14858437, -0.20635223, -0.32580706
5749, 32788749, 32789277, 0.14221855, 0.14820290, -0.26984406, -0.34728557
5750, 32789749, 32790279, 0.14156547, 0.14782143, -0.33333588, -0.36047620
5751, 32790749, 32791277, 0.14093308, 0.14743996, -0.33333588, -0.36857697
5752, 32791749, 32792275, 0.14031895, 0.14705849, -0.39682770, -0.37355188
5753, 32792749, 32793275, 0.13971974, 0.14667702, -0.42857361, -0.37660712
5754, 32793749, 32794275, 0.13913167, 0.14591408, -0.42857361, -0.37848347
5755, 32794749, 32795278, 0.13855161, 0.14553261, -0.46031952, -0.52683330
5756, 32795749, 32796280, 0.13797556, 0.14476967, -0.49206543, -0.47074193
5757, 32796749, 32797276, 0.13739866, 0.14438820, -0.49206543, -0.58349204
5758, 32797749, 32798272, 0.13681661, 0.14362526, -0.52381134, -0.50553781
5759, 32798749, 32799272, 0.13622399, 0.14324379, -0.55555725, -0.60486126
5760, 32799749, 32800274, 0.13561539, 0.14248085, -0.55555725, -0.51866126
5761, 32800749, 32801273, 0.13498752, 0.14209938, -0.55555725, -0.61292076
5762, 32801749, 32802277, 0.13433474, 0.14133644, -0.58730316, -0.52361089
5763, 32802749, 32803275, 0.13365152, 0.14095497, -0.61904907, -0.61596048
5764, 32803749, 32804273, 0.13293365, 0.13981056, -0.61904907, -0.52547765
5765, 32804749, 32805275, 0.13217713, 0.13904762, -0.65079498, -0.76430446
5766, 32805749, 32806274, 0.13137722, 0.13790321, -0.68254089, -0.76377773
5767, 32806749, 32807274, 0.13052949, 0.13752174, -0.71428680, -0.91065180
5768, 32807749, 32808272, 0.12963031, 0.13637733, -0.77777863, -0.70645654
5769, 32808749, 32809272, 0.12867625, 0.13561440, -0.80952454, -0.87544912
5770, 32809749, 32810272, 0.12766339, 0.13485146, -0.80952454, -0.83203506
5771, 32810749, 32811274, 0.12658884, 0.13408852, -0.84127045, -0.80537319
5772, 32811749, 32812277, 0.12545028, 0.13294411, -0.87301636, -0.78899932
5773, 32812749, 32813271, 0.12424459, 0.13218117, -0.87301636, -0.92614114
5774, 32813749, 32814271, 0.12296783, 0.13179970, -0.84127045, -0.86316663
5775, 32814749, 32815271, 0.12161750, 0.13103676, -0.80952454, -0.67729449
5776, 32815749, 32816273, 0.12019099, 0.13027382, -0.77777863, -0.71034229
5777, 32816749, 32817270, 0.11868476, 0.12912941, -0.77777863, -0.73063797
5778, 32817749, 32818274, 0.11709692, 0.12874794, -0.77777863, -0.89029974
5779, 32818749, 32819282, 0.11542643, 0.12760353, -0.77777863, -0.69395775
5780, 32819749, 32820272, 0.11367057, 0.12684059, -0.80952454, -0.86777329
5781, 32820749, 32821272, 0.11182839, 0.12569618, -0.80952454, -0.82732111
5782, 32821749, 32822266, 0.10989837, 0.12531471, -0.80952454, -0.94967580
5783, 32822749, 32823269, 0.10787868, 0.12455177, -0.84127045, -0.73042238
5784, 32823749, 32824271, 0.10576908, 0.12340736, -0.87301636, -0.74296975
5785, 32824749, 32825275, 0.10356922, 0.12264442, -0.84127045, -0.89787298
5786, 32825749, 32826275, 0.10127838, 0.12226295, -0.84127045, -0.84580624
5787, 32826749, 32827269, 0.09889704, 0.12150002, -0.80952454, -0.66663289
5788, 32827749, 32828279, 0.09642573, 0.12035561, -0.80952454, -0.70379466
5789, 32828749, 32829282, 0.09386543, 0.11959267, -0.77777863, -0.87381440
5790, 32829749, 32830268, 0.09121648, 0.11882973, -0.80952454, -0.83103114
5791, 32830749, 32831282, 0.08848154, 0.11806679, -0.80952454, -0.80475664
5792, 32831749, 32832268, 0.08566264, 0.11692238, -0.80952454, -0.78862071
5793, 32832749, 32833266, 0.08276125, 0.11577797, -0.84127045, -0.92590863
5794, 32833749, 32834265, 0.07977904, 0.11501503, -0.87301636, -1.01022136
5795, 32834749, 32835267, 0.07671846, 0.11387062, -0.90476227, -0.91480285
5796, 32835749, 32836277, 0.07358227, 0.11272621, -0.93650818, -1.00340092
5797, 32836749, 32837269, 0.07037272, 0.11158180, -1.00000000, -1.05781174
5798, 32837749, 32838281, 0.06709142, 0.11005592, -1.06349182, -1.09122705
5799, 32838749, 32839278, 0.06373990, 0.10853004, -1.12698364, -1.25894606
5800, 32839749, 32840278, 0.06032099, 0.10662270, -1.22222137, -1.36194730
5801, 32840749, 32841282, 0.05683718, 0.10471535, -1.31745911, -1.57240105
5802, 32841749, 32842280, 0.05329102, 0.10318947, -1.44444275, -1.70164704
5803, 32842749, 32843278, 0.04968512, 0.10090065, -1.53968430, -1.63382351
5804, 32843749, 32844278, 0.04602130, 0.09937477, -1.63492203, -1.88656616
5805, 32844749, 32845267, 0.04230270, 0.09708595, -1.73015976, -1.74738801
5806, 32845749, 32846281, 0.03853142, 0.09479713, -1.82539749, -1.95630956
5807, 32846749, 32847279, 0.03470951, 0.09250736, -1.92063522, -2.08461452
5808, 32847749, 32848281, 0.03083884, 0.08983707, -2.04761887, -2.16377854
5809, 32848749, 32849273, 0.02692077, 0.08640385, -2.17460251, -2.35922527
5810, 32849749, 32850275, 0.02295635, 0.08335209, -2.30158615, -2.77365017
5811, 32850749, 32851276, 0.01894724, 0.08068180, -2.46031570, -2.88096356
5812, 32851749, 32852276, 0.01489426, 0.07763004, -2.58730316, -2.79967022
5813, 32852749, 32853274, 0.01079822, 0.07419682, -2.74603271, -2.89694333
5814, 32853749, 32854274, 0.00666030, 0.07114506, -2.87301636, -3.10387897
5815, 32854749, 32855274, 0.00248073, 0.06771183, -3.00000000, -3.08376718
5816, 32855749, 32856274, -0.00173972, 0.06427860, -3.09523773, -3.21861339
5817, 32856749, 32857275, -0.00599899, 0.06046391, -3.19047546, -3.30142641
5818, 32857749, 32858273, -0.01029588, 0.05703068, -3.28571320, -3.49948192
5819, 32858749, 32859273, -0.01462975, 0.05321598, -3.38095093, -3.47391629
5820, 32859749, 32860275, -0.01900019, 0.04978275, -3.44444275, -3.60541344
5821, 32860749, 32861275, -0.02340643, 0.04596806, -3.50793839, -3.53897238
5822, 32861749, 32862278, -0.02784725, 0.04215336, -3.60317612, -3.64536619
5823, 32862749, 32863272, -0.03232224, 0.03795719, -3.63492203, -3.71070576
5824, 32863749, 32864282, -0.03683108, 0.03414249, -3.69841385, -3.89803052
5825, 32864749, 32865276, -0.04137260, 0.03032684, -3.76190567, -3.86587477
5826, 32865749, 32866276, -0.04594584, 0.02651215, -3.79365158, -3.84649491
5827, 32866749, 32867274, -0.05054978, 0.02231598, -3.82539749, -3.83422518
5828, 32867749, 32868279, -0.05518369, 0.01850128, -3.88888931, -3.97388744
5829, 32868749, 32869273, -0.05984740, 0.01430511, -3.95238113, -3.91246080
5830, 32869749, 32870279, -0.06454087, 0.01010895, -3.95238113, -4.02193451
5831, 32870749, 32871279, -0.06926331, 0.00591278, -3.98412704, -4.08916569
5832, 32871749, 32872279, -0.07401377, 0.00171661, -4.04761887, -4.13045406
5833, 32872749, 32873274, -0.07879253, -0.00209808, -4.04761887, -4.15581083
5834, 32873749, 32874274, -0.08359977, -0.00629425, -4.07936478, -4.02418518
5835, 32874749, 32875276, -0.08843385, -0.01087189, -4.11111069, -4.09054756
5836, 32875749, 32876276, -0.09329360, -0.01506805, -4.14285660, -4.27850056
5837, 32876749, 32877272, -0.09817761, -0.01888275, -4.17460251, -4.24673033
5838, 32877749, 32878276, -0.10308522, -0.02346039, -4.20634842, -4.08002186
5839, 32878749, 32879269, -0.10801683, -0.02765656, -4.20634842, -4.27203608
5840, 32879749, 32880269, -0.11297029, -0.03185368, -4.20634842, -4.24276066
5841, 32880749, 32881271, -0.11794394, -0.03643131, -4.26984024, -4.22514963
5842, 32881749, 32882271, -0.12293632, -0.04062748, -4.30158615, -4.36116362
5843, 32882749, 32883277, -0.12794608, -0.04520512, -4.33333206, -4.29749632
5844, 32883749, 32884276, -0.13297224, -0.04978275, -4.33333206, -4.40559387
5845, 32884749, 32885268, -0.13801195, -0.05436039, -4.36507797, -4.47198009
5846, 32885749, 32886274, -0.14306289, -0.05855656, -4.39682388, -4.51274967
5847, 32886749, 32887274, -0.14812298, -0.06351566, -4.42856979, -4.39059019
5848, 32887749, 32888272, -0.15318893, -0.06771183, -4.46031570, -4.60996342
5849, 32888749, 32889274, -0.15825748, -0.07228947, -4.49206161, -4.45029211
5850, 32889749, 32890272, -0.16332428, -0.07686710, -4.49206161, -4.49943066
5851, 32890749, 32891267, -0.16838665, -0.08182621, -4.52381134, -4.52960777
5852, 32891749, 32892279, -0.17344190, -0.08602238, -4.55555725, -4.69533825
5853, 32892749, 32893275, -0.17848688, -0.09098148, -4.61904907, -4.50272322
5854, 32893749, 32894277, -0.18351854, -0.09556007, -4.58730316, -4.67882776
5855, 32894749, 32895277, -0.18853456, -0.10051918, -4.65079498, -4.64014912
5856, 32895749, 32896272, -0.19353244, -0.10509682, -4.65079498, -4.76322508
5857, 32896749, 32897280, -0.19850951, -0.11005592, -4.68254089, -4.69161224
5858, 32897749, 32898274, -0.20346358, -0.11463356, -4.71428680, -4.79483032
5859, 32898749, 32899284, -0.20839253, -0.11997414, -4.74603271, -4.71102190
5860, 32899749, 32900282, -0.21329419, -0.12455177, -4.77777863, -4.95394754
5861, 32900749, 32901272, -0.21816614, -0.12912941, -4.77777863, -4.80874062
5862, 32901749, 32902275, -0.22300632, -0.13408852, -4.80952454, -4.71956444
5863, 32902749, 32903269, -0.22781283, -0.13904762, -4.84127045, -4.81199646
5864, 32903749, 32904273, -0.23258424, -0.14400673, -4.84127045, -4.86876154
5865, 32904749, 32905279, -0.23731916, -0.14896584, -4.84127045, -4.90362310
5866, 32905749, 32906275, -0.24201487, -0.15392494, -4.87301636, -4.92503262
5867, 32906749, 32907278, -0.24666825, -0.15850353, -4.87301636, -4.93818045
5868, 32907749, 32908276, -0.25127602, -0.16384411, -4.87301636, -4.79942560
5869, 32908749, 32909276, -0.25583225, -0.16842175, -4.90476227, -5.00823879
5870, 32909749, 32910278, -0.26033044, -0.17338085, -4.90476227, -4.84208250
5871, 32910749, 32911280, -0.26476321, -0.17795849, -4.87301636, -4.88723850
5872, 32911749, 32912276, -0.26912302, -0.18291759, -4.87301636, -4.76777267
5873, 32912749, 32913277, -0.27339882, -0.18825817, -4.90476227, -4.84160280
5874, 32913749, 32914275, -0.27757508, -0.19245434, -4.90476227, -5.03414106
5875, 32914749, 32915281, -0.28163356, -0.19779491, -4.90476227, -4.71079254
5876, 32915749, 32916275, -0.28555313, -0.20237255, -4.90476227, -4.95380688
5877, 32916749, 32917277, -0.28930482, -0.20733166, -4.87301636, -4.80865431
5878, 32917749, 32918278, -0.29285821, -0.21190929, -4.84127045, -4.86670923
5879, 32918749, 32919278, -0.29618028, -0.21686840, -4.84127045, -4.75516510
5880, 32919749, 32920282, -0.29923475, -0.22144699, -4.84127045, -4.83385992
5881, 32920749, 32921280, -0.30198932, -0.22640610, -4.84127045, -4.73535919
5882, 32921749, 32922280, -0.30441019, -0.23098373, -4.77777863, -4.82169628
5883, 32922749, 32923278, -0.30646485, -0.23594284, -4.77777863, -4.72752094
5884, 32923749, 32924271, -0.30811515, -0.24013901, -4.74603271, -4.81688261
5885, 32924749, 32925279, -0.30932376, -0.24509811, -4.74603271, -4.57736731
5886, 32925749, 32926277, -0.31004959, -0.24967575, -4.74603271, -4.72466898
5887, 32926749, 32927275, -0.31025833, -0.25425339, -4.71428680, -4.66793346
5888, 32927749, 32928275, -0.30992192, -0.25921249, -4.71428680, -4.63309050
5889, 32928749, 32929278, -0.30902904, -0.26340866, -4.68254089, -4.75889015
5890, 32929749, 32930274, -0.30758375, -0.26760483, -4.61904907, -4.54175234
5891, 32930749, 32931276, -0.30560696, -0.27141953, -4.55555725, -4.40840149
5892, 32931749, 32932276, -0.30313724, -0.27523422, -4.46031570, -4.17930889
5893, 32932749, 32933276, -0.30022854, -0.27866745, -4.36507797, -4.03861618
5894, 32933749, 32934274, -0.29694095, -0.28172016, -4.20634842, -3.80501533
5895, 32934749, 32935275, -0.29334059, -0.28515339, -4.04761887, -3.51472425
5896, 32935749, 32936275, -0.28949040, -0.28782368, -3.79365158, -3.48327732
5897, 32936749, 32937277, -0.28545216, -0.28973103, -3.57143021, -3.16956949
5898, 32937749, 32938277, -0.28127927, -0.29201984, -3.31745911, -2.68251681
5899, 32938749, 32939277, -0.27702197, -0.29316425, -3.00000000, -2.53060079
5900, 32939749, 32940276, -0.27271983, -0.29430866, -2.68254089, -1.99571168
5901, 32940749, 32941274, -0.26841077, -0.29507160, -2.33333206, -1.66722000
5902, 32941749, 32942280, -0.26412302, -0.29507160, -1.98412704, -1.31828570
5903, 32942749, 32943278, -0.25987503, -0.29507160, -1.60317612, -0.80959940
5904, 32943749, 32944276, -0.25567871, -0.29507160, -1.22222137, -0.49719965
5905, 32944749, 32945276, -0.25153872, -0.29392719, -0.84127045, -0.30534545
5906, 32945749, 32946279, -0.24745400, -0.29278278, -0.46031952, 0.25407073
5907, 32946749, 32947277, -0.24341772, -0.29163837, -0.14286041, 0.59762526
5908, 32947749, 32948275, -0.23941778, -0.28973103, 0.23809814, 0.80861253
5909, 32948749, 32949277, -0.23544252, -0.28782368, 0.58730316, 1.23258126
5910, 32949749, 32950271, -0.23147833, -0.28553486, 0.93650818, 1.49295342
5911, 32950749, 32951271, -0.22751340, -0.28324604, 1.22222137, 1.80005348
5912, 32951749, 32952278, -0.22353600, -0.28057480, 1.50793457, 1.98865306
5913, 32952749, 32953276, -0.21953766, -0.27790451, 1.79364777, 2.25204325
5914, 32953749, 32954272, -0.21551262, -0.27485275, 2.04762268, 2.41343117
5915, 32954749, 32955268, -0.21145688, -0.27180099, 2.30158997, 2.65974212
5916, 32955749, 32956270, -0.20736764, -0.26836777, 2.49206543, 2.81100893
5917, 32956749, 32957271, -0.20324115, -0.26493454, 2.68254089, 3.05110431
5918, 32957749, 32958271, -0.19907515, -0.26150131, 2.84127045, 3.19855404
5919, 32958749, 32959273, -0.19486712, -0.25768661, 3.03174591, 3.28910756
5920, 32959749, 32960267, -0.19061461, -0.25387192, 3.19047546, 3.49191666
5921, 32960749, 32961271, -0.18631351, -0.25005722, 3.31745911, 3.61646771
5922, 32961749, 32962268, -0.18196134, -0.24624252, 3.44444275, 3.69295859
5923, 32962749, 32963272, -0.17755589, -0.24242783, 3.53968048, 3.73993397
5924, 32963749, 32964268, -0.17309427, -0.23861313, 3.63491821, 3.76878285
5925, 32964749, 32965266, -0.16857381, -0.23479843, 3.69841003, 3.78649998
5926, 32965749, 32966268, -0.16399413, -0.23060226, 3.79364777, 3.79738045
5927, 32966749, 32967268, -0.15935224, -0.22678757, 3.82539368, 3.95125985
5928, 32967749, 32968267, -0.15464419, -0.22259140, 3.85713959, 3.89856458
5929, 32968749, 32969267, -0.14986828, -0.21839428, 3.88888550, 4.01340055
5930, 32969749, 32970267, -0.14502023, -0.21419811, 3.92063141, 4.08429241
5931, 32970749, 32971271, -0.14009461, -0.21038342, 3.98412323, 4.12746143
5932, 32971749, 32972267, -0.13508582, -0.20618725, 4.01587677, 4.00677538
5933, 32972749, 32973281, -0.12998886, -0.20160961, 4.04762268, 4.07985592
5934, 32973749, 32974288, -0.12479791, -0.19779491, 4.07936859, 4.27193451
5935, 32974749, 32975268, -0.11950827, -0.19321728, 4.11111450, 4.09550047
5936, 32975749, 32976284, -0.11411648, -0.18902111, 4.14286041, 4.28154230
5937, 32976749, 32977278, -0.10861810, -0.18482494, 4.17460632, 4.24859858
5938, 32977749, 32978264, -0.10300848, -0.18062878, 4.20635223, 4.22836685
5939, 32978749, 32979265, -0.09728495, -0.17643261, 4.20635223, 4.21594191
5940, 32979749, 32980277, -0.09144676, -0.17185497, 4.20635223, 4.20831108
5941, 32980749, 32981263, -0.08549520, -0.16804028, 4.23809814, 4.35082245
5942, 32981749, 32982265, -0.07943359, -0.16346264, 4.26984406, 4.14394808
5943, 32982749, 32983277, -0.07326857, -0.15888500, 4.26984406, 4.31129551
5944, 32983749, 32984274, -0.06700782, -0.15468788, 4.30158997, 4.41406822
5945, 32984749, 32985274, -0.06066022, -0.14972878, 4.33333588, 4.33035469
5946, 32985749, 32986266, -0.05423599, -0.14476967, 4.39682770, 4.57297087
5947, 32986749, 32987280, -0.04774627, -0.14019203, 4.42857361, 4.72196865
5948, 32987749, 32988262, -0.04120134, -0.13561440, 4.49206543, 4.66627550
5949, 32988749, 32989266, -0.03461305, -0.13065529, 4.55555725, 4.63207245
5950, 32989749, 32990273, -0.02799140, -0.12569618, 4.61904907, 4.75826502
5951, 32990749, 32991277, -0.02134516, -0.12035561, 4.87301636, 4.83576345
5952, 32991749, 32992261, -0.01468350, -0.11539650, 4.84127045, 5.03055525
5953, 32992749, 32993263, -0.00801262, -0.11043739, 4.84127045, 5.00298548
5954, 32993749, 32994273, -0.00133857, -0.10509682, 4.90476227, 4.98605394
5955, 32994749, 32995275, 0.00533198, -0.09975624, 5.00000000, 5.12285328
5956, 32995749, 32996276, 0.01199246, -0.09441566, 5.03174591, 5.20686579
5957, 32996749, 32997272, 0.01863740, -0.08869267, 5.12698364, 5.25846052
5958, 32997749, 32998276, 0.02526267, -0.08297062, 5.22222137, 5.43771172
5959, 32998749, 32999274, 0.03186515, -0.07724857, 5.15872955, 5.54742765
5960, 32999749, 33000274, 0.03844207, -0.07152653, 5.38095093, 5.61480761
5961, 33000749, 33001274, 0.04499119, -0.06580448, 5.57142639, 5.65618753
5962, 33001749, 33002276, 0.05151058, -0.05970097, 5.57142639, 5.68160057
5963, 33002749, 33003273, 0.05799766, -0.05359745, 5.66666412, 5.84440470
5964, 33003749, 33004277, 0.06445127, -0.04749393, 5.76190186, 5.94438744
5965, 33004749, 33005275, 0.07086772, -0.04139042, 6.01587677, 6.00579023
5966, 33005749, 33006275, 0.07724221, -0.03528690, 5.95237732, 6.04349947
5967, 33006749, 33007271, 0.08356966, -0.02918243, 5.95237732, 6.06665754
5968, 33007749, 33008271, 0.08984534, -0.02269745, 6.01587677, 6.08124781
5969, 33008749, 33009275, 0.09606306, -0.01659393, 6.07936859, 6.23703814
5970, 33009749, 33010276, 0.10221758, -0.01010895, 6.14286041, 6.18551588
5971, 33010749, 33011274, 0.10830359, -0.00362396, 6.20635223, 6.30107212
5972, 33011749, 33012276, 0.11431562, 0.00286102, 6.33333588, 6.37203836
5973, 33012749, 33013278, 0.12025028, 0.00934601, 6.14286041, 6.41562128
5974, 33013749, 33014274, 0.12610538, 0.01544952, 6.30158997, 6.44238710
5975, 33014749, 33015277, 0.13187912, 0.02193451, 6.36508179, 6.31162691
5976, 33015749, 33016275, 0.13757034, 0.02841949, 6.36508179, 6.37852097
5977, 33016749, 33017273, 0.14317985, 0.03452396, 6.30158997, 6.41960239
5978, 33017749, 33018275, 0.14870860, 0.04100895, 6.36508179, 6.29800224
5979, 33018749, 33019279, 0.15415825, 0.04711246, 6.33333588, 6.37015343
5980, 33019749, 33020275, 0.15952876, 0.05359745, 6.26984406, 6.26726627
5981, 33020749, 33021277, 0.16481856, 0.05970097, 6.39682770, 6.35127735
5982, 33021749, 33022280, 0.17002794, 0.06618595, 6.33333588, 6.25567389
5983, 33022749, 33023272, 0.17515700, 0.07228947, 6.30158997, 6.34415865
5984, 33023749, 33024272, 0.18020500, 0.07839298, 6.26984406, 6.25130177
5985, 33024749, 33025274, 0.18517153, 0.08525944, 6.26984406, 6.19427586
5986, 33025749, 33026278, 0.19005702, 0.09136295, 6.26984406, 6.45364952
5987, 33026749, 33027273, 0.19486186, 0.09746742, 6.26984406, 6.31854391
5988, 33027749, 33028275, 0.19958590, 0.10357094, 6.23809814, 6.23593855
5989, 33028749, 33029273, 0.20422991, 0.10967445, 6.14286041, 6.18484068
5990, 33029749, 33030275, 0.20879564, 0.11577797, 6.17460632, 6.15345955
5991, 33030749, 33031277, 0.21328369, 0.12188148, 6.17460632, 6.13418770
5992, 33031749, 33032274, 0.21769415, 0.12760353, 6.17460632, 6.12235260
5993, 33032749, 33033278, 0.22202823, 0.13370705, 6.11111450, 5.96788645
5994, 33033749, 33034276, 0.22628745, 0.13942909, 6.07936859, 6.02022171
5995, 33034749, 33035276, 0.23047164, 0.14515114, 6.01587677, 5.90516472
5996, 33035749, 33036280, 0.23458084, 0.15049171, 5.95237732, 5.83450460
5997, 33036749, 33037274, 0.23861557, 0.15621376, 5.88888550, 5.64391232
5998, 33037749, 33038273, 0.24257512, 0.16155529, 5.79364777, 5.67406130
5999, 33038749, 33039275, 0.24645859, 0.16689587, 5.69841003, 5.54574776
6000, 33039749, 33040273, 0.25026563, 0.17147350, 5.57142639, 5.46657848
6001, 33040749, 33041275, 0.25399613, 0.17681408, 5.47618866, 5.12356281
6002, 33041749, 33042273, 0.25764889, 0.18139172, 5.34920502, 5.20730162
6003, 33042749, 33043273, 0.26122275, 0.18635082, 5.22222137, 4.96433353
6004, 33043749, 33044272, 0.26471615, 0.19130993, 5.12698364, 4.96231651
6005, 33044749, 33045280, 0.26812679, 0.19626904, 5.03174591, 4.96107769
6006, 33045749, 33046274, 0.27145246, 0.20046520, 4.93650818, 4.96031666
6007, 33046749, 33047274, 0.27469137, 0.20466137, 4.80952454, 4.66545439
6008, 33047749, 33048276, 0.27784115, 0.20923901, 4.71428680, 4.48437071
6009, 33048749, 33049281, 0.28090036, 0.21305370, 4.58730316, 4.52035904
6010, 33049749, 33050275, 0.28386697, 0.21686840, 4.49206543, 4.24806547
6011, 33050749, 33051281, 0.28673938, 0.22068405, 4.36508179, 4.08084154
6012, 33051749, 33052271, 0.28951642, 0.22449875, 4.23809814, 3.97851253
6013, 33052749, 33053271, 0.29219720, 0.22831345, 4.11111450, 3.91530132
6014, 33053749, 33054282, 0.29478115, 0.23174667, 4.01587677, 3.87648106
6015, 33054749, 33055274, 0.29726779, 0.23517990, 3.88888550, 3.70544314
6016, 33055749, 33056282, 0.29965612, 0.23861313, 3.79364777, 3.60040331
6017, 33056749, 33057270, 0.30194387, 0.24204636, 3.69841003, 3.53589535
6018, 33057749, 33058280, 0.30413049, 0.24509811, 3.60317230, 3.49627900
6019, 33058749, 33059270, 0.30621582, 0.24814987, 3.53968048, 3.32475185
6020, 33059749, 33060269, 0.30819875, 0.25120163, 3.41269684, 3.21941185
6021, 33060749, 33061273, 0.31007788, 0.25463486, 3.34920502, 3.15471935
6022, 33061749, 33062279, 0.31185287, 0.25730515, 3.25396729, 3.26218724
6023, 33062749, 33063275, 0.31352302, 0.26073837, 3.19047546, 3.03379130
6024, 33063749, 33064273, 0.31508690, 0.26340866, 3.09523773, 3.18792152
6025, 33064749, 33065276, 0.31654346, 0.26607895, 3.03174591, 2.98818254
6026, 33065749, 33066276, 0.31789219, 0.26874924, 2.96825409, 2.86551690
6027, 33066749, 33067282, 0.31913126, 0.27141953, 2.90476227, 2.79018402
6028, 33067749, 33068276, 0.32025936, 0.27408981, 2.84127045, 2.74391985
6029, 33068749, 33069276, 0.32127613, 0.27676010, 2.80952454, 2.71550775
6030, 33069749, 33070278, 0.32218099, 0.27943039, 2.74603271, 2.69805884
6031, 33070749, 33071281, 0.32297212, 0.28172016, 2.68254089, 2.68734288
6032, 33071749, 33072275, 0.32364839, 0.28400898, 2.65079498, 2.53393245
6033, 33072749, 33073275, 0.32420960, 0.28629780, 2.58730316, 2.43935037
6034, 33073749, 33074277, 0.32465452, 0.28896809, 2.52381134, 2.38126469
6035, 33074749, 33075277, 0.32498237, 0.29087543, 2.46031952, 2.49278998
6036, 33075749, 33076280, 0.32519406, 0.29278278, 2.39682770, 2.26688600
6037, 33076749, 33077278, 0.32528993, 0.29507160, 2.33333588, 2.12815142
6038, 33077749, 33078278, 0.32527140, 0.29697895, 2.26984406, 2.19014788
6039, 33078749, 33079278, 0.32514060, 0.29888630, 2.17460632, 2.08102417
6040, 33079749, 33080276, 0.32490054, 0.30079365, 2.11111450, 2.01400805
6041, 33080749, 33081278, 0.32455379, 0.30231953, 2.01587677, 1.97285140
6042, 33081749, 33082277, 0.32410237, 0.30384541, 1.95237732, 1.80037832
6043, 33082749, 33083277, 0.32354844, 0.30537128, 1.85713959, 1.69445741
6044, 33083749, 33084275, 0.32289547, 0.30689716, 1.76190186, 1.62940812
6045, 33084749, 33085275, 0.32214764, 0.30766010, 1.66666412, 1.58945942
6046, 33085749, 33086273, 0.32130957, 0.30918598, 1.57142639, 1.27053046
6047, 33086749, 33087276, 0.32038581, 0.30994892, 1.47618866, 1.36906171
6048, 33087749, 33088276, 0.31938136, 0.31071186, 1.34920502, 1.13517761
6049, 33088749, 33089274, 0.31830022, 0.31185627, 1.25396729, 0.99154228
6050, 33089749, 33090276, 0.31714687, 0.31261921, 1.15872955, 1.05052900
6051, 33090749, 33091276, 0.31592694, 0.31300068, 1.03174591, 0.93955696
6052, 33091749, 33092276, 0.31464577, 0.31338215, 0.93650818, 0.72420806
6053, 33092749, 33093275, 0.31330848, 0.31338215, 0.80952454, 0.59195578
6054, 33093749, 33094273, 0.31192097, 0.31376362, 0.71428680, 0.36353806
6055, 33094749, 33095273, 0.31048822, 0.31376362, 0.58730316, 0.37045732
6056, 33095749, 33096273, 0.30901393, 0.31376362, 0.46031952, 0.22750913
6057, 33096749, 33097273, 0.30750105, 0.31376362, 0.33333588, 0.13972028
6058, 33097749, 33098273, 0.30595288, 0.31338215, 0.23809814, 0.08580647
6059, 33098749, 33099272, 0.30437317, 0.31338215, 0.11111450, -0.09450118
6060, 33099749, 33100276, 0.30276448, 0.31300068, -0.01587677, -0.05803605
6061, 33100749, 33101274, 0.30112854, 0.31261921, -0.11111450, -0.18283926
6062, 33101749, 33102272, 0.29946619, 0.31185627, -0.20635223, -0.25948471
6063, 33102749, 33103272, 0.29777774, 0.31109333, -0.26984406, -0.45375255
6064, 33103749, 33104270, 0.29606357, 0.31033039, -0.36508179, -0.57305837
6065, 33104749, 33105273, 0.29432273, 0.30994892, -0.42857361, -0.64632773
6066, 33105749, 33106273, 0.29255331, 0.30918598, -0.52381134, -0.54412711
6067, 33106749, 33107273, 0.29075387, 0.30804157, -0.61904907, -0.62856013
6068, 33107749, 33108273, 0.28892285, 0.30727863, -0.65079498, -0.82761061
6069, 33108749, 33109269, 0.28705904, 0.30651569, -0.71428680, -0.80265599
6070, 33109749, 33110273, 0.28515974, 0.30537128, -0.77777863, -0.78733057
6071, 33110749, 33111272, 0.28322178, 0.30422688, -0.87301636, -0.92511636
6072, 33111749, 33112274, 0.28124279, 0.30308247, -0.90476227, -1.00973487
6073, 33112749, 33113272, 0.27922076, 0.30193806, -0.96825409, -1.06170154
6074, 33113749, 33114270, 0.27715364, 0.30041218, -1.03174591, -1.09361589
6075, 33114749, 33115272, 0.27503851, 0.29888630, -1.06349182, -1.26041305
6076, 33115749, 33116271, 0.27287167, 0.29774189, -1.15872955, -1.36284816
6077, 33116749, 33117273, 0.27065060, 0.29621601, -1.19047546, -1.27855933
6078, 33117749, 33118273, 0.26837268, 0.29507160, -1.28571320, -1.37399244
6079, 33118749, 33119281, 0.26603591, 0.29316425, -1.31745911, -1.28540325
6080, 33119749, 33120281, 0.26363891, 0.29201984, -1.38095093, -1.52539301
6081, 33120749, 33121270, 0.26117933, 0.29011250, -1.41269684, -1.37838292
6082, 33121749, 33122268, 0.25865552, 0.28858662, -1.47618866, -1.58249462
6083, 33122749, 33123276, 0.25606638, 0.28667927, -1.50793839, -1.56064832
6084, 33123749, 33124278, 0.25340971, 0.28515339, -1.57143021, -1.69442940
6085, 33124749, 33125280, 0.25068384, 0.28324604, -1.60317612, -1.62939095
6086, 33125749, 33126266, 0.24788687, 0.28172016, -1.63492203, -1.73664629
6087, 33126749, 33127281, 0.24501751, 0.27981186, -1.66666794, -1.65531754
6088, 33127749, 33128271, 0.24207424, 0.27790451, -1.69841385, -1.75293672
6089, 33128749, 33129279, 0.23905544, 0.27599716, -1.76190567, -1.81251955
6090, 33129749, 33130265, 0.23595949, 0.27370834, -1.82539749, -1.84911120
6091, 33130749, 33131267, 0.23278457, 0.27180099, -1.88888931, -2.01878095
6092, 33131749, 33132279, 0.22952922, 0.26989365, -1.92063522, -1.97578251
6093, 33132749, 33133282, 0.22619231, 0.26760483, -1.95238113, -1.94937599
6094, 33133749, 33134278, 0.22277322, 0.26531601, -1.98412704, -2.08035660
6095, 33134749, 33135278, 0.21927060, 0.26340866, -2.04761887, -2.16079569
6096, 33135749, 33136280, 0.21568267, 0.26073837, -2.11111069, -2.06299806
6097, 33136749, 33137272, 0.21200912, 0.25844955, -2.14285660, -2.29733276
6098, 33137749, 33138277, 0.20824891, 0.25616074, -2.17460251, -2.29404736
6099, 33138749, 33139275, 0.20440125, 0.25387192, -2.23809433, -2.29202962
6100, 33139749, 33140275, 0.20046727, 0.25082016, -2.26984024, -2.29079056
6101, 33140749, 33141273, 0.19644752, 0.24814987, -2.36507797, -2.58442473
6102, 33141749, 33142277, 0.19234148, 0.24547958, -2.42856979, -2.61755657
6103, 33142749, 33143280, 0.18814936, 0.24280930, -2.49206161, -2.63790417
6104, 33143749, 33144276, 0.18387200, 0.24013901, -2.55555725, -2.65040016
6105, 33144749, 33145276, 0.17951000, 0.23708725, -2.65079498, -2.65807438
6106, 33145749, 33146276, 0.17506473, 0.23403549, -2.71428680, -2.80998492
6107, 33146749, 33147278, 0.17053801, 0.23136520, -2.77777863, -2.90327764
6108, 33147749, 33148280, 0.16593125, 0.22793198, -2.84127045, -2.81337404
6109, 33148749, 33149275, 0.16124657, 0.22488022, -2.90476227, -3.05255675
6110, 33149749, 33150273, 0.15648672, 0.22144699, -2.96825409, -3.05224848
6111, 33150749, 33151275, 0.15165418, 0.21839428, -3.03174591, -3.19925690
6112, 33151749, 33152271, 0.14675178, 0.21457958, -3.12698364, -3.14270949
6113, 33152749, 33153273, 0.14178251, 0.21114635, -3.19047546, -3.40200925
6114, 33153749, 33154277, 0.13674931, 0.20771313, -3.25396729, -3.41405535
6115, 33154749, 33155274, 0.13165554, 0.20389843, -3.31745911, -3.42145348
6116, 33155749, 33156276, 0.12650453, 0.20046520, -3.41269684, -3.57319427
6117, 33156749, 33157278, 0.12129892, 0.19665051, -3.47618866, -3.51918530
6118, 33157749, 33158278, 0.11604196, 0.19283581, -3.57143021, -3.63321447
6119, 33158749, 33159278, 0.11073781, 0.18902111, -3.60317612, -3.70324302
6120, 33159749, 33160270, 0.10539020, 0.18520641, -3.63492203, -3.74624991
6121, 33160749, 33161273, 0.10000218, 0.18139172, -3.69841385, -3.77266169
6122, 33161749, 33162273, 0.09457645, 0.17757702, -3.76190567, -3.78888178
6123, 33162749, 33163273, 0.08911539, 0.17299938, -3.82539749, -3.79884315
6124, 33163749, 33164271, 0.08362129, 0.16880322, -3.92063522, -4.09935617
6125, 33164749, 33165277, 0.07809662, 0.16460705, -3.98412704, -4.13671255
6126, 33165749, 33166275, 0.07254406, 0.15964794, -4.07936478, -4.15965414
6127, 33166749, 33167274, 0.06696599, 0.15506935, -4.17460251, -4.46813869
6128, 33167749, 33168274, 0.06136435, 0.15049171, -4.26984024, -4.51075888
6129, 33168749, 33169274, 0.05574070, 0.14553261, -4.39682388, -4.53656483
6130, 33169749, 33170270, 0.05009691, 0.14095497, -4.49206161, -4.69961071
6131, 33170749, 33171270, 0.04443402, 0.13599586, -4.58730316, -4.65254450
6132, 33171749, 33172270, 0.03875255, 0.13141823, -4.61904907, -4.77083731
6133, 33172749, 33173271, 0.03305315, 0.12607765, -4.68254089, -4.69628716
6134, 33173749, 33174275, 0.02733649, 0.12111855, -4.74603271, -4.94489861
6135, 33174749, 33175277, 0.02160247, 0.11577797, -4.84127045, -4.95038080
6136, 33175749, 33176277, 0.01585084, 0.11081886, -4.87301636, -5.10094500
6137, 33176749, 33177281, 0.01008199, 0.10547829, -4.93650818, -5.04621363
6138, 33177749, 33178277, 0.00429591, 0.10051918, -5.00000000, -5.15979910
6139, 33178749, 33179274, -0.00150756, 0.09556007, -5.06349182, -5.08235788
6140, 33179749, 33180270, -0.00732870, 0.08983707, -5.09523773, -5.03479910
6141, 33180749, 33181274, -0.01316795, 0.08487797, -5.19047546, -5.30035448
6142, 33181749, 33182276, -0.01902490, 0.07915592, -5.22222137, -5.16867733
6143, 33182749, 33183270, -0.02489850, 0.07381535, -5.25396729, -5.38220501
6144, 33183749, 33184279, -0.03078796, 0.06847477, -5.31745911, -5.36614180
6145, 33184749, 33185279, -0.03669280, 0.06275272, -5.34920502, -5.35627651
6146, 33185749, 33186269, -0.04261173, 0.05741215, -5.38095093, -5.49741554
6147, 33186749, 33187275, -0.04854431, 0.05207157, -5.41269684, -5.43689585
6148, 33187749, 33188273, -0.05448968, 0.04673100, -5.44444275, -5.39972878
6149, 33188749, 33189274, -0.06044497, 0.04062748, -5.47618866, -5.37690353
6150, 33189749, 33190274, -0.06640839, 0.03528690, -5.50793839, -5.65728140
6151, 33190749, 33191272, -0.07237780, 0.02994537, -5.50793839, -5.53507423
6152, 33191749, 33192278, -0.07835080, 0.02422333, -5.53968430, -5.46039104
6153, 33192749, 33193282, -0.08432608, 0.01850128, -5.53968430, -5.56135559
6154, 33193749, 33194276, -0.09030134, 0.01277924, -5.57143021, -5.62336111
6155, 33194749, 33195275, -0.09627316, 0.00743866, -5.57143021, -5.66144085
6156, 33195749, 33196275, -0.10223849, 0.00133514, -5.60317612, -5.53762913
6157, 33196749, 33197273, -0.10819463, -0.00400543, -5.60317612, -5.75598764
6158, 33197749, 33198277, -0.11413897, -0.00972748, -5.60317612, -5.59569263
6159, 33198749, 33199271, -0.12006943, -0.01506805, -5.63492203, -5.64444828
6160, 33199749, 33200269, -0.12598400, -0.02117157, -5.66666794, -5.52719355
6161, 33200749, 33201276, -0.13188010, -0.02727509, -5.66666794, -5.74957848
6162, 33201749, 33202274, -0.13775496, -0.03261662, -5.69841385, -5.88615227
6163, 33202749, 33203268, -0.14360635, -0.03833866, -5.69841385, -5.67599916
6164, 33203749, 33204268, -0.14943151, -0.04406071, -5.73015976, -5.69376755
6165, 33204749, 33205276, -0.15522753, -0.05016422, -5.73015976, -5.70467901
6166, 33205749, 33206281, -0.16099188, -0.05588627, -5.76190567, -5.85857773
6167, 33206749, 33207283, -0.16672054, -0.06198978, -5.79365158, -5.80589390
6168, 33207749, 33208273, -0.17240925, -0.06771183, -5.79365158, -5.92073727
6169, 33208749, 33209279, -0.17805251, -0.07343388, -5.85714340, -5.84406805
6170, 33209749, 33210279, -0.18364370, -0.07953739, -5.85714340, -5.79698372
6171, 33210749, 33211284, -0.18917491, -0.08525944, -5.88888931, -5.91526508
6172, 33211749, 33212284, -0.19463640, -0.09136295, -5.88888931, -5.84070730
6173, 33212749, 33213282, -0.20001671, -0.09746742, -5.92063522, -5.94211674
6174, 33213749, 33214282, -0.20530164, -0.10318947, -5.92063522, -6.00476360
6175, 33214749, 33215280, -0.21047422, -0.10891151, -5.88888931, -5.89567137
6176, 33215749, 33216274, -0.21551442, -0.11463356, -5.88888931, -5.82867479
6177, 33216749, 33217275, -0.22039697, -0.12035561, -5.85714340, -5.78752995
6178, 33217749, 33218273, -0.22509293, -0.12607765, -5.85714340, -5.76226139
6179, 33218749, 33219277, -0.22956985, -0.13218117, -5.82539749, -5.74674320
6180, 33219749, 33220277, -0.23379277, -0.13790321, -5.82539749, -5.88441086
6181, 33220749, 33221273, -0.23772392, -0.14362526, -5.79365158, -5.82175922
6182, 33221749, 33222277, -0.24131998, -0.14934731, -5.79365158, -5.78328276
6183, 33222749, 33223276, -0.24454096, -0.15506935, -5.82539749, -5.75965357
6184, 33223749, 33224280, -0.24735062, -0.16117382, -5.79365158, -5.74514198
6185, 33224749, 33225276, -0.24971843, -0.16651440, -5.79365158, -5.88379526
6186, 33225749, 33226274, -0.25162596, -0.17223644, -5.76190567, -5.67418337
6187, 33226749, 33227276, -0.25306600, -0.17795849, -5.73015976, -5.69265223
6188, 33227749, 33228277, -0.25403634, -0.18291759, -5.69841385, -5.70399427
6189, 33228749, 33229277, -0.25453919, -0.18825817, -5.63492203, -5.41656494
6190, 33229749, 33230277, -0.25458756, -0.19321728, -5.57143021, -5.38724327
6191, 33230749, 33231281, -0.25420466, -0.19817638, -5.47618866, -5.22203827
6192, 33231749, 33232275, -0.25342605, -0.20275402, -5.34920502, -5.12058067
6193, 33232749, 33233275, -0.25230196, -0.20771313, -5.22222137, -4.91107512
6194, 33233749, 33234276, -0.25088564, -0.21152782, -5.09523773, -4.92960882
6195, 33234749, 33235274, -0.24922898, -0.21572399, -4.93650818, -4.49939823
6196, 33235749, 33236274, -0.24737749, -0.21915817, -4.74603271, -4.38239050
6197, 33236749, 33237272, -0.24536580, -0.22259140, -4.52381134, -4.01650524
6198, 33237749, 33238274, -0.24322185, -0.22564316, -4.26984024, -3.79143620
6199, 33238749, 33239277, -0.24096701, -0.22793198, -4.01587296, -3.50601697
6200, 33239749, 33240271, -0.23861614, -0.23022079, -3.73015976, -3.03633714
6201, 33240749, 33241273, -0.23617879, -0.23250961, -3.44444275, -2.74789262
6202, 33241749, 33242273, -0.23366015, -0.23403549, -3.12698364, -2.57075000
6203, 33242749, 33243271, -0.23106144, -0.23556137, -2.77777863, -2.16756606
6204, 33243749, 33244272, -0.22838143, -0.23632431, -2.46031570, -1.91995859
6205, 33244749, 33245272, -0.22561458, -0.23670578, -2.14285660, -1.47350013
6206, 33245749, 33246272, -0.22275251, -0.23708725, -1.79365158, -1.05211878
6207, 33246749, 33247272, -0.21978845, -0.23746872, -1.47618866, -0.79333568
6208, 33247749, 33248274, -0.21671548, -0.23708725, -1.12698364, -0.63440913
6209, 33248749, 33249272, -0.21352877, -0.23670578, -0.80952454, -0.24241242
6210, 33249749, 33250277, -0.21022713, -0.23594284, -0.52381134, -0.00167530
6211, 33250749, 33251271, -0.20681240, -0.23517990, -0.23809814, 0.29336625
6212, 33251749, 33252277, -0.20329092, -0.23403549, 0.04762268, 0.47456023
6213, 33252749, 33253271, -0.19967280, -0.23289108, 0.26984406, 0.73303455
6214, 33253749, 33254273, -0.19597039, -0.23136520, 0.52381134, 0.89177155
6215, 33254749, 33255273, -0.19219713, -0.22983932, 0.71428680, 1.13645422
6216, 33255749, 33256270, -0.18836743, -0.22793198, 0.90476227, 1.28672135
6217, 33256749, 33257270, -0.18449663, -0.22640610, 1.12698364, 1.52620256
6218, 33257749, 33258270, -0.18059720, -0.22411728, 1.31745911, 1.52607763
6219, 33258749, 33259272, -0.17667842, -0.22182846, 1.47618866, 1.82039607
6220, 33259749, 33260274, -0.17274837, -0.21953964, 1.63491821, 2.00114608
6221, 33260749, 33261271, -0.16881277, -0.21686840, 1.82539368, 2.11214995
6222, 33261749, 33262271, -0.16487457, -0.21457958, 1.95237732, 2.32788634
6223, 33262749, 33263267, -0.16093303, -0.21190929, 2.11111450, 2.31281114
6224, 33263749, 33264267, -0.15698579, -0.20923901, 2.23809814, 2.45075059
6225, 33264749, 33265271, -0.15302990, -0.20618725, 2.36508179, 2.53546333
6226, 33265749, 33266266, -0.14906156, -0.20313549, 2.46031952, 2.73468566
6227, 33266749, 33267266, -0.14507604, -0.20008373, 2.58730316, 2.85703421
6228, 33267749, 33268268, -0.14106824, -0.19703197, 2.68254089, 2.93217230
6229, 33268749, 33269270, -0.13703282, -0.19398022, 2.77777863, 2.97831678
6230, 33269749, 33270268, -0.13296345, -0.19054699, 2.90476227, 3.00665545
6231, 33270749, 33271264, -0.12885599, -0.18749523, 3.00000000, 3.17125654
6232, 33271749, 33272267, -0.12470698, -0.18406200, 3.25396729, 3.12514567
6233, 33272749, 33273277, -0.12051310, -0.18062878, 3.19047546, 3.24402499
6234, 33273749, 33274283, -0.11627242, -0.17681408, 3.22222137, 3.31703258
6235, 33274749, 33275281, -0.11198382, -0.17338085, 3.31745911, 3.50906634
6236, 33275749, 33276277, -0.10764684, -0.16994762, 3.34920502, 3.47980237
6237, 33276749, 33277263, -0.10326036, -0.16613293, 3.41269684, 3.46183062
6238, 33277749, 33278276, -0.09882369, -0.16231823, 3.44444275, 3.59799099
6239, 33278749, 33279280, -0.09433736, -0.15888500, 3.47618866, 3.68161130
6240, 33279749, 33280276, -0.08980285, -0.15506935, 3.38095093, 3.58576751
6241, 33280749, 33281282, -0.08522190, -0.15125465, 3.53968048, 3.67447233
6242, 33281749, 33282284, -0.08059586, -0.14743996, 3.60317230, 3.72858071
6243, 33282749, 33283263, -0.07592633, -0.14362526, 3.66666412, 3.76181054
6244, 33283749, 33284279, -0.07121645, -0.13942909, 3.69841003, 3.78221798
6245, 33284749, 33285281, -0.06646921, -0.13599586, 3.76190186, 3.94194818
6246, 33285749, 33286275, -0.06168668, -0.13179970, 3.82539368, 3.74564838
6247, 33286749, 33287275, -0.05687070, -0.12760353, 3.85713959, 3.91948962
6248, 33287749, 33288276, -0.05202349, -0.12340736, 3.88888550, 4.02625084
6249, 33288749, 33289280, -0.04714857, -0.11959267, 3.92063141, 4.09181643
6250, 33289749, 33290280, -0.04224883, -0.11539650, 3.95237732, 3.98488450
6251, 33290749, 33291278, -0.03732719, -0.11120033, 3.95237732, 4.06641197
6252, 33291749, 33292284, -0.03238787, -0.10738564, 4.01587677, 4.11648035
6253, 33292749, 33293280, -0.02743440, -0.10318947, 4.01587677, 4.00003147
6254, 33293749, 33294269, -0.02247145, -0.09899330, 4.17460632, 4.07571411
6255, 33294749, 33295281, -0.01750321, -0.09479713, 4.11111450, 4.12219334
6256, 33295749, 33296277, -0.01253342, -0.09060001, 4.11111450, 4.15073729
6257, 33296749, 33297279, -0.00756487, -0.08602238, 4.14286041, 4.16863537
6258, 33297749, 33298277, -0.00259965, -0.08182621, 4.17460632, 4.32645655
6259, 33298749, 33299277, 0.00235905, -0.07724857, 4.20635223, 4.27618170
6260, 33299749, 33300282, 0.00730806, -0.07305241, 4.23809814, 4.39250422
6261, 33300749, 33301272, 0.01224580, -0.06847477, 4.30158997, 4.31674337
6262, 33301749, 33302278, 0.01717182, -0.06389713, 4.17460632, 4.41741419
6263, 33302749, 33303274, 0.02208490, -0.05931950, 4.33333588, 4.47923899
6264, 33303749, 33304276, 0.02698212, -0.05474186, 4.39682770, 4.51720762
6265, 33304749, 33305278, 0.03186224, -0.05016422, 4.42857361, 4.54052544
6266, 33305749, 33306275, 0.03672489, -0.04558659, 4.46031952, 4.55484533
6267, 33306749, 33307273, 0.04156949, -0.04100895, 4.49206543, 4.56363964
6268, 33307749, 33308275, 0.04639673, -0.03643131, 4.68254089, 4.56904078
6269, 33308749, 33309275, 0.05120581, -0.03147221, 4.58730316, 4.57235765
6270, 33309749, 33310275, 0.05599458, -0.02727509, 4.58730316, 4.72159243
6271, 33310749, 33311277, 0.06076124, -0.02231598, 4.61904907, 4.51921463
6272, 33311749, 33312274, 0.06550317, -0.01773834, 4.65079498, 4.68895531
6273, 33312749, 33313272, 0.07021820, -0.01277924, 4.65079498, 4.64600086
6274, 33313749, 33314278, 0.07490344, -0.00782013, 4.68254089, 4.76681900
6275, 33314749, 33315274, 0.07955390, -0.00324249, 4.71428680, 4.84101677
6276, 33315749, 33316284, 0.08416588, 0.00133514, 4.55555725, 4.73938656
6277, 33316749, 33317278, 0.08873527, 0.00629425, 4.71428680, 4.67697239
6278, 33317749, 33318277, 0.09325776, 0.01125336, 4.74603271, 4.78583956
6279, 33318749, 33319273, 0.09773079, 0.01583099, 4.77777863, 4.85269785
6280, 33319749, 33320273, 0.10215144, 0.02079010, 4.77777863, 4.74656010
6281, 33320749, 33321273, 0.10651650, 0.02536774, 4.77777863, 4.82857513
6282, 33321749, 33322273, 0.11082298, 0.03032684, 4.77777863, 4.73174572
6283, 33322749, 33323271, 0.11506853, 0.03490543, 4.74603271, 4.81947756
6284, 33323749, 33324280, 0.11925086, 0.03948307, 4.74603271, 4.72652674
6285, 33324749, 33325278, 0.12336797, 0.04406071, 4.71428680, 4.66907454
6286, 33325749, 33326274, 0.12741788, 0.04901981, 4.71428680, 4.63379145
6287, 33326749, 33327280, 0.13139889, 0.05359745, 4.71428680, 4.75932074
6288, 33327749, 33328274, 0.13530919, 0.05817509, 4.68254089, 4.68921423
6289, 33328749, 33329273, 0.13914719, 0.06275272, 4.65079498, 4.64615965
6290, 33329749, 33330273, 0.14291085, 0.06771183, 4.65079498, 4.61971855
6291, 33330749, 33331271, 0.14659813, 0.07190800, 4.61904907, 4.75067806
6292, 33331749, 33332273, 0.15020776, 0.07648563, 4.65079498, 4.53670883
6293, 33332749, 33333275, 0.15373854, 0.08144474, 4.61904907, 4.55250168
6294, 33333749, 33334278, 0.15718955, 0.08602238, 4.61904907, 4.70939827
6295, 33334749, 33335278, 0.16055991, 0.09021854, 4.58730316, 4.65855551
6296, 33335749, 33336280, 0.16384885, 0.09479713, 4.58730316, 4.48013401
6297, 33336749, 33337280, 0.16705595, 0.09937477, 4.55555725, 4.51812553
6298, 33337749, 33338286, 0.17018130, 0.10357094, 4.49206543, 4.54108906
6299, 33338749, 33339272, 0.17322379, 0.10776711, 4.46031952, 4.40799427
6300, 33339749, 33340272, 0.17618287, 0.11196327, 4.42857361, 4.32625628
6301, 33340749, 33341275, 0.17905830, 0.11577797, 4.39682770, 4.27605867
6302, 33341749, 33342271, 0.18184991, 0.12035561, 4.33333588, 4.09803343
6303, 33342749, 33343275, 0.18455759, 0.12455177, 4.26984406, 4.28309774
6304, 33343749, 33344281, 0.18718055, 0.12874794, 4.23809814, 4.24955368
6305, 33344749, 33345281, 0.18971735, 0.13256264, 4.17460632, 4.22895336
6306, 33345749, 33346278, 0.19216734, 0.13637733, 4.14286041, 4.06910467
6307, 33346749, 33347276, 0.19453017, 0.14019203, 4.07936859, 3.97093654
6308, 33347749, 33348278, 0.19680418, 0.14400673, 4.01587677, 3.91064858
6309, 33348749, 33349288, 0.19898836, 0.14743996, 3.95237732, 3.87362385
6310, 33349749, 33350282, 0.20108247, 0.15087318, 3.88888550, 3.70368838
6311, 33350749, 33351270, 0.20308588, 0.15430641, 3.79364777, 3.59932566
6312, 33351749, 33352277, 0.20499758, 0.15735912, 3.73015594, 3.53523350
6313, 33352749, 33353269, 0.20681641, 0.16079235, 3.60317230, 3.34904289
6314, 33353749, 33354269, 0.20854180, 0.16422558, 3.50793457, 3.38152742
6315, 33354749, 33355275, 0.21017231, 0.16727734, 3.44444275, 3.40147710
6316, 33355749, 33356281, 0.21170658, 0.17032909, 3.38095093, 3.26653099
6317, 33356749, 33357281, 0.21314351, 0.17338085, 3.28571320, 3.18365669
6318, 33357749, 33358276, 0.21448193, 0.17605114, 3.19047546, 3.13276100
6319, 33358749, 33359276, 0.21572106, 0.17833996, 3.06349182, 2.95430684
6320, 33359749, 33360278, 0.21685946, 0.18101025, 2.96825409, 2.69751525
6321, 33360749, 33361278, 0.21789698, 0.18291759, 2.87301636, 2.68700910
6322, 33361749, 33362276, 0.21883409, 0.18520641, 2.71428680, 2.38616180
6323, 33362749, 33363277, 0.21967159, 0.18711376, 2.55555725, 2.34859991
6324, 33363749, 33364275, 0.22041106, 0.18940258, 2.42857361, 2.17833447
6325, 33364749, 33365279, 0.22105454, 0.19092846, 2.30158997, 2.22096682
6326, 33365749, 33366281, 0.22160354, 0.19321728, 2.20635223, 1.95275354
6327, 33366749, 33367279, 0.22206040, 0.19474316, 2.11111450, 2.08243060
6328, 33367749, 33368283, 0.22242719, 0.19626904, 2.01587677, 1.86767423
6329, 33368749, 33369282, 0.22270654, 0.19779491, 1.92063141, 1.73578584
6330, 33369749, 33370284, 0.22290134, 0.19932079, 1.82539368, 1.65478909
6331, 33370749, 33371282, 0.22301416, 0.20046520, 1.73015594, 1.60504651
6332, 33371749, 33372276, 0.22304785, 0.20199108, 1.63491821, 1.42730057
6333, 33372749, 33373278, 0.22300616, 0.20351696, 1.57142639, 1.46533895
6334, 33373749, 33374277, 0.22289240, 0.20427990, 1.47618866, 1.48869956
6335, 33374749, 33375277, 0.22270940, 0.20542431, 1.38095093, 1.20865083
6336, 33375749, 33376277, 0.22246054, 0.20656872, 1.31745911, 1.18386197
6337, 33376749, 33377281, 0.22215001, 0.20733166, 1.25396729, 1.16863835
6338, 33377749, 33378277, 0.22178248, 0.20847607, 1.22222137, 1.01209152
6339, 33378749, 33379275, 0.22136274, 0.20923901, 1.12698364, 1.06314886
6340, 33379749, 33380278, 0.22089441, 0.21000195, 1.03174591, 0.94730723
6341, 33380749, 33381276, 0.22038092, 0.21038342, 0.96825409, 0.87616533
6342, 33381749, 33382282, 0.21982710, 0.21114635, 0.87301636, 0.68527734
6343, 33382749, 33383276, 0.21923874, 0.21190929, 0.80952454, 0.71524483
6344, 33383749, 33384274, 0.21861999, 0.21229076, 0.77777863, 0.73364872
6345, 33384749, 33385277, 0.21797536, 0.21305370, 0.68254089, 0.59775358
6346, 33385749, 33386275, 0.21730953, 0.21305370, 0.61904907, 0.66149378
6347, 33386749, 33387279, 0.21662778, 0.21343517, 0.55555725, 0.40624347
6348, 33387749, 33388283, 0.21593507, 0.21343517, 0.52381134, 0.39668402
6349, 33388749, 33389275, 0.21523571, 0.21381664, 0.46031952, 0.24361573
6350, 33389749, 33390277, 0.21453312, 0.21381664, 0.39682770, 0.29680941
6351, 33390749, 33391274, 0.21383113, 0.21381664, 0.33333588, 0.18227969
6352, 33391749, 33392274, 0.21313307, 0.21381664, 0.23809814, 0.11194351
6353, 33392749, 33393278, 0.21244079, 0.21343517, 0.17460632, 0.06874792
6354, 33393749, 33394274, 0.21175554, 0.21343517, 0.07936859, -0.10497736
6355, 33394749, 33395274, 0.21107790, 0.21305370, 0.04762268, -0.06446979
6356, 33395749, 33396275, 0.21040845, 0.21305370, -0.01587677, -0.18679042
6357, 33396749, 33397273, 0.20974642, 0.21305370, -0.07936859, -0.11471368
6358, 33397749, 33398275, 0.20909132, 0.21267223, -0.14286041, -0.07044917
6359, 33398749, 33399271, 0.20844184, 0.21229076, -0.17460632, -0.19046253
6360, 33399749, 33400271, 0.20779590, 0.21190929, -0.20635223, -0.26416638
6361, 33400749, 33401271, 0.20715064, 0.21190929, -0.26984406, -0.30943015
6362, 33401749, 33402274, 0.20650229, 0.21152782, -0.26984406, -0.19003049
6363, 33402749, 33403274, 0.20584768, 0.21114635, -0.30158997, -0.26390105
6364, 33403749, 33404272, 0.20518447, 0.21076488, -0.30158997, -0.30926722
6365, 33404749, 33405270, 0.20450871, 0.21000195, -0.33333588, -0.33712798
6366, 33405749, 33406270, 0.20381682, 0.21000195, -0.33333588, -0.50143564
6367, 33406749, 33407271, 0.20310545, 0.20962048, -0.33333588, -0.30794689
6368, 33407749, 33408273, 0.20237131, 0.20923901, -0.36508179, -0.33631709
6369, 33408749, 33409269, 0.20161134, 0.20847607, -0.36508179, -0.35374013
6370, 33409749, 33410275, 0.20082268, 0.20771313, -0.42857361, -0.51163769
6371, 33410749, 33411271, 0.20000227, 0.20695019, -0.46031952, -0.60860735
6372, 33411749, 33412269, 0.19914731, 0.20656872, -0.52381134, -0.66815937
6373, 33412749, 33413282, 0.19825447, 0.20542431, -0.58730316, -0.55753458
6374, 33413749, 33414282, 0.19732065, 0.20466137, -0.61904907, -0.78399163
6375, 33414749, 33415282, 0.19634335, 0.20389843, -0.65079498, -0.77586824
6376, 33415749, 33416280, 0.19532022, 0.20351696, -0.71428680, -0.77087939
6377, 33416749, 33417272, 0.19424948, 0.20275402, -0.71428680, -0.62061805
6378, 33417749, 33418271, 0.19312792, 0.20199108, -0.74603271, -0.67553550
6379, 33418749, 33419285, 0.19195323, 0.20122814, -0.74603271, -0.70926201
6380, 33419749, 33420283, 0.19072521, 0.20046520, -0.74603271, -0.72997451
6381, 33420749, 33421283, 0.18944265, 0.20008373, -0.71428680, -0.74269468
6382, 33421749, 33422283, 0.18810433, 0.19932079, -0.71428680, -0.60330898
6383, 33422749, 33423274, 0.18670882, 0.19893932, -0.71428680, -0.66490549
6384, 33423749, 33424282, 0.18525322, 0.19817638, -0.71428680, -0.55553627
6385, 33424749, 33425282, 0.18373652, 0.19703197, -0.71428680, -0.63556689
6386, 33425749, 33426270, 0.18215768, 0.19665051, -0.71428680, -0.83191365
6387, 33426749, 33427272, 0.18051514, 0.19550610, -0.71428680, -0.65810108
6388, 33427749, 33428270, 0.17880823, 0.19474316, -0.74603271, -0.84575254
6389, 33428749, 33429271, 0.17703551, 0.19398022, -0.77777863, -0.81379747
6390, 33429749, 33430269, 0.17519553, 0.19321728, -0.77777863, -0.79417294
6391, 33430749, 33431269, 0.17328650, 0.19207287, -0.80952454, -0.78212088
6392, 33431749, 33432279, 0.17130800, 0.19130993, -0.80952454, -0.92191696
6393, 33432749, 33433283, 0.16925892, 0.19054699, -0.80952454, -0.86057240
6394, 33433749, 33434275, 0.16713735, 0.18978405, -0.84127045, -0.82289881
6395, 33434749, 33435266, 0.16494185, 0.18902111, -0.84127045, -0.79976231
6396, 33435749, 33436266, 0.16267146, 0.18825817, -0.84127045, -0.78555346
6397, 33436749, 33437282, 0.16032515, 0.18711376, -0.84127045, -0.77682739
6398, 33437749, 33438280, 0.15790139, 0.18635082, -0.84127045, -0.91866606
6399, 33438749, 33439280, 0.15539995, 0.18520641, -0.84127045, -0.85857588
6400, 33439749, 33440277, 0.15282041, 0.18406200, -0.87301636, -0.96887028
6401, 33440749, 33441279, 0.15016186, 0.18291759, -0.93650818, -1.03660536
6402, 33441749, 33442275, 0.14742316, 0.18177319, -0.96825409, -1.07820356
6403, 33442749, 33443275, 0.14460473, 0.18062878, -1.03174591, -1.10375023
6404, 33443749, 33444279, 0.14170720, 0.17872143, -1.12698364, -1.11943924
6405, 33444749, 33445276, 0.13873023, 0.17719555, -1.19047546, -1.42346954
6406, 33445749, 33446278, 0.13567424, 0.17528820, -1.28571320, -1.46298623
6407, 33446749, 33447278, 0.13253966, 0.17376232, -1.41269684, -1.63445210
6408, 33447749, 33448282, 0.12932655, 0.17185497, -1.47618866, -1.59255707
6409, 33448749, 33449278, 0.12603550, 0.16994762, -1.60317612, -1.71402562
6410, 33449749, 33450274, 0.12266672, 0.16765881, -1.69841385, -1.78862309
6411, 33450749, 33451275, 0.11922003, 0.16575146, -1.76190567, -1.98163319
6412, 33451749, 33452275, 0.11569594, 0.16384411, -1.85714340, -1.95296896
6413, 33452749, 33453279, 0.11209492, 0.16155529, -1.92063522, -1.93536544
6414, 33453749, 33454279, 0.10841659, 0.15964794, -1.98412704, -2.07175207
6415, 33454749, 33455279, 0.10466100, 0.15697765, -2.01587296, -2.00831366
6416, 33455749, 33456275, 0.10082810, 0.15468788, -2.07936478, -2.26374936
6417, 33456749, 33457274, 0.09691837, 0.15201759, -2.17460251, -2.27379060
6418, 33457749, 33458274, 0.09293183, 0.14934731, -2.23809433, -2.42678690
6419, 33458749, 33459278, 0.08886953, 0.14629555, -2.33333206, -2.52074671
6420, 33459749, 33460278, 0.08473233, 0.14362526, -2.46031570, -2.72564793
6421, 33460749, 33461272, 0.08052064, 0.14057350, -2.55555725, -2.70428634
6422, 33461749, 33462274, 0.07623582, 0.13752174, -2.68254089, -2.83836484
6423, 33462749, 33463281, 0.07187815, 0.13408852, -2.80952454, -2.92070651
6424, 33463749, 33464277, 0.06744772, 0.13103676, -2.90476227, -3.11847281
6425, 33464749, 33465273, 0.06294543, 0.12798500, -3.00000000, -3.09272957
6426, 33465749, 33466279, 0.05837222, 0.12455177, -3.03174591, -3.07691979
6427, 33466749, 33467273, 0.05372867, 0.12111855, -3.12698364, -3.21440816
6428, 33467749, 33468274, 0.04901625, 0.11768532, -3.15872955, -3.29884386
6429, 33468749, 33469278, 0.04423602, 0.11387062, -3.25396729, -3.35069847
6430, 33469749, 33470272, 0.03938970, 0.11005592, -3.31745911, -3.52974129
6431, 33470749, 33471276, 0.03447864, 0.10662270, -3.38095093, -3.63969707
6432, 33471749, 33472274, 0.02950335, 0.10280800, -3.47618866, -3.56002688
6433, 33472749, 33473275, 0.02446537, 0.09899330, -3.53968430, -3.65829635
6434, 33473749, 33474271, 0.01936647, 0.09517860, -3.63492203, -3.71864676
6435, 33474749, 33475271, 0.01420725, 0.09098148, -3.69841385, -3.75570965
6436, 33475749, 33476275, 0.00898894, 0.08716679, -3.76190567, -3.92603683
6437, 33476749, 33477275, 0.00371253, 0.08297062, -3.79365158, -3.88307428
6438, 33477749, 33478271, -0.00162153, 0.07877445, -3.88888931, -4.00388718
6439, 33478749, 33479278, -0.00701337, 0.07495975, -3.95238113, -4.07808208
6440, 33479749, 33480276, -0.01246179, 0.07038212, -4.01587296, -3.97644973
6441, 33480749, 33481278, -0.01796505, 0.06580448, -4.04761887, -4.20842981
6442, 33481749, 33482272, -0.02352169, 0.06160831, -4.11111069, -4.35089540
6443, 33482749, 33483272, -0.02913097, 0.05741215, -4.20634842, -4.29119015
6444, 33483749, 33484275, -0.03479238, 0.05283451, -4.23809433, -4.25452375
6445, 33484749, 33485275, -0.04050433, 0.04825687, -4.33333206, -4.37920332
6446, 33485749, 33486269, -0.04626469, 0.04367924, -4.36507797, -4.45577288
6447, 33486749, 33487277, -0.05207247, 0.03910160, -4.42856979, -4.50279617
6448, 33487749, 33488273, -0.05792604, 0.03414249, -4.49206161, -4.53167486
6449, 33488749, 33489273, -0.06382366, 0.02956390, -4.55555725, -4.69660759
6450, 33489749, 33490278, -0.06976405, 0.02460480, -4.61904907, -4.65106821
6451, 33490749, 33491272, -0.07574586, 0.01964569, -4.65079498, -4.76993084
6452, 33491749, 33492282, -0.08176801, 0.01468658, -4.74603271, -4.84292793
6453, 33492749, 33493272, -0.08782945, 0.00934601, -4.77777863, -4.88775778
6454, 33493749, 33494278, -0.09392855, 0.00438690, -4.87301636, -5.06248617
6455, 33494749, 33495275, -0.10006268, -0.00095367, -4.93650818, -5.02259493
6456, 33495749, 33496277, -0.10622944, -0.00629425, -4.96825409, -5.14529419
6457, 33496749, 33497271, -0.11242689, -0.01125336, -5.03174591, -5.22064781
6458, 33497749, 33498277, -0.11865328, -0.01659393, -5.09523773, -5.11972666
6459, 33498749, 33499273, -0.12490714, -0.02193451, -5.15872955, -5.20494556
6460, 33499749, 33500269, -0.13118726, -0.02727509, -5.19047546, -5.25728130
6461, 33500749, 33501272, -0.13749066, -0.03299809, -5.25396729, -5.28942251
6462, 33501749, 33502276, -0.14381522, -0.03872013, -5.31745911, -5.45672655
6463, 33502749, 33503274, -0.15015897, -0.04406071, -5.34920502, -5.55910540
6464, 33503749, 33504276, -0.15652040, -0.04978275, -5.41269684, -5.47478151
6465, 33504749, 33505268, -0.16289745, -0.05512333, -5.47618866, -5.57019329
6466, 33505749, 33506273, -0.16928728, -0.06084538, -5.53968430, -5.48159122
6467, 33506749, 33507279, -0.17568615, -0.06694889, -5.60317612, -5.57437515
6468, 33507749, 33508279, -0.18209141, -0.07305241, -5.66666794, -5.77855444
6469, 33508749, 33509269, -0.18849951, -0.07877445, -5.69841385, -5.90394688
6470, 33509749, 33510273, -0.19490831, -0.08449650, -5.73015976, -5.83375645
6471, 33510749, 33511269, -0.20131484, -0.09060001, -5.76190567, -5.79065037
6472, 33511749, 33512274, -0.20771563, -0.09632301, -5.79365158, -5.91137552
6473, 33512749, 33513278, -0.21410665, -0.10242653, -5.82539749, -5.83868694
6474, 33513749, 33514274, -0.22048324, -0.10814857, -5.85714340, -5.94087648
6475, 33514749, 33515274, -0.22684266, -0.11425209, -5.88888931, -5.85643673
6476, 33515749, 33516274, -0.23318264, -0.12035561, -5.92063522, -5.95177698
6477, 33516749, 33517271, -0.23950052, -0.12645912, -5.95238113, -6.01032829
6478, 33517749, 33518271, -0.24579342, -0.13256264, -5.98412704, -6.04628658
6479, 33518749, 33519271, -0.25205922, -0.13866615, -6.01587296, -6.06836987
6480, 33519749, 33520277, -0.25829592, -0.14476967, -6.07936478, -6.08193159
6481, 33520749, 33521277, -0.26450178, -0.15163612, -6.11111069, -6.09026003
6482, 33521749, 33522282, -0.27067506, -0.15774059, -6.14285660, -6.38977003
6483, 33522749, 33523276, -0.27681595, -0.16384411, -6.17460251, -6.27968073
6484, 33523749, 33524276, -0.28292331, -0.16994762, -6.17460251, -6.21170378
6485, 33524749, 33525278, -0.28899643, -0.17605114, -6.20634842, -6.16995716
6486, 33525749, 33526274, -0.29503411, -0.18215466, -6.23809433, -6.14431953
6487, 33526749, 33527278, -0.30103377, -0.18902111, -6.23809433, -6.12857485
6488, 33527749, 33528281, -0.30699354, -0.19512463, -6.23809433, -6.41330051
6489, 33528749, 33529275, -0.31290975, -0.20122814, -6.23809433, -6.29376411
6490, 33529749, 33530277, -0.31877774, -0.20733166, -6.23809433, -6.22035313
6491, 33530749, 33531277, -0.32459021, -0.21381664, -6.23809433, -6.17526913
6492, 33531749, 33532277, -0.33033714, -0.21992111, -6.23809433, -6.29477930
6493, 33532749, 33533275, -0.33600715, -0.22602463, -6.23809433, -6.22134399
6494, 33533749, 33534276, -0.34158844, -0.23212814, -6.20634842, -6.17587757
6495, 33534749, 33535280, -0.34706381, -0.23823166, -6.20634842, -6.14795542
6496, 33535749, 33536278, -0.35241327, -0.24433517, -6.20634842, -6.13080740
6497, 33536749, 33537278, -0.35761082, -0.25043869, -6.20634842, -6.12027645
6498, 33537749, 33538280, -0.36262596, -0.25654221, -6.17460251, -6.11380911
6499, 33538749, 33539271, -0.36742663, -0.26264572, -6.17460251, -6.10983706
6500, 33539749, 33540277, -0.37197673, -0.26874924, -6.17460251, -6.10739756
6501, 33540749, 33541277, -0.37623903, -0.27485275, -6.14285660, -6.10589933
6502, 33541749, 33542279, -0.38016993, -0.28095627, -6.11111069, -6.10497952
6503, 33542749, 33543279, -0.38372552, -0.28667927, -6.11111069, -6.10441494
6504, 33543749, 33544279, -0.38685563, -0.29278278, -6.07936478, -5.95723867
6505, 33544749, 33545278, -0.38951102, -0.29850483, -6.07936478, -6.01368237
6506, 33545749, 33546276, -0.39163429, -0.30498981, -6.04761887, -5.90114880
6507, 33546749, 33547276, -0.39317605, -0.31109333, -6.04761887, -6.12643337
6508, 33547749, 33548274, -0.39408427, -0.31681538, -6.01587296, -6.11759043
6509, 33548749, 33549272, -0.39432293, -0.32253742, -6.01587296, -5.96496201
6510, 33549749, 33550271, -0.39387891, -0.32787800, -5.98412704, -5.87122774
6511, 33550749, 33551271, -0.39277557, -0.33321857, -5.88888931, -5.66646528
6512, 33551749, 33552271, -0.39106402, -0.33855915, -5.79365158, -5.54071426
6513, 33552749, 33553273, -0.38882786, -0.34313679, -5.69841385, -5.46348715
6514, 33553749, 33554269, -0.38616276, -0.34809685, -5.57143021, -5.12166452
6515, 33554749, 33555279, -0.38316968, -0.35267448, -5.41269684, -5.05930614
6516, 33555749, 33556268, -0.37993127, -0.35610771, -5.19047546, -4.87344456
6517, 33556749, 33557272, -0.37651709, -0.35992241, -4.93650818, -4.31770897
6518, 33557749, 33558270, -0.37298176, -0.36335564, -4.68254089, -4.12361193
6519, 33558749, 33559272, -0.36937356, -0.36602592, -4.39682388, -3.85721374
6520, 33559749, 33560268, -0.36572516, -0.36831474, -4.07936478, -3.39921522
6521, 33560749, 33561266, -0.36206013, -0.37022209, -3.73015976, -2.97074676
6522, 33561749, 33562267, -0.35839191, -0.37174797, -3.34920502, -2.56041384
6523, 33562749, 33563267, -0.35472468, -0.37251091, -2.93650818, -2.16121840
6524, 33563749, 33564269, -0.35105529, -0.37327385, -2.52381134, -1.62166512
6525, 33564749, 33565265, -0.34737578, -0.37365532, -2.14285660, -1.29030907
6526, 33565749, 33566269, -0.34367412, -0.37365532, -1.73015976, -0.93961561
6527, 33566749, 33567272, -0.33993456, -0.37289238, -1.28571320, -0.57704657
6528, 33567749, 33568268, -0.33614123, -0.37251091, -0.87301636, -0.05998677
6529, 33568749, 33569270, -0.33228087, -0.37136650, -0.46031952, 0.11035785
6530, 33569749, 33570282, -0.32834220, -0.36984062, -0.14286041, 0.50936681
6531, 33570749, 33571278, -0.32431644, -0.36831474, 0.20635223, 0.90160787
6532, 33571749, 33572271, -0.32020000, -0.36640739, 0.55555725, 1.14249504
6533, 33572749, 33573273, -0.31599021, -0.36450005, 1.03174591, 1.43762875
6534, 33573749, 33574267, -0.31168666, -0.36221123, 1.19047546, 1.61887932
6535, 33574749, 33575279, -0.30729058, -0.35954094, 1.44444275, 1.87738836
6536, 33575749, 33576279, -0.30280501, -0.35687065, 1.66666412, 2.18334413
6537, 33576749, 33577279, -0.29823372, -0.35420036, 1.88888550, 2.37124109
6538, 33577749, 33578278, -0.29357949, -0.35114861, 2.14286041, 2.48663425
6539, 33578749, 33579282, -0.28884825, -0.34809685, 2.33333588, 2.70469832
6540, 33579749, 33580276, -0.28404614, -0.34504509, 2.49206543, 2.83861804
6541, 33580749, 33581280, -0.27917725, -0.34161091, 2.52381134, 2.92086220
6542, 33581749, 33582262, -0.27424473, -0.33817768, 2.80952454, 3.11893630
6543, 33582749, 33583278, -0.26924914, -0.33436298, 3.00000000, 3.24021173
6544, 33583749, 33584281, -0.26419085, -0.33054829, 3.15872955, 3.46188831
6545, 33584749, 33585275, -0.25907087, -0.32711506, 3.28571320, 3.59802651
6546, 33585749, 33586279, -0.25388855, -0.32330036, 3.38095093, 3.53443551
6547, 33586749, 33587275, -0.24864244, -0.31910419, 3.50793457, 3.64258003
6548, 33587749, 33588279, -0.24333227, -0.31490803, 3.63491821, 3.85619235
6549, 33588749, 33589282, -0.23795743, -0.31109333, 3.73015594, 3.98737836
6550, 33589749, 33590274, -0.23251782, -0.30689716, 3.82539368, 3.92074609
6551, 33590749, 33591276, -0.22701362, -0.30231953, 3.88888550, 4.02702284
6552, 33591749, 33592278, -0.22144473, -0.29812336, 3.98412323, 4.23948812
6553, 33592749, 33593280, -0.21581014, -0.29392719, 4.04762268, 4.22277164
6554, 33593749, 33594281, -0.21010779, -0.28934956, 4.11111450, 4.21250582
6555, 33594749, 33595277, -0.20433870, -0.28515339, 4.17460632, 4.35339880
6556, 33595749, 33596273, -0.19850320, -0.28019333, 4.26984406, 4.29272795
6557, 33596749, 33597271, -0.19259970, -0.27561569, 4.33333588, 4.55023098
6558, 33597749, 33598273, -0.18662730, -0.27103806, 4.42857361, 4.56080580
6559, 33598749, 33599271, -0.18058579, -0.26607895, 4.49206543, 4.56730032
6560, 33599749, 33600276, -0.17447592, -0.26150131, 4.52381134, 4.71848631
6561, 33600749, 33601278, -0.16829796, -0.25654221, 4.61904907, 4.66413689
6562, 33601749, 33602274, -0.16205406, -0.25158310, 4.68254089, 4.77795649
6563, 33602749, 33603276, -0.15574606, -0.24662399, 4.74603271, 4.84785700
6564, 33603749, 33604274, -0.14937711, -0.24166489, 4.77777863, 4.89078474
6565, 33604749, 33605272, -0.14294961, -0.23632431, 4.84127045, 4.91714811
6566, 33605749, 33606275, -0.13646598, -0.23136520, 4.87301636, 5.08053589
6567, 33606749, 33607273, -0.12992789, -0.22640610, 4.93650818, 5.03367949
6568, 33607749, 33608275, -0.12333993, -0.22106552, 5.00000000, 5.00490427
6569, 33608749, 33609273, -0.11670557, -0.21572399, 5.03174591, 5.13442945
6570, 33609749, 33610277, -0.11002981, -0.21038342, 5.06349182, 5.21434355
6571, 33610749, 33611272, -0.10331970, -0.20466137, 5.12698364, 5.26305246
6572, 33611749, 33612272, -0.09658235, -0.19932079, 5.22222137, 5.44016409
6573, 33612749, 33613274, -0.08982204, -0.19359875, 5.25396729, 5.40173578
6574, 33613749, 33614272, -0.08304627, -0.18787670, 5.34920502, 5.52533388
6575, 33614749, 33615272, -0.07626076, -0.18215466, 5.44444275, 5.60123920
6576, 33615749, 33616271, -0.06947152, -0.17643261, 5.50793457, 5.64785480
6577, 33616749, 33617275, -0.06268461, -0.17071056, 5.57142639, 5.67648268
6578, 33617749, 33618275, -0.05590623, -0.16460705, 5.63491821, 5.69406414
6579, 33618749, 33619273, -0.04914081, -0.15888500, 5.69841003, 5.85205936
6580, 33619749, 33620271, -0.04239237, -0.15278053, 5.73015594, 5.80189085
6581, 33620749, 33621273, -0.03566640, -0.14667702, 5.82539368, 5.91864634
6582, 33621749, 33622270, -0.02896707, -0.14057350, 5.85713959, 5.98998165
6583, 33622749, 33623278, -0.02230085, -0.13446999, 5.88888550, 6.03379107
6584, 33623749, 33624274, -0.01567311, -0.12798500, 5.95237732, 6.06069565
6585, 33624749, 33625278, -0.00908875, -0.12150002, 6.04762268, 6.22441626
6586, 33625749, 33626272, -0.00255136, -0.11539650, 6.11111450, 6.32496214
6587, 33626749, 33627275, 0.00393542, -0.10891151, 6.17460632, 6.23951244
6588, 33627749, 33628269, 0.01036794, -0.10280800, 6.20635223, 6.33423281
6589, 33628749, 33629279, 0.01674299, -0.09632301, 6.23809814, 6.24520588
6590, 33629749, 33630273, 0.02305707, -0.08983707, 6.26984406, 6.33772945
6591, 33630749, 33631273, 0.02930760, -0.08335209, 6.30158997, 6.39491892
6592, 33631749, 33632277, 0.03549398, -0.07724857, 6.33333588, 6.42967319
6593, 33632749, 33633276, 0.04161585, -0.07076359, 6.33333588, 6.30381918
6594, 33633749, 33634268, 0.04767457, -0.06389713, 6.36508179, 6.37372589
6595, 33634749, 33635274, 0.05366869, -0.05779362, 6.36508179, 6.56385517
6596, 33635749, 33636282, 0.05959455, -0.05092716, 6.39682770, 6.38622427
6597, 33636749, 33637274, 0.06544914, -0.04482365, 6.42857361, 6.57153082
6598, 33637749, 33638274, 0.07123125, -0.03795719, 6.46031952, 6.39093781
6599, 33638749, 33639281, 0.07693973, -0.03147221, 6.46031952, 6.57442570
6600, 33639749, 33640277, 0.08257385, -0.02498627, 6.49206543, 6.53991318
6601, 33640749, 33641273, 0.08813419, -0.01888275, 6.49206543, 6.51908588
6602, 33641749, 33642275, 0.09361882, -0.01239777, 6.46031952, 6.35873032
6603, 33642749, 33643275, 0.09902747, -0.00591278, 6.46031952, 6.40744829
6604, 33643749, 33644272, 0.10436045, 0.00019073, 6.46031952, 6.43736792
6605, 33644749, 33645274, 0.10961758, 0.00667572, 6.39682770, 6.30854416
6606, 33645749, 33646282, 0.11479759, 0.01316071, 6.39682770, 6.37662745
6607, 33646749, 33647278, 0.11990047, 0.01926422, 6.36508179, 6.41843987
6608, 33647749, 33648278, 0.12492600, 0.02536774, 6.30158997, 6.29692030
6609, 33648749, 33649271, 0.12987342, 0.03147221, 6.26984406, 6.22229099
6610, 33649749, 33650273, 0.13474306, 0.03757572, 6.26984406, 6.17682695
6611, 33650749, 33651279, 0.13953425, 0.04367924, 6.23809814, 6.14853811
6612, 33651749, 33652277, 0.14424451, 0.04978275, 6.17460632, 6.13116503
6613, 33652749, 33653271, 0.14887320, 0.05588627, 6.17460632, 6.12049580
6614, 33653749, 33654277, 0.15341944, 0.06198978, 6.14286041, 6.11394405
6615, 33654749, 33655284, 0.15788269, 0.06771183, 6.07936859, 6.10992002
6616, 33655749, 33656280, 0.16226128, 0.07343388, 6.04762268, 5.96025133
6617, 33656749, 33657280, 0.16655448, 0.07915592, 6.01587677, 5.86833525
6618, 33657749, 33658274, 0.17076354, 0.08525944, 5.95237732, 5.81188679
6619, 33658749, 33659272, 0.17488851, 0.09060001, 5.88888550, 5.92441750
6620, 33659749, 33660276, 0.17892812, 0.09632301, 5.82539368, 5.69913101
6621, 33660749, 33661277, 0.18288095, 0.10128212, 5.73015594, 5.70834160
6622, 33661749, 33662273, 0.18674481, 0.10662270, 5.63491821, 5.41923428
6623, 33662749, 33663279, 0.19051871, 0.11158180, 5.53968048, 5.38888264
6624, 33663749, 33664273, 0.19420063, 0.11654091, 5.44444275, 5.22304487
6625, 33664749, 33665277, 0.19778974, 0.12188148, 5.38095093, 5.12119913
6626, 33665749, 33666278, 0.20128568, 0.12645912, 5.28571320, 5.20584965
6627, 33666749, 33667276, 0.20468794, 0.13141823, 5.15872955, 4.96344137
6628, 33667749, 33668278, 0.20799597, 0.13561440, 5.06349182, 4.96176863
6629, 33668749, 33669278, 0.21120745, 0.14019203, 4.96825409, 4.66634607
6630, 33669749, 33670274, 0.21432163, 0.14438820, 4.84127045, 4.63211584
6631, 33670749, 33671277, 0.21733730, 0.14858437, 4.71428680, 4.46389627
6632, 33671749, 33672277, 0.22025344, 0.15239906, 4.55555725, 4.36058760
6633, 33672749, 33673275, 0.22306983, 0.15659618, 4.42857361, 4.14994526
6634, 33673749, 33674275, 0.22578537, 0.16041088, 4.33333588, 4.16814899
6635, 33674749, 33675279, 0.22839771, 0.16460705, 4.20635223, 4.03176260
6636, 33675749, 33676279, 0.23090655, 0.16765881, 4.07936859, 4.09520102
6637, 33676749, 33677278, 0.23331074, 0.17147350, 3.98412323, 3.69256806
6638, 33677749, 33678276, 0.23560841, 0.17490673, 3.85713959, 3.73969412
6639, 33678749, 33679274, 0.23779815, 0.17795849, 3.79364777, 3.62143803
6640, 33679749, 33680276, 0.23987797, 0.18139172, 3.69841003, 3.40161586
6641, 33680749, 33681278, 0.24184635, 0.18444347, 3.60317230, 3.41381383
6642, 33681749, 33682274, 0.24370177, 0.18749523, 3.50793457, 3.27410746
6643, 33682749, 33683275, 0.24544333, 0.19092846, 3.41269684, 3.18830967
6644, 33683749, 33684273, 0.24707022, 0.19398022, 3.31745911, 3.28281617
6645, 33684749, 33685275, 0.24858205, 0.19703197, 3.22222137, 3.19365764
6646, 33685749, 33686281, 0.24997818, 0.20008373, 3.19047546, 3.13890266
6647, 33686749, 33687275, 0.25125682, 0.20275402, 3.09523773, 3.10527611
6648, 33687749, 33688271, 0.25241670, 0.20542431, 3.00000000, 2.93742752
6649, 33688749, 33689274, 0.25345716, 0.20809460, 2.93650818, 2.83434653
6650, 33689749, 33690272, 0.25437650, 0.21038342, 2.87301636, 2.77104115
6651, 33690749, 33691274, 0.25517365, 0.21305370, 2.84127045, 2.58496618
6652, 33691749, 33692270, 0.25584766, 0.21572399, 2.74603271, 2.61788940
6653, 33692749, 33693274, 0.25639808, 0.21801281, 2.68254089, 2.63810849
6654, 33693749, 33694272, 0.25682476, 0.22030258, 2.61904907, 2.50332808
6655, 33694749, 33695273, 0.25712866, 0.22297287, 2.55555725, 2.42092323
6656, 33695749, 33696273, 0.25730962, 0.22488022, 2.49206543, 2.51714563
6657, 33696749, 33697269, 0.25736836, 0.22678757, 2.46031952, 2.28184342
6658, 33697749, 33698271, 0.25730616, 0.22907639, 2.36508179, 2.13733721
6659, 33698749, 33699269, 0.25712490, 0.23060226, 2.23809814, 2.19578910
6660, 33699749, 33700270, 0.25682613, 0.23250961, 2.17460632, 1.93729115
6661, 33700749, 33701274, 0.25641131, 0.23441696, 2.07936859, 1.92573714
6662, 33701749, 33702274, 0.25588164, 0.23556137, 1.98412323, 1.91864157
6663, 33702749, 33703272, 0.25523937, 0.23746872, 1.88888550, 1.61988890
6664, 33703749, 33704270, 0.25448611, 0.23861313, 1.79364777, 1.73081088
6665, 33704749, 33705270, 0.25362402, 0.23975754, 1.66666412, 1.50453627
6666, 33705749, 33706272, 0.25265571, 0.24090195, 1.57142639, 1.36557424
6667, 33706749, 33707275, 0.25158665, 0.24166489, 1.47618866, 1.28023350
6668, 33707749, 33708273, 0.25042158, 0.24280930, 1.38095093, 1.08062553
6669, 33708749, 33709271, 0.24916460, 0.24357224, 1.28571320, 1.10523772
6670, 33709749, 33710273, 0.24782197, 0.24433517, 1.15872955, 0.97315526
6671, 33710749, 33711273, 0.24639753, 0.24471664, 1.03174591, 0.89203942
6672, 33711749, 33712272, 0.24489686, 0.24509811, 0.93650818, 0.69502610
6673, 33712749, 33713272, 0.24332482, 0.24547958, 0.80952454, 0.57403427
6674, 33713749, 33714282, 0.24168679, 0.24586105, 0.68254089, 0.49972948
6675, 33714749, 33715268, 0.23998828, 0.24586105, 0.58730316, 0.45409665
6676, 33715749, 33716284, 0.23823476, 0.24586105, 0.46031952, 0.27887458
6677, 33716749, 33717281, 0.23643164, 0.24547958, 0.36508179, 0.17126536
6678, 33717749, 33718271, 0.23458397, 0.24547958, 0.23809814, -0.04201828
6679, 33718749, 33719269, 0.23269561, 0.24509811, 0.14286041, -0.02580470
6680, 33719749, 33720273, 0.23077056, 0.24471664, -0.01587677, -0.16304499
6681, 33720749, 33721271, 0.22881390, 0.24433517, -0.11111450, -0.24732843
6682, 33721749, 33722281, 0.22683017, 0.24357224, -0.20635223, -0.29908946
6683, 33722749, 33723268, 0.22482313, 0.24280930, -0.30158997, -0.47807506
6684, 33723749, 33724266, 0.22279537, 0.24166489, -0.42857361, -0.58799553
6685, 33724749, 33725278, 0.22074863, 0.24128342, -0.52381134, -0.80269861
6686, 33725749, 33726266, 0.21868467, 0.24013901, -0.61904907, -0.64015919
6687, 33726749, 33727282, 0.21660531, 0.23899460, -0.68254089, -0.83473396
6688, 33727749, 33728266, 0.21451031, 0.23785019, -0.77777863, -0.95422822
6689, 33728749, 33729267, 0.21239917, 0.23670578, -0.87301636, -1.02761328
6690, 33729749, 33730277, 0.21027116, 0.23517990, -0.96825409, -1.07268131
6691, 33730749, 33731279, 0.20812465, 0.23403549, -1.03174591, -1.24755645
6692, 33731749, 33732281, 0.20595834, 0.23250961, -1.09523773, -1.20775509
6693, 33732749, 33733277, 0.20376936, 0.23098373, -1.19047546, -1.33050942
6694, 33733749, 33734276, 0.20155463, 0.22945786, -1.25396729, -1.40589654
6695, 33734749, 33735282, 0.19931178, 0.22793198, -1.34920502, -1.45219409
6696, 33735749, 33736280, 0.19703813, 0.22640610, -1.41269684, -1.48062682
6697, 33736749, 33737276, 0.19473192, 0.22449875, -1.44444275, -1.49808824
6698, 33737749, 33738278, 0.19238968, 0.22297287, -1.50793839, -1.65600944
6699, 33738749, 33739275, 0.19000834, 0.22106552, -1.57143021, -1.60579610
6700, 33739749, 33740275, 0.18758473, 0.21877670, -1.66666794, -1.72215593
6701, 33740749, 33741275, 0.18511614, 0.21724987, -1.69841385, -1.94081378
6702, 33741749, 33742277, 0.18260109, 0.21534252, -1.76190567, -1.78107107
6703, 33742749, 33743275, 0.18003890, 0.21305370, -1.79365158, -1.82979774
6704, 33743749, 33744277, 0.17742628, 0.21114635, -1.82539749, -2.00691986
6705, 33744749, 33745278, 0.17476070, 0.20923901, -1.88888931, -1.96849835
6706, 33745749, 33746282, 0.17204148, 0.20733166, -1.92063522, -1.94490254
6707, 33746749, 33747280, 0.16926846, 0.20504284, -1.95238113, -1.93041170
6708, 33747749, 33748278, 0.16644023, 0.20313549, -1.95238113, -2.06871009
6709, 33748749, 33749278, 0.16355544, 0.20084667, -1.98412704, -2.00644565
6710, 33749749, 33750284, 0.16061267, 0.19893932, -2.01587296, -2.11540461
6711, 33750749, 33751281, 0.15761200, 0.19703197, -2.04761887, -2.03512216
6712, 33751749, 33752281, 0.15455264, 0.19436169, -2.07936478, -1.98581815
6713, 33752749, 33753277, 0.15143441, 0.19245434, -2.11111069, -2.24993420
6714, 33753749, 33754275, 0.14825609, 0.19016552, -2.14285660, -2.11774087
6715, 33754749, 33755277, 0.14501609, 0.18787670, -2.14285660, -2.18375444
6716, 33755749, 33756277, 0.14171363, 0.18558788, -2.17460251, -2.22429538
6717, 33756749, 33757276, 0.13834824, 0.18329906, -2.23809433, -2.24919271
6718, 33757749, 33758272, 0.13491976, 0.18101025, -2.23809433, -2.26448298
6719, 33758749, 33759272, 0.13142675, 0.17795849, -2.30158615, -2.27387333
6720, 33759749, 33760272, 0.12786792, 0.17566967, -2.33333206, -2.57403541
6721, 33760749, 33761274, 0.12424205, 0.17299938, -2.42856979, -2.46397901
6722, 33761749, 33762274, 0.12054900, 0.17032909, -2.46031570, -2.54358721
6723, 33762749, 33763279, 0.11678818, 0.16727734, -2.52381134, -2.59247732
6724, 33763749, 33764279, 0.11295852, 0.16460705, -2.55555725, -2.76969981
6725, 33764749, 33765271, 0.10905983, 0.16193676, -2.61904907, -2.73133969
6726, 33765749, 33766275, 0.10509069, 0.15926647, -2.68254089, -2.70778155
6727, 33766749, 33767273, 0.10104991, 0.15621376, -2.74603271, -2.69331384
6728, 33767749, 33768280, 0.09693777, 0.15354347, -2.77777863, -2.83199453
6729, 33768749, 33769276, 0.09275266, 0.15049171, -2.77777863, -2.76959705
6730, 33769749, 33770278, 0.08849499, 0.14743996, -2.80952454, -2.87847447
6731, 33770749, 33771270, 0.08416384, 0.14438820, -2.87301636, -2.94533920
6732, 33771749, 33772278, 0.07975883, 0.14133644, -2.93650818, -2.98640299
6733, 33772749, 33773276, 0.07527927, 0.13790321, -2.93650818, -3.01162148
6734, 33773749, 33774284, 0.07072497, 0.13485146, -3.00000000, -3.17430663
6735, 33774749, 33775273, 0.06609609, 0.13179970, -3.03174591, -3.12701869
6736, 33775749, 33776269, 0.06139263, 0.12836647, -3.09523773, -3.09797764
6737, 33776749, 33777279, 0.05661469, 0.12455177, -3.15872955, -3.22734046
6738, 33777749, 33778269, 0.05176364, 0.12111855, -3.22222137, -3.45398355
6739, 33778749, 33779279, 0.04684008, 0.11730385, -3.31745911, -3.44597435
6740, 33779749, 33780274, 0.04184389, 0.11387062, -3.34920502, -3.58825326
6741, 33780749, 33781276, 0.03677658, 0.11043739, -3.41269684, -3.52843356
6742, 33781749, 33782274, 0.03163983, 0.10662270, -3.44444275, -3.49169636
6743, 33782749, 33783282, 0.02643554, 0.10318947, -3.50793839, -3.61633253
6744, 33783749, 33784286, 0.02116572, 0.09937477, -3.57143021, -3.54567814
6745, 33784749, 33785269, 0.01583303, 0.09556007, -3.60317612, -3.64948440
6746, 33785749, 33786277, 0.01043860, 0.09136295, -3.69841385, -3.71323514
6747, 33786749, 33787273, 0.00498528, 0.08716679, -3.73015976, -3.89995170
6748, 33787749, 33788273, -0.00052436, 0.08297062, -3.82539749, -4.01425219
6749, 33788749, 33789271, -0.00608859, 0.07839298, -3.92063522, -4.08444738
6750, 33789749, 33790273, -0.01170603, 0.07419682, -4.01587296, -4.27475405
6751, 33790749, 33791274, -0.01737486, 0.06961918, -4.11111069, -4.24442959
6752, 33791749, 33792270, -0.02309155, 0.06542301, -4.20634842, -4.37300396
6753, 33792749, 33793274, -0.02885316, 0.06084538, -4.30158615, -4.30476809
6754, 33793749, 33794276, -0.03465790, 0.05588627, -4.36507797, -4.41005993
6755, 33794749, 33795276, -0.04050306, 0.05130863, -4.42856979, -4.62192011
6756, 33795749, 33796272, -0.04638721, 0.04673100, -4.49206161, -4.60483265
6757, 33796749, 33797277, -0.05230867, 0.04139042, -4.55555725, -4.59433842
6758, 33797749, 33798285, -0.05826588, 0.03681278, -4.61904907, -4.88228893
6759, 33798749, 33799277, -0.06425710, 0.03147221, -4.71428680, -4.76473284
6760, 33799749, 33800273, -0.07028156, 0.02651215, -4.77777863, -4.98693323
6761, 33800749, 33801281, -0.07633669, 0.02155304, -4.84127045, -4.97656345
6762, 33801749, 33802270, -0.08242110, 0.01621246, -4.93650818, -4.96982718
6763, 33802749, 33803278, -0.08853465, 0.01087189, -5.00000000, -5.11288786
6764, 33803749, 33804282, -0.09467570, 0.00514984, -5.06349182, -5.20074558
6765, 33804749, 33805280, -0.10084283, 0.00019073, -5.12698364, -5.40189934
6766, 33805749, 33806268, -0.10703602, -0.00514984, -5.22222137, -5.23103857
6767, 33806749, 33807276, -0.11325548, -0.01087189, -5.25396729, -5.27330542
6768, 33807749, 33808273, -0.11949975, -0.01621246, -5.28571320, -5.44646072
6769, 33808749, 33809279, -0.12576769, -0.02155304, -5.34920502, -5.40560341
6770, 33809749, 33810273, -0.13205874, -0.02727509, -5.38095093, -5.38051128
6771, 33810749, 33811277, -0.13837244, -0.03299809, -5.44444275, -5.51229906
6772, 33811749, 33812275, -0.14470707, -0.03872013, -5.50793839, -5.59360170
6773, 33812749, 33813274, -0.15106264, -0.04444218, -5.53968430, -5.64316463
6774, 33813749, 33814282, -0.15743884, -0.05016422, -5.57143021, -5.67360258
6775, 33814749, 33815276, -0.16383514, -0.05588627, -5.60317612, -5.69229555
6776, 33815749, 33816276, -0.17025103, -0.06160831, -5.66666794, -5.70377541
6777, 33816749, 33817274, -0.17668557, -0.06771183, -5.69841385, -5.71082544
6778, 33817749, 33818275, -0.18313891, -0.07343388, -5.73015976, -5.86235237
6779, 33818749, 33819271, -0.18960944, -0.07953739, -5.76190567, -5.80821228
6780, 33819749, 33820273, -0.19609666, -0.08525944, -5.82539749, -5.92216110
6781, 33820749, 33821275, -0.20259982, -0.09136295, -5.85714340, -5.84494257
6782, 33821749, 33822277, -0.20911764, -0.09746742, -5.88888931, -5.94471788
6783, 33822749, 33823271, -0.21565029, -0.10318947, -5.92063522, -6.00636101
6784, 33823749, 33824272, -0.22219922, -0.10929298, -5.92063522, -5.89665222
6785, 33824749, 33825274, -0.22876117, -0.11539650, -5.98412704, -5.97647476
6786, 33825749, 33826276, -0.23533380, -0.12150002, -6.01587296, -6.02549601
6787, 33826749, 33827276, -0.24191640, -0.12760353, -6.04761887, -6.05560112
6788, 33827749, 33828280, -0.24850638, -0.13370705, -6.04761887, -6.07409000
6789, 33828749, 33829276, -0.25510332, -0.13981056, -6.07936478, -6.08544445
6790, 33829749, 33830279, -0.26170492, -0.14629555, -6.11111069, -6.09241772
6791, 33830749, 33831279, -0.26831010, -0.15239906, -6.11111069, -6.24389744
6792, 33831749, 33832277, -0.27491695, -0.15850353, -6.14285660, -6.18972874
6793, 33832749, 33833275, -0.28152344, -0.16460705, -6.17460251, -6.15682983
6794, 33833749, 33834275, -0.28812745, -0.17109203, -6.17460251, -6.13625765
6795, 33834749, 33835276, -0.29472697, -0.17757702, -6.26984024, -6.27082109
6796, 33835749, 33836272, -0.30131859, -0.18368053, -6.23809433, -6.35346079
6797, 33836749, 33837276, -0.30789939, -0.19016552, -6.23809433, -6.25701427
6798, 33837749, 33838274, -0.31446767, -0.19665051, -6.30158615, -6.34498119
6799, 33838749, 33839274, -0.32102278, -0.20275402, -6.33333206, -6.39900446
6800, 33839749, 33840275, -0.32756078, -0.20923901, -6.33333206, -6.28498411
6801, 33840749, 33841271, -0.33407828, -0.21572399, -6.33333206, -6.36215878
6802, 33841749, 33842273, -0.34057128, -0.22220993, -6.36507797, -6.40955353
6803, 33842749, 33843273, -0.34703755, -0.22831345, -6.30158615, -6.43902826
6804, 33843749, 33844273, -0.35347518, -0.23479843, -6.46031570, -6.30956411
6805, 33844749, 33845271, -0.35988119, -0.24128342, -6.42856979, -6.37725401
6806, 33845749, 33846274, -0.36625400, -0.24776840, -6.39682388, -6.41882467
6807, 33846749, 33847274, -0.37259141, -0.25425339, -6.39682388, -6.44435406
6808, 33847749, 33848270, -0.37889224, -0.26073837, -6.42856979, -6.46003246
6809, 33848749, 33849272, -0.38515392, -0.26684189, -6.42856979, -6.46966076
6810, 33849749, 33850272, -0.39137647, -0.27332687, -6.42856979, -6.32837677
6811, 33850749, 33851272, -0.39755678, -0.27981186, -6.42856979, -6.38880730
6812, 33851749, 33852271, -0.40369368, -0.28629780, -6.52381134, -6.42591953
6813, 33852749, 33853277, -0.40978754, -0.29278278, -6.49206161, -6.44907904
6814, 33853749, 33854273, -0.41583791, -0.29926777, -6.46031570, -6.46293449
6815, 33854749, 33855267, -0.42184526, -0.30575275, -6.46031570, -6.47144318
6816, 33855749, 33856267, -0.42781070, -0.31185627, -6.46031570, -6.47666883
6817, 33856749, 33857268, -0.43373501, -0.31834126, -6.42856979, -6.33268023
6818, 33857749, 33858272, -0.43961886, -0.32482624, -6.52381134, -6.39145041
6819, 33858749, 33859268, -0.44546303, -0.33131123, -6.46031570, -6.42754269
6820, 33859749, 33860270, -0.45127150, -0.33741474, -6.26984024, -6.44970798
6821, 33860749, 33861270, -0.45704392, -0.34390068, -6.46031570, -6.31612301
6822, 33861749, 33862269, -0.46277854, -0.35000420, -6.42856979, -6.38164949
6823, 33862749, 33863271, -0.46847442, -0.35648918, -6.39682388, -6.27432585
6824, 33863749, 33864267, -0.47412962, -0.36297417, -6.36507797, -6.35561323
6825, 33864749, 33865269, -0.47974142, -0.36945915, -6.36507797, -6.40553427
6826, 33865749, 33866267, -0.48530623, -0.37556267, -6.26984024, -6.43619204
6827, 33866749, 33867269, -0.49081492, -0.38166618, -6.30158615, -6.30782223
6828, 33867749, 33868272, -0.49625775, -0.38815117, -6.30158615, -6.22898674
6829, 33868749, 33869266, -0.50161803, -0.39425468, -6.20634842, -6.32776880
6830, 33869749, 33870278, -0.50687635, -0.39997673, -6.23809433, -6.24123621
6831, 33870749, 33871264, -0.51200598, -0.40608025, -6.23809433, -6.04089642
6832, 33871749, 33872266, -0.51697665, -0.41218472, -6.20634842, -6.06505966
6833, 33872749, 33873278, -0.52174640, -0.41790676, -6.17460251, -6.08026648
6834, 33873749, 33874263, -0.52627516, -0.42439175, -6.17460251, -5.94203997
6835, 33874749, 33875279, -0.53050739, -0.43049526, -6.11111069, -6.15154648
6836, 33875749, 33876261, -0.53438890, -0.43621731, -6.17460251, -6.13301277
6837, 33876749, 33877263, -0.53785259, -0.44232082, -6.11111069, -5.97443295
6838, 33877749, 33878281, -0.54081905, -0.44804287, -6.07936478, -6.02424240
6839, 33878749, 33879278, -0.54322374, -0.45414639, -6.04761887, -5.90763378
6840, 33879749, 33880278, -0.54500258, -0.46024990, -6.04761887, -5.98321867
6841, 33880749, 33881280, -0.54611331, -0.46559048, -6.01587296, -6.02963734
6842, 33881749, 33882276, -0.54653585, -0.47093201, -5.95238113, -5.76374960
6843, 33882749, 33883262, -0.54626697, -0.47627258, -5.85714340, -5.60082817
6844, 33883749, 33884270, -0.54531926, -0.48161316, -5.69841385, -5.50040483
6845, 33884749, 33885273, -0.54372364, -0.48657227, -5.66666794, -5.43873167
6846, 33885749, 33886273, -0.54153365, -0.49153137, -5.53968430, -5.25365877
6847, 33886749, 33887271, -0.53881836, -0.49572754, -5.38095093, -5.13999987
6848, 33887749, 33888277, -0.53567201, -0.49992371, -5.22222137, -4.77580357
6849, 33888749, 33889275, -0.53217983, -0.50373840, -5.00000000, -4.55213928
6850, 33889749, 33890275, -0.52842766, -0.50755310, -4.74603271, -4.26758289
6851, 33890749, 33891274, -0.52447951, -0.51060486, -4.52381134, -4.09282780
6852, 33891749, 33892278, -0.52037311, -0.51327515, -4.23809433, -3.69111061
6853, 33892749, 33893278, -0.51613677, -0.51556396, -3.95238113, -3.29720640
6854, 33893749, 33894276, -0.51178092, -0.51747131, -3.63492203, -2.90810013
6855, 33894749, 33895276, -0.50731087, -0.51899719, -3.28571320, -2.52194047
6856, 33895749, 33896274, -0.50272661, -0.52052307, -2.90476227, -2.13759065
6857, 33896749, 33897273, -0.49801856, -0.52128601, -2.52381134, -1.90154970
6858, 33897749, 33898277, -0.49317440, -0.52128601, -2.14285660, -1.46219468
6859, 33898749, 33899277, -0.48817846, -0.52128601, -1.76190567, -0.89797825
6860, 33899749, 33900277, -0.48301640, -0.52090454, -1.34920502, -0.55147576
6861, 33900749, 33901279, -0.47767162, -0.52014160, -0.93650818, -0.19148052
6862, 33901749, 33902273, -0.47213265, -0.51899719, -0.52381134, 0.17680109
6863, 33902749, 33903274, -0.46638927, -0.51747131, -0.14286041, 0.55017155
6864, 33903749, 33904276, -0.46043926, -0.51556396, 0.20635223, 0.92666733
6865, 33904749, 33905276, -0.45428425, -0.51365662, 0.58730316, 1.30508244
6866, 33905749, 33906274, -0.44793645, -0.51098633, 0.93650818, 1.53747869
6867, 33906749, 33907272, -0.44141108, -0.50869751, 1.28571320, 1.97459543
6868, 33907749, 33908273, -0.43472740, -0.50564575, 1.60317230, 2.09584451
6869, 33908749, 33909275, -0.42790815, -0.50259399, 1.88888550, 2.46470237
6870, 33909749, 33910273, -0.42097649, -0.49954224, 2.14286041, 2.69122910
6871, 33910749, 33911273, -0.41395274, -0.49572754, 2.39682770, 2.83034611
6872, 33911749, 33912269, -0.40686014, -0.49191284, 2.71428680, 3.21017718
6873, 33912749, 33913273, -0.39971715, -0.48771667, 2.96825409, 3.44344306
6874, 33913749, 33914277, -0.39254123, -0.48352051, 3.22222137, 3.73389649
6875, 33914749, 33915270, -0.38534671, -0.47894287, 3.47618866, 3.91227269
6876, 33915749, 33916270, -0.37814453, -0.47398376, 3.69841003, 4.16901636
6877, 33916749, 33917270, -0.37094417, -0.46940613, 3.95237732, 4.47388792
6878, 33917749, 33918270, -0.36375305, -0.46406460, 4.20635223, 4.51392126
6879, 33918749, 33919268, -0.35657617, -0.45872402, 4.39682770, 4.83327007
6880, 33919749, 33920271, -0.34941548, -0.45338345, 4.61904907, 5.02902412
6881, 33920749, 33921271, -0.34227386, -0.44766140, 4.84127045, 5.14924288
6882, 33921749, 33922269, -0.33515093, -0.44155788, 5.03174591, 5.37027025
6883, 33922749, 33923269, -0.32804573, -0.43583584, 5.19047546, 5.65320730
6884, 33923749, 33924267, -0.32095736, -0.42973232, 5.38095093, 5.67976999
6885, 33924749, 33925271, -0.31388155, -0.42401028, 5.53968048, 5.84328032
6886, 33925749, 33926272, -0.30681783, -0.41752529, 5.66666412, 5.79649973
6887, 33926749, 33927272, -0.29976019, -0.41142178, 5.82539368, 6.06216574
6888, 33927749, 33928274, -0.29270750, -0.40493584, 5.92063141, 6.07812119
6889, 33928749, 33929268, -0.28565753, -0.39845085, 6.01587677, 6.23548555
6890, 33929749, 33930276, -0.27860919, -0.39158440, 6.14286041, 6.33175993
6891, 33930749, 33931276, -0.27156165, -0.38509941, 6.23809814, 6.53808260
6892, 33931749, 33932277, -0.26451421, -0.37823296, 6.33333588, 6.51759434
6893, 33932749, 33933275, -0.25746742, -0.37136650, 6.42857361, 6.65220928
6894, 33933749, 33934273, -0.25042149, -0.36488152, 6.52381134, 6.73488045
6895, 33934749, 33935271, -0.24337931, -0.35801506, 6.58730316, 6.63845348
6896, 33935749, 33936271, -0.23634413, -0.35114861, 6.65079498, 6.72643280
6897, 33936749, 33937273, -0.22931802, -0.34428215, 6.68254089, 6.78046322
6898, 33937749, 33938274, -0.22230251, -0.33741474, 6.71428680, 6.81364489
6899, 33938749, 33939274, -0.21529984, -0.33054829, 6.74603271, 6.83439064
6900, 33939749, 33940280, -0.20831223, -0.32368183, 6.74603271, 6.84676361
6901, 33940749, 33941278, -0.20134243, -0.31681538, 6.77777863, 6.85436201
6902, 33941749, 33942278, -0.19439141, -0.30994892, 6.80952454, 6.85902834
6903, 33942749, 33943275, -0.18746197, -0.30308247, 6.80952454, 6.86189413
6904, 33943749, 33944283, -0.18055819, -0.29583454, 6.84127045, 6.86365414
6905, 33944749, 33945277, -0.17368208, -0.28934956, 6.87301636, 7.01193237
6906, 33945749, 33946271, -0.16683757, -0.28210163, 6.87301636, 6.80859947
6907, 33946749, 33947271, -0.16002613, -0.27561569, 6.87301636, 6.97812176
6908, 33947749, 33948274, -0.15325269, -0.26874924, 6.87301636, 6.78820324
6909, 33948749, 33949272, -0.14652129, -0.26188278, 6.87301636, 6.81839848
6910, 33949749, 33950282, -0.13983233, -0.25501633, 6.84127045, 6.83694220
6911, 33950749, 33951278, -0.13318795, -0.24814987, 6.84127045, 6.84833050
6912, 33951749, 33952280, -0.12658784, -0.24128342, 6.84127045, 6.85532427
6913, 33952749, 33953274, -0.12003190, -0.23441696, 6.84127045, 6.85961914
6914, 33953749, 33954273, -0.11352081, -0.22793198, 6.80952454, 6.86225700
6915, 33954749, 33955277, -0.10705350, -0.22068405, 6.80952454, 6.71667910
6916, 33955749, 33956279, -0.10062950, -0.21419811, 6.80952454, 6.92167044
6917, 33956749, 33957269, -0.09424990, -0.20771313, 6.77777863, 6.75353479
6918, 33957749, 33958281, -0.08791462, -0.20046520, 6.77777863, 6.64990997
6919, 33958749, 33959278, -0.08162286, -0.19398022, 6.74603271, 6.88066578
6920, 33959749, 33960276, -0.07537431, -0.18711376, 6.74603271, 6.72798491
6921, 33960749, 33961278, -0.06917127, -0.18024731, 6.74603271, 6.78141642
6922, 33961749, 33962278, -0.06301311, -0.17376232, 6.74603271, 6.81423044
6923, 33962749, 33963276, -0.05689959, -0.16689587, 6.71428680, 6.68718481
6924, 33963749, 33964272, -0.05082954, -0.16041088, 6.71428680, 6.75635958
6925, 33964749, 33965281, -0.04480360, -0.15354347, 6.71428680, 6.65164471
6926, 33965749, 33966277, -0.03882040, -0.14705849, 6.71428680, 6.73490143
6927, 33966749, 33967275, -0.03288016, -0.14057350, 6.68254089, 6.63846636
6928, 33967749, 33968277, -0.02698157, -0.13408852, 6.68254089, 6.57924271
6929, 33968749, 33969279, -0.02112460, -0.12760353, 6.61904907, 6.54287148
6930, 33969749, 33970274, -0.01531090, -0.12111855, 6.58730316, 6.52053499
6931, 33970749, 33971278, -0.00954132, -0.11463356, 6.52381134, 6.50681782
6932, 33971749, 33972276, -0.00381422, -0.10814857, 6.49206543, 6.49839306
6933, 33972749, 33973276, 0.00186931, -0.10204506, 6.42857361, 6.49321938
6934, 33973749, 33974276, 0.00750863, -0.09594154, 6.42857361, 6.34284496
6935, 33974749, 33975272, 0.01310288, -0.08983707, 6.36508179, 6.25049543
6936, 33975749, 33976273, 0.01865092, -0.08335209, 6.30158997, 6.19414806
6937, 33976749, 33977279, 0.02415003, -0.07724857, 6.26984406, 6.30637312
6938, 33977749, 33978275, 0.02959793, -0.07152653, 6.20635223, 6.22809649
6939, 33978749, 33979273, 0.03499207, -0.06542301, 6.20635223, 6.03282690
6940, 33979749, 33980275, 0.04033016, -0.05931950, 6.14286041, 6.06010342
6941, 33980749, 33981276, 0.04561081, -0.05359745, 6.11111450, 6.07685518
6942, 33981749, 33982284, 0.05083017, -0.04787540, 6.04762268, 5.93994522
6943, 33982749, 33983272, 0.05598542, -0.04215336, 5.98412323, 5.85586452
6944, 33983749, 33984274, 0.06107414, -0.03681278, 5.92063141, 5.80422783
6945, 33984749, 33985278, 0.06609306, -0.03070831, 5.85713959, 5.62531900
6946, 33985749, 33986274, 0.07103914, -0.02536774, 5.82539368, 5.81020832
6947, 33986749, 33987275, 0.07590955, -0.01964569, 5.73015594, 5.62899160
6948, 33987749, 33988273, 0.08070196, -0.01430511, 5.66666412, 5.66489840
6949, 33988749, 33989273, 0.08541356, -0.00858307, 5.63491821, 5.53975201
6950, 33989749, 33990271, 0.09004236, -0.00362396, 5.57142639, 5.61009359
6951, 33990749, 33991277, 0.09458525, 0.00133514, 5.50793457, 5.35889769
6952, 33991749, 33992274, 0.09904023, 0.00705719, 5.44444275, 5.20463037
6953, 33992749, 33993274, 0.10340408, 0.01201630, 5.38095093, 5.40428543
6954, 33993749, 33994272, 0.10767536, 0.01697540, 5.31745911, 5.23250437
6955, 33994749, 33995272, 0.11185148, 0.02193451, 5.25396729, 5.12700844
6956, 33995749, 33996272, 0.11593065, 0.02689362, 5.22222137, 5.06222010
6957, 33996749, 33997270, 0.11991080, 0.03185368, 5.15872955, 5.02243185
6958, 33997749, 33998275, 0.12378864, 0.03681278, 5.09523773, 4.99836445
6959, 33998749, 33999269, 0.12756179, 0.04177189, 5.03174591, 4.98321581
6960, 33999749, 34000269, 0.13122900, 0.04673100, 4.96825409, 4.97391272
6961, 34000749, 34001273, 0.13478760, 0.05130863, 4.96825409, 4.96819925
6962, 34001749, 34002269, 0.13823758, 0.05588627, 4.90476227, 4.81749296
6963, 34002749, 34003268, 0.14157803, 0.06046391, 4.84127045, 4.72493982
6964, 34003749, 34004268, 0.14480782, 0.06542301, 4.80952454, 4.66809988
6965, 34004749, 34005268, 0.14792711, 0.06961918, 4.74603271, 4.78039026
6966, 34005749, 34006268, 0.15093516, 0.07419682, 4.68254089, 4.55495644
6967, 34006749, 34007272, 0.15383050, 0.07839298, 4.65079498, 4.56370783
6968, 34007749, 34008270, 0.15661152, 0.08258915, 4.58730316, 4.42188501
6969, 34008749, 34009271, 0.15927711, 0.08716679, 4.52381134, 4.33478737
6970, 34009749, 34010269, 0.16182519, 0.09136295, 4.46031952, 4.42849541
6971, 34010749, 34011269, 0.16425501, 0.09556007, 4.39682770, 4.33884668
6972, 34011749, 34012271, 0.16656761, 0.09937477, 4.30158997, 4.28415918
6973, 34012749, 34013281, 0.16875975, 0.10357094, 4.26984406, 4.10300779
6974, 34013749, 34014268, 0.17083269, 0.10738564, 4.23809814, 4.13895512
6975, 34014749, 34015268, 0.17278679, 0.11120033, 4.14286041, 4.01383400
6976, 34015749, 34016268, 0.17462237, 0.11501503, 4.11111450, 3.93699312
6977, 34016749, 34017270, 0.17633924, 0.11882973, 4.01587677, 3.88980269
6978, 34017749, 34018268, 0.17793937, 0.12226295, 3.92063141, 3.86082172
6979, 34018749, 34019264, 0.17942464, 0.12569618, 3.85713959, 3.69582629
6980, 34019749, 34020279, 0.18079595, 0.12874794, 3.76190186, 3.59449744
6981, 34020749, 34021267, 0.18205503, 0.13218117, 3.66666412, 3.38507080
6982, 34021749, 34022269, 0.18320209, 0.13523293, 3.57142639, 3.40365314
6983, 34022749, 34023263, 0.18423910, 0.13828468, 3.47618866, 3.26786757
6984, 34023749, 34024275, 0.18516864, 0.14133644, 3.34920502, 3.18447757
6985, 34024749, 34025278, 0.18599296, 0.14438820, 3.25396729, 3.13326502
6986, 34025749, 34026270, 0.18671460, 0.14705849, 3.15872955, 3.10181403
6987, 34026749, 34027280, 0.18733712, 0.14934731, 3.03174591, 2.93530130
6988, 34027749, 34028276, 0.18786165, 0.15163612, 2.93650818, 2.68584323
6989, 34028749, 34029262, 0.18829238, 0.15392494, 2.84127045, 2.53264356
6990, 34029749, 34030262, 0.18863414, 0.15621376, 2.68254089, 2.43855882
6991, 34030749, 34031281, 0.18888988, 0.15812206, 2.55555725, 2.38077855
6992, 34031749, 34032281, 0.18906185, 0.16002941, 2.46031952, 2.19846439
6993, 34032749, 34033275, 0.18915415, 0.16193676, 2.33333588, 2.08613157
6994, 34033749, 34034275, 0.18917044, 0.16422558, 2.23809814, 2.01714468
6995, 34034749, 34035275, 0.18911634, 0.16536999, 2.11111450, 2.12197518
6996, 34035749, 34036281, 0.18899348, 0.16727734, 2.01587677, 1.74476218
6997, 34036749, 34037280, 0.18880719, 0.16842175, 1.88888550, 1.80749929
6998, 34037749, 34038276, 0.18856138, 0.16994762, 1.79364777, 1.55163312
6999, 34038749, 34039278, 0.18826051, 0.17071056, 1.66666412, 1.54169536
7000, 34039749, 34040284, 0.18790731, 0.17185497, 1.57142639, 1.24119711
7001, 34040749, 34041278, 0.18750584, 0.17299938, 1.44444275, 1.20384955
7002, 34041749, 34042282, 0.18706012, 0.17376232, 1.34920502, 1.18091333
7003, 34042749, 34043274, 0.18657382, 0.17452526, 1.22222137, 1.01962996
7004, 34043749, 34044281, 0.18605152, 0.17528820, 1.09523773, 0.92058092
7005, 34044749, 34045279, 0.18549697, 0.17605114, 1.00000000, 0.85975188
7006, 34045749, 34046281, 0.18491364, 0.17681408, 0.93650818, 0.82239491
7007, 34046749, 34047281, 0.18430451, 0.17719555, 0.84127045, 0.79945284
7008, 34047749, 34048277, 0.18367302, 0.17757702, 0.74603271, 0.63816589
7009, 34048749, 34049274, 0.18302114, 0.17757702, 0.68254089, 0.53911465
7010, 34049749, 34050278, 0.18235397, 0.17795849, 0.58730316, 0.33108672
7011, 34050749, 34051278, 0.18167333, 0.17833996, 0.49206543, 0.35052797
7012, 34051749, 34052278, 0.18098190, 0.17833996, 0.46031952, 0.36246744
7013, 34052749, 34053276, 0.18028212, 0.17833996, 0.36508179, 0.22260229
7014, 34053749, 34054276, 0.17957464, 0.17833996, 0.30158997, 0.13670684
7015, 34054749, 34055275, 0.17886007, 0.17833996, 0.23809814, 0.08395583
7016, 34055749, 34056275, 0.17813852, 0.17795849, 0.14286041, 0.05155983
7017, 34056749, 34057275, 0.17741117, 0.17795849, 0.07936859, -0.11553309
7018, 34057749, 34058277, 0.17667599, 0.17757702, 0.01587677, -0.07095239
7019, 34058749, 34059279, 0.17593117, 0.17757702, -0.04762268, -0.19077156
7020, 34059749, 34060273, 0.17517507, 0.17757702, -0.11111450, -0.11715863
7021, 34060749, 34061274, 0.17440556, 0.17719555, -0.14286041, -0.07195068
7022, 34061749, 34062276, 0.17361920, 0.17681408, -0.17460632, -0.19138466
7023, 34062749, 34063282, 0.17281207, 0.17643261, -0.20635223, -0.26473269
7024, 34063749, 34064280, 0.17197968, 0.17605114, -0.26984406, -0.30977795
7025, 34064749, 34065274, 0.17111874, 0.17566967, -0.26984406, -0.33744162
7026, 34065749, 34066274, 0.17022595, 0.17566967, -0.30158997, -0.35443074
7027, 34066749, 34067281, 0.16929787, 0.17490673, -0.30158997, -0.21766670
7028, 34067749, 34068277, 0.16832991, 0.17452526, -0.33333588, -0.42807087
7029, 34068749, 34069279, 0.16731985, 0.17414379, -0.36508179, -0.41008890
7030, 34069749, 34070279, 0.16626638, 0.17376232, -0.36508179, -0.39904565
7031, 34070749, 34071277, 0.16516730, 0.17338085, -0.39682770, -0.39226365
7032, 34071749, 34072277, 0.16402014, 0.17261791, -0.42857361, -0.38809863
7033, 34072749, 34073276, 0.16282265, 0.17223644, -0.46031952, -0.53273827
7034, 34073749, 34074278, 0.16157295, 0.17147350, -0.46031952, -0.47436836
7035, 34074749, 34075284, 0.16026969, 0.17071056, -0.49206543, -0.58571917
7036, 34075749, 34076284, 0.15891138, 0.16994762, -0.58730316, -0.65410304
7037, 34076749, 34077272, 0.15749709, 0.16918468, -0.61904907, -0.69609970
7038, 34077749, 34078285, 0.15602556, 0.16804028, -0.65079498, -0.72189111
7039, 34078749, 34079283, 0.15449679, 0.16727734, -0.71428680, -0.88492799
7040, 34079749, 34080279, 0.15291159, 0.16651440, -0.74603271, -0.83785635
7041, 34080749, 34081277, 0.15126778, 0.16536999, -0.77777863, -0.80894816
7042, 34081749, 34082279, 0.14956523, 0.16460705, -0.84127045, -0.93839234
7043, 34082749, 34083278, 0.14780438, 0.16384411, -0.87301636, -0.87069041
7044, 34083749, 34084276, 0.14598618, 0.16269970, -0.87301636, -0.82911259
7045, 34084749, 34085278, 0.14410953, 0.16193676, -0.90476227, -0.95077598
7046, 34085749, 34086276, 0.14217578, 0.16079235, -0.90476227, -0.87829560
7047, 34086749, 34087274, 0.14018582, 0.16002941, -0.93650818, -0.98098075
7048, 34087749, 34088272, 0.13814148, 0.15888500, -0.93650818, -0.89684528
7049, 34088749, 34089275, 0.13604230, 0.15774059, -0.93650818, -0.99237269
7050, 34089749, 34090273, 0.13389041, 0.15697765, -0.96825409, -1.05103898
7051, 34090749, 34091281, 0.13168702, 0.15583229, -0.96825409, -0.93987018
7052, 34091749, 34092277, 0.12943245, 0.15468788, -1.03174591, -1.01916349
7053, 34092749, 34093275, 0.12712824, 0.15354347, -1.03174591, -1.06749201
7054, 34093749, 34094279, 0.12477501, 0.15239906, -1.06349182, -1.09717202
7055, 34094749, 34095284, 0.12237459, 0.15087318, -1.09523773, -1.11539936
7056, 34095749, 34096284, 0.11992853, 0.14972878, -1.12698364, -1.27379096
7057, 34096749, 34097280, 0.11743724, 0.14782143, -1.22222137, -1.22386646
7058, 34097749, 34098282, 0.11490267, 0.14667702, -1.25396729, -1.48760140
7059, 34098749, 34099270, 0.11232565, 0.14476967, -1.34920502, -1.35517406
7060, 34099749, 34100271, 0.10970715, 0.14324379, -1.38095093, -1.56824136
7061, 34100749, 34101281, 0.10704831, 0.14133644, -1.44444275, -1.55189502
7062, 34101749, 34102275, 0.10435032, 0.13981056, -1.50793839, -1.68905377
7063, 34102749, 34103281, 0.10161428, 0.13790321, -1.57143021, -1.62608957
7064, 34103749, 34104279, 0.09884097, 0.13599586, -1.63492203, -1.73461878
7065, 34104749, 34105282, 0.09603126, 0.13408852, -1.69841385, -1.80127001
7066, 34105749, 34106280, 0.09318630, 0.13179970, -1.76190567, -1.84220243
7067, 34106749, 34107278, 0.09030717, 0.12989235, -1.82539749, -2.01453781
7068, 34107749, 34108280, 0.08739427, 0.12798500, -1.85714340, -1.97317672
7069, 34108749, 34109278, 0.08444773, 0.12569618, -1.92063522, -1.94777560
7070, 34109749, 34110280, 0.08146811, 0.12340736, -1.98412704, -2.07937360
7071, 34110749, 34111275, 0.07845644, 0.12111855, -2.04761887, -2.16019201
7072, 34111749, 34112279, 0.07541108, 0.11882973, -2.11111069, -2.20982504
7073, 34112749, 34113275, 0.07233191, 0.11654091, -2.17460251, -2.24030614
7074, 34113749, 34114279, 0.06921893, 0.11425209, -2.20634842, -2.25902557
7075, 34114749, 34115275, 0.06607198, 0.11196327, -2.20634842, -2.27052164
7076, 34115749, 34116277, 0.06289075, 0.11005592, -2.23809433, -2.27758169
7077, 34116749, 34117276, 0.05967453, 0.10700417, -2.30158615, -2.13472009
7078, 34117749, 34118278, 0.05642359, 0.10471535, -2.30158615, -2.48857689
7079, 34118749, 34119278, 0.05313668, 0.10242653, -2.36507797, -2.41149616
7080, 34119749, 34120276, 0.04981230, 0.09937477, -2.39682388, -2.36415863
7081, 34120749, 34121276, 0.04644932, 0.09670448, -2.42856979, -2.62948227
7082, 34121749, 34122271, 0.04304663, 0.09403419, -2.46031570, -2.64522815
7083, 34122749, 34123279, 0.03960272, 0.09136295, -2.52381134, -2.65489793
7084, 34123749, 34124271, 0.03611520, 0.08869267, -2.58730316, -2.66120458
7085, 34124749, 34125277, 0.03258369, 0.08564091, -2.68254089, -2.66470957
7086, 34125749, 34126275, 0.02900516, 0.08258915, -2.74603271, -2.81405973
7087, 34126749, 34127272, 0.02537961, 0.07953739, -2.80952454, -2.90578032
7088, 34127749, 34128276, 0.02170449, 0.07648563, -2.84127045, -2.96210861
7089, 34128749, 34129278, 0.01797799, 0.07343388, -2.87301636, -2.99670148
7090, 34129749, 34130276, 0.01419874, 0.07076359, -2.93650818, -3.01794600
7091, 34130749, 34131274, 0.01036322, 0.06771183, -2.96825409, -2.88379526
7092, 34131749, 34132272, 0.00647089, 0.06427860, -3.00000000, -2.94860697
7093, 34132749, 34133279, 0.00251922, 0.06122684, -3.03174591, -3.13560748
7094, 34133749, 34134279, -0.00149375, 0.05817509, -3.03174591, -3.10325241
7095, 34134749, 34135275, -0.00556891, 0.05512333, -3.06349182, -3.08338237
7096, 34135749, 34136271, -0.00970628, 0.05169010, -3.09523773, -3.07117939
7097, 34136749, 34137273, -0.01390827, 0.04825687, -3.12698364, -3.21088290
7098, 34137749, 34138273, -0.01817607, 0.04520512, -3.15872955, -3.29667902
7099, 34138749, 34139272, -0.02251127, 0.04177189, -3.19047546, -3.20217156
7100, 34139749, 34140272, -0.02691388, 0.03833866, -3.22222137, -3.29132891
7101, 34140749, 34141270, -0.03138527, 0.03490543, -3.28571320, -3.34608340
7102, 34141749, 34142270, -0.03592589, 0.03108978, -3.31745911, -3.37970972
7103, 34142749, 34143272, -0.04053611, 0.02803802, -3.34920502, -3.54792619
7104, 34143749, 34144273, -0.04521596, 0.02460480, -3.38095093, -3.35646987
7105, 34144749, 34145273, -0.04996360, 0.02079010, -3.44444275, -3.38608837
7106, 34145749, 34146269, -0.05477966, 0.01697540, -3.47618866, -3.55147529
7107, 34146749, 34147269, -0.05966255, 0.01316071, -3.50793839, -3.65304470
7108, 34147749, 34148273, -0.06461196, 0.00934601, -3.53968430, -3.71542144
7109, 34148749, 34149272, -0.06962661, 0.00553131, -3.60317612, -3.75372910
7110, 34149749, 34150278, -0.07470328, 0.00133514, -3.66666794, -3.77725482
7111, 34150749, 34151270, -0.07984184, -0.00209808, -3.73015976, -3.93890047
7112, 34151749, 34152270, -0.08504007, -0.00629425, -3.79365158, -3.74377680
7113, 34152749, 34153270, -0.09029591, -0.01010895, -3.98412704, -3.91834044
7114, 34153749, 34154268, -0.09560833, -0.01430511, -3.92063522, -3.87834764
7115, 34154749, 34155271, -0.10097744, -0.01811981, -3.92063522, -4.00098467
7116, 34155749, 34156269, -0.10639890, -0.02231598, -3.98412704, -3.92910194
7117, 34156749, 34157269, -0.11187013, -0.02651215, -4.17460251, -4.03215408
7118, 34157749, 34158269, -0.11738792, -0.03070831, -4.07936478, -4.09544182
7119, 34158749, 34159271, -0.12294852, -0.03528690, -4.11111069, -4.13430834
7120, 34159749, 34160270, -0.12855004, -0.03986454, -4.17460251, -4.30574322
7121, 34160749, 34161270, -0.13418898, -0.04444218, -4.04761887, -4.41065884
7122, 34161749, 34162270, -0.13986163, -0.04901981, -4.26984024, -4.47509050
7123, 34162749, 34163268, -0.14556196, -0.05397892, -4.39682388, -4.51465988
7124, 34163749, 34164266, -0.15128614, -0.05855656, -4.46031570, -4.68615818
7125, 34164749, 34165268, -0.15702641, -0.06351566, -4.39682388, -4.64428282
7126, 34165749, 34166265, -0.16277622, -0.06809330, -4.58730316, -4.76576376
7127, 34166749, 34167267, -0.16852789, -0.07305241, -4.68254089, -4.69317102
7128, 34167749, 34168277, -0.17427470, -0.07801151, -4.74603271, -4.79578733
7129, 34168749, 34169265, -0.18000688, -0.08297062, -4.80952454, -4.85880709
7130, 34169749, 34170267, -0.18571569, -0.08831120, -4.84127045, -4.89750957
7131, 34170749, 34171267, -0.19139056, -0.09327030, -4.90476227, -5.06847572
7132, 34171749, 34172278, -0.19701770, -0.09861183, -4.93650818, -5.02627325
7133, 34172749, 34173278, -0.20258325, -0.10395241, -5.00000000, -5.14792156
7134, 34173749, 34174268, -0.20806935, -0.10891151, -5.06349182, -5.22226095
7135, 34174749, 34175278, -0.21346061, -0.11425209, -5.12698364, -5.12071753
7136, 34175749, 34176262, -0.21873227, -0.11997414, -5.19047546, -5.20555401
7137, 34176749, 34177262, -0.22385989, -0.12531471, -5.25396729, -5.40485239
7138, 34177749, 34178277, -0.22881266, -0.13065529, -5.31745911, -5.38004971
7139, 34178749, 34179277, -0.23356016, -0.13599586, -5.34920502, -5.36481810
7140, 34179749, 34180265, -0.23806301, -0.14171791, -5.38095093, -5.35546350
7141, 34180749, 34181279, -0.24228293, -0.14705849, -5.41269684, -5.49691677
7142, 34181749, 34182267, -0.24618775, -0.15239906, -5.44444275, -5.43658972
7143, 34182749, 34183273, -0.24974014, -0.15812206, -5.44444275, -5.39954090
7144, 34183749, 34184264, -0.25290543, -0.16346264, -5.44444275, -5.52435398
7145, 34184749, 34185280, -0.25564191, -0.16880322, -5.44444275, -5.45343971
7146, 34185749, 34186278, -0.25791690, -0.17414379, -5.44444275, -5.40988922
7147, 34186749, 34187278, -0.25968978, -0.17948437, -5.41269684, -5.38314342
7148, 34187749, 34188278, -0.26093212, -0.18482494, -5.41269684, -5.36671829
7149, 34188749, 34189281, -0.26161987, -0.19016552, -5.41269684, -5.35663080
7150, 34189749, 34190279, -0.26174411, -0.19550610, -5.41269684, -5.35043573
7151, 34190749, 34191275, -0.26130146, -0.20084667, -5.38095093, -5.34663105
7152, 34191749, 34192275, -0.26030442, -0.20580578, -5.31745911, -5.34429455
7153, 34192749, 34193275, -0.25878415, -0.21114635, -5.31745911, -5.19566202
7154, 34193749, 34194276, -0.25680134, -0.21572399, -5.28571320, -5.25157976
7155, 34194749, 34195278, -0.25444302, -0.22068405, -5.22222137, -4.99152613
7156, 34195749, 34196274, -0.25181371, -0.22526169, -5.15872955, -4.97938442
7157, 34196749, 34197278, -0.24899527, -0.22983932, -5.06349182, -4.82436228
7158, 34197749, 34198280, -0.24605036, -0.23327255, -4.90476227, -4.72915840
7159, 34198749, 34199274, -0.24302761, -0.23632431, -4.71428680, -4.22909832
7160, 34199749, 34200275, -0.23997241, -0.23937607, -4.49206161, -3.77479863
7161, 34200749, 34201273, -0.23691373, -0.24204636, -4.20634842, -3.49579906
7162, 34201749, 34202277, -0.23387831, -0.24433517, -3.88888931, -3.17725945
7163, 34202749, 34203273, -0.23088160, -0.24586105, -3.53968430, -2.83443713
7164, 34203749, 34204273, -0.22793618, -0.24700546, -3.15872955, -2.32950449
7165, 34204749, 34205275, -0.22504784, -0.24776840, -2.71428680, -1.87221229
7166, 34205749, 34206275, -0.22221640, -0.24814987, -2.30158615, -1.44417775
7167, 34206749, 34207274, -0.21943979, -0.24814987, -1.85714340, -1.03411102
7168, 34207749, 34208280, -0.21671206, -0.24776840, -1.44444275, -0.63507909
7169, 34208749, 34209276, -0.21402559, -0.24700546, -1.03174591, -0.24282385
7170, 34209749, 34210276, -0.21137077, -0.24586105, -0.61904907, 0.14526957
7171, 34210749, 34211276, -0.20873614, -0.24471664, -0.23809814, 0.53080714
7172, 34211749, 34212275, -0.20611425, -0.24280930, 0.14286041, 0.76757747
7173, 34212749, 34213275, -0.20349644, -0.24128342, 0.49206543, 1.20738041
7174, 34213749, 34214273, -0.20087513, -0.23937607, 0.80952454, 1.33027923
7175, 34214749, 34215273, -0.19824368, -0.23746872, 1.06349182, 1.55295277
7176, 34215749, 34216273, -0.19559886, -0.23556137, 1.31745911, 1.68970323
7177, 34216749, 34217273, -0.19293733, -0.23289108, 1.53968048, 1.77368593
7178, 34217749, 34218274, -0.19025828, -0.23060226, 1.73015594, 2.11965752
7179, 34218749, 34219272, -0.18756147, -0.22793198, 1.88888550, 2.18493152
7180, 34219749, 34220280, -0.18484581, -0.22564316, 2.07936859, 2.37221599
7181, 34220749, 34221280, -0.18211009, -0.22297287, 2.17460632, 2.34003544
7182, 34221749, 34222276, -0.17935130, -0.22030258, 2.30158997, 2.46746993
7183, 34222749, 34223275, -0.17656904, -0.21724987, 2.39682770, 2.54573107
7184, 34223749, 34224269, -0.17376143, -0.21457958, 2.49206543, 2.74135923
7185, 34224749, 34225277, -0.17092663, -0.21190929, 2.55555725, 2.71393514
7186, 34225749, 34226277, -0.16806325, -0.20923901, 2.58730316, 2.69709301
7187, 34226749, 34227275, -0.16517119, -0.20656872, 2.65079498, 2.68674994
7188, 34227749, 34228276, -0.16224945, -0.20389843, 2.68254089, 2.68039775
7189, 34228749, 34229276, -0.15929827, -0.20084667, 2.71428680, 2.67649674
7190, 34229749, 34230284, -0.15631422, -0.19817638, 2.74603271, 2.82129860
7191, 34230749, 34231274, -0.15329608, -0.19550610, 2.74603271, 2.76302838
7192, 34231749, 34232282, -0.15024251, -0.19245434, 2.74603271, 2.72724271
7193, 34232749, 34233270, -0.14715104, -0.18978405, 2.74603271, 2.85246325
7194, 34233749, 34234275, -0.14401938, -0.18711376, 2.77777863, 2.78216743
7195, 34234749, 34235269, -0.14084564, -0.18406200, 2.80952454, 2.73899674
7196, 34235749, 34236279, -0.13762702, -0.18101025, 2.80952454, 2.85968161
7197, 34236749, 34237277, -0.13436164, -0.17833996, 2.77777863, 2.93379807
7198, 34237749, 34238271, -0.13104887, -0.17566967, 2.77777863, 2.83211756
7199, 34238749, 34239275, -0.12768586, -0.17338085, 2.77777863, 2.76967263
7200, 34239749, 34240280, -0.12427298, -0.17071056, 2.77777863, 2.58412576
7201, 34240749, 34241278, -0.12080905, -0.16804028, 2.74603271, 2.61737299
7202, 34241749, 34242270, -0.11729424, -0.16498852, 2.71428680, 2.63779140
7203, 34242749, 34243272, -0.11372750, -0.16231823, 2.68254089, 2.79752827
7204, 34243749, 34244278, -0.11010896, -0.15964794, 2.68254089, 2.74843025
7205, 34244749, 34245279, -0.10644049, -0.15697765, 2.68254089, 2.71827769
7206, 34245749, 34246283, -0.10272419, -0.15430641, 2.68254089, 2.69975996
7207, 34246749, 34247279, -0.09895968, -0.15125465, 2.68254089, 2.68875551
7208, 34247749, 34248277, -0.09514643, -0.14820290, 2.71428680, 2.82882714
7209, 34248749, 34249273, -0.09128275, -0.14553261, 2.74603271, 2.91484928
7210, 34249749, 34250274, -0.08737019, -0.14248085, 2.74603271, 2.82048059
7211, 34250749, 34251276, -0.08341061, -0.13981056, 2.80952454, 2.90972328
7212, 34251749, 34252280, -0.07940170, -0.13675880, 2.84127045, 2.81733251
7213, 34252749, 34253278, -0.07534400, -0.13370705, 2.84127045, 2.90778995
7214, 34253749, 34254274, -0.07123929, -0.13065529, 2.87301636, 2.96334267
7215, 34254749, 34255276, -0.06708825, -0.12760353, 2.90476227, 2.99745941
7216, 34255749, 34256275, -0.06289148, -0.12455177, 2.90476227, 3.01841164
7217, 34256749, 34257277, -0.05865185, -0.12111855, 2.96825409, 3.03127909
7218, 34257749, 34258279, -0.05436963, -0.11806679, 3.00000000, 3.18637896
7219, 34258749, 34259277, -0.05004661, -0.11463356, 3.06349182, 3.13443279
7220, 34259749, 34260277, -0.04568392, -0.11120033, 3.09523773, 3.24972868
7221, 34260749, 34261275, -0.04128405, -0.10776711, 3.15872955, 3.32053542
7222, 34261749, 34262278, -0.03685089, -0.10433388, 3.22222137, 3.36401987
7223, 34262749, 34263278, -0.03238849, -0.10090065, 3.25396729, 3.39072514
7224, 34263749, 34264282, -0.02790194, -0.09746742, 3.34920502, 3.40712571
7225, 34264749, 34265282, -0.02339526, -0.09365177, 3.34920502, 3.41719770
7226, 34265749, 34266272, -0.01887349, -0.08983707, 3.44444275, 3.57094860
7227, 34266749, 34267275, -0.01433985, -0.08602238, 3.50793457, 3.66500378
7228, 34267749, 34268277, -0.00979727, -0.08258915, 3.57142639, 3.72276592
7229, 34268749, 34269275, -0.00524921, -0.07839298, 3.60317230, 3.61104202
7230, 34269749, 34270277, -0.00069870, -0.07457829, 3.66666412, 3.83682394
7231, 34270749, 34271275, 0.00385275, -0.07038212, 3.73015594, 3.82828593
7232, 34271749, 34272274, 0.00840403, -0.06656742, 3.79364777, 3.97024012
7233, 34272749, 34273278, 0.01295349, -0.06237125, 3.85713959, 3.91022086
7234, 34273749, 34274276, 0.01750151, -0.05817509, 3.92063141, 4.02055883
7235, 34274749, 34275276, 0.02204693, -0.05397892, 3.98412323, 4.08832073
7236, 34275749, 34276278, 0.02658858, -0.04978275, 4.01587677, 4.12993526
7237, 34276749, 34277278, 0.03112574, -0.04558659, 4.04762268, 4.15549183
7238, 34277749, 34278275, 0.03565887, -0.04139042, 4.07936859, 4.17118692
7239, 34278749, 34279275, 0.04018697, -0.03681278, 4.11111450, 4.18082571
7240, 34279749, 34280275, 0.04470923, -0.03299809, 4.14286041, 4.33394289
7241, 34280749, 34281273, 0.04922502, -0.02841949, 4.20635223, 4.13358164
7242, 34281749, 34282275, 0.05373285, -0.02422333, 4.23809814, 4.30529690
7243, 34282749, 34283271, 0.05823192, -0.01964569, 4.23809814, 4.26318693
7244, 34283749, 34284274, 0.06272020, -0.01506805, 4.26984406, 4.38452339
7245, 34284749, 34285276, 0.06719680, -0.01087189, 4.26984406, 4.45903969
7246, 34285749, 34286274, 0.07166107, -0.00629425, 4.30158997, 4.35760498
7247, 34286749, 34287274, 0.07611082, -0.00171661, 4.33333588, 4.44250870
7248, 34287749, 34288276, 0.08054336, 0.00247955, 4.36508179, 4.49465036
7249, 34288749, 34289271, 0.08495433, 0.00705719, 4.36508179, 4.37947464
7250, 34289749, 34290277, 0.08934261, 0.01163483, 4.36508179, 4.45593929
7251, 34290749, 34291273, 0.09370625, 0.01583099, 4.42857361, 4.50289869
7252, 34291749, 34292271, 0.09804357, 0.02002716, 4.42857361, 4.38454008
7253, 34292749, 34293277, 0.10235266, 0.02460480, 4.42857361, 4.31185246
7254, 34293749, 34294271, 0.10662906, 0.02880096, 4.42857361, 4.41441059
7255, 34294749, 34295272, 0.11086946, 0.03337955, 4.42857361, 4.33019686
7256, 34295749, 34296272, 0.11507025, 0.03757572, 4.39682770, 4.42604446
7257, 34296749, 34297272, 0.11923017, 0.04215336, 4.36508179, 4.33734179
7258, 34297749, 34298274, 0.12334574, 0.04634953, 4.36508179, 4.43006420
7259, 34298749, 34299272, 0.12741530, 0.05054569, 4.36508179, 4.33981037
7260, 34299749, 34300273, 0.13143608, 0.05512333, 4.36508179, 4.28438282
7261, 34300749, 34301269, 0.13540487, 0.05931950, 4.36508179, 4.39754057
7262, 34301749, 34302273, 0.13931905, 0.06389713, 4.33333588, 4.31983662
7263, 34302749, 34303271, 0.14317720, 0.06847477, 4.33333588, 4.41931391
7264, 34303749, 34304269, 0.14697930, 0.07228947, 4.36508179, 4.48040581
7265, 34304749, 34305269, 0.15072474, 0.07686710, 4.36508179, 4.22352886
7266, 34305749, 34306270, 0.15441154, 0.08106327, 4.33333588, 4.36016846
7267, 34306749, 34307274, 0.15803838, 0.08564091, 4.30158997, 4.29688501
7268, 34307749, 34308268, 0.16160430, 0.08983707, 4.30158997, 4.40521860
7269, 34308749, 34309280, 0.16510914, 0.09365177, 4.26984406, 4.32455206
7270, 34309749, 34310270, 0.16855209, 0.09784889, 4.26984406, 4.12781429
7271, 34310749, 34311271, 0.17193253, 0.10204506, 4.23809814, 4.15455770
7272, 34311749, 34312271, 0.17525032, 0.10624123, 4.20635223, 4.17061329
7273, 34312749, 34313271, 0.17850445, 0.11005592, 4.17460632, 4.18047380
7274, 34313749, 34314283, 0.18169358, 0.11425209, 4.14286041, 4.03933144
7275, 34314749, 34315269, 0.18481839, 0.11844826, 4.14286041, 4.09984922
7276, 34315749, 34316271, 0.18787870, 0.12226295, 4.11111450, 4.13701534
7277, 34316749, 34317284, 0.19087438, 0.12607765, 4.04762268, 4.01264238
7278, 34317749, 34318286, 0.19380397, 0.13027382, 4.01587677, 3.93626118
7279, 34318749, 34319270, 0.19666710, 0.13446999, 4.01587677, 4.03655100
7280, 34319749, 34320268, 0.19946302, 0.13790321, 3.98412323, 4.09814167
7281, 34320749, 34321278, 0.20219161, 0.14209938, 3.98412323, 3.84157157
7282, 34321749, 34322271, 0.20485142, 0.14591408, 3.95237732, 3.97839928
7283, 34322749, 34323277, 0.20744194, 0.14972878, 3.92063141, 3.91523147
7284, 34323749, 34324265, 0.20996206, 0.15354347, 3.88888550, 3.87643838
7285, 34324749, 34325267, 0.21241099, 0.15697765, 3.88888550, 3.85261440
7286, 34325749, 34326265, 0.21478833, 0.16079235, 3.82539368, 3.69115376
7287, 34326749, 34327277, 0.21709259, 0.16460705, 3.79364777, 3.73882556
7288, 34327749, 34328268, 0.21932225, 0.16765881, 3.76190186, 3.76810217
7289, 34328749, 34329280, 0.22147630, 0.17109203, 3.66666412, 3.49168682
7290, 34329749, 34330282, 0.22355370, 0.17452526, 3.60317230, 3.46912932
7291, 34330749, 34331276, 0.22555225, 0.17795849, 3.57142639, 3.45527601
7292, 34331749, 34332276, 0.22747129, 0.18101025, 3.50793457, 3.44676828
7293, 34332749, 34333263, 0.22931129, 0.18406200, 3.41269684, 3.29434586
7294, 34333749, 34334279, 0.23107068, 0.18711376, 3.31745911, 3.20073867
7295, 34334749, 34335275, 0.23274788, 0.19016552, 3.28571320, 3.14325142
7296, 34335749, 34336279, 0.23434187, 0.19283581, 3.12698364, 3.10794687
7297, 34336749, 34337285, 0.23585245, 0.19550610, 3.06349182, 2.93906760
7298, 34337749, 34338277, 0.23727860, 0.19779491, 2.93650818, 2.83535361
7299, 34338749, 34339277, 0.23862022, 0.20046520, 2.84127045, 2.62446237
7300, 34339749, 34340278, 0.23987676, 0.20313549, 2.74603271, 2.64214492
7301, 34340749, 34341272, 0.24104781, 0.20542431, 2.71428680, 2.65300441
7302, 34341749, 34342278, 0.24213357, 0.20771313, 2.58730316, 2.51247621
7303, 34342749, 34343278, 0.24313353, 0.21000195, 2.52381134, 2.42617345
7304, 34343749, 34344272, 0.24404714, 0.21229076, 2.46031952, 2.37317228
7305, 34344749, 34345275, 0.24487458, 0.21419811, 2.36508179, 2.34062266
7306, 34345749, 34346277, 0.24561575, 0.21572399, 2.30158997, 2.17343545
7307, 34346749, 34347275, 0.24626885, 0.21801281, 2.20635223, 1.92356312
7308, 34347749, 34348279, 0.24683316, 0.21915817, 2.07936859, 2.06450415
7309, 34348749, 34349277, 0.24730773, 0.22106552, 1.98412323, 1.70983541
7310, 34349749, 34350279, 0.24769175, 0.22259140, 1.85713959, 1.78604972
7311, 34350749, 34351276, 0.24798477, 0.22411728, 1.76190186, 1.68565774
7312, 34351749, 34352278, 0.24818677, 0.22564316, 1.69841003, 1.62400401
7313, 34352749, 34353276, 0.24829619, 0.22678757, 1.60317230, 1.58614051
7314, 34353749, 34354274, 0.24831310, 0.22793198, 1.50793457, 1.41568995
7315, 34354749, 34355282, 0.24823630, 0.22907639, 1.44444275, 1.31101096
7316, 34355749, 34356275, 0.24806601, 0.23022079, 1.38095093, 1.24672449
7317, 34356749, 34357275, 0.24780203, 0.23136520, 1.28571320, 1.20724416
7318, 34357749, 34358277, 0.24744377, 0.23174667, 1.22222137, 1.18299806
7319, 34358749, 34359275, 0.24699055, 0.23289108, 1.12698364, 0.87371266
7320, 34359749, 34360281, 0.24644329, 0.23365402, 1.03174591, 0.97816622
7321, 34360749, 34361277, 0.24580315, 0.23441696, 0.93650818, 0.89511681
7322, 34361749, 34362274, 0.24507014, 0.23479843, 0.87301636, 0.84411359
7323, 34362749, 34363280, 0.24424537, 0.23556137, 0.80952454, 0.66559339
7324, 34363749, 34364276, 0.24333055, 0.23594284, 0.74603271, 0.70315629
7325, 34364749, 34365272, 0.24232821, 0.23632431, 0.65079498, 0.57902724
7326, 34365749, 34366272, 0.24124083, 0.23670578, 0.58730316, 0.50279582
7327, 34366749, 34367277, 0.24007124, 0.23708725, 0.52381134, 0.45597979
7328, 34367749, 34368273, 0.23882252, 0.23746872, 0.46031952, 0.42722863
7329, 34368749, 34369275, 0.23749670, 0.23785019, 0.42857361, 0.40957168
7330, 34369749, 34370281, 0.23609780, 0.23785019, 0.36508179, 0.39872798
7331, 34370749, 34371273, 0.23462993, 0.23823166, 0.30158997, 0.24487099
7332, 34371749, 34372275, 0.23309630, 0.23823166, 0.26984406, 0.29758027
7333, 34372749, 34373275, 0.23150034, 0.23823166, 0.20635223, 0.18275310
7334, 34373749, 34374280, 0.22984694, 0.23823166, 0.17460632, 0.11223424
7335, 34374749, 34375278, 0.22814143, 0.23785019, 0.11111450, 0.06892647
7336, 34375749, 34376280, 0.22638722, 0.23785019, 0.04762268, -0.10486771
7337, 34376749, 34377274, 0.22458830, 0.23746872, -0.01587677, -0.06440245
7338, 34377749, 34378278, 0.22274902, 0.23708725, -0.07936859, -0.18674906
7339, 34378749, 34379277, 0.22087459, 0.23632431, -0.17460632, -0.26188582
7340, 34379749, 34380275, 0.21896796, 0.23594284, -0.26984406, -0.45522714
7341, 34380749, 34381275, 0.21703242, 0.23479843, -0.36508179, -0.42676640
7342, 34381749, 34382279, 0.21507034, 0.23441696, -0.46031952, -0.70368290
7343, 34382749, 34383285, 0.21308514, 0.23365402, -0.52381134, -0.57935065
7344, 34383749, 34384275, 0.21107931, 0.23250961, -0.58730316, -0.65019196
7345, 34384749, 34385276, 0.20905373, 0.23174667, -0.65079498, -0.84089535
7346, 34385749, 34386274, 0.20701008, 0.23098373, -0.71428680, -0.81081456
7347, 34386749, 34387274, 0.20494899, 0.22945786, -0.80952454, -0.79234099
7348, 34387749, 34388278, 0.20287064, 0.22869492, -0.90476227, -1.07539093
7349, 34388749, 34389272, 0.20077439, 0.22716904, -0.93650818, -0.95482546
7350, 34389749, 34390275, 0.19866030, 0.22602463, -1.00000000, -1.17517757
7351, 34390749, 34391279, 0.19652687, 0.22411728, -1.12698364, -1.16330492
7352, 34391749, 34392275, 0.19437310, 0.22297287, -1.19047546, -1.45040870
7353, 34392749, 34393279, 0.19219810, 0.22106552, -1.31745911, -1.33233285
7354, 34393749, 34394279, 0.19000024, 0.21915817, -1.41269684, -1.55421388
7355, 34394749, 34395272, 0.18777809, 0.21763134, -1.44444275, -1.69047785
7356, 34395749, 34396276, 0.18552966, 0.21572399, -1.50793839, -1.62733209
7357, 34396749, 34397276, 0.18325333, 0.21419811, -1.57143021, -1.73538196
7358, 34397749, 34398282, 0.18094668, 0.21267223, -1.66666794, -1.65454113
7359, 34398749, 34399278, 0.17860948, 0.21038342, -1.66666794, -1.60489428
7360, 34399749, 34400270, 0.17623986, 0.20885754, -1.69841385, -1.86879981
7361, 34400749, 34401281, 0.17383547, 0.20695019, -1.76190567, -1.73647702
7362, 34401749, 34402279, 0.17139621, 0.20504284, -1.79365158, -1.80241120
7363, 34402749, 34403281, 0.16892155, 0.20313549, -1.82539749, -1.84290338
7364, 34403749, 34404277, 0.16641153, 0.20084667, -1.85714340, -1.86777079
7365, 34404749, 34405279, 0.16386501, 0.19893932, -1.88888931, -2.03024030
7366, 34405749, 34406283, 0.16128027, 0.19703197, -1.92063522, -1.98282003
7367, 34406749, 34407284, 0.15865687, 0.19474316, -1.95238113, -1.95369792
7368, 34407749, 34408282, 0.15599373, 0.19283581, -2.04761887, -2.08301067
7369, 34408749, 34409282, 0.15329026, 0.19054699, -2.01587296, -2.01522803
7370, 34409749, 34410286, 0.15054640, 0.18863964, -2.04761887, -2.12079811
7371, 34410749, 34411280, 0.14776093, 0.18673229, -2.04761887, -2.03843451
7372, 34411749, 34412274, 0.14493364, 0.18444347, -2.07936478, -1.98785245
7373, 34412749, 34413275, 0.14206421, 0.18215466, -2.11111069, -2.10398602
7374, 34413749, 34414279, 0.13915209, 0.17986584, -2.14285660, -2.17530727
7375, 34414749, 34415277, 0.13619803, 0.17757702, -2.36507797, -2.21910763
7376, 34415749, 34416279, 0.13320099, 0.17490673, -2.20634842, -2.24600697
7377, 34416749, 34417273, 0.13015926, 0.17261791, -2.26984024, -2.40972424
7378, 34417749, 34418274, 0.12707253, 0.17032909, -2.30158615, -2.36307025
7379, 34418749, 34419278, 0.12394014, 0.16765881, -2.36507797, -2.33441877
7380, 34419749, 34420280, 0.12076213, 0.16498852, -2.39682388, -2.46402049
7381, 34420749, 34421276, 0.11753760, 0.16269970, -2.42856979, -2.54361272
7382, 34421749, 34422276, 0.11426691, 0.16002941, -2.46031570, -2.44529533
7383, 34422749, 34423275, 0.11095018, 0.15774059, -2.33333206, -2.53211331
7384, 34423749, 34424275, 0.10758664, 0.15506935, -2.46031570, -2.43823314
7385, 34424749, 34425277, 0.10417528, 0.15278053, -2.49206161, -2.52814412
7386, 34425749, 34426273, 0.10071555, 0.15049171, -2.49206161, -2.43579555
7387, 34426749, 34427279, 0.09720652, 0.14743996, -2.52381134, -2.37908149
7388, 34427749, 34428277, 0.09364776, 0.14476967, -2.52381134, -2.63864684
7389, 34428749, 34429278, 0.09003981, 0.14248085, -2.52381134, -2.65085602
7390, 34429749, 34430274, 0.08638236, 0.13981056, -2.55555725, -2.51115680
7391, 34430749, 34431272, 0.08267469, 0.13714027, -2.58730316, -2.57256055
7392, 34431749, 34432274, 0.07891601, 0.13408852, -2.58730316, -2.61027050
7393, 34432749, 34433272, 0.07510567, 0.13141823, -2.65079498, -2.78062701
7394, 34433749, 34434272, 0.07124358, 0.12836647, -2.87301636, -2.73805046
7395, 34434749, 34435275, 0.06732891, 0.12569618, -2.80952454, -2.85910058
7396, 34435749, 34436273, 0.06336174, 0.12226295, -2.84127045, -2.78624344
7397, 34436749, 34437273, 0.05934274, 0.11921120, -2.87301636, -3.03589511
7398, 34437749, 34438271, 0.05527225, 0.11615944, -2.93650818, -3.04201603
7399, 34438749, 34439271, 0.05115121, 0.11272621, -2.96825409, -3.04577518
7400, 34439749, 34440276, 0.04697970, 0.11005592, -3.03174591, -3.19528127
7401, 34440749, 34441272, 0.04275754, 0.10662270, -3.25396729, -2.99270225
7402, 34441749, 34442278, 0.03848516, 0.10357094, -3.00000000, -3.16268754
7403, 34442749, 34443272, 0.03416323, 0.09975624, -3.15872955, -3.11988306
7404, 34443749, 34444272, 0.02979316, 0.09632301, -3.22222137, -3.38799047
7405, 34444749, 34445273, 0.02537719, 0.09327030, -3.28571320, -3.40544629
7406, 34445749, 34446271, 0.02091465, 0.08945560, -3.34920502, -3.26933670
7407, 34446749, 34447269, 0.01640646, 0.08602238, -3.41269684, -3.47977471
7408, 34447749, 34448269, 0.01185311, 0.08182621, -3.47618866, -3.46181345
7409, 34448749, 34449271, 0.00725464, 0.07839298, -3.34920502, -3.74517798
7410, 34449749, 34450273, 0.00261270, 0.07495975, -3.53968430, -3.62480569
7411, 34450749, 34451268, -0.00207261, 0.07114506, -3.60317612, -3.55088139
7412, 34451749, 34452268, -0.00680126, 0.06733036, -3.63492203, -3.65267968
7413, 34452749, 34453268, -0.01157255, 0.06351566, -3.69841385, -3.71519732
7414, 34453749, 34454268, -0.01638594, 0.05931950, -3.73015976, -3.75359130
7415, 34454749, 34455270, -0.02124178, 0.05588627, -3.76190567, -3.92436790
7416, 34455749, 34456266, -0.02614137, 0.05207157, -3.76190567, -3.73485184
7417, 34456749, 34457269, -0.03108440, 0.04787540, -3.79365158, -3.76566172
7418, 34457749, 34458269, -0.03607037, 0.04367924, -3.85714340, -3.93178058
7419, 34458749, 34459279, -0.04109982, 0.03986454, -3.88888931, -4.03379917
7420, 34459749, 34460269, -0.04617438, 0.03528690, -3.98412704, -3.94925427
7421, 34460749, 34461269, -0.05129454, 0.03070831, -4.04761887, -4.19172812
7422, 34461749, 34462268, -0.05646084, 0.02689362, -4.07936478, -4.34100676
7423, 34462749, 34463270, -0.06167350, 0.02231598, -4.14285660, -4.13791990
7424, 34463749, 34464266, -0.06693247, 0.01773834, -4.23809433, -4.30759335
7425, 34464749, 34465266, -0.07223792, 0.01316071, -4.30158615, -4.41179466
7426, 34465749, 34466268, -0.07759152, 0.00896454, -4.36507797, -4.47578812
7427, 34466749, 34467269, -0.08299387, 0.00438690, -4.42856979, -4.36789083
7428, 34467749, 34468267, -0.08844497, -0.00057220, -4.46031570, -4.44882536
7429, 34468749, 34469265, -0.09394568, -0.00476837, -4.49206161, -4.64572716
7430, 34469749, 34470281, -0.09949581, -0.00972748, -4.55555725, -4.47225571
7431, 34470749, 34471277, -0.10509631, -0.01468658, -4.58730316, -4.66011667
7432, 34471749, 34472265, -0.11074682, -0.01926422, -4.61904907, -4.77548790
7433, 34472749, 34473266, -0.11644709, -0.02422333, -4.65079498, -4.69914293
7434, 34473749, 34474266, -0.12219764, -0.02880096, -4.71428680, -4.79945517
7435, 34474749, 34475274, -0.12799791, -0.03376102, -4.74603271, -4.71386194
7436, 34475749, 34476274, -0.13384748, -0.03872013, -4.77777863, -4.80886221
7437, 34476749, 34477262, -0.13974495, -0.04367924, -4.84127045, -4.86683702
7438, 34477749, 34478278, -0.14568891, -0.04863834, -4.87301636, -4.90244102
7439, 34478749, 34479277, -0.15167676, -0.05397892, -4.93650818, -4.92430639
7440, 34479749, 34480277, -0.15770730, -0.05893803, -4.96825409, -5.08493185
7441, 34480749, 34481273, -0.16377850, -0.06427860, -5.03174591, -5.03637981
7442, 34481749, 34482275, -0.16988803, -0.06961918, -5.06349182, -5.15375996
7443, 34482749, 34483281, -0.17603247, -0.07457829, -5.09523773, -5.22584677
7444, 34483749, 34484263, -0.18220770, -0.07991886, -5.15872955, -5.12292004
7445, 34484749, 34485276, -0.18840896, -0.08525944, -5.19047546, -5.20690680
7446, 34485749, 34486274, -0.19463159, -0.09060001, -5.22222137, -5.25848532
7447, 34486749, 34487280, -0.20086999, -0.09594154, -5.25396729, -5.29016161
7448, 34487749, 34488278, -0.20711726, -0.10128212, -5.28571320, -5.30998325
7449, 34488749, 34489260, -0.21336596, -0.10700417, -5.31745911, -5.32178831
7450, 34489749, 34490272, -0.21961002, -0.11272621, -5.38095093, -5.47623587
7451, 34490749, 34491275, -0.22584243, -0.11806679, -5.41269684, -5.57108641
7452, 34491749, 34492275, -0.23205346, -0.12378883, -5.47618866, -5.48213911
7453, 34492749, 34493279, -0.23823304, -0.12951088, -5.53968430, -5.57471180
7454, 34493749, 34494277, -0.24436870, -0.13561440, -5.60317612, -5.63156319
7455, 34494749, 34495275, -0.25044727, -0.14133644, -5.63492203, -5.81367540
7456, 34495749, 34496280, -0.25645545, -0.14705849, -5.69841385, -5.77831841
7457, 34496749, 34497274, -0.26237556, -0.15278053, -5.73015976, -5.75660419
7458, 34497749, 34498276, -0.26818910, -0.15850353, -5.76190567, -5.74326897
7459, 34498749, 34499276, -0.27387404, -0.16460705, -5.79365158, -5.73544788
7460, 34499749, 34500276, -0.27940628, -0.17032909, -5.79365158, -5.87747431
7461, 34500749, 34501277, -0.28475794, -0.17643261, -5.82539749, -5.81749916
7462, 34501749, 34502271, -0.28989840, -0.18215466, -5.85714340, -5.92786455
7463, 34502749, 34503273, -0.29479077, -0.18825817, -5.85714340, -5.84844542
7464, 34503749, 34504277, -0.29939517, -0.19436169, -5.92063522, -5.94686890
7465, 34504749, 34505275, -0.30366156, -0.20046520, -5.95238113, -6.00731421
7466, 34505749, 34506281, -0.30753368, -0.20618725, -5.95238113, -6.04443550
7467, 34506749, 34507273, -0.31094414, -0.21229076, -5.98412704, -5.92003489
7468, 34507749, 34508274, -0.31383136, -0.21801281, -5.98412704, -5.99083424
7469, 34508749, 34509274, -0.31614387, -0.22411728, -5.98412704, -5.88711691
7470, 34509749, 34510274, -0.31783572, -0.22983932, -5.98412704, -5.97098637
7471, 34510749, 34511274, -0.31888410, -0.23594284, -5.98412704, -5.87492752
7472, 34511749, 34512270, -0.31928360, -0.24166489, -5.95238113, -5.96313286
7473, 34512749, 34513275, -0.31905597, -0.24738693, -5.92063522, -5.87010479
7474, 34513749, 34514279, -0.31824347, -0.25272751, -5.88888931, -5.81297302
7475, 34514749, 34515271, -0.31690764, -0.25844955, -5.79365158, -5.63068962
7476, 34515749, 34516275, -0.31513476, -0.26379013, -5.76190567, -5.66594124
7477, 34516749, 34517279, -0.31301826, -0.26913071, -5.66666794, -5.54039288
7478, 34517749, 34518269, -0.31064111, -0.27408981, -5.57143021, -5.46328974
7479, 34518749, 34519274, -0.30807450, -0.27866745, -5.47618866, -5.26874065
7480, 34519749, 34520272, -0.30536589, -0.28362751, -5.31745911, -5.00206470
7481, 34520749, 34521278, -0.30255452, -0.28744221, -5.12698364, -4.98585653
7482, 34521749, 34522276, -0.29966700, -0.29087543, -4.90476227, -4.53394175
7483, 34522749, 34523276, -0.29672435, -0.29392719, -4.61904907, -4.10921001
7484, 34523749, 34524274, -0.29373935, -0.29659748, -4.26984024, -3.70117140
7485, 34524749, 34525271, -0.29072171, -0.29888630, -3.92063522, -3.30338502
7486, 34525749, 34526269, -0.28767344, -0.30079365, -3.53968430, -2.91189480
7487, 34526749, 34527267, -0.28459263, -0.30155659, -3.09523773, -2.52427101
7488, 34527749, 34528273, -0.28147319, -0.30270100, -2.65079498, -1.84462678
7489, 34528749, 34529273, -0.27830479, -0.30270100, -2.14285660, -1.57443416
7490, 34529749, 34530278, -0.27508038, -0.30270100, -1.69841385, -0.96690798
7491, 34530749, 34531276, -0.27179411, -0.30231953, -1.28571320, -0.59380764
7492, 34531749, 34532284, -0.26844323, -0.30155659, -0.87301636, -0.21747781
7493, 34532749, 34533274, -0.26503035, -0.30079365, -0.42857361, 0.16083536
7494, 34533749, 34534276, -0.26155955, -0.29926777, -0.04762268, 0.39316899
7495, 34534749, 34535268, -0.25803643, -0.29736042, 0.33333588, 0.83024728
7496, 34535749, 34536277, -0.25446576, -0.29545307, 0.68254089, 1.24586797
7497, 34536749, 34537279, -0.25085267, -0.29354572, 1.00000000, 1.50111318
7498, 34537749, 34538269, -0.24720201, -0.29163837, 1.25396729, 1.65786695
7499, 34538749, 34539277, -0.24351968, -0.28934956, 1.50793457, 1.75413430
7500, 34539749, 34540279, -0.23981202, -0.28667927, 1.73015594, 1.96045268
7501, 34540749, 34541274, -0.23608425, -0.28400898, 1.95237732, 2.23435640
7502, 34541749, 34542280, -0.23234151, -0.28133869, 2.14286041, 2.40256929
7503, 34542749, 34543278, -0.22858919, -0.27866745, 2.30158997, 2.50587392
7504, 34543749, 34544270, -0.22483394, -0.27561569, 2.42857361, 2.56968427
7505, 34544749, 34545268, -0.22108158, -0.27256393, 2.55555725, 2.75570178
7506, 34545749, 34546283, -0.21733615, -0.26913071, 2.68254089, 2.86994076
7507, 34546749, 34547273, -0.21360096, -0.26607895, 2.80952454, 3.08729601
7508, 34547749, 34548277, -0.20987895, -0.26302719, 2.90476227, 3.07358289
7509, 34548749, 34549269, -0.20617168, -0.25959396, 2.93650818, 3.06516123
7510, 34549749, 34550271, -0.20247960, -0.25654221, 3.00000000, 3.20718694
7511, 34550749, 34551277, -0.19880335, -0.25310898, 3.09523773, 3.14721155
7512, 34551749, 34552274, -0.19514179, -0.24967575, 3.15872955, 3.25757647
7513, 34552749, 34553278, -0.19149345, -0.24624252, 3.22222137, 3.32535505
7514, 34553749, 34554278, -0.18785746, -0.24280930, 3.25396729, 3.36697984
7515, 34554749, 34555278, -0.18423343, -0.23937607, 3.31745911, 3.39254284
7516, 34555749, 34556282, -0.18062025, -0.23594284, 3.34920502, 3.40824199
7517, 34556749, 34557278, -0.17701842, -0.23289108, 3.38095093, 3.41788316
7518, 34557749, 34558279, -0.17342736, -0.22945786, 3.41269684, 3.27660656
7519, 34558749, 34559277, -0.16984673, -0.22564316, 3.41269684, 3.33704185
7520, 34559749, 34560275, -0.16627656, -0.22220993, 3.41269684, 3.52135444
7521, 34560749, 34561277, -0.16271663, -0.21877670, 3.44444275, 3.48734903
7522, 34561749, 34562275, -0.15916534, -0.21496105, 3.41269684, 3.46646523
7523, 34562749, 34563275, -0.15562090, -0.21152782, 3.44444275, 3.60120511
7524, 34563749, 34564274, -0.15208095, -0.20771313, 3.47618866, 3.53638768
7525, 34564749, 34565278, -0.14854446, -0.20466137, 3.50793457, 3.64377880
7526, 34565749, 34566276, -0.14500906, -0.20084667, 3.50793457, 3.41533613
7527, 34566749, 34567282, -0.14147267, -0.19741344, 3.53968048, 3.56943727
7528, 34567749, 34568282, -0.13793284, -0.19398022, 3.50793457, 3.51687813
7529, 34568749, 34569278, -0.13438712, -0.19016552, 3.50793457, 3.48460007
7530, 34569749, 34570277, -0.13083339, -0.18673229, 3.53968048, 3.61197448
7531, 34570749, 34571281, -0.12726980, -0.18329906, 3.53968048, 3.54300141
7532, 34571749, 34572275, -0.12369311, -0.17986584, 3.53968048, 3.50064301
7533, 34572749, 34573279, -0.12010185, -0.17605114, 3.50793457, 3.47462940
7534, 34573749, 34574277, -0.11649498, -0.17261791, 3.50793457, 3.60585117
7535, 34574749, 34575280, -0.11287108, -0.16918468, 3.47618866, 3.53924108
7536, 34575749, 34576276, -0.10922901, -0.16613293, 3.47618866, 3.49833369
7537, 34576749, 34577278, -0.10556671, -0.16269970, 3.44444275, 3.32601357
7538, 34577749, 34578276, -0.10188083, -0.15926647, 3.44444275, 3.36738420
7539, 34578749, 34579274, -0.09816924, -0.15583229, 3.41269684, 3.39279103
7540, 34579749, 34580277, -0.09443018, -0.15239906, 3.41269684, 3.40876222
7541, 34580749, 34581275, -0.09066185, -0.14896584, 3.41269684, 3.41820264
7542, 34581749, 34582281, -0.08686252, -0.14553261, 3.41269684, 3.42400026
7543, 34582749, 34583273, -0.08303100, -0.14209938, 3.38095093, 3.42756081
7544, 34583749, 34584273, -0.07916587, -0.13866615, 3.34920502, 3.42974758
7545, 34584749, 34585273, -0.07526693, -0.13561440, 3.34920502, 3.43109059
7546, 34585749, 34586276, -0.07133415, -0.13218117, 3.34920502, 3.28471756
7547, 34586749, 34587272, -0.06736752, -0.12874794, 3.34920502, 3.34202313
7548, 34587749, 34588272, -0.06336811, -0.12531471, 3.34920502, 3.37721610
7549, 34588749, 34589274, -0.05933750, -0.12188148, 3.34920502, 3.39882922
7550, 34589749, 34590272, -0.05527754, -0.11844826, 3.34920502, 3.41210246
7551, 34590749, 34591270, -0.05118947, -0.11501503, 3.41269684, 3.42025399
7552, 34591749, 34592273, -0.04707387, -0.11158180, 3.41269684, 3.42526007
7553, 34592749, 34593271, -0.04293238, -0.10776711, 3.41269684, 3.42833471
7554, 34593749, 34594273, -0.03876677, -0.10433388, 3.41269684, 3.57742023
7555, 34594749, 34595271, -0.03457881, -0.10090065, 3.41269684, 3.52178073
7556, 34595749, 34596271, -0.03037062, -0.09784889, 3.44444275, 3.48761082
7557, 34596749, 34597274, -0.02614370, -0.09441566, 3.44444275, 3.31942844
7558, 34597749, 34598270, -0.02189954, -0.09060001, 3.44444275, 3.36334014
7559, 34598749, 34599268, -0.01763927, -0.08716679, 3.47618866, 3.53787303
7560, 34599749, 34600270, -0.01336480, -0.08335209, 3.50793457, 3.49749351
7561, 34600749, 34601270, -0.00907830, -0.07953739, 3.50793457, 3.61989284
7562, 34601749, 34602271, -0.00478140, -0.07610416, 3.57142639, 3.69506192
7563, 34602749, 34603269, -0.00047514, -0.07190800, 3.60317230, 3.59402800
7564, 34603749, 34604267, 0.00384076, -0.06809330, 3.63491821, 3.82637501
7565, 34604749, 34605267, 0.00816567, -0.06427860, 3.69841003, 3.82186890
7566, 34605749, 34606267, 0.01249897, -0.06046391, 3.73015594, 3.81910157
7567, 34606749, 34607267, 0.01683996, -0.05664921, 3.76190186, 3.81740212
7568, 34607749, 34608268, 0.02118802, -0.05245304, 3.82539368, 3.81635833
7569, 34608749, 34609270, 0.02554245, -0.04825687, 3.85713959, 3.96291494
7570, 34609749, 34610266, 0.02990148, -0.04444218, 3.88888550, 4.05291986
7571, 34610749, 34611268, 0.03426452, -0.04024601, 3.88888550, 3.96099687
7572, 34611749, 34612268, 0.03863115, -0.03643131, 3.92063141, 4.05174208
7573, 34612749, 34613268, 0.04299964, -0.03223515, 3.95237732, 3.96027350
7574, 34613749, 34614279, 0.04736896, -0.02803802, 4.01587677, 4.05129766
7575, 34614749, 34615269, 0.05173828, -0.02422333, 4.04762268, 4.10756636
7576, 34615749, 34616267, 0.05610514, -0.01964569, 4.04762268, 3.99455690
7577, 34616749, 34617269, 0.06046778, -0.01544952, 4.11111450, 4.21954966
7578, 34617749, 34618267, 0.06482431, -0.01125336, 4.14286041, 4.21052694
7579, 34618749, 34619280, 0.06917149, -0.00705719, 4.17460632, 4.20498562
7580, 34619749, 34620270, 0.07350612, -0.00247955, 4.17460632, 4.20158291
7581, 34620749, 34621278, 0.07782480, 0.00133514, 4.20635223, 4.34669065
7582, 34621749, 34622268, 0.08212362, 0.00591278, 4.20635223, 4.14141035
7583, 34622749, 34623276, 0.08639809, 0.01010895, 4.23809814, 4.30973673
7584, 34623749, 34624265, 0.09064495, 0.01468658, 4.23809814, 4.26591349
7585, 34624749, 34625267, 0.09486143, 0.01850128, 4.23809814, 4.38619804
7586, 34625749, 34626265, 0.09904435, 0.02269745, 4.23809814, 4.16567326
7587, 34626749, 34627281, 0.10319132, 0.02727509, 4.23809814, 4.17743969
7588, 34627749, 34628277, 0.10730007, 0.03108978, 4.23809814, 4.33186340
7589, 34628749, 34629277, 0.11136802, 0.03566837, 4.23809814, 4.13230467
7590, 34629749, 34630282, 0.11539324, 0.03986454, 4.23809814, 4.30451298
7591, 34630749, 34631278, 0.11937539, 0.04406071, 4.20635223, 4.26270533
7592, 34631749, 34632278, 0.12331393, 0.04825687, 4.20635223, 4.23703003
7593, 34632749, 34633276, 0.12720808, 0.05283451, 4.20635223, 4.22126198
7594, 34633749, 34634282, 0.13105838, 0.05664921, 4.23809814, 4.35877609
7595, 34634749, 34635278, 0.13486443, 0.06122684, 4.23809814, 4.14883232
7596, 34635749, 34636279, 0.13862619, 0.06542301, 4.20635223, 4.31429482
7597, 34636749, 34637281, 0.14234304, 0.06923771, 4.23809814, 4.26871300
7598, 34637749, 34638279, 0.14601400, 0.07381535, 4.20635223, 4.09352207
7599, 34638749, 34639277, 0.14963858, 0.07801151, 4.20635223, 4.28032732
7600, 34639749, 34640281, 0.15321533, 0.08182621, 4.17460632, 4.24785233
7601, 34640749, 34641275, 0.15674248, 0.08640385, 4.17460632, 4.08071089
7602, 34641749, 34642280, 0.16021863, 0.09021854, 4.14286041, 4.27245951
7603, 34642749, 34643276, 0.16364190, 0.09441566, 4.14286041, 4.09582281
7604, 34643749, 34644282, 0.16701162, 0.09823036, 4.11111450, 4.13491058
7605, 34644749, 34645278, 0.17032680, 0.10242653, 4.11111450, 4.01134968
7606, 34645749, 34646278, 0.17358606, 0.10662270, 4.07936859, 4.08266497
7607, 34646749, 34647281, 0.17678718, 0.11005592, 4.07936859, 4.12646198
7608, 34647749, 34648279, 0.17992841, 0.11425209, 4.04762268, 3.85896397
7609, 34648749, 34649279, 0.18300851, 0.11806679, 4.01587677, 3.98908019
7610, 34649749, 34650279, 0.18602654, 0.12226295, 3.98412323, 3.92179108
7611, 34650749, 34651277, 0.18898091, 0.12569618, 3.95237732, 4.02766418
7612, 34651749, 34652275, 0.19187030, 0.12951088, 3.92063141, 3.79828930
7613, 34652749, 34653275, 0.19469307, 0.13370705, 3.88888550, 3.80462050
7614, 34653749, 34654284, 0.19744830, 0.13752174, 3.85713959, 3.95570636
7615, 34654749, 34655274, 0.20013437, 0.14133644, 3.82539368, 3.90129519
7616, 34655749, 34656272, 0.20275016, 0.14476967, 3.82539368, 3.86787963
7617, 34656749, 34657280, 0.20529455, 0.14858437, 3.79364777, 3.70016050
7618, 34657749, 34658274, 0.20776549, 0.15201759, 3.76190186, 3.74435663
7619, 34658749, 34659280, 0.21016172, 0.15583229, 3.69841003, 3.62430143
7620, 34659749, 34660271, 0.21248114, 0.15926647, 3.69841003, 3.69776917
7621, 34660749, 34661275, 0.21472165, 0.16269970, 3.66666412, 3.59605861
7622, 34661749, 34662271, 0.21688180, 0.16613293, 3.63491821, 3.53322697
7623, 34662749, 34663281, 0.21896009, 0.16956615, 3.57142639, 3.49464035
7624, 34663749, 34664275, 0.22095552, 0.17261791, 3.50793457, 3.47094321
7625, 34664749, 34665276, 0.22286586, 0.17605114, 3.44444275, 3.30919218
7626, 34665749, 34666276, 0.22468941, 0.17910290, 3.34920502, 3.35705376
7627, 34666749, 34667270, 0.22642505, 0.18215466, 3.31745911, 3.23924947
7628, 34667749, 34668270, 0.22807142, 0.18482494, 3.22222137, 3.16690207
7629, 34668749, 34669274, 0.22962652, 0.18787670, 3.15872955, 2.97527385
7630, 34669749, 34670276, 0.23108870, 0.19054699, 3.06349182, 3.00478673
7631, 34670749, 34671273, 0.23245600, 0.19321728, 3.00000000, 2.87571383
7632, 34671749, 34672279, 0.23372738, 0.19588757, 2.90476227, 2.79644632
7633, 34672749, 34673271, 0.23490138, 0.19817638, 2.80952454, 2.74776578
7634, 34673749, 34674277, 0.23597687, 0.20046520, 2.74603271, 2.57067204
7635, 34674749, 34675277, 0.23695318, 0.20313549, 2.65079498, 2.46191335
7636, 34675749, 34676276, 0.23782927, 0.20542431, 2.58730316, 2.54231882
7637, 34676749, 34677276, 0.23860504, 0.20771313, 2.52381134, 2.44450068
7638, 34677749, 34678272, 0.23928028, 0.21000195, 2.46031952, 2.38442755
7639, 34678749, 34679276, 0.23985445, 0.21190929, 2.36508179, 2.34753489
7640, 34679749, 34680276, 0.24032851, 0.21343517, 2.26984406, 2.17768025
7641, 34680749, 34681272, 0.24070340, 0.21534252, 2.20635223, 1.92616999
7642, 34681749, 34682277, 0.24097903, 0.21686840, 2.07936859, 1.91890740
7643, 34682749, 34683283, 0.24115604, 0.21839428, 1.95237732, 1.76724970
7644, 34683749, 34684283, 0.24123654, 0.21953964, 1.82539368, 1.67411208
7645, 34684749, 34685273, 0.24122116, 0.22106552, 1.69841003, 1.47008383
7646, 34685749, 34686273, 0.24111040, 0.22259140, 1.60317230, 1.49161339
7647, 34686749, 34687273, 0.24090472, 0.22335434, 1.50793457, 1.50483549
7648, 34687749, 34688284, 0.24060506, 0.22488022, 1.44444275, 1.21856046
7649, 34688749, 34689282, 0.24021202, 0.22602463, 1.31745911, 1.33714533
7650, 34689749, 34690274, 0.23972693, 0.22640610, 1.25396729, 1.26277435
7651, 34690749, 34691278, 0.23915052, 0.22755051, 1.15872955, 0.92270571
7652, 34691749, 34692274, 0.23848313, 0.22831345, 1.06349182, 1.00825441
7653, 34692749, 34693280, 0.23772645, 0.22869492, 0.96825409, 0.91359484
7654, 34693749, 34694279, 0.23688254, 0.22907639, 0.87301636, 0.70826393
7655, 34694749, 34695271, 0.23595247, 0.22945786, 0.77777863, 0.58216399
7656, 34695749, 34696283, 0.23493744, 0.23022079, 0.68254089, 0.50472218
7657, 34696749, 34697277, 0.23383935, 0.23022079, 0.61904907, 0.60436034
7658, 34697749, 34698283, 0.23266046, 0.23060226, 0.52381134, 0.37115610
7659, 34698749, 34699279, 0.23140308, 0.23060226, 0.46031952, 0.37513581
7660, 34699749, 34700280, 0.23006973, 0.23060226, 0.39682770, 0.23038232
7661, 34700749, 34701284, 0.22866331, 0.23098373, 0.33333588, 0.14148480
7662, 34701749, 34702280, 0.22718582, 0.23060226, 0.23809814, 0.23408766
7663, 34702749, 34703282, 0.22564061, 0.23060226, 0.14286041, -0.00343719
7664, 34703749, 34704282, 0.22403196, 0.23060226, 0.07936859, -0.00211088
7665, 34704749, 34705281, 0.22236215, 0.23022079, 0.01587677, -0.00129636
7666, 34705749, 34706281, 0.22063325, 0.22983932, -0.07936859, -0.14799368
7667, 34706749, 34707279, 0.21884842, 0.22945786, -0.14286041, -0.23808497
7668, 34707749, 34708279, 0.21701068, 0.22907639, -0.20635223, -0.29341277
7669, 34708749, 34709275, 0.21512264, 0.22869492, -0.26984406, -0.32739127
7670, 34709749, 34710276, 0.21318652, 0.22793198, -0.33333588, -0.34825850
7671, 34710749, 34711280, 0.21120492, 0.22755051, -0.36508179, -0.50827122
7672, 34711749, 34712278, 0.20918091, 0.22678757, -0.46031952, -0.45934239
7673, 34712749, 34713282, 0.20711675, 0.22640610, -0.49206543, -0.57649124
7674, 34713749, 34714280, 0.20501418, 0.22526169, -0.52381134, -0.50123841
7675, 34714749, 34715276, 0.20287420, 0.22449875, -0.61904907, -0.74941844
7676, 34715749, 34716281, 0.20069802, 0.22335434, -0.68254089, -0.75463575
7677, 34716749, 34717277, 0.19848716, 0.22220993, -0.74603271, -0.90503746
7678, 34717749, 34718279, 0.19624180, 0.22144699, -0.80952454, -0.99740374
7679, 34718749, 34719275, 0.19396305, 0.21992111, -0.90476227, -0.90693116
7680, 34719749, 34720277, 0.19165216, 0.21877670, -0.96825409, -1.14576423
7681, 34720749, 34721277, 0.18930878, 0.21763134, -1.06349182, -1.14524138
7682, 34721749, 34722278, 0.18693280, 0.21610546, -1.12698364, -1.14528823
7683, 34722749, 34723278, 0.18452513, 0.21496105, -1.19047546, -1.29214668
7684, 34723749, 34724276, 0.18208580, 0.21305370, -1.25396729, -1.23513925
7685, 34724749, 34725278, 0.17961583, 0.21190929, -1.31745911, -1.49452436
7686, 34725749, 34726276, 0.17711590, 0.21000195, -1.38095093, -1.35942566
7687, 34726749, 34727275, 0.17458546, 0.20847607, -1.44444275, -1.57085252
7688, 34727749, 34728281, 0.17202330, 0.20695019, -1.50793839, -1.55349863
7689, 34728749, 34729277, 0.16942939, 0.20466137, -1.57143021, -1.54284096
7690, 34729749, 34730277, 0.16680446, 0.20313549, -1.63492203, -1.83069086
7691, 34730749, 34731281, 0.16414879, 0.20084667, -1.73015976, -1.71307325
7692, 34731749, 34732276, 0.16146225, 0.19893932, -1.79365158, -1.93523574
7693, 34732749, 34733282, 0.15874505, 0.19703197, -1.85714340, -1.92447495
7694, 34733749, 34734278, 0.15599757, 0.19474316, -1.92063522, -1.91786635
7695, 34734749, 34735280, 0.15321985, 0.19283581, -1.95238113, -2.06100559
7696, 34735749, 34736278, 0.15041202, 0.19054699, -2.01587296, -2.00171399
7697, 34736749, 34737274, 0.14757355, 0.18825817, -2.07936478, -2.11249876
7698, 34737749, 34738273, 0.14470372, 0.18596935, -2.11111069, -2.18053508
7699, 34738749, 34739271, 0.14180222, 0.18406200, -2.14285660, -2.22231817
7700, 34739749, 34740273, 0.13886888, 0.18139172, -2.17460251, -2.10078096
7701, 34740749, 34741273, 0.13590351, 0.17910290, -2.20634842, -2.32053638
7702, 34741749, 34742269, 0.13290574, 0.17643261, -2.26984024, -2.30829740
7703, 34742749, 34743272, 0.12987497, 0.17376232, -2.30158615, -2.44797873
7704, 34743749, 34744272, 0.12681004, 0.17147350, -2.36507797, -2.53376102
7705, 34744749, 34745270, 0.12370986, 0.16918468, -2.39682388, -2.43924499
7706, 34745749, 34746270, 0.12057419, 0.16651440, -2.46031570, -2.38119984
7707, 34746749, 34747282, 0.11740304, 0.16422558, -2.46031570, -2.49275017
7708, 34747749, 34748272, 0.11419597, 0.16117382, -2.52381134, -2.41405916
7709, 34748749, 34749275, 0.11095285, 0.15850353, -2.52381134, -2.66012764
7710, 34749749, 34750273, 0.10767420, 0.15621376, -2.55555725, -2.66404819
7711, 34750749, 34751279, 0.10435964, 0.15354347, -2.58730316, -2.51962662
7712, 34751749, 34752269, 0.10100870, 0.15049171, -2.61904907, -2.57776237
7713, 34752749, 34753269, 0.09762090, 0.14782143, -2.65079498, -2.76066279
7714, 34753749, 34754270, 0.09419603, 0.14515114, -2.65079498, -2.72578979
7715, 34754749, 34755270, 0.09073454, 0.14209938, -2.68254089, -2.70437336
7716, 34755749, 34756268, 0.08723642, 0.13942909, -2.74603271, -2.83841848
7717, 34756749, 34757266, 0.08370227, 0.13675880, -2.74603271, -2.77354217
7718, 34757749, 34758266, 0.08013216, 0.13370705, -2.80952454, -2.73369956
7719, 34758749, 34759268, 0.07652580, 0.13065529, -2.80952454, -2.85642838
7720, 34759749, 34760271, 0.07288308, 0.12760353, -2.84127045, -2.93179989
7721, 34760749, 34761279, 0.06920428, 0.12455177, -2.90476227, -2.97808814
7722, 34761749, 34762271, 0.06549060, 0.12150002, -2.96825409, -3.00651503
7723, 34762749, 34763267, 0.06174215, 0.11844826, -3.00000000, -3.02397299
7724, 34763749, 34764269, 0.05795891, 0.11501503, -3.03174591, -3.03469443
7725, 34764749, 34765268, 0.05414140, 0.11196327, -3.06349182, -3.18847632
7726, 34765749, 34766280, 0.05029027, 0.10891151, -3.09523773, -3.13572073
7727, 34766749, 34767264, 0.04640608, 0.10585976, -3.12698364, -3.10332203
7728, 34767749, 34768280, 0.04248860, 0.10280800, -3.15872955, -3.08342505
7729, 34768749, 34769278, 0.03853799, 0.09937477, -3.15872955, -3.07120562
7730, 34769749, 34770268, 0.03455498, 0.09632301, -3.15872955, -3.21089888
7731, 34770749, 34771266, 0.03053876, 0.09288883, -3.15872955, -3.14949131
7732, 34771749, 34772277, 0.02648930, 0.08983707, -3.19047546, -3.25934434
7733, 34772749, 34773279, 0.02240617, 0.08640385, -3.22222137, -3.17924285
7734, 34773749, 34774277, 0.01828874, 0.08297062, -3.22222137, -3.27724791
7735, 34774749, 34775277, 0.01413682, 0.07953739, -3.28571320, -3.33743572
7736, 34775749, 34776277, 0.00994987, 0.07610416, -3.31745911, -3.37439895
7737, 34776749, 34777280, 0.00572762, 0.07267094, -3.34920502, -3.39709902
7738, 34777749, 34778274, 0.00146981, 0.06885624, -3.34920502, -3.41104007
7739, 34778749, 34779278, -0.00282411, 0.06542301, -3.41269684, -3.56679916
7740, 34779749, 34780274, -0.00715549, 0.06198978, -3.44444275, -3.51525807
7741, 34780749, 34781278, -0.01152508, 0.05855656, -3.47618866, -3.48360491
7742, 34781749, 34782278, -0.01593308, 0.05474186, -3.50793839, -3.46416593
7743, 34782749, 34783280, -0.02038062, 0.05092716, -3.53968430, -3.59942532
7744, 34783749, 34784273, -0.02486891, 0.04711246, -3.57143021, -3.68249202
7745, 34784749, 34785275, -0.02939921, 0.04329777, -3.63492203, -3.73350596
7746, 34785749, 34786273, -0.03397332, 0.03986454, -3.69841385, -3.76483536
7747, 34786749, 34787279, -0.03859261, 0.03566837, -3.73015976, -3.63687801
7748, 34787749, 34788273, -0.04325815, 0.03185368, -3.76190567, -3.85269046
7749, 34788749, 34789271, -0.04797119, 0.02803802, -3.79365158, -3.83803010
7750, 34789749, 34790276, -0.05273214, 0.02422333, -3.85714340, -3.82939458
7751, 34790749, 34791276, -0.05754222, 0.02002716, -3.88888931, -3.82372332
7752, 34791749, 34792278, -0.06240302, 0.01583099, -3.95238113, -3.96743798
7753, 34792749, 34793278, -0.06731423, 0.01201630, -3.95238113, -4.05569744
7754, 34793749, 34794276, -0.07227616, 0.00782013, -3.98412704, -3.96270275
7755, 34794749, 34795278, -0.07729019, 0.00324249, -4.04761887, -4.05278921
7756, 34795749, 34796275, -0.08235732, -0.00095367, -4.07936478, -4.25531197
7757, 34796749, 34797277, -0.08747827, -0.00514984, -4.14285660, -4.23248959
7758, 34797749, 34798277, -0.09265421, -0.00934601, -4.17460251, -4.21847391
7759, 34798749, 34799279, -0.09788574, -0.01392365, -4.20634842, -4.20986605
7760, 34799749, 34800275, -0.10317246, -0.01811981, -4.23809433, -4.35177755
7761, 34800749, 34801275, -0.10851435, -0.02269745, -4.26984024, -4.29173231
7762, 34801749, 34802274, -0.11391068, -0.02689362, -4.30158615, -4.40205431
7763, 34802749, 34803278, -0.11936120, -0.03147221, -4.33333206, -4.32260847
7764, 34803749, 34804276, -0.12486683, -0.03604984, -4.36507797, -4.42138433
7765, 34804749, 34805272, -0.13042757, -0.04024601, -4.39682388, -4.48167753
7766, 34805749, 34806274, -0.13604279, -0.04520512, -4.46031570, -4.37150764
7767, 34806749, 34807275, -0.14171189, -0.04978275, -4.49206161, -4.59824419
7768, 34807749, 34808277, -0.14743462, -0.05474186, -4.55555725, -4.59029245
7769, 34808749, 34809273, -0.15321051, -0.05931950, -4.61904907, -4.73260641
7770, 34809749, 34810271, -0.15903854, -0.06427860, -4.65079498, -4.67280817
7771, 34810749, 34811277, -0.16491714, -0.06923771, -4.71428680, -4.78328180
7772, 34811749, 34812272, -0.17084527, -0.07419682, -4.77777863, -4.85112715
7773, 34812749, 34813278, -0.17682134, -0.07915592, -4.84127045, -4.89279318
7774, 34813749, 34814276, -0.18284304, -0.08411503, -4.87301636, -4.91838169
7775, 34814749, 34815276, -0.18890910, -0.08907413, -4.87301636, -4.93409586
7776, 34815749, 34816284, -0.19501781, -0.09441566, -4.93650818, -4.94374657
7777, 34816749, 34817274, -0.20116666, -0.09937477, -4.96825409, -5.09723902
7778, 34817749, 34818277, -0.20735376, -0.10433388, -5.03174591, -5.04393768
7779, 34818749, 34819273, -0.21357810, -0.11005592, -5.09523773, -5.01120377
7780, 34819749, 34820269, -0.21983784, -0.11539650, -5.15872955, -5.28549576
7781, 34820749, 34821269, -0.22612944, -0.12073708, -5.22222137, -5.30674982
7782, 34821749, 34822271, -0.23245031, -0.12607765, -5.25396729, -5.31980228
7783, 34822749, 34823274, -0.23879781, -0.13218117, -5.31745911, -5.32781839
7784, 34823749, 34824276, -0.24516931, -0.13752174, -5.38095093, -5.62713623
7785, 34824749, 34825274, -0.25156331, -0.14286232, -5.44444275, -5.51656151
7786, 34825749, 34826274, -0.25797707, -0.14858437, -5.47618866, -5.44865417
7787, 34826749, 34827274, -0.26440668, -0.15430641, -5.53968430, -5.55414772
7788, 34827749, 34828276, -0.27084845, -0.16002941, -5.57143021, -5.61893415
7789, 34828749, 34829281, -0.27729857, -0.16613293, -5.60317612, -5.65908957
7790, 34829749, 34830275, -0.28375408, -0.17147350, -5.63492203, -5.83057976
7791, 34830749, 34831273, -0.29021221, -0.17757702, -5.69841385, -5.64150238
7792, 34831749, 34832275, -0.29666987, -0.18368053, -5.73015976, -5.81977940
7793, 34832749, 34833279, -0.30312365, -0.18940258, -5.79365158, -5.92926455
7794, 34833749, 34834275, -0.30956957, -0.19550610, -5.85714340, -5.84930515
7795, 34834749, 34835272, -0.31600466, -0.20160961, -5.88888931, -5.94739723
7796, 34835749, 34836280, -0.32242504, -0.20771313, -5.95238113, -6.00763893
7797, 34836749, 34837274, -0.32882512, -0.21419811, -6.01587296, -6.04463482
7798, 34837749, 34838276, -0.33520037, -0.22030258, -6.04761887, -6.21455240
7799, 34838749, 34839274, -0.34154698, -0.22640610, -6.07936478, -6.17207432
7800, 34839749, 34840282, -0.34786049, -0.23250961, -6.11111069, -6.14561987
7801, 34840749, 34841277, -0.35413727, -0.23861313, -6.11111069, -6.12937307
7802, 34841749, 34842275, -0.36037424, -0.24471664, -6.11111069, -6.11939526
7803, 34842749, 34843275, -0.36656755, -0.25082016, -6.14285660, -6.11326790
7804, 34843749, 34844277, -0.37271222, -0.25730515, -6.17460251, -6.10950518
7805, 34844749, 34845279, -0.37880203, -0.26340866, -6.17460251, -6.25439167
7806, 34845749, 34846281, -0.38483012, -0.26951218, -6.20634842, -6.19617319
7807, 34846749, 34847280, -0.39078829, -0.27599716, -6.23809433, -6.16041946
7808, 34847749, 34848280, -0.39666680, -0.28210163, -6.23809433, -6.28565931
7809, 34848749, 34849282, -0.40245351, -0.28896809, -6.26984024, -6.21574306
7810, 34849749, 34850278, -0.40813440, -0.29507160, -6.30158615, -6.46683311
7811, 34850749, 34851274, -0.41369483, -0.30117512, -6.30158615, -6.32664013
7812, 34851749, 34852279, -0.41911966, -0.30766010, -6.30158615, -6.24054337
7813, 34852749, 34853279, -0.42438933, -0.31414509, -6.30158615, -6.33486605
7814, 34853749, 34854279, -0.42948154, -0.31986713, -6.30158615, -6.39279270
7815, 34854749, 34855277, -0.43437153, -0.32673359, -6.33333206, -6.13397169
7816, 34855749, 34856273, -0.43903327, -0.33283710, -6.33333206, -6.41661453
7817, 34856749, 34857274, -0.44343874, -0.33894062, -6.30158615, -6.29579926
7818, 34857749, 34858278, -0.44755661, -0.34504509, -6.26984024, -6.22160292
7819, 34858749, 34859280, -0.45135537, -0.35114861, -6.26984024, -6.17640448
7820, 34859749, 34860280, -0.45480099, -0.35725212, -6.23809433, -6.14827871
7821, 34860749, 34861278, -0.45785996, -0.36335564, -6.20634842, -6.13100576
7822, 34861749, 34862278, -0.46049821, -0.36945915, -6.20634842, -6.12039804
7823, 34862749, 34863281, -0.46268341, -0.37556267, -6.17460251, -6.11388350
7824, 34863749, 34864285, -0.46437994, -0.38166618, -6.11111069, -6.10988283
7825, 34864749, 34865281, -0.46555102, -0.38776970, -6.11111069, -6.10742569
7826, 34865749, 34866275, -0.46615949, -0.39311028, -6.04761887, -6.10591698
7827, 34866749, 34867273, -0.46616954, -0.39883232, -5.98412704, -5.81059551
7828, 34867749, 34868275, -0.46554744, -0.40417290, -5.92063522, -5.77642679
7829, 34868749, 34869274, -0.46426323, -0.40951443, -5.79365158, -5.60824490
7830, 34869749, 34870280, -0.46230480, -0.41485500, -5.69841385, -5.50532770
7831, 34870749, 34871274, -0.45968539, -0.41981411, -5.57143021, -5.44175482
7832, 34871749, 34872270, -0.45644209, -0.42439175, -5.44444275, -5.25551558
7833, 34872749, 34873270, -0.45263770, -0.42858791, -5.28571320, -4.99394321
7834, 34873749, 34874271, -0.44835183, -0.43202114, -5.03174591, -4.68610573
7835, 34874749, 34875277, -0.44367886, -0.43545437, -4.74603271, -4.20265818
7836, 34875749, 34876273, -0.43871251, -0.43812466, -4.46031570, -3.90575838
7837, 34876749, 34877273, -0.43353677, -0.44117641, -4.14285660, -3.42902803
7838, 34877749, 34878271, -0.42821994, -0.44346523, -3.79365158, -3.28345108
7839, 34878749, 34879272, -0.42281705, -0.44460964, -3.38095093, -2.89965248
7840, 34879749, 34880272, -0.41737074, -0.44613552, -2.96825409, -2.22235751
7841, 34880749, 34881274, -0.41191217, -0.44651699, -2.49206161, -1.95360768
7842, 34881749, 34882274, -0.40646371, -0.44689846, -2.07936478, -1.34696746
7843, 34882749, 34883274, -0.40103745, -0.44651699, -1.63492203, -0.97441125
7844, 34883749, 34884274, -0.39563859, -0.44575405, -1.19047546, -0.45121807
7845, 34884749, 34885273, -0.39026818, -0.44422817, -0.68254089, 0.01728835
7846, 34885749, 34886273, -0.38492516, -0.44270229, -0.20635223, 0.59940749
7847, 34886749, 34887273, -0.37960657, -0.44079494, 0.23809814, 0.95690459
7848, 34887749, 34888275, -0.37430769, -0.43850613, 0.68254089, 1.32365203
7849, 34888749, 34889271, -0.36902305, -0.43583584, 1.09523773, 1.69608033
7850, 34889749, 34890277, -0.36374724, -0.43316555, 1.50793457, 2.07199740
7851, 34890749, 34891270, -0.35847515, -0.42973232, 1.82539368, 2.30285954
7852, 34891749, 34892272, -0.35319886, -0.42629910, 2.20635223, 2.73903418
7853, 34892749, 34893268, -0.34791094, -0.42286587, 2.49206543, 3.00690246
7854, 34893749, 34894268, -0.34260753, -0.41866970, 2.77777863, 3.17140841
7855, 34894749, 34895268, -0.33728710, -0.41485500, 3.09523773, 3.56683159
7856, 34895749, 34896267, -0.33194968, -0.41065884, 3.31745911, 3.66247535
7857, 34896749, 34897269, -0.32659656, -0.40608025, 3.57142639, 3.86841083
7858, 34897749, 34898269, -0.32123065, -0.40150261, 3.79364777, 4.14244747
7859, 34898749, 34899271, -0.31585446, -0.39692497, 3.98412323, 4.31037378
7860, 34899749, 34900271, -0.31047037, -0.39196587, 4.17460632, 4.41350222
7861, 34900749, 34901270, -0.30508175, -0.38738823, 4.33333588, 4.62403440
7862, 34901749, 34902268, -0.29969120, -0.38204765, 4.49206543, 4.60613108
7863, 34902749, 34903268, -0.29430088, -0.37747002, 4.58730316, 4.88953114
7864, 34903749, 34904268, -0.28891280, -0.37251091, 4.71428680, 4.76918077
7865, 34904749, 34905266, -0.28352684, -0.36717033, 4.80952454, 4.84246731
7866, 34905749, 34906266, -0.27814126, -0.36221123, 4.87301636, 5.03467226
7867, 34906749, 34907271, -0.27275318, -0.35687065, 4.96825409, 5.00551367
7868, 34907749, 34908267, -0.26735827, -0.35153008, 5.00000000, 5.13480377
7869, 34908749, 34909271, -0.26195055, -0.34657097, 5.06349182, 5.21420527
7870, 34909749, 34910281, -0.25652301, -0.34084797, 5.12698364, 5.11577034
7871, 34910749, 34911267, -0.25106782, -0.33588886, 5.15872955, 5.35008192
7872, 34911749, 34912267, -0.24557713, -0.33054829, 5.19047546, 5.19921637
7873, 34912749, 34913268, -0.24004361, -0.32520771, 5.22222137, 5.25376272
7874, 34913749, 34914266, -0.23445971, -0.31986713, 5.25396729, 5.28726101
7875, 34914749, 34915278, -0.22881936, -0.31452656, 5.25396729, 5.30783367
7876, 34915749, 34916280, -0.22311868, -0.30918598, 5.25396729, 5.32046795
7877, 34916749, 34917270, -0.21735588, -0.30422688, 5.28571320, 5.32822704
7878, 34917749, 34918285, -0.21153121, -0.29850483, 5.28571320, 5.18579435
7879, 34918749, 34919281, -0.20564641, -0.29354572, 5.28571320, 5.39271784
7880, 34919749, 34920281, -0.19970344, -0.28820515, 5.28571320, 5.22540045
7881, 34920749, 34921265, -0.19370568, -0.28286457, 5.28571320, 5.26984310
7882, 34921749, 34922265, -0.18765831, -0.27752304, 5.25396729, 5.29713678
7883, 34922749, 34923283, -0.18156782, -0.27256393, 5.28571320, 5.31426668
7884, 34923749, 34924280, -0.17544031, -0.26684189, 5.28571320, 5.17722130
7885, 34924749, 34925278, -0.16928236, -0.26188278, 5.25396729, 5.38745213
7886, 34925749, 34926280, -0.16310106, -0.25654221, 5.25396729, 5.22216654
7887, 34926749, 34927264, -0.15690270, -0.25120163, 5.25396729, 5.26785707
7888, 34927749, 34928274, -0.15069284, -0.24586105, 5.25396729, 5.29591703
7889, 34928749, 34929262, -0.14447708, -0.24052048, 5.25396729, 5.31314945
7890, 34929749, 34930277, -0.13826099, -0.23556137, 5.25396729, 5.32373285
7891, 34930749, 34931273, -0.13204879, -0.22983932, 5.25396729, 5.18303442
7892, 34931749, 34932273, -0.12584305, -0.22449875, 5.28571320, 5.39102268
7893, 34932749, 34933281, -0.11964551, -0.21915817, 5.31745911, 5.37155676
7894, 34933749, 34934263, -0.11345792, -0.21381664, 5.34920502, 5.35960197
7895, 34934749, 34935281, -0.10728143, -0.20809460, 5.34920502, 5.35262823
7896, 34935749, 34936275, -0.10111637, -0.20275402, 5.38095093, 5.49517536
7897, 34936749, 34937278, -0.09496277, -0.19703197, 5.38095093, 5.43552017
7898, 34937749, 34938274, -0.08882026, -0.19169140, 5.44444275, 5.54608154
7899, 34938749, 34939276, -0.08268928, -0.18558788, 5.47618866, 5.46678352
7900, 34939749, 34940278, -0.07657074, -0.18024731, 5.50793457, 5.71247911
7901, 34940749, 34941274, -0.07046524, -0.17452526, 5.53968048, 5.56897306
7902, 34941749, 34942279, -0.06437268, -0.16918468, 5.53968048, 5.62803936
7903, 34942749, 34943271, -0.05829318, -0.16384411, 5.53968048, 5.51711607
7904, 34943749, 34944273, -0.05222835, -0.15812206, 5.57142639, 5.44899464
7905, 34944749, 34945277, -0.04617994, -0.15201759, 5.60317230, 5.55435658
7906, 34945749, 34946277, -0.04014910, -0.14629555, 5.63491821, 5.76662827
7907, 34946749, 34947276, -0.03413780, -0.14057350, 5.63491821, 5.74942493
7908, 34947749, 34948278, -0.02814791, -0.13446999, 5.66666412, 5.73886013
7909, 34948749, 34949276, -0.02218107, -0.12874794, 5.69841003, 5.87956953
7910, 34949749, 34950280, -0.01623828, -0.12264442, 5.79364777, 5.81878614
7911, 34950749, 34951276, -0.01032144, -0.11654091, 5.85713959, 5.92865467
7912, 34951749, 34952272, -0.00443235, -0.11043739, 5.92063141, 5.99612856
7913, 34952749, 34953271, 0.00142666, -0.10433388, 5.95237732, 6.03756571
7914, 34953749, 34954277, 0.00725369, -0.09861183, 5.95237732, 6.06301355
7915, 34954749, 34955277, 0.01304807, -0.09212589, 5.98412323, 5.93144464
7916, 34955749, 34956271, 0.01880764, -0.08640385, 5.98412323, 6.14540720
7917, 34956749, 34957271, 0.02453057, -0.08030033, 6.01587677, 5.98204517
7918, 34957749, 34958273, 0.03021602, -0.07457829, 5.98412323, 6.02891731
7919, 34958749, 34959276, 0.03586296, -0.06847477, 5.98412323, 5.91050482
7920, 34959749, 34960284, 0.04147061, -0.06237125, 5.98412323, 5.98498154
7921, 34960749, 34961274, 0.04703895, -0.05626774, 5.95237732, 6.03072023
7922, 34961749, 34962270, 0.05256633, -0.05054569, 5.95237732, 6.05880976
7923, 34962749, 34963276, 0.05804963, -0.04444218, 5.95237732, 5.92886305
7924, 34963749, 34964272, 0.06348728, -0.03833866, 5.98412323, 5.99625587
7925, 34964749, 34965279, 0.06887811, -0.03223515, 5.98412323, 6.03764439
7926, 34965749, 34966275, 0.07422031, -0.02651215, 5.98412323, 6.06306219
7927, 34966749, 34967277, 0.07951213, -0.02040863, 5.98412323, 5.93184233
7928, 34967749, 34968269, 0.08475126, -0.01468658, 5.95237732, 5.99808550
7929, 34968749, 34969277, 0.08993562, -0.00820160, 5.98412323, 5.89157057
7930, 34969749, 34970276, 0.09506482, -0.00247955, 5.98412323, 6.12055159
7931, 34970749, 34971276, 0.10013833, 0.00324249, 6.04762268, 5.96678066
7932, 34971749, 34972278, 0.10515499, 0.00896454, 5.95237732, 5.87234497
7933, 34972749, 34973270, 0.11011426, 0.01506805, 5.92063141, 5.81434917
7934, 34973749, 34974268, 0.11501594, 0.02079010, 5.88888550, 5.92593002
7935, 34974749, 34975269, 0.11986012, 0.02651215, 5.85713959, 5.84725714
7936, 34975749, 34976275, 0.12464686, 0.03223515, 5.82539368, 5.79894209
7937, 34976749, 34977275, 0.12937637, 0.03757572, 5.76190186, 5.76963806
7938, 34977749, 34978273, 0.13404885, 0.04329777, 5.76190186, 5.60407639
7939, 34978749, 34979277, 0.13866377, 0.04901981, 5.63491821, 5.64959717
7940, 34979749, 34980277, 0.14322083, 0.05474186, 5.66666412, 5.67755270
7941, 34980749, 34981272, 0.14771897, 0.06008244, 5.63491821, 5.69472122
7942, 34981749, 34982286, 0.15215695, 0.06542301, 5.60317230, 5.55806732
7943, 34982749, 34983272, 0.15653533, 0.07076359, 5.53968048, 5.47414398
7944, 34983749, 34984276, 0.16085325, 0.07610416, 5.50793457, 5.42260408
7945, 34984749, 34985280, 0.16510923, 0.08144474, 5.44444275, 5.39095163
7946, 34985749, 34986275, 0.16930158, 0.08640385, 5.38095093, 5.37151289
7947, 34986749, 34987279, 0.17342903, 0.09174442, 5.34920502, 5.21237803
7948, 34987749, 34988273, 0.17749053, 0.09632301, 5.25396729, 5.26184559
7949, 34988749, 34989277, 0.18148465, 0.10128212, 5.34920502, 4.99819803
7950, 34989749, 34990271, 0.18541051, 0.10585976, 5.12698364, 4.98311377
7951, 34990749, 34991279, 0.18926583, 0.11081886, 5.03174591, 4.82665253
7952, 34991749, 34992272, 0.19304943, 0.11539650, 4.93650818, 4.87776232
7953, 34992749, 34993270, 0.19676091, 0.11959267, 4.84127045, 4.76195288
7954, 34993749, 34994278, 0.20039950, 0.12455177, 4.74603271, 4.54363346
7955, 34994749, 34995274, 0.20396432, 0.12874794, 4.80952454, 4.70395184
7956, 34995749, 34996276, 0.20745488, 0.13332558, 4.65079498, 4.50801325
7957, 34996749, 34997271, 0.21087125, 0.13752174, 4.36508179, 4.53487873
7958, 34997749, 34998269, 0.21421188, 0.14171791, 4.42857361, 4.40418005
7959, 34998749, 34999279, 0.21747626, 0.14591408, 4.39682770, 4.32391405
7960, 34999749, 35000273, 0.22066493, 0.15011024, 4.36508179, 4.27462006
7961, 35000749, 35001273, 0.22377791, 0.15354347, 4.26984406, 4.24434757
7962, 35001749, 35002281, 0.22681478, 0.15774059, 4.17460632, 3.93136120
7963, 35002749, 35003278, 0.22977388, 0.16155529, 4.11111450, 4.03390980
7964, 35003749, 35004282, 0.23265453, 0.16498852, 4.01587677, 3.94932222
7965, 35004749, 35005274, 0.23545706, 0.16880322, 3.95237732, 3.75017715
7966, 35005749, 35006278, 0.23818102, 0.17261791, 3.85713959, 3.77507353
7967, 35006749, 35007266, 0.24082600, 0.17566967, 3.79364777, 3.79036307
7968, 35007749, 35008279, 0.24339028, 0.17948437, 3.69841003, 3.50535774
7969, 35008749, 35009277, 0.24587171, 0.18291759, 3.66666412, 3.62472224
7970, 35009749, 35010275, 0.24826905, 0.18635082, 3.63491821, 3.55083036
7971, 35010749, 35011277, 0.25058219, 0.18978405, 3.38095093, 3.50545120
7972, 35011749, 35012283, 0.25280902, 0.19283581, 3.44444275, 3.47758245
7973, 35012749, 35013279, 0.25494716, 0.19626904, 3.41269684, 3.31326985
7974, 35013749, 35014278, 0.25699580, 0.19932079, 3.38095093, 3.35955787
7975, 35014749, 35015278, 0.25895283, 0.20237255, 3.34920502, 3.24078703
7976, 35015749, 35016274, 0.26081628, 0.20542431, 3.28571320, 3.16784644
7977, 35016749, 35017276, 0.26258561, 0.20847607, 3.25396729, 3.12305140
7978, 35017749, 35018274, 0.26425982, 0.21152782, 3.15872955, 3.09554124
7979, 35018749, 35019275, 0.26583713, 0.21419811, 3.12698364, 3.07864642
7980, 35019749, 35020281, 0.26731563, 0.21724987, 3.03174591, 2.92107320
7981, 35020749, 35021277, 0.26869425, 0.21992111, 2.96825409, 2.97150040
7982, 35021749, 35022277, 0.26997155, 0.22297287, 2.93650818, 2.85563970
7983, 35022749, 35023277, 0.27114546, 0.22564316, 2.90476227, 2.93131566
7984, 35023749, 35024275, 0.27221599, 0.22831345, 2.84127045, 2.83059287
7985, 35024749, 35025278, 0.27318281, 0.23060226, 2.77777863, 2.76873612
7986, 35025749, 35026278, 0.27404442, 0.23327255, 2.71428680, 2.58355069
7987, 35026749, 35027274, 0.27480036, 0.23556137, 2.65079498, 2.61701989
7988, 35027749, 35028272, 0.27544984, 0.23823166, 2.61904907, 2.49037695
7989, 35028749, 35029276, 0.27599186, 0.24013901, 2.55555725, 2.55979919
7990, 35029749, 35030273, 0.27642587, 0.24242783, 2.46031952, 2.30803823
7991, 35030749, 35031277, 0.27675200, 0.24471664, 2.39682770, 2.30062175
7992, 35031749, 35032275, 0.27696988, 0.24662399, 2.36508179, 2.29606724
7993, 35032749, 35033271, 0.27707815, 0.24853134, 2.26984406, 2.14607263
7994, 35033749, 35034271, 0.27707586, 0.25082016, 2.17460632, 2.05395627
7995, 35034749, 35035273, 0.27696294, 0.25234604, 2.14286041, 2.14458227
7996, 35035749, 35036274, 0.27673915, 0.25425339, 2.04762268, 1.90584350
7997, 35036749, 35037278, 0.27640444, 0.25539780, 1.95237732, 1.90642428
7998, 35037749, 35038272, 0.27595934, 0.25730515, 1.85713959, 1.61238587
7999, 35038749, 35039272, 0.27540439, 0.25844955, 1.73015594, 1.72620308
8000, 35039749, 35040274, 0.27473995, 0.25959396, 1.63491821, 1.50170660
8001, 35040749, 35041275, 0.27396584, 0.26073837, 1.53968048, 1.36383641
8002, 35041749, 35042273, 0.27308258, 0.26188278, 1.47618866, 1.27916622
8003, 35042749, 35043271, 0.27209046, 0.26302719, 1.34920502, 1.22716761
8004, 35043749, 35044271, 0.27099004, 0.26379013, 1.25396729, 1.19523370
8005, 35044749, 35045273, 0.26978090, 0.26417160, 1.12698364, 1.02842450
8006, 35045749, 35046271, 0.26846287, 0.26493454, 1.06349182, 0.77878433
8007, 35046749, 35047274, 0.26703736, 0.26531601, 0.93650818, 0.77267027
8008, 35047749, 35048270, 0.26550621, 0.26569748, 0.80952454, 0.62171787
8009, 35048749, 35049282, 0.26387036, 0.26607895, 0.71428680, 0.52901345
8010, 35049749, 35050284, 0.26213101, 0.26646042, 0.58730316, 0.47208083
8011, 35050749, 35051270, 0.26028872, 0.26646042, 0.49206543, 0.43711677
8012, 35051749, 35052271, 0.25834483, 0.26646042, 0.36508179, 0.26844671
8013, 35052749, 35053269, 0.25630113, 0.26607895, 0.23809814, 0.16486131
8014, 35053749, 35054269, 0.25415981, 0.26569748, 0.14286041, -0.04595120
8015, 35054749, 35055273, 0.25192168, 0.26531601, 0.04762268, -0.17541759
8016, 35055749, 35056273, 0.24958840, 0.26493454, -0.04762268, -0.25492683
8017, 35056749, 35057269, 0.24716188, 0.26417160, -0.14286041, -0.30375588
8018, 35057749, 35058270, 0.24464396, 0.26379013, -0.23809814, -0.48094082
8019, 35058749, 35059268, 0.24203749, 0.26302719, -0.36508179, -0.44255796
8020, 35059749, 35060282, 0.23934603, 0.26188278, -0.46031952, -0.56618345
8021, 35060749, 35061268, 0.23657086, 0.26111984, -0.55555725, -0.78930312
8022, 35061749, 35062266, 0.23371406, 0.25997543, -0.65079498, -0.77913016
8023, 35062749, 35063268, 0.23077957, 0.25883102, -0.77777863, -0.92008024
8024, 35063749, 35064281, 0.22777040, 0.25730515, -0.87301636, -1.00664198
8025, 35064749, 35065271, 0.22468913, 0.25616074, -0.96825409, -1.20699966
8026, 35065749, 35066267, 0.22153673, 0.25463486, -1.09523773, -1.18284786
8027, 35066749, 35067279, 0.21831590, 0.25310898, -1.15872955, -1.31521308
8028, 35067749, 35068281, 0.21502951, 0.25120163, -1.28571320, -1.39650261
8029, 35068749, 35069280, 0.21167868, 0.24967575, -1.38095093, -1.59362257
8030, 35069749, 35070282, 0.20826438, 0.24814987, -1.47618866, -1.56748235
8031, 35070749, 35071268, 0.20478804, 0.24586105, -1.57143021, -1.55142879
8032, 35071749, 35072284, 0.20125082, 0.24395370, -1.66666794, -1.83596492
8033, 35072749, 35073282, 0.19765380, 0.24166489, -1.79365158, -1.86350965
8034, 35073749, 35074278, 0.19399911, 0.23937607, -1.85714340, -2.02762341
8035, 35074749, 35075266, 0.19028792, 0.23708725, -1.95238113, -2.12841058
8036, 35075749, 35076277, 0.18652120, 0.23441696, -2.04761887, -2.19030714
8037, 35076749, 35077277, 0.18269992, 0.23212814, -2.17460251, -2.37551713
8038, 35077749, 35078279, 0.17882405, 0.22945786, -2.23809433, -2.34206271
8039, 35078749, 35079275, 0.17489497, 0.22678757, -2.33333206, -2.46871471
8040, 35079749, 35080261, 0.17091314, 0.22411728, -2.42856979, -2.54649568
8041, 35080749, 35081262, 0.16688074, 0.22144699, -2.49206161, -2.59426332
8042, 35081749, 35082278, 0.16280013, 0.21839428, -2.61904907, -2.62359881
8043, 35082749, 35083274, 0.15867159, 0.21572399, -2.68254089, -2.78918028
8044, 35083749, 35084272, 0.15449639, 0.21267223, -2.74603271, -2.74330354
8045, 35084749, 35085262, 0.15027691, 0.20923901, -2.80952454, -2.86232662
8046, 35085749, 35086273, 0.14601554, 0.20618725, -2.90476227, -3.08262014
8047, 35086749, 35087279, 0.14171438, 0.20275402, -3.00000000, -3.07071137
8048, 35087749, 35088279, 0.13737567, 0.19970226, -3.09523773, -3.21059537
8049, 35088749, 35089279, 0.13300106, 0.19626904, -3.15872955, -3.14930463
8050, 35089749, 35090277, 0.12859280, 0.19283581, -3.22222137, -3.25886178
8051, 35090749, 35091283, 0.12415362, 0.18940258, -3.28571320, -3.32614422
8052, 35091749, 35092276, 0.11968502, 0.18558788, -3.31745911, -3.36746454
8053, 35092749, 35093278, 0.11518940, 0.18215466, -3.38095093, -3.54003787
8054, 35093749, 35094274, 0.11066938, 0.17833996, -3.44444275, -3.49882293
8055, 35094749, 35095276, 0.10612624, 0.17452526, -3.50793839, -3.62070918
8056, 35095749, 35096278, 0.10156181, 0.17071056, -3.53968430, -3.69556332
8057, 35096749, 35097274, 0.09697808, 0.16727734, -3.57143021, -3.74153328
8058, 35097749, 35098273, 0.09237644, 0.16346264, -3.63492203, -3.62256765
8059, 35098749, 35099273, 0.08775868, 0.15964794, -3.69841385, -3.69670463
8060, 35099749, 35100275, 0.08312725, 0.15545082, -3.76190567, -3.74223447
8061, 35100749, 35101273, 0.07848486, 0.15125465, -3.82539749, -3.91776109
8062, 35101749, 35102277, 0.07383322, 0.14743996, -3.88888931, -4.02518940
8063, 35102749, 35103272, 0.06917412, 0.14324379, -3.92063522, -3.94396687
8064, 35103749, 35104282, 0.06450814, 0.13904762, -3.95238113, -4.04128313
8065, 35104749, 35105276, 0.05983679, 0.13485146, -4.01587296, -4.10104799
8066, 35105749, 35106274, 0.05516103, 0.13103676, -4.07936478, -4.13775158
8067, 35106749, 35107274, 0.05048098, 0.12645912, -4.07936478, -4.01309443
8068, 35107749, 35108277, 0.04579735, 0.12226295, -4.14285660, -4.23093414
8069, 35108749, 35109275, 0.04111156, 0.11806679, -4.17460251, -4.21751833
8070, 35109749, 35110273, 0.03642520, 0.11348915, -4.20634842, -4.20927954
8071, 35110749, 35111273, 0.03173948, 0.10967445, -4.20634842, -4.35141754
8072, 35111749, 35112275, 0.02705481, 0.10509682, -4.23809433, -4.14431334
8073, 35112749, 35113273, 0.02237077, 0.10051918, -4.30158615, -4.31151962
8074, 35113749, 35114274, 0.01768771, 0.09632301, -4.30158615, -4.41420603
8075, 35114749, 35115280, 0.01300569, 0.09212589, -4.33333206, -4.33007145
8076, 35115749, 35116272, 0.00832525, 0.08754826, -4.36507797, -4.27876997
8077, 35116749, 35117274, 0.00364744, 0.08297062, -4.36507797, -4.39409351
8078, 35117749, 35118274, -0.00102703, 0.07839298, -4.39682388, -4.46491718
8079, 35118749, 35119274, -0.00569824, 0.07419682, -4.42856979, -4.50841236
8080, 35119749, 35120275, -0.01036616, 0.06961918, -4.46031570, -4.38792610
8081, 35120749, 35121269, -0.01503158, 0.06504154, -4.46031570, -4.46112967
8082, 35121749, 35122271, -0.01969426, 0.06046391, -4.46031570, -4.50608635
8083, 35122749, 35123273, -0.02435389, 0.05588627, -4.49206161, -4.53369522
8084, 35123749, 35124277, -0.02901001, 0.05169010, -4.49206161, -4.55065107
8085, 35124749, 35125276, -0.03366340, 0.04673100, -4.52381134, -4.41386652
8086, 35125749, 35126280, -0.03831453, 0.04215336, -4.55555725, -4.62425804
8087, 35126749, 35127274, -0.04296342, 0.03719425, -4.58730316, -4.60626841
8088, 35127749, 35128276, -0.04761081, 0.03261662, -4.61904907, -4.74241781
8089, 35128749, 35129280, -0.05225648, 0.02803802, -4.65079498, -4.67883396
8090, 35129749, 35130269, -0.05690068, 0.02307892, -4.68254089, -4.64015293
8091, 35130749, 35131275, -0.06154410, 0.01850128, -4.68254089, -4.76322746
8092, 35131749, 35132283, -0.06618865, 0.01354218, -4.71428680, -4.69161367
8093, 35132749, 35133279, -0.07083515, 0.00896454, -4.71428680, -4.79483080
8094, 35133749, 35134279, -0.07548409, 0.00438690, -4.71428680, -4.71102238
8095, 35134749, 35135275, -0.08013695, -0.00019073, -4.71428680, -4.65955305
8096, 35135749, 35136276, -0.08479450, -0.00438690, -4.71428680, -4.62794399
8097, 35136749, 35137278, -0.08945821, -0.00934601, -4.68254089, -4.46133423
8098, 35137749, 35138278, -0.09413076, -0.01430511, -4.65079498, -4.65340948
8099, 35138749, 35139284, -0.09881251, -0.01850128, -4.65079498, -4.77136850
8100, 35139749, 35140272, -0.10350482, -0.02307892, -4.65079498, -4.54941559
8101, 35140749, 35141279, -0.10820974, -0.02765656, -4.61904907, -4.56030512
8102, 35141749, 35142273, -0.11292897, -0.03261662, -4.65079498, -4.56699276
8103, 35142749, 35143273, -0.11766514, -0.03681278, -4.61904907, -4.71866512
8104, 35143749, 35144273, -0.12242043, -0.04177189, -4.61904907, -4.51704884
8105, 35144749, 35145271, -0.12719731, -0.04634953, -4.65079498, -4.68762541
8106, 35145749, 35146277, -0.13199688, -0.05130863, -4.65079498, -4.64518404
8107, 35146749, 35147280, -0.13682121, -0.05550480, -4.65079498, -4.76631737
8108, 35147749, 35148276, -0.14167207, -0.06008244, -4.65079498, -4.54631376
8109, 35148749, 35149278, -0.14655091, -0.06466007, -4.61904907, -4.55840015
8110, 35149749, 35150282, -0.15145868, -0.06923771, -4.58730316, -4.56582308
8111, 35150749, 35151282, -0.15639634, -0.07343388, -4.55555725, -4.57038164
8112, 35151749, 35152269, -0.16136400, -0.07763004, -4.52381134, -4.42598343
8113, 35152749, 35153275, -0.16636138, -0.08258915, -4.52381134, -4.33730412
8114, 35153749, 35154275, -0.17138787, -0.08678532, -4.49206161, -4.57723856
8115, 35154749, 35155281, -0.17644405, -0.09174442, -4.49206161, -4.43019438
8116, 35155749, 35156279, -0.18152937, -0.09594154, -4.52381134, -4.63428545
8117, 35156749, 35157279, -0.18664330, -0.10051918, -4.52381134, -4.46559668
8118, 35157749, 35158278, -0.19178504, -0.10471535, -4.49206161, -4.50882959
8119, 35158749, 35159282, -0.19695367, -0.10929298, -4.52381134, -4.38818264
8120, 35159749, 35160274, -0.20214689, -0.11387062, -4.52381134, -4.46128702
8121, 35160749, 35161280, -0.20736289, -0.11806679, -4.49206161, -4.50618267
8122, 35161749, 35162278, -0.21260075, -0.12264442, -4.49206161, -4.38655710
8123, 35162749, 35163277, -0.21785928, -0.12684059, -4.46031570, -4.46028900
8124, 35163749, 35164273, -0.22313689, -0.13141823, -4.42856979, -4.35837221
8125, 35164749, 35165275, -0.22843117, -0.13599586, -4.42856979, -4.44297981
8126, 35165749, 35166277, -0.23374067, -0.14019203, -4.39682388, -4.49493980
8127, 35166749, 35167273, -0.23906243, -0.14438820, -4.39682388, -4.37965250
8128, 35167749, 35168273, -0.24439418, -0.14858437, -4.39682388, -4.30885077
8129, 35168749, 35169276, -0.24973403, -0.15354347, -4.39682388, -4.26536942
8130, 35169749, 35170272, -0.25508019, -0.15812206, -4.42856979, -4.53306150
8131, 35170749, 35171272, -0.26042914, -0.16269970, -4.42856979, -4.55062962
8132, 35171749, 35172276, -0.26577887, -0.16727734, -4.49206161, -4.56105089
8133, 35172749, 35173276, -0.27112630, -0.17185497, -4.52381134, -4.56745100
8134, 35173749, 35174276, -0.27646750, -0.17719555, -4.58730316, -4.57138157
8135, 35174749, 35175275, -0.28179872, -0.18177319, -4.65079498, -4.86819029
8136, 35175749, 35176273, -0.28711566, -0.18711376, -4.71428680, -4.75607443
8137, 35176749, 35177275, -0.29241380, -0.19245434, -4.80952454, -4.98161554
8138, 35177749, 35178275, -0.29768720, -0.19741344, -4.90476227, -5.12012720
8139, 35178749, 35179271, -0.30293119, -0.20237255, -4.96825409, -5.05799437
8140, 35179749, 35180274, -0.30814046, -0.20771313, -5.03174591, -5.01983643
8141, 35180749, 35181274, -0.31330839, -0.21267223, -5.06349182, -5.14359999
8142, 35181749, 35182272, -0.31842670, -0.21763134, -5.12698364, -5.07240963
8143, 35182749, 35183274, -0.32348868, -0.22297287, -5.12698364, -5.02868891
8144, 35183749, 35184272, -0.32848322, -0.22793198, -5.15872955, -5.14940500
8145, 35184749, 35185273, -0.33339772, -0.23327255, -5.15872955, -5.07597446
8146, 35185749, 35186273, -0.33821914, -0.23861313, -5.15872955, -5.17807627
8147, 35186749, 35187277, -0.34292874, -0.24395370, -5.19047546, -5.24077988
8148, 35187749, 35188273, -0.34750849, -0.24929428, -5.22222137, -5.27928829
8149, 35188749, 35189273, -0.35193443, -0.25501633, -5.28571320, -5.30293751
8150, 35189749, 35190271, -0.35618338, -0.26035690, -5.31745911, -5.46465874
8151, 35190749, 35191270, -0.36022636, -0.26607895, -5.38095093, -5.41677904
8152, 35191749, 35192272, -0.36403584, -0.27141953, -5.41269684, -5.53457212
8153, 35192749, 35193272, -0.36758256, -0.27676010, -5.44444275, -5.45971489
8154, 35193749, 35194270, -0.37084064, -0.28210163, -5.47618866, -5.41374302
8155, 35194749, 35195272, -0.37378410, -0.28782368, -5.50793839, -5.38587809
8156, 35195749, 35196274, -0.37639102, -0.29316425, -5.47618866, -5.51559496
8157, 35196749, 35197273, -0.37863949, -0.29850483, -5.47618866, -5.44806051
8158, 35197749, 35198271, -0.38050705, -0.30422688, -5.44444275, -5.40658522
8159, 35198749, 35199267, -0.38197812, -0.30956745, -5.44444275, -5.52831221
8160, 35199749, 35200269, -0.38304049, -0.31452656, -5.44444275, -5.45587015
8161, 35200749, 35201269, -0.38368493, -0.31986713, -5.38095093, -5.26418400
8162, 35201749, 35202281, -0.38390601, -0.32482624, -5.34920502, -5.29366159
8163, 35202749, 35203270, -0.38370305, -0.33016682, -5.31745911, -5.16456699
8164, 35203749, 35204270, -0.38308364, -0.33474445, -5.25396729, -5.23248386
8165, 35204749, 35205278, -0.38206059, -0.33932209, -5.15872955, -4.97979832
8166, 35205749, 35206268, -0.38065606, -0.34428215, -5.09523773, -4.82461643
8167, 35206749, 35207266, -0.37889954, -0.34847832, -4.96825409, -4.87687969
8168, 35207749, 35208266, -0.37683097, -0.35229301, -4.80952454, -4.61421347
8169, 35208749, 35209271, -0.37449363, -0.35610771, -4.65079498, -4.30570459
8170, 35209749, 35210265, -0.37192562, -0.35915947, -4.39682388, -4.11623955
8171, 35210749, 35211269, -0.36916363, -0.36182976, -4.14285660, -3.70548844
8172, 35211749, 35212265, -0.36623704, -0.36411858, -3.85714340, -3.30603600
8173, 35212749, 35213269, -0.36317188, -0.36640739, -3.57143021, -2.91352272
8174, 35213749, 35214282, -0.35998601, -0.36793327, -3.22222137, -2.67246842
8175, 35214749, 35215276, -0.35669270, -0.36945915, -2.84127045, -2.23003459
8176, 35215749, 35216278, -0.35329986, -0.37022209, -2.46031570, -1.95832241
8177, 35216749, 35217280, -0.34981039, -0.37060356, -2.07936478, -1.49706054
8178, 35217749, 35218270, -0.34622532, -0.37098503, -1.73015976, -1.06658804
8179, 35218749, 35219278, -0.34254205, -0.37060356, -1.34920502, -0.80222172
8180, 35219749, 35220280, -0.33875617, -0.37022209, -0.96825409, -0.34547123
8181, 35220749, 35221265, -0.33486286, -0.36945915, -0.61904907, -0.06496686
8182, 35221749, 35222269, -0.33085600, -0.36831474, -0.26984406, 0.25449699
8183, 35222749, 35223281, -0.32673210, -0.36678886, 0.07936859, 0.59788698
8184, 35223749, 35224279, -0.32248914, -0.36564445, 0.36508179, 0.95597082
8185, 35224749, 35225277, -0.31812724, -0.36373711, 0.68254089, 1.02868342
8186, 35225749, 35226276, -0.31364998, -0.36182976, 0.96825409, 1.36773348
8187, 35226749, 35227282, -0.30906337, -0.35954094, 1.22222137, 1.57595444
8188, 35227749, 35228280, -0.30437723, -0.35687065, 1.47618866, 1.85102689
8189, 35228749, 35229276, -0.29960090, -0.35458183, 1.73015594, 2.16715479
8190, 35229749, 35230278, -0.29474407, -0.35191154, 1.92063141, 2.21410108
8191, 35230749, 35231280, -0.28981757, -0.34885979, 2.14286041, 2.39012980
8192, 35231749, 35232277, -0.28483233, -0.34580803, 2.33333588, 2.64543176
8193, 35232749, 35233279, -0.27979651, -0.34275532, 2.49206543, 2.80222058
8194, 35233749, 35234277, -0.27471972, -0.33932209, 2.68254089, 2.89887738
8195, 35234749, 35235273, -0.26961195, -0.33588886, 2.84127045, 3.10506678
8196, 35235749, 35236271, -0.26448160, -0.33245564, 3.00000000, 3.23169422
8197, 35236749, 35237276, -0.25933519, -0.32864094, 3.12698364, 3.30945992
8198, 35237749, 35238276, -0.25417945, -0.32482624, 3.28571320, 3.50441575
8199, 35238749, 35239278, -0.24901989, -0.32063007, 3.41269684, 3.62414408
8200, 35239749, 35240280, -0.24385843, -0.31681538, 3.53968048, 3.84487033
8201, 35240749, 35241274, -0.23869638, -0.31261921, 3.63491821, 3.83322740
8202, 35241749, 35242274, -0.23353146, -0.30842304, 3.76190186, 3.97327471
8203, 35242749, 35243274, -0.22836274, -0.30460835, 3.85713959, 4.05928183
8204, 35243749, 35244277, -0.22318840, -0.30003071, 3.95237732, 3.96490407
8205, 35244749, 35245279, -0.21800654, -0.29545307, 4.04762268, 4.20133924
8206, 35245749, 35246281, -0.21281415, -0.29125690, 4.11111450, 4.34654093
8207, 35246749, 35247277, -0.20760739, -0.28667927, 4.17460632, 4.28851604
8208, 35247749, 35248277, -0.20238273, -0.28210163, 4.26984406, 4.40007877
8209, 35248749, 35249274, -0.19713776, -0.27752304, 4.36508179, 4.46859312
8210, 35249749, 35250274, -0.19186951, -0.27256393, 4.39682770, 4.51103783
8211, 35250749, 35251278, -0.18657525, -0.26798630, 4.46031952, 4.68393373
8212, 35251749, 35252272, -0.18125378, -0.26340866, 4.52381134, 4.64291716
8213, 35252749, 35253272, -0.17590487, -0.25844955, 4.77777863, 4.61772728
8214, 35253749, 35254272, -0.17052835, -0.25349045, 4.68254089, 4.74945498
8215, 35254749, 35255275, -0.16512391, -0.24891281, 4.68254089, 4.83035326
8216, 35255749, 35256275, -0.15969239, -0.24395370, 4.71428680, 4.73283768
8217, 35256749, 35257273, -0.15423502, -0.23899460, 4.74603271, 4.82014799
8218, 35257749, 35258273, -0.14875370, -0.23441696, 4.80952454, 4.87376785
8219, 35258749, 35259271, -0.14325263, -0.22945786, 4.80952454, 4.75950003
8220, 35259749, 35260271, -0.13773358, -0.22449875, 4.84127045, 4.83652210
8221, 35260749, 35261274, -0.13219704, -0.21953964, 4.68254089, 4.88382387
8222, 35261749, 35262270, -0.12664437, -0.21419811, 4.84127045, 4.91287327
8223, 35262749, 35263272, -0.12107686, -0.20962048, 5.06349182, 5.07827854
8224, 35263749, 35264272, -0.11549613, -0.20466137, 5.00000000, 4.88509607
8225, 35264749, 35265272, -0.10990252, -0.19893932, 4.93650818, 4.91365433
8226, 35265749, 35266272, -0.10429754, -0.19398022, 4.96825409, 5.22558784
8227, 35266749, 35267273, -0.09868345, -0.18902111, 5.03174591, 5.12276030
8228, 35267749, 35268273, -0.09306241, -0.18368053, 5.06349182, 5.05961132
8229, 35268749, 35269281, -0.08743723, -0.17833996, 5.09523773, 5.16802740
8230, 35269749, 35270277, -0.08180971, -0.17338085, 5.09523773, 5.23460865
8231, 35270749, 35271271, -0.07617943, -0.16804028, 5.12698364, 5.12830067
8232, 35271749, 35272270, -0.07054905, -0.16308117, 5.12698364, 5.21021128
8233, 35272749, 35273270, -0.06491964, -0.15812206, 5.12698364, 5.11331749
8234, 35273749, 35274268, -0.05929226, -0.15278053, 5.15872955, 5.05381203
8235, 35274749, 35275276, -0.05366852, -0.14743996, 5.15872955, 5.16483355
8236, 35275749, 35276274, -0.04805058, -0.14209938, 5.15872955, 5.23264694
8237, 35276749, 35277272, -0.04243879, -0.13675880, 5.15872955, 5.27429342
8238, 35277749, 35278273, -0.03683397, -0.13179970, 5.19047546, 5.29986954
8239, 35278749, 35279275, -0.03123628, -0.12607765, 5.06349182, 5.16837931
8240, 35279749, 35280271, -0.02564705, -0.12073708, 5.22222137, 5.38202238
8241, 35280749, 35281273, -0.02006688, -0.11539650, 5.25396729, 5.36602926
8242, 35281749, 35282277, -0.01449811, -0.11005592, 5.28571320, 5.35620737
8243, 35282749, 35283280, -0.00894228, -0.10433388, 5.31745911, 5.35017538
8244, 35283749, 35284280, -0.00340113, -0.09899330, 5.34920502, 5.49366903
8245, 35284749, 35285274, 0.00212488, -0.09403419, 5.34920502, 5.43459511
8246, 35285749, 35286272, 0.00763358, -0.08869267, 5.34920502, 5.25111818
8247, 35286749, 35287276, 0.01312324, -0.08297062, 5.34920502, 5.28600550
8248, 35287749, 35288272, 0.01859210, -0.07801151, 5.31745911, 5.45426035
8249, 35288749, 35289279, 0.02403937, -0.07267094, 5.34920502, 5.26319551
8250, 35289749, 35290277, 0.02946518, -0.06694889, 5.34920502, 5.29305410
8251, 35290749, 35291271, 0.03486951, -0.06160831, 5.34920502, 5.45858908
8252, 35291749, 35292271, 0.04025022, -0.05626774, 5.34920502, 5.41305113
8253, 35292749, 35293273, 0.04560751, -0.05092716, 5.41269684, 5.38508511
8254, 35293749, 35294276, 0.05094050, -0.04520512, 5.44444275, 5.36791039
8255, 35294749, 35295276, 0.05625008, -0.03948307, 5.44444275, 5.50456047
8256, 35295749, 35296278, 0.06153534, -0.03376102, 5.47618866, 5.58848143
8257, 35296749, 35297280, 0.06679727, -0.02841949, 5.47618866, 5.64001989
8258, 35297749, 35298278, 0.07203631, -0.02307892, 5.47618866, 5.52484179
8259, 35298749, 35299275, 0.07725310, -0.01811981, 5.47618866, 5.45373917
8260, 35299749, 35300277, 0.08244798, -0.01239777, 5.47618866, 5.26287508
8261, 35300749, 35301273, 0.08762001, -0.00705719, 5.44444275, 5.44005537
8262, 35301749, 35302277, 0.09276878, -0.00171661, 5.41269684, 5.40166903
8263, 35302749, 35303279, 0.09789346, 0.00362396, 5.38095093, 5.37809515
8264, 35303749, 35304283, 0.10299107, 0.00896454, 5.38095093, 5.36361742
8265, 35304749, 35305276, 0.10806019, 0.01430511, 5.38095093, 5.35472631
8266, 35305749, 35306276, 0.11309870, 0.01964569, 5.31745911, 5.34926605
8267, 35306749, 35307280, 0.11810412, 0.02460480, 5.31745911, 5.34591293
8268, 35307749, 35308278, 0.12307440, 0.03032684, 5.31745911, 5.19665575
8269, 35308749, 35309278, 0.12800677, 0.03566837, 5.31745911, 5.39938784
8270, 35309749, 35310272, 0.13289946, 0.04062748, 5.31745911, 5.37706232
8271, 35310749, 35311277, 0.13775016, 0.04634953, 5.31745911, 5.21578598
8272, 35311749, 35312273, 0.14255553, 0.05130863, 5.31745911, 5.41113615
8273, 35312749, 35313277, 0.14731419, 0.05664921, 5.25396729, 5.23671150
8274, 35313749, 35314275, 0.15202583, 0.06198978, 5.25396729, 5.27678967
8275, 35314749, 35315279, 0.15668777, 0.06694889, 5.22222137, 5.30140305
8276, 35315749, 35316277, 0.16129822, 0.07190800, 5.19047546, 5.16932106
8277, 35316749, 35317278, 0.16585574, 0.07724857, 5.19047546, 5.08820534
8278, 35317749, 35318276, 0.17035912, 0.08182621, 5.15872955, 5.18558741
8279, 35318749, 35319278, 0.17480807, 0.08716679, 5.12698364, 4.95099783
8280, 35319749, 35320276, 0.17920184, 0.09250736, 5.09523773, 5.10132408
8281, 35320749, 35321280, 0.18354069, 0.09708595, 5.09523773, 5.19364405
8282, 35321749, 35322279, 0.18782200, 0.10242653, 5.06349182, 4.95631361
8283, 35322749, 35323279, 0.19204460, 0.10700417, 5.06349182, 5.10458851
8284, 35323749, 35324275, 0.19620810, 0.11234474, 5.03174591, 4.90125370
8285, 35324749, 35325275, 0.20031153, 0.11692238, 4.96825409, 5.07077503
8286, 35325749, 35326277, 0.20435382, 0.12188148, 4.93650818, 4.88048792
8287, 35326749, 35327276, 0.20833412, 0.12645912, 4.87301636, 4.91082430
8288, 35327749, 35328276, 0.21225035, 0.13141823, 4.84127045, 4.78225756
8289, 35328749, 35329276, 0.21610175, 0.13599586, 4.80952454, 4.85049820
8290, 35329749, 35330274, 0.21988808, 0.14095497, 4.80952454, 4.74520922
8291, 35330749, 35331278, 0.22360800, 0.14515114, 4.74603271, 4.82774544
8292, 35331749, 35332274, 0.22725980, 0.15011024, 4.74603271, 4.58403826
8293, 35332749, 35333271, 0.23084199, 0.15430641, 4.71428680, 4.72876549
8294, 35333749, 35334273, 0.23435502, 0.15926647, 4.68254089, 4.52325201
8295, 35334749, 35335273, 0.23779842, 0.16384411, 4.68254089, 4.69180298
8296, 35335749, 35336271, 0.24117287, 0.16804028, 4.65079498, 4.64774990
8297, 35336749, 35337279, 0.24447788, 0.17261791, 4.58730316, 4.47349787
8298, 35337749, 35338269, 0.24771310, 0.17719555, 4.52381134, 4.51368189
8299, 35338749, 35339272, 0.25087732, 0.18101025, 4.49206543, 4.53836012
8300, 35339749, 35340272, 0.25397003, 0.18558788, 4.46031952, 4.25912046
8301, 35340749, 35341274, 0.25699088, 0.18978405, 4.42857361, 4.38202620
8302, 35341749, 35342272, 0.25993896, 0.19398022, 4.36508179, 4.31030893
8303, 35342749, 35343270, 0.26281238, 0.19779491, 4.30158997, 4.26626492
8304, 35343749, 35344271, 0.26561111, 0.20199108, 4.23809814, 4.09201860
8305, 35344749, 35345273, 0.26833481, 0.20580578, 4.17460632, 4.13220644
8306, 35345749, 35346275, 0.27098194, 0.21000195, 4.14286041, 4.00968933
8307, 35346749, 35347275, 0.27354997, 0.21343517, 4.04762268, 4.08164549
8308, 35347749, 35348273, 0.27603686, 0.21686840, 3.95237732, 3.83144093
8309, 35348749, 35349268, 0.27844161, 0.22068405, 3.88888550, 3.67778254
8310, 35349749, 35350268, 0.28076276, 0.22411728, 3.82539368, 3.73098183
8311, 35350749, 35351272, 0.28300020, 0.22755051, 3.73015594, 3.61608768
8312, 35351749, 35352268, 0.28515461, 0.23060226, 3.63491821, 3.54552746
8313, 35352749, 35353278, 0.28722465, 0.23403549, 3.53968048, 3.35499692
8314, 35353749, 35354266, 0.28920886, 0.23708725, 3.41269684, 3.38518381
8315, 35354749, 35355269, 0.29110625, 0.24013901, 3.34920502, 3.25652504
8316, 35355749, 35356269, 0.29291540, 0.24319077, 3.28571320, 3.17751169
8317, 35356749, 35357269, 0.29463556, 0.24624252, 3.22222137, 3.12898707
8318, 35357749, 35358277, 0.29626566, 0.24891281, 3.15872955, 3.09918666
8319, 35358749, 35359267, 0.29780558, 0.25196457, 3.06349182, 2.93368769
8320, 35359749, 35360267, 0.29925543, 0.25425339, 3.03174591, 2.97924733
8321, 35360749, 35361268, 0.30061328, 0.25730515, 2.93650818, 2.71283197
8322, 35361749, 35362266, 0.30187857, 0.25959396, 2.84127045, 2.84361315
8323, 35362749, 35363264, 0.30304942, 0.26188278, 2.77777863, 2.62953472
8324, 35363749, 35364264, 0.30412528, 0.26417160, 2.68254089, 2.49806261
8325, 35364749, 35365284, 0.30510697, 0.26646042, 2.55555725, 2.41732168
8326, 35365749, 35366279, 0.30599254, 0.26836777, 2.42857361, 2.36773610
8327, 35366749, 35367267, 0.30678138, 0.27027512, 2.33333588, 2.19008660
8328, 35367749, 35368277, 0.30747426, 0.27256393, 2.23809814, 2.08098650
8329, 35368749, 35369279, 0.30807120, 0.27447128, 2.17460632, 2.16118240
8330, 35369749, 35370265, 0.30857110, 0.27637863, 2.14286041, 2.06323552
8331, 35370749, 35371265, 0.30897364, 0.27828598, 2.07936859, 2.00308347
8332, 35371749, 35372281, 0.30927825, 0.28019333, 1.98412323, 1.96614230
8333, 35372749, 35373284, 0.30948305, 0.28172016, 1.95237732, 1.94345558
8334, 35373749, 35374282, 0.30958655, 0.28324604, 1.88888550, 1.78269339
8335, 35374749, 35375284, 0.30958745, 0.28477192, 1.82539368, 1.68359649
8336, 35375749, 35376282, 0.30948576, 0.28629780, 1.76190186, 1.62273800
8337, 35376749, 35377278, 0.30928043, 0.28744221, 1.69841003, 1.58536303
8338, 35377749, 35378283, 0.30897063, 0.28896809, 1.57142639, 1.41521239
8339, 35378749, 35379281, 0.30855700, 0.28973103, 1.50793457, 1.45791531
8340, 35379749, 35380285, 0.30803913, 0.29125690, 1.41269684, 1.18974531
8341, 35380749, 35381277, 0.30741549, 0.29201984, 1.34920502, 1.31944895
8342, 35381749, 35382281, 0.30668688, 0.29278278, 1.25396729, 1.10470891
8343, 35382749, 35383280, 0.30585349, 0.29392719, 1.15872955, 0.97283053
8344, 35383749, 35384278, 0.30491447, 0.29469013, 1.09523773, 1.03903747
8345, 35384749, 35385282, 0.30386844, 0.29545307, 1.00000000, 0.93249965
8346, 35385749, 35386280, 0.30271673, 0.29621601, 0.93650818, 0.86707157
8347, 35386749, 35387280, 0.30145884, 0.29659748, 0.87301636, 0.82689017
8348, 35387749, 35388280, 0.30009472, 0.29736042, 0.80952454, 0.65501601
8349, 35388749, 35389278, 0.29862493, 0.29774189, 0.74603271, 0.69666034
8350, 35389749, 35390276, 0.29705015, 0.29812336, 0.65079498, 0.57503790
8351, 35390749, 35391281, 0.29537082, 0.29812336, 0.55555725, 0.50034583
8352, 35391749, 35392283, 0.29358962, 0.29850483, 0.49206543, 0.30727762
8353, 35392749, 35393277, 0.29170877, 0.29850483, 0.39682770, 0.33590612
8354, 35393749, 35394277, 0.28972971, 0.29850483, 0.33333588, 0.20629017
8355, 35394749, 35395277, 0.28765479, 0.29812336, 0.20635223, 0.12668908
8356, 35395749, 35396281, 0.28548849, 0.29774189, 0.07936859, -0.06939393
8357, 35396749, 35397282, 0.28323254, 0.29736042, -0.01587677, -0.18981448
8358, 35397749, 35398278, 0.28088877, 0.29697895, -0.07936859, -0.26376840
8359, 35398749, 35399278, 0.27845997, 0.29621601, -0.17460632, -0.30918574
8360, 35399749, 35400278, 0.27594814, 0.29545307, -0.30158997, -0.48427546
8361, 35400749, 35401278, 0.27335626, 0.29507160, -0.39682770, -0.59180337
8362, 35401749, 35402278, 0.27068764, 0.29392719, -0.49206543, -0.51064205
8363, 35402749, 35403276, 0.26794517, 0.29278278, -0.55555725, -0.75519347
8364, 35403749, 35404277, 0.26513225, 0.29201984, -0.65079498, -0.90537995
8365, 35404749, 35405279, 0.26225293, 0.29087543, -0.77777863, -0.85041648
8366, 35405749, 35406275, 0.25930962, 0.28934956, -0.87301636, -0.96385932
8367, 35406749, 35407273, 0.25630578, 0.28820515, -0.93650818, -1.18072557
8368, 35407749, 35408275, 0.25324276, 0.28667927, -1.06349182, -1.16671216
8369, 35408749, 35409276, 0.25012481, 0.28515339, -1.15872955, -1.30530369
8370, 35409749, 35410280, 0.24695478, 0.28324604, -1.28571320, -1.39041698
8371, 35410749, 35411278, 0.24373697, 0.28172016, -1.38095093, -1.58988523
8372, 35411749, 35412274, 0.24047595, 0.28019333, -1.47618866, -1.56518722
8373, 35412749, 35413272, 0.23717272, 0.27790451, -1.53968430, -1.55038738
8374, 35413749, 35414272, 0.23382992, 0.27599716, -1.66666794, -1.83532536
8375, 35414749, 35415279, 0.23045112, 0.27370834, -1.76190567, -1.86311698
8376, 35415749, 35416277, 0.22703895, 0.27180099, -1.85714340, -2.02738214
8377, 35416749, 35417273, 0.22359540, 0.26951218, -1.95238113, -1.98106480
8378, 35417749, 35418271, 0.22012344, 0.26684189, -2.04761887, -2.09981751
8379, 35418749, 35419279, 0.21662660, 0.26417160, -2.14285660, -2.31994486
8380, 35419749, 35420275, 0.21310739, 0.26188278, -2.20634842, -2.45513177
8381, 35420749, 35421270, 0.20956798, 0.25921249, -2.30158615, -2.39095640
8382, 35421749, 35422278, 0.20601098, 0.25654221, -2.39682388, -2.49874210
8383, 35422749, 35423270, 0.20243864, 0.25387192, -2.49206161, -2.56493640
8384, 35423749, 35424280, 0.19885294, 0.25082016, -2.52381134, -2.60558820
8385, 35424749, 35425278, 0.19525625, 0.24814987, -2.58730316, -2.77775145
8386, 35425749, 35426277, 0.19165164, 0.24509811, -2.65079498, -2.73628473
8387, 35426749, 35427273, 0.18804023, 0.24204636, -2.74603271, -2.85801625
8388, 35427749, 35428273, 0.18442333, 0.23899460, -2.80952454, -2.93277526
8389, 35428749, 35429273, 0.18080267, 0.23594284, -2.87301636, -2.97868705
8390, 35429749, 35430273, 0.17718016, 0.23289108, -2.93650818, -3.00688267
8391, 35430749, 35431272, 0.17355619, 0.22945786, -3.00000000, -3.02419877
8392, 35431749, 35432274, 0.16993220, 0.22640610, -3.03174591, -3.18203044
8393, 35432749, 35433276, 0.16630839, 0.22335434, -3.12698364, -3.13176203
8394, 35433749, 35434272, 0.16268457, 0.21992111, -3.15872955, -3.10089087
8395, 35434749, 35435276, 0.15906249, 0.21648693, -3.19047546, -3.22912955
8396, 35435749, 35436270, 0.15544152, 0.21305370, -3.22222137, -3.30825281
8397, 35436749, 35437273, 0.15182213, 0.21000195, -3.28571320, -3.35647678
8398, 35437749, 35438277, 0.14820381, 0.20656872, -3.28571320, -3.23889518
8399, 35438749, 35439277, 0.14458647, 0.20313549, -3.31745911, -3.31388211
8400, 35439749, 35440275, 0.14097086, 0.20008373, -3.31745911, -3.35993385
8401, 35440749, 35441275, 0.13735734, 0.19665051, -3.34920502, -3.24101830
8402, 35441749, 35442277, 0.13374564, 0.19283581, -3.34920502, -3.31518602
8403, 35442749, 35443278, 0.13013531, 0.18940258, -3.38095093, -3.50793219
8404, 35443749, 35444280, 0.12652640, 0.18596935, -3.38095093, -3.47910619
8405, 35444749, 35445278, 0.12291851, 0.18253613, -3.38095093, -3.46140289
8406, 35445749, 35446280, 0.11931170, 0.17910290, -3.41269684, -3.45053101
8407, 35446749, 35447276, 0.11570547, 0.17528820, -3.44444275, -3.44385433
8408, 35447749, 35448271, 0.11209946, 0.17185497, -3.50793839, -3.58695126
8409, 35448749, 35449279, 0.10849228, 0.16804028, -3.53968430, -3.52763414
8410, 35449749, 35450283, 0.10488395, 0.16460705, -3.60317612, -3.63840294
8411, 35450749, 35451279, 0.10127240, 0.16041088, -3.63492203, -3.55923223
8412, 35451749, 35452279, 0.09765653, 0.15697765, -3.66666794, -3.80500579
8413, 35452749, 35453278, 0.09403487, 0.15316200, -3.69841385, -3.66154790
8414, 35453749, 35454276, 0.09040663, 0.14934731, -3.69841385, -3.72101140
8415, 35454749, 35455284, 0.08676988, 0.14553261, -3.73015976, -3.75716186
8416, 35455749, 35456274, 0.08312340, 0.14209938, -3.73015976, -3.77936316
8417, 35456749, 35457278, 0.07946452, 0.13828468, -3.69841385, -3.64580011
8418, 35457749, 35458278, 0.07578988, 0.13485146, -3.69841385, -3.71097231
8419, 35458749, 35459277, 0.07209644, 0.13141823, -3.66666794, -3.60379910
8420, 35459749, 35460281, 0.06838241, 0.12798500, -3.63492203, -3.53798079
8421, 35460749, 35461273, 0.06464452, 0.12417030, -3.60317612, -3.49755979
8422, 35461749, 35462275, 0.06088020, 0.12073708, -3.63492203, -3.61993361
8423, 35462749, 35463279, 0.05708440, 0.11692238, -3.60317612, -3.54788947
8424, 35463749, 35464277, 0.05325383, 0.11310768, -3.60317612, -3.65084243
8425, 35464749, 35465282, 0.04938477, 0.10967445, -3.63492203, -3.71406913
8426, 35465749, 35466280, 0.04547535, 0.10585976, -3.63492203, -3.60570097
8427, 35466749, 35467278, 0.04152285, 0.10242653, -3.66666794, -3.68634605
8428, 35467749, 35468278, 0.03752473, 0.09861183, -3.66666794, -3.58867550
8429, 35468749, 35469272, 0.03347758, 0.09517860, -3.66666794, -3.67589021
8430, 35469749, 35470277, 0.02937899, 0.09174442, -3.63492203, -3.58225417
8431, 35470749, 35471277, 0.02522701, 0.08831120, -3.63492203, -3.52511740
8432, 35471749, 35472275, 0.02102055, 0.08487797, -3.60317612, -3.48966002
8433, 35472749, 35473279, 0.01675666, 0.08144474, -3.57143021, -3.46788454
8434, 35473749, 35474277, 0.01243305, 0.07801151, -3.53968430, -3.45451164
8435, 35474749, 35475278, 0.00804678, 0.07419682, -3.50793839, -3.44629884
8436, 35475749, 35476276, 0.00359746, 0.07076359, -3.53968430, -3.58845258
8437, 35476749, 35477278, -0.00091516, 0.06694889, -3.50793839, -3.52855587
8438, 35477749, 35478274, -0.00549164, 0.06351566, -3.53968430, -3.63896894
8439, 35478749, 35479274, -0.01013383, 0.06008244, -3.53968430, -3.55957985
8440, 35479749, 35480276, -0.01484254, 0.05626774, -3.53968430, -3.51082444
8441, 35480749, 35481271, -0.01961725, 0.05283451, -3.50793839, -3.62807965
8442, 35481749, 35482273, -0.02445749, 0.04978275, -3.50793839, -3.55289221
8443, 35482749, 35483271, -0.02936273, 0.04634953, -3.50793839, -3.35951972
8444, 35483749, 35484273, -0.03433250, 0.04291630, -3.50793839, -3.38796139
8445, 35484749, 35485277, -0.03936630, 0.03948307, -3.50793839, -3.40542841
8446, 35485749, 35486273, -0.04446316, 0.03604984, -3.47618866, -3.41615534
8447, 35486749, 35487270, -0.04962225, 0.03223515, -3.44444275, -3.42274308
8448, 35487749, 35488270, -0.05484186, 0.02880096, -3.47618866, -3.57398629
8449, 35488749, 35489272, -0.06011989, 0.02498627, -3.50793839, -3.52003980
8450, 35489749, 35490272, -0.06545699, 0.02155304, -3.53968430, -3.63373923
8451, 35490749, 35491272, -0.07084999, 0.01773834, -3.57143021, -3.55636787
8452, 35491749, 35492269, -0.07629738, 0.01392365, -3.60317612, -3.65604925
8453, 35492749, 35493269, -0.08179797, 0.00972748, -3.66666794, -3.71726656
8454, 35493749, 35494271, -0.08734840, 0.00514984, -3.76190567, -3.90205956
8455, 35494749, 35495271, -0.09294707, 0.00133514, -3.88888931, -4.16274405
8456, 35495749, 35496273, -0.09858973, -0.00324249, -3.95238113, -4.02844334
8457, 35496749, 35497271, -0.10427567, -0.00782013, -4.07936478, -4.24036026
8458, 35497749, 35498274, -0.11000092, -0.01201630, -4.17460251, -4.37050486
8459, 35498749, 35499270, -0.11576178, -0.01659393, -4.23809433, -4.30323315
8460, 35499749, 35500274, -0.12155739, -0.02117157, -4.30158615, -4.40911722
8461, 35500749, 35501268, -0.12738383, -0.02574921, -4.39682388, -4.47414398
8462, 35501749, 35502266, -0.13323891, -0.03070831, -4.49206161, -4.51407862
8463, 35502749, 35503266, -0.13912094, -0.03604984, -4.58730316, -4.68580151
8464, 35503749, 35504268, -0.14502697, -0.04139042, -4.68254089, -4.93882704
8465, 35504749, 35505269, -0.15095282, -0.04673100, -4.80952454, -5.09384966
8466, 35505749, 35506269, -0.15689431, -0.05207157, -4.93650818, -5.18905354
8467, 35506749, 35507271, -0.16284783, -0.05779362, -5.09523773, -5.24752140
8468, 35507749, 35508265, -0.16881102, -0.06351566, -5.25396729, -5.43062592
8469, 35508749, 35509267, -0.17477964, -0.06923771, -5.34920502, -5.54307604
8470, 35509749, 35510282, -0.18074982, -0.07457829, -5.44444275, -5.61213541
8471, 35510749, 35511282, -0.18671775, -0.08030033, -5.50793839, -5.50734854
8472, 35511749, 35512266, -0.19268034, -0.08564091, -5.53968430, -5.59019375
8473, 35512749, 35513282, -0.19863445, -0.09174442, -5.60317612, -5.49387407
8474, 35513749, 35514280, -0.20457534, -0.09784889, -5.63492203, -5.72911596
8475, 35514749, 35515267, -0.21049936, -0.10357094, -5.66666794, -5.87395287
8476, 35515749, 35516267, -0.21640141, -0.10929298, -5.73015976, -5.81533623
8477, 35516749, 35517265, -0.22227603, -0.11539650, -5.79365158, -5.77933836
8478, 35517749, 35518277, -0.22811767, -0.12111855, -5.82539749, -5.90442848
8479, 35518749, 35519275, -0.23392133, -0.12722206, -5.88888931, -5.83405256
8480, 35519749, 35520279, -0.23967926, -0.13294411, -5.88888931, -5.93803024
8481, 35520749, 35521280, -0.24538592, -0.13904762, -5.95238113, -5.85468817
8482, 35521749, 35522280, -0.25103092, -0.14515114, -5.95238113, -5.95070314
8483, 35522749, 35523266, -0.25660476, -0.15125465, -5.98412704, -6.00966883
8484, 35523749, 35524278, -0.26209643, -0.15735912, -5.98412704, -6.04588127
8485, 35524749, 35525264, -0.26748985, -0.16308117, -5.98412704, -6.06848860
8486, 35525749, 35526276, -0.27277264, -0.16880322, -5.98412704, -5.93480682
8487, 35526749, 35527265, -0.27792853, -0.17490673, -5.95238113, -5.85270882
8488, 35527749, 35528279, -0.28294307, -0.18101025, -5.98412704, -5.94948769
8489, 35528749, 35529277, -0.28779683, -0.18673229, -5.95238113, -6.00892258
8490, 35529749, 35530277, -0.29247019, -0.19245434, -5.95238113, -5.89822531
8491, 35530749, 35531263, -0.29694024, -0.19855785, -5.95238113, -5.83024311
8492, 35531749, 35532275, -0.30118573, -0.20466137, -5.98412704, -5.93569088
8493, 35532749, 35533276, -0.30517858, -0.21114635, -5.95238113, -6.00044966
8494, 35533749, 35534280, -0.30889523, -0.21686840, -5.98412704, -6.18741751
8495, 35534749, 35535278, -0.31229848, -0.22297287, -6.01587296, -6.00784492
8496, 35535749, 35536276, -0.31534392, -0.22907639, -6.01587296, -6.04512930
8497, 35536749, 35537274, -0.31799078, -0.23479843, -6.01587296, -6.06765890
8498, 35537749, 35538274, -0.32018799, -0.24052048, -6.23809433, -5.93429756
8499, 35538749, 35539275, -0.32189250, -0.24586105, -6.01587296, -5.85239601
8500, 35539749, 35540273, -0.32306308, -0.25158310, -5.88888931, -5.65490055
8501, 35540749, 35541277, -0.32367724, -0.25654221, -5.88888931, -5.68080950
8502, 35541749, 35542275, -0.32373625, -0.26188278, -5.73015976, -5.40232611
8503, 35542749, 35543275, -0.32326606, -0.26646042, -5.57143021, -5.37849855
8504, 35543749, 35544274, -0.32232615, -0.27141953, -5.44444275, -5.06947041
8505, 35544749, 35545276, -0.32098746, -0.27599716, -5.28571320, -5.02688408
8506, 35545749, 35546276, -0.31934175, -0.28057480, -4.96825409, -4.85353327
8507, 35546749, 35547274, -0.31746048, -0.28477192, -4.90476227, -4.74707317
8508, 35547749, 35548274, -0.31541336, -0.28820515, -4.74603271, -4.53486347
8509, 35548749, 35549275, -0.31325495, -0.29163837, -4.42856979, -4.10977602
8510, 35549749, 35550275, -0.31102058, -0.29469013, -4.26984024, -3.84871674
8511, 35550749, 35551275, -0.30874103, -0.29736042, -4.01587296, -3.54119468
8512, 35551749, 35552273, -0.30643496, -0.29964924, -3.73015976, -3.20513821
8513, 35552749, 35553273, -0.30411068, -0.30155659, -3.44444275, -2.85155821
8514, 35553749, 35554275, -0.30176955, -0.30346394, -3.03174591, -2.48721647
8515, 35554749, 35555274, -0.29940864, -0.30498981, -2.74603271, -2.26346302
8516, 35555749, 35556272, -0.29702407, -0.30575275, -2.39682388, -1.97885180
8517, 35556749, 35557276, -0.29460788, -0.30651569, -2.04761887, -1.50966823
8518, 35557749, 35558272, -0.29214993, -0.30689716, -1.76190567, -1.22152841
8519, 35558749, 35559272, -0.28963891, -0.30689716, -1.41269684, -0.89737535
8520, 35559749, 35560278, -0.28706589, -0.30651569, -1.09523773, -0.55110550
8521, 35560749, 35561275, -0.28442523, -0.30613422, -0.74603271, -0.19125313
8522, 35561749, 35562275, -0.28171331, -0.30537128, -0.42857361, 0.02974318
8523, 35562749, 35563273, -0.27892780, -0.30498981, -0.17460632, 0.31266129
8524, 35563749, 35564273, -0.27606788, -0.30384541, 0.07936859, 0.33921239
8525, 35564749, 35565281, -0.27313724, -0.30231953, 0.49206543, 0.64991331
8526, 35565749, 35566278, -0.27014446, -0.30117512, 0.58730316, 0.98792171
8527, 35566749, 35567276, -0.26709437, -0.29926777, 0.77777863, 1.04830551
8528, 35567749, 35568284, -0.26399300, -0.29736042, 1.00000000, 1.37978399
8529, 35568749, 35569280, -0.26084703, -0.29583454, 1.22222137, 1.58335519
8530, 35569749, 35570278, -0.25766096, -0.29430866, 1.31745911, 1.56117690
8531, 35570749, 35571283, -0.25444126, -0.29240131, 1.44444275, 1.54755640
8532, 35571749, 35572273, -0.25119048, -0.29011250, 1.57142639, 1.68638921
8533, 35572749, 35573277, -0.24791297, -0.28782368, 1.53968048, 1.91884828
8534, 35573749, 35574279, -0.24460842, -0.28553486, 1.82539368, 2.06160855
8535, 35574749, 35575273, -0.24127647, -0.28324604, 2.11111450, 2.14928198
8536, 35575749, 35576281, -0.23791592, -0.28057480, 2.07936859, 2.20312476
8537, 35576749, 35577276, -0.23452547, -0.27828598, 2.07936859, 2.38375688
8538, 35577749, 35578274, -0.23110414, -0.27561569, 2.23809814, 2.34712291
8539, 35578749, 35579272, -0.22765023, -0.27256393, 2.36508179, 2.47182250
8540, 35579749, 35580274, -0.22416155, -0.26989365, 2.46031952, 2.69560170
8541, 35580749, 35581268, -0.22063646, -0.26760483, 2.52381134, 2.68583393
8542, 35581749, 35582273, -0.21707292, -0.26455307, 2.55555725, 2.53263760
8543, 35582749, 35583275, -0.21346577, -0.26188278, 2.46031952, 2.73295045
8544, 35583749, 35584271, -0.20981435, -0.25921249, 2.61904907, 2.70877075
8545, 35584749, 35585275, -0.20611782, -0.25616074, 2.71428680, 2.69392157
8546, 35585749, 35586277, -0.20237617, -0.25272751, 2.77777863, 2.83199978
8547, 35586749, 35587275, -0.19858730, -0.24967575, 2.80952454, 3.06399536
8548, 35587749, 35588272, -0.19475149, -0.24700546, 2.84127045, 3.05927324
8549, 35588749, 35589276, -0.19086815, -0.24395370, 2.87301636, 2.90917563
8550, 35589749, 35590280, -0.18693681, -0.24052048, 2.93650818, 2.96419358
8551, 35590749, 35591280, -0.18295704, -0.23746872, 3.00000000, 3.14517951
8552, 35591749, 35592278, -0.17892866, -0.23441696, 3.03174591, 3.10913086
8553, 35592749, 35593277, -0.17485243, -0.23136520, 3.06349182, 3.08699250
8554, 35593749, 35594273, -0.17072858, -0.22793198, 3.09523773, 3.07339644
8555, 35594749, 35595275, -0.16655645, -0.22449875, 3.09523773, 3.21224427
8556, 35595749, 35596275, -0.16233642, -0.22106552, 3.15872955, 3.29751492
8557, 35596749, 35597277, -0.15806888, -0.21801281, 3.19047546, 3.34988236
8558, 35597749, 35598273, -0.15375507, -0.21419811, 3.22222137, 3.23521328
8559, 35598749, 35599274, -0.14939463, -0.21114635, 3.25396729, 3.45881844
8560, 35599749, 35600270, -0.14498828, -0.20771313, 3.31745911, 3.30174613
8561, 35600749, 35601276, -0.14053707, -0.20427990, 3.34920502, 3.35248089
8562, 35601749, 35602276, -0.13604088, -0.20046520, 3.38095093, 3.38363862
8563, 35602749, 35603278, -0.13150162, -0.19703197, 3.44444275, 3.54997110
8564, 35603749, 35604281, -0.12692150, -0.19321728, 3.44444275, 3.50492334
8565, 35604749, 35605283, -0.12230342, -0.18940258, 3.50793457, 3.62445545
8566, 35605749, 35606281, -0.11764962, -0.18596935, 3.53968048, 3.69786382
8567, 35606749, 35607277, -0.11296237, -0.18215466, 3.60317230, 3.59574866
8568, 35607749, 35608275, -0.10824300, -0.17872143, 3.60317230, 3.68023419
8569, 35608749, 35609275, -0.10349492, -0.17452526, 3.63491821, 3.58492184
8570, 35609749, 35610279, -0.09871972, -0.17071056, 3.69841003, 3.82078266
8571, 35610749, 35611278, -0.09391911, -0.16689587, 3.73015594, 3.81843448
8572, 35611749, 35612274, -0.08909614, -0.16269970, 3.76190186, 3.81699252
8573, 35612749, 35613280, -0.08425318, -0.15888500, 3.82539368, 3.96330452
8574, 35613749, 35614274, -0.07939307, -0.15468788, 3.85713959, 3.90596128
8575, 35614749, 35615276, -0.07451811, -0.15087318, 3.88888550, 4.01831055
8576, 35615749, 35616275, -0.06962976, -0.14667702, 3.95237732, 3.93974233
8577, 35616749, 35617277, -0.06473008, -0.14209938, 3.98412323, 4.03868866
8578, 35617749, 35618275, -0.05982040, -0.13790321, 4.04762268, 4.24665213
8579, 35618749, 35619275, -0.05490036, -0.13370705, 4.07936859, 4.22717142
8580, 35619749, 35620275, -0.04997142, -0.12912941, 4.14286041, 4.21520758
8581, 35620749, 35621277, -0.04503532, -0.12493324, 4.17460632, 4.35505772
8582, 35621749, 35622272, -0.04009109, -0.12035561, 4.23809814, 4.29374647
8583, 35622749, 35623274, -0.03513921, -0.11615944, 4.26984406, 4.40329123
8584, 35623749, 35624274, -0.03018107, -0.11158180, 4.30158997, 4.32336807
8585, 35624749, 35625274, -0.02521824, -0.10738564, 4.36508179, 4.42148256
8586, 35625749, 35626276, -0.02025182, -0.10242653, 4.39682770, 4.33453989
8587, 35626749, 35627274, -0.01528448, -0.09823036, 4.39682770, 4.57554102
8588, 35627749, 35628277, -0.01031624, -0.09327030, 4.46031952, 4.42915201
8589, 35628749, 35629273, -0.00534794, -0.08869267, 4.46031952, 4.63401318
8590, 35629749, 35630273, -0.00037903, -0.08411503, 4.49206543, 4.61225939
8591, 35630749, 35631275, 0.00458877, -0.07953739, 4.55555725, 4.59889936
8592, 35631749, 35632271, 0.00955363, -0.07457829, 4.58730316, 4.59069490
8593, 35632749, 35633272, 0.01451537, -0.07000065, 4.61904907, 4.73285389
8594, 35633749, 35634272, 0.01947280, -0.06504154, 4.65079498, 4.67296028
8595, 35634749, 35635270, 0.02442502, -0.06046391, 4.68254089, 4.78337526
8596, 35635749, 35636272, 0.02937075, -0.05550480, 4.68254089, 4.70398712
8597, 35636749, 35637272, 0.03430989, -0.05092716, 4.71428680, 4.80243015
8598, 35637749, 35638271, 0.03924053, -0.04596806, 4.71428680, 4.71568918
8599, 35638749, 35639271, 0.04416318, -0.04139042, 4.74603271, 4.80961657
8600, 35639749, 35640273, 0.04907666, -0.03681278, 4.74603271, 4.72010279
8601, 35640749, 35641271, 0.05398178, -0.03185368, 4.71428680, 4.66512966
8602, 35641749, 35642273, 0.05887580, -0.02727509, 4.71428680, 4.77856636
8603, 35642749, 35643269, 0.06376000, -0.02193451, 4.77777863, 4.70140171
8604, 35643749, 35644272, 0.06863350, -0.01735687, 4.77777863, 4.94803953
8605, 35644749, 35645272, 0.07349668, -0.01239777, 4.77777863, 4.80511236
8606, 35645749, 35646270, 0.07834964, -0.00782013, 4.77777863, 4.86453390
8607, 35646749, 35647274, 0.08319151, -0.00247955, 4.80952454, 4.75382900
8608, 35647749, 35648274, 0.08801959, 0.00209808, 4.84127045, 4.98023701
8609, 35648749, 35649274, 0.09283366, 0.00705719, 4.84127045, 4.82488585
8610, 35649749, 35650271, 0.09763337, 0.01201630, 4.84127045, 4.87667751
8611, 35650749, 35651269, 0.10241555, 0.01659393, 4.80952454, 4.90848446
8612, 35651749, 35652269, 0.10717949, 0.02155304, 4.80952454, 4.78082037
8613, 35652749, 35653271, 0.11192235, 0.02613068, 4.80952454, 4.84961557
8614, 35653749, 35654271, 0.11664248, 0.03070831, 4.80952454, 4.74466705
8615, 35654749, 35655270, 0.12133575, 0.03566837, 4.80952454, 4.68021488
8616, 35655749, 35656268, 0.12600125, 0.04024601, 4.80952454, 4.78819847
8617, 35656749, 35657268, 0.13063759, 0.04520512, 4.80952454, 4.70694923
8618, 35657749, 35658274, 0.13524161, 0.05016422, 4.77777863, 4.80424929
8619, 35658749, 35659268, 0.13981311, 0.05512333, 4.77777863, 4.86400414
8620, 35659749, 35660279, 0.14435084, 0.05970097, 4.77777863, 4.90070105
8621, 35660749, 35661269, 0.14885403, 0.06466007, 4.77777863, 4.77604055
8622, 35661749, 35662283, 0.15332496, 0.06923771, 4.77777863, 4.84668016
8623, 35662749, 35663267, 0.15776348, 0.07419682, 4.74603271, 4.74286461
8624, 35663749, 35664279, 0.16217108, 0.07839298, 4.74603271, 4.82630587
8625, 35664749, 35665277, 0.16654710, 0.08335209, 4.71428680, 4.58315420
8626, 35665749, 35666280, 0.17089066, 0.08831120, 4.71428680, 4.72822285
8627, 35666749, 35667280, 0.17520010, 0.09288883, 4.71428680, 4.81731367
8628, 35667749, 35668272, 0.17947429, 0.09708595, 4.71428680, 4.72482967
8629, 35668749, 35669280, 0.18371171, 0.10204506, 4.68254089, 4.52120304
8630, 35669749, 35670276, 0.18791007, 0.10662270, 4.65079498, 4.69017649
8631, 35670749, 35671278, 0.19206712, 0.11081886, 4.61904907, 4.64675093
8632, 35671749, 35672269, 0.19618098, 0.11577797, 4.58730316, 4.47288418
8633, 35672749, 35673279, 0.20024920, 0.11997414, 4.58730316, 4.66050243
8634, 35673749, 35674281, 0.20426767, 0.12455177, 4.55555725, 4.48132944
8635, 35674749, 35675277, 0.20823260, 0.12912941, 4.55555725, 4.51849127
8636, 35675749, 35676277, 0.21214165, 0.13370705, 4.52381134, 4.54131365
8637, 35676749, 35677277, 0.21599218, 0.13790321, 4.52381134, 4.55532980
8638, 35677749, 35678278, 0.21978194, 0.14248085, 4.52381134, 4.41673994
8639, 35678749, 35679280, 0.22350951, 0.14743996, 4.49206543, 4.47882509
8640, 35679749, 35680278, 0.22717111, 0.15163612, 4.49206543, 4.66415119
8641, 35680749, 35681276, 0.23076458, 0.15583229, 4.49206543, 4.48357010
8642, 35681749, 35682280, 0.23428831, 0.16002941, 4.42857361, 4.37266970
8643, 35682749, 35683282, 0.23774081, 0.16460705, 4.42857361, 4.30493069
8644, 35683749, 35684273, 0.24112035, 0.16842175, 4.39682770, 4.41015959
8645, 35684749, 35685277, 0.24442598, 0.17299938, 4.33333588, 4.18038893
8646, 35685749, 35686275, 0.24765584, 0.17719555, 4.26984406, 4.33367491
8647, 35686749, 35687279, 0.25080866, 0.18101025, 4.23809814, 4.28061485
8648, 35687749, 35688277, 0.25388244, 0.18520641, 4.20635223, 4.10083151
8649, 35688749, 35689282, 0.25687656, 0.18940258, 4.17460632, 4.13761854
8650, 35689749, 35690282, 0.25978985, 0.19321728, 4.14286041, 4.16021061
8651, 35690749, 35691280, 0.26262033, 0.19703197, 4.11111450, 4.02688742
8652, 35691749, 35692282, 0.26536629, 0.20122814, 4.04762268, 3.94500947
8653, 35692749, 35693276, 0.26802555, 0.20504284, 4.04762268, 4.04192352
8654, 35693749, 35694277, 0.27059716, 0.20923901, 4.01587677, 3.95424366
8655, 35694749, 35695279, 0.27307859, 0.21305370, 3.98412323, 4.04759455
8656, 35695749, 35696277, 0.27546901, 0.21686840, 3.95237732, 3.95772648
8657, 35696749, 35697273, 0.27776670, 0.22068405, 3.92063141, 3.90253568
8658, 35697749, 35698273, 0.27996898, 0.22449875, 3.88888550, 3.86900926
8659, 35698749, 35699275, 0.28207338, 0.22831345, 3.85713959, 3.84805202
8660, 35699749, 35700276, 0.28407890, 0.23174667, 3.82539368, 3.83518124
8661, 35700749, 35701274, 0.28598389, 0.23517990, 3.76190186, 3.68007970
8662, 35701749, 35702272, 0.28778577, 0.23861313, 3.73015594, 3.58482695
8663, 35702749, 35703272, 0.28948179, 0.24204636, 3.66666412, 3.52632952
8664, 35703749, 35704280, 0.29107130, 0.24509811, 3.57142639, 3.49040437
8665, 35704749, 35705274, 0.29255268, 0.24814987, 3.50793457, 3.32114387
8666, 35705749, 35706271, 0.29392409, 0.25120163, 3.41269684, 3.21719599
8667, 35706749, 35707275, 0.29518420, 0.25425339, 3.28571320, 3.15335846
8668, 35707749, 35708271, 0.29633212, 0.25692368, 3.19047546, 3.11415386
8669, 35708749, 35709277, 0.29736742, 0.25921249, 3.06349182, 2.94287968
8670, 35709749, 35710271, 0.29828838, 0.26150131, 2.90476227, 2.69049740
8671, 35710749, 35711275, 0.29909414, 0.26417160, 2.84127045, 2.53550172
8672, 35711749, 35712272, 0.29978454, 0.26684189, 2.71428680, 2.58751154
8673, 35712749, 35713272, 0.30035877, 0.26913071, 2.61904907, 2.61945248
8674, 35713749, 35714270, 0.30081487, 0.27103806, 2.52381134, 2.49187088
8675, 35714749, 35715270, 0.30115297, 0.27294540, 2.42857361, 2.26632142
8676, 35715749, 35716270, 0.30137226, 0.27523422, 2.33333588, 2.12780476
8677, 35716749, 35717270, 0.30147126, 0.27676010, 2.23809814, 2.18993497
8678, 35717749, 35718268, 0.30145046, 0.27828598, 2.14286041, 1.93369603
8679, 35718749, 35719281, 0.30130905, 0.27981186, 2.01587677, 1.77633190
8680, 35719749, 35720277, 0.30104738, 0.28095627, 1.88888550, 1.67968976
8681, 35720749, 35721277, 0.30066583, 0.28248310, 1.76190186, 1.47314131
8682, 35721749, 35722277, 0.30016404, 0.28362751, 1.63491821, 1.49385905
8683, 35722749, 35723275, 0.29954296, 0.28477192, 1.50793457, 1.35901701
8684, 35723749, 35724276, 0.29880166, 0.28591633, 1.41269684, 1.27620649
8685, 35724749, 35725278, 0.29794046, 0.28667927, 1.28571320, 1.22534990
8686, 35725749, 35726274, 0.29696089, 0.28744221, 1.15872955, 1.04691982
8687, 35726749, 35727276, 0.29586366, 0.28820515, 1.03174591, 0.93734044
8688, 35727749, 35728284, 0.29464906, 0.28858662, 0.96825409, 0.87004441
8689, 35728749, 35729286, 0.29331848, 0.28896809, 0.87301636, 0.68151832
8690, 35729749, 35730279, 0.29187390, 0.28934956, 0.77777863, 0.56573874
8691, 35730749, 35731279, 0.29031539, 0.28973103, 0.68254089, 0.49463496
8692, 35731749, 35732281, 0.28864500, 0.29011250, 0.55555725, 0.45096794
8693, 35732749, 35733275, 0.28686461, 0.29011250, 0.49206543, 0.42415068
8694, 35733749, 35734279, 0.28497753, 0.29011250, 0.39682770, 0.26048383
8695, 35734749, 35735280, 0.28298721, 0.29011250, 0.33333588, 0.15997106
8696, 35735749, 35736272, 0.28089613, 0.28973103, 0.20635223, 0.09824309
8697, 35736749, 35737284, 0.27870762, 0.28973103, 0.11111450, -0.08686347
8698, 35737749, 35738280, 0.27642402, 0.28934956, 0.01587677, -0.05334551
8699, 35738749, 35739280, 0.27404815, 0.28896809, -0.04762268, -0.17995864
8700, 35739749, 35740273, 0.27158338, 0.28858662, -0.14286041, -0.25771561
8701, 35740749, 35741277, 0.26903436, 0.28782368, -0.23809814, -0.30546856
8702, 35741749, 35742279, 0.26640475, 0.28706074, -0.30158997, -0.48199263
8703, 35742749, 35743271, 0.26369885, 0.28629780, -0.39682770, -0.59040147
8704, 35743749, 35744279, 0.26092052, 0.28591633, -0.49206543, -0.65697861
8705, 35744749, 35745277, 0.25807342, 0.28477192, -0.58730316, -0.55066812
8706, 35745749, 35746280, 0.25516012, 0.28324604, -0.68254089, -0.77977473
8707, 35746749, 35747282, 0.25218451, 0.28248310, -0.77777863, -1.06767356
8708, 35747749, 35748282, 0.24915040, 0.28095627, -0.90476227, -0.95008600
8709, 35748749, 35749280, 0.24606071, 0.27981186, -1.00000000, -1.17263496
8710, 35749749, 35750278, 0.24291809, 0.27790451, -1.09523773, -1.16174352
8711, 35750749, 35751274, 0.23972455, 0.27676010, -1.22222137, -1.44944990
8712, 35751749, 35752277, 0.23648228, 0.27447128, -1.31745911, -1.33174407
8713, 35752749, 35753281, 0.23319158, 0.27294540, -1.41269684, -1.70104992
8714, 35753749, 35754279, 0.22985356, 0.27065659, -1.53968430, -1.63345671
8715, 35754749, 35755283, 0.22646996, 0.26874924, -1.63492203, -1.88634086
8716, 35755749, 35756279, 0.22304177, 0.26684189, -1.73015976, -1.89444709
8717, 35756749, 35757278, 0.21956871, 0.26417160, -1.85714340, -1.89942539
8718, 35757749, 35758276, 0.21605071, 0.26188278, -1.95238113, -2.19687772
8719, 35758749, 35759278, 0.21248859, 0.25959396, -2.04761887, -2.23235488
8720, 35759749, 35760278, 0.20888387, 0.25730515, -2.14285660, -2.25414252
8721, 35760749, 35761274, 0.20523600, 0.25463486, -2.23809433, -2.26752281
8722, 35761749, 35762278, 0.20154724, 0.25196457, -2.30158615, -2.42293763
8723, 35762749, 35763277, 0.19781853, 0.24929428, -2.39682388, -2.51838255
8724, 35763749, 35764275, 0.19405037, 0.24662399, -2.49206161, -2.57699823
8725, 35764749, 35765275, 0.19024353, 0.24357224, -2.55555725, -2.61299610
8726, 35765749, 35766275, 0.18639968, 0.24052048, -2.61904907, -2.78230095
8727, 35766749, 35767277, 0.18251854, 0.23785019, -2.71428680, -2.88627625
8728, 35767749, 35768274, 0.17860052, 0.23441696, -2.77777863, -2.80293298
8729, 35768749, 35769274, 0.17464678, 0.23136520, -2.87301636, -3.04614449
8730, 35769749, 35770274, 0.17065859, 0.22831345, -2.93650818, -3.04831052
8731, 35770749, 35771276, 0.16663651, 0.22526169, -3.00000000, -3.04964066
8732, 35771749, 35772278, 0.16258097, 0.22182846, -3.06349182, -3.05045772
8733, 35772749, 35773272, 0.15849124, 0.21839428, -3.12698364, -3.19815683
8734, 35773749, 35774273, 0.15436900, 0.21496105, -3.19047546, -3.28923130
8735, 35774749, 35775275, 0.15021257, 0.21152782, -3.22222137, -3.34479523
8736, 35775749, 35776273, 0.14602184, 0.20809460, -3.25396729, -3.37891865
8737, 35776749, 35777275, 0.14179716, 0.20466137, -3.31745911, -3.39987493
8738, 35777749, 35778275, 0.13753901, 0.20122814, -3.34920502, -3.41274476
8739, 35778749, 35779273, 0.13324772, 0.19741344, -3.41269684, -3.42064834
8740, 35779749, 35780276, 0.12892304, 0.19398022, -3.44444275, -3.57269979
8741, 35780749, 35781274, 0.12456540, 0.19054699, -3.47618866, -3.51888156
8742, 35781749, 35782284, 0.12017317, 0.18711376, -3.50793839, -3.48583031
8743, 35782749, 35783276, 0.11574713, 0.18329906, -3.53968430, -3.46553254
8744, 35783749, 35784272, 0.11128815, 0.17948437, -3.57143021, -3.60026455
8745, 35784749, 35785273, 0.10679647, 0.17566967, -3.63492203, -3.68300748
8746, 35785749, 35786271, 0.10227241, 0.17185497, -3.66666794, -3.73382258
8747, 35786749, 35787271, 0.09771548, 0.16804028, -3.69841385, -3.76502967
8748, 35787749, 35788271, 0.09312700, 0.16460705, -3.73015976, -3.78419495
8749, 35788749, 35789269, 0.08850645, 0.16002941, -3.76190567, -3.64876747
8750, 35789749, 35790270, 0.08385365, 0.15659618, -3.76190567, -4.00718975
8751, 35790749, 35791274, 0.07916900, 0.15239906, -3.82539749, -3.78571534
8752, 35791749, 35792270, 0.07445298, 0.14820290, -3.88888931, -3.94446397
8753, 35792749, 35793268, 0.06970537, 0.14438820, -3.88888931, -4.04158878
8754, 35793749, 35794274, 0.06492832, 0.14057350, -3.92063522, -3.95403814
8755, 35794749, 35795274, 0.06012191, 0.13637733, -3.95238113, -3.90027070
8756, 35795749, 35796271, 0.05528532, 0.13179970, -4.04761887, -4.01444817
8757, 35796749, 35797273, 0.05041966, 0.12798500, -4.04761887, -4.23176527
8758, 35797749, 35798271, 0.04552595, 0.12340736, -4.07936478, -4.07083130
8759, 35798749, 35799281, 0.04060400, 0.11921120, -4.11111069, -4.26639223
8760, 35799749, 35800271, 0.03565328, 0.11501503, -4.17460251, -4.23929453
8761, 35800749, 35801281, 0.03067419, 0.11043739, -4.23809433, -4.22265291
8762, 35801749, 35802270, 0.02566720, 0.10624123, -4.26984024, -4.35963011
8763, 35802749, 35803272, 0.02063362, 0.10166359, -4.33333206, -4.29655457
8764, 35803749, 35804282, 0.01557173, 0.09708595, -4.33333206, -4.40501547
8765, 35804749, 35805266, 0.01048173, 0.09288883, -4.36507797, -4.47162485
8766, 35805749, 35806268, 0.00536437, 0.08831120, -4.42856979, -4.36570215
8767, 35806749, 35807271, 0.00021836, 0.08373356, -4.46031570, -4.44748116
8768, 35807749, 35808265, -0.00495593, 0.07877445, -4.46031570, -4.49770403
8769, 35808749, 35809281, -0.01015750, 0.07457829, -4.52381134, -4.67574501
8770, 35809749, 35810269, -0.01538611, 0.07000065, -4.52381134, -4.49069023
8771, 35810749, 35811265, -0.02064200, 0.06542301, -4.52381134, -4.52424002
8772, 35811749, 35812270, -0.02592570, 0.06084538, -4.55555725, -4.54484415
8773, 35812749, 35813278, -0.03123634, 0.05588627, -4.58730316, -4.55749798
8774, 35813749, 35814276, -0.03657541, 0.05130863, -4.58730316, -4.71246672
8775, 35814749, 35815282, -0.04194248, 0.04673100, -4.61904907, -4.66043997
8776, 35815749, 35816268, -0.04733837, 0.04215336, -4.65079498, -4.62848854
8777, 35816749, 35817274, -0.05276322, 0.03719425, -4.65079498, -4.60886621
8778, 35817749, 35818264, -0.05821736, 0.03261662, -4.68254089, -4.74401331
8779, 35818749, 35819263, -0.06370004, 0.02765656, -4.71428680, -4.67981386
8780, 35819749, 35820265, -0.06921228, 0.02269745, -4.74603271, -4.78795242
8781, 35820749, 35821265, -0.07475443, 0.01811981, -4.77777863, -4.85399580
8782, 35821749, 35822279, -0.08032687, 0.01277924, -4.96825409, -4.74735737
8783, 35822749, 35823265, -0.08592995, 0.00820160, -4.90476227, -4.97626257
8784, 35823749, 35824280, -0.09156445, 0.00286102, -4.87301636, -4.82244492
8785, 35824749, 35825278, -0.09723080, -0.00209808, -4.90476227, -5.02237606
8786, 35825749, 35826278, -0.10293014, -0.00705719, -4.93650818, -4.99796200
8787, 35826749, 35827276, -0.10866272, -0.01201630, -4.96825409, -4.98296833
8788, 35827749, 35828274, -0.11442824, -0.01773834, -5.00000000, -4.97376060
8789, 35828749, 35829276, -0.12022797, -0.02269745, -5.22222137, -5.26250076
8790, 35829749, 35830276, -0.12606272, -0.02765656, -4.96825409, -5.14543009
8791, 35830749, 35831281, -0.13193195, -0.03337955, -5.09523773, -5.07353354
8792, 35831749, 35832275, -0.13783664, -0.03833866, -5.15872955, -5.32414246
8793, 35832749, 35833277, -0.14377555, -0.04367924, -5.19047546, -5.18328571
8794, 35833749, 35834277, -0.14974865, -0.04863834, -5.22222137, -5.24397945
8795, 35834749, 35835275, -0.15575533, -0.05436039, -5.25396729, -5.13405514
8796, 35835749, 35836278, -0.16179554, -0.05970097, -5.31745911, -5.36094284
8797, 35836749, 35837278, -0.16787060, -0.06504154, -5.15872955, -5.35308409
8798, 35837749, 35838276, -0.17398025, -0.07038212, -5.31745911, -5.34825754
8799, 35838749, 35839274, -0.18012260, -0.07610416, -5.38095093, -5.34529352
8800, 35839749, 35840274, -0.18629734, -0.08182621, -5.41269684, -5.49067068
8801, 35840749, 35841274, -0.19250335, -0.08716679, -5.41269684, -5.57995129
8802, 35841749, 35842273, -0.19874026, -0.09250736, -5.47618866, -5.48758364
8803, 35842749, 35843277, -0.20500742, -0.09861183, -5.47618866, -5.43085766
8804, 35843749, 35844273, -0.21130313, -0.10395241, -5.50793839, -5.69078398
8805, 35844749, 35845275, -0.21762584, -0.10967445, -5.69841385, -5.55564928
8806, 35845749, 35846273, -0.22397347, -0.11539650, -5.63492203, -5.61985683
8807, 35846749, 35847277, -0.23034592, -0.12111855, -5.60317612, -5.65928841
8808, 35847749, 35848276, -0.23673919, -0.12684059, -5.63492203, -5.68350458
8809, 35848749, 35849272, -0.24315171, -0.13256264, -5.66666794, -5.69837666
8810, 35849749, 35850278, -0.24958053, -0.13828468, -5.66666794, -5.70750952
8811, 35850749, 35851272, -0.25602344, -0.14400673, -5.69841385, -5.71311855
8812, 35851749, 35852274, -0.26247811, -0.14972878, -5.69841385, -5.71656322
8813, 35852749, 35853275, -0.26894230, -0.15545082, -5.57143021, -5.71867847
8814, 35853749, 35854271, -0.27541408, -0.16155529, -5.88888931, -5.71997786
8815, 35854749, 35855277, -0.28188801, -0.16727734, -5.82539749, -5.86834097
8816, 35855749, 35856273, -0.28836182, -0.17338085, -5.82539749, -5.81189013
8817, 35856749, 35857271, -0.29483327, -0.17948437, -5.85714340, -5.92441940
8818, 35857749, 35858278, -0.30129680, -0.18558788, -5.92063522, -5.99352741
8819, 35858749, 35859274, -0.30774900, -0.19207287, -5.95238113, -6.03596878
8820, 35859749, 35860274, -0.31418616, -0.19817638, -6.01587296, -6.20923042
8821, 35860749, 35861272, -0.32060382, -0.20427990, -6.07936478, -6.16843843
8822, 35861749, 35862270, -0.32699758, -0.21038342, -5.95238113, -6.14338636
8823, 35862749, 35863278, -0.33336428, -0.21648693, -6.11111069, -6.12800121
8824, 35863749, 35864275, -0.33970103, -0.22297287, -6.17460251, -6.11855316
8825, 35864749, 35865269, -0.34600562, -0.22907639, -6.20634842, -6.26031590
8826, 35865749, 35866269, -0.35227421, -0.23517990, -6.23809433, -6.19981146
8827, 35866749, 35867275, -0.35850400, -0.24166489, -6.23809433, -6.16265392
8828, 35867749, 35868275, -0.36469156, -0.24776840, -6.23809433, -6.28703165
8829, 35868749, 35869273, -0.37083507, -0.25387192, -6.23809433, -6.21621847
8830, 35869749, 35870274, -0.37693402, -0.26035690, -6.26984024, -6.17272997
8831, 35870749, 35871276, -0.38298663, -0.26646042, -6.26984024, -6.29322004
8832, 35871749, 35872274, -0.38899380, -0.27294540, -6.30158615, -6.22001886
8833, 35872749, 35873278, -0.39495602, -0.27943039, -6.33333206, -6.32226181
8834, 35873749, 35874276, -0.40087551, -0.28553486, -6.33333206, -6.38505173
8835, 35874749, 35875277, -0.40675256, -0.29240131, -6.33333206, -6.27678347
8836, 35875749, 35876273, -0.41258836, -0.29850483, -6.33333206, -6.50431967
8837, 35876749, 35877277, -0.41838431, -0.30498981, -6.36507797, -6.34966135
8838, 35877749, 35878273, -0.42414334, -0.31147480, -6.36507797, -6.40187883
8839, 35878749, 35879277, -0.42986554, -0.31757832, -6.36507797, -6.43394756
8840, 35879749, 35880275, -0.43555027, -0.32368183, -6.36507797, -6.30644417
8841, 35880749, 35881273, -0.44119540, -0.33016682, -6.36507797, -6.22814035
8842, 35881749, 35882282, -0.44679555, -0.33665180, -6.36507797, -6.32724905
8843, 35882749, 35883282, -0.45234054, -0.34313679, -6.36507797, -6.38811493
8844, 35883749, 35884274, -0.45781633, -0.34924126, -6.33333206, -6.42549419
8845, 35884749, 35885282, -0.46320671, -0.35534477, -6.30158615, -6.30162048
8846, 35885749, 35886278, -0.46848676, -0.36144829, -6.30158615, -6.22517824
8847, 35886749, 35887275, -0.47362795, -0.36755180, -6.30158615, -6.17823219
8848, 35887749, 35888273, -0.47860068, -0.37365532, -6.26984024, -6.14940166
8849, 35888749, 35889273, -0.48336414, -0.37975883, -6.23809433, -6.13169575
8850, 35889749, 35890273, -0.48787448, -0.38586235, -6.23809433, -6.12082195
8851, 35890749, 35891277, -0.49207443, -0.39196587, -6.17460251, -6.11414433
8852, 35891749, 35892276, -0.49590850, -0.39806938, -6.14285660, -6.11004305
8853, 35892749, 35893274, -0.49932906, -0.40379143, -6.11111069, -6.10752439
8854, 35893749, 35894276, -0.50229526, -0.40989590, -6.07936478, -5.95878029
8855, 35894749, 35895280, -0.50477076, -0.41561794, -6.01587296, -6.01499701
8856, 35895749, 35896278, -0.50673807, -0.42172146, -5.98412704, -5.90195608
8857, 35896749, 35897278, -0.50819349, -0.42744350, -5.95238113, -5.97973156
8858, 35897749, 35898279, -0.50915486, -0.43316555, -5.92063522, -5.88029814
8859, 35898749, 35899277, -0.50965458, -0.43850613, -5.85714340, -5.81923342
8860, 35899749, 35900271, -0.50974458, -0.44384670, -5.79365158, -5.63453388
8861, 35900749, 35901277, -0.50948066, -0.44880581, -5.69841385, -5.52110481
8862, 35901749, 35902275, -0.50893629, -0.45338345, -5.57143021, -5.30424643
8863, 35902749, 35903275, -0.50817615, -0.45834255, -5.44444275, -5.02386999
8864, 35903749, 35904272, -0.50727004, -0.46292019, -5.28571320, -4.99887991
8865, 35904749, 35905280, -0.50627261, -0.46711636, -5.09523773, -4.83633518
8866, 35905749, 35906274, -0.50523406, -0.47093201, -4.87301636, -4.58931351
8867, 35906749, 35907276, -0.50418562, -0.47436523, -4.68254089, -4.29078054
8868, 35907749, 35908270, -0.50315136, -0.47741699, -4.39682388, -3.95987701
8869, 35908749, 35909273, -0.50214183, -0.48046875, -4.14285660, -3.60946155
8870, 35909749, 35910277, -0.50115025, -0.48275757, -3.85714340, -3.39426064
8871, 35910749, 35911279, -0.50016099, -0.48542786, -3.57143021, -2.96770430
8872, 35911749, 35912275, -0.49915081, -0.48695374, -3.25396729, -2.85294056
8873, 35912749, 35913275, -0.49808505, -0.48847961, -2.90476227, -2.34086800
8874, 35913749, 35914275, -0.49692878, -0.49000549, -2.58730316, -2.02638865
8875, 35914749, 35915282, -0.49563840, -0.49114990, -2.26984024, -1.83325720
8876, 35915749, 35916276, -0.49417314, -0.49153137, -1.98412704, -1.56745172
8877, 35916749, 35917276, -0.49248737, -0.49191284, -1.66666794, -1.10981739
8878, 35917749, 35918276, -0.49054208, -0.49229431, -1.38095093, -0.82877016
8879, 35918749, 35919278, -0.48829561, -0.49267578, -1.12698364, -0.65617049
8880, 35919749, 35920275, -0.48571864, -0.49267578, -0.87301636, -0.55017185
8881, 35920749, 35921273, -0.48278749, -0.49229431, -0.65079498, -0.33787727
8882, 35921749, 35922273, -0.47949123, -0.49191284, -0.46031952, -0.06030317
8883, 35922749, 35923273, -0.47582912, -0.49153137, -0.23809814, 0.11016353
8884, 35923749, 35924281, -0.47181267, -0.49114990, -0.04762268, 0.21485233
8885, 35924749, 35925273, -0.46745995, -0.49038696, 0.11111450, 0.27914491
8886, 35925749, 35926277, -0.46279883, -0.48924255, 0.26984406, 0.46582651
8887, 35926749, 35927274, -0.45786038, -0.48847961, 0.42857361, 0.72767091
8888, 35927749, 35928274, -0.45268029, -0.48733521, 0.55555725, 0.74127996
8889, 35928749, 35929276, -0.44729054, -0.48580933, 0.71428680, 0.89683527
8890, 35929749, 35930276, -0.44172645, -0.48466492, 0.87301636, 1.13956404
8891, 35930749, 35931274, -0.43601722, -0.48275757, 1.00000000, 1.14143360
8892, 35931749, 35932275, -0.43019053, -0.48085022, 1.15872955, 1.43697691
8893, 35932749, 35933271, -0.42426831, -0.47894287, 1.28571320, 1.61847901
8894, 35933749, 35934273, -0.41827032, -0.47665405, 1.47618866, 1.72994494
8895, 35934749, 35935271, -0.41221133, -0.47436523, 1.63491821, 1.94559717
8896, 35935749, 35936273, -0.40610054, -0.47169495, 1.85713959, 2.07803583
8897, 35936749, 35937271, -0.39994437, -0.46864223, 2.01587677, 2.30656791
8898, 35937749, 35938270, -0.39374760, -0.46559048, 2.20635223, 2.59448195
8899, 35938749, 35939268, -0.38751188, -0.46253872, 2.39682770, 2.77093077
8900, 35939749, 35940268, -0.38123795, -0.45910549, 2.61904907, 2.87929344
8901, 35940749, 35941268, -0.37492502, -0.45529079, 2.80952454, 3.09303999
8902, 35941749, 35942272, -0.36857286, -0.45109463, 3.03174591, 3.37150550
8903, 35942749, 35943269, -0.36217865, -0.44766140, 3.19047546, 3.68971729
8904, 35943749, 35944267, -0.35573900, -0.44308376, 3.41269684, 3.59074593
8905, 35944749, 35945271, -0.34925085, -0.43850613, 3.60317230, 3.97155690
8906, 35945749, 35946265, -0.34271088, -0.43430996, 3.79364777, 4.20542479
8907, 35946749, 35947269, -0.33611548, -0.42935085, 3.98412323, 4.20185232
8908, 35947749, 35948267, -0.32946271, -0.42477322, 4.14286041, 4.49405384
8909, 35948749, 35949266, -0.32274944, -0.41943264, 4.33333588, 4.52630568
8910, 35949749, 35950270, -0.31597313, -0.41447353, 4.49206543, 4.84050798
8911, 35950749, 35951266, -0.30913147, -0.40913296, 4.68254089, 4.88627148
8912, 35951749, 35952264, -0.30222529, -0.40340996, 4.84127045, 5.06157398
8913, 35952749, 35953264, -0.29525593, -0.39768791, 4.96825409, 5.31679821
8914, 35953749, 35954267, -0.28822523, -0.39196587, 5.12698364, 5.47317076
8915, 35954749, 35955271, -0.28113577, -0.38624382, 5.28571320, 5.56920433
8916, 35955749, 35956265, -0.27399355, -0.38052177, 5.44444275, 5.62818098
8917, 35956749, 35957265, -0.26680404, -0.37441826, 5.53968048, 5.66440058
8918, 35957749, 35958265, -0.25957522, -0.36831474, 5.63491821, 5.83384180
8919, 35958749, 35959277, -0.25231570, -0.36221123, 5.76190186, 5.93790054
8920, 35959749, 35960278, -0.24503498, -0.35610771, 5.85713959, 6.00180674
8921, 35960749, 35961278, -0.23774065, -0.35000420, 5.92063141, 6.04105282
8922, 35961749, 35962266, -0.23044088, -0.34313679, 5.98412323, 6.06515551
8923, 35962749, 35963266, -0.22314429, -0.33703327, 6.07936859, 6.37472057
8924, 35963749, 35964268, -0.21585928, -0.33054829, 6.14286041, 6.27007103
8925, 35964749, 35965277, -0.20859259, -0.32368183, 6.23809814, 6.35299969
8926, 35965749, 35966267, -0.20134948, -0.31719685, 6.30158997, 6.55112696
8927, 35966749, 35967277, -0.19413316, -0.31071186, 6.36508179, 6.52560520
8928, 35967749, 35968263, -0.18694806, -0.30422688, 6.42857361, 6.50993109
8929, 35968749, 35969275, -0.17979862, -0.29736042, 6.49206543, 6.50030565
8930, 35969749, 35970265, -0.17268729, -0.29087543, 6.55555725, 6.64159155
8931, 35970749, 35971282, -0.16561827, -0.28400898, 6.58730316, 6.58116198
8932, 35971749, 35972262, -0.15859562, -0.27714157, 6.61904907, 6.69124794
8933, 35972749, 35973276, -0.15162213, -0.27065659, 6.65079498, 6.75922298
8934, 35973749, 35974274, -0.14470020, -0.26379013, 6.68254089, 6.65340281
8935, 35974749, 35975280, -0.13783157, -0.25692368, 6.68254089, 6.73561335
8936, 35975749, 35976279, -0.13102001, -0.24967575, 6.71428680, 6.78610134
8937, 35976749, 35977277, -0.12426864, -0.24280930, 6.74603271, 6.96430492
8938, 35977749, 35978267, -0.11758071, -0.23594284, 6.80952454, 6.92654800
8939, 35978749, 35979265, -0.11095816, -0.22945786, 6.80952454, 6.90336037
8940, 35979749, 35980279, -0.10440381, -0.22220993, 6.84127045, 6.74192190
8941, 35980749, 35981273, -0.09791934, -0.21534252, 6.87301636, 6.93717289
8942, 35981749, 35982276, -0.09150735, -0.20809460, 6.90476227, 6.91025305
8943, 35982749, 35983278, -0.08516713, -0.20160961, 6.90476227, 7.04055023
8944, 35983749, 35984282, -0.07889881, -0.19474316, 6.90476227, 6.82617474
8945, 35984749, 35985278, -0.07270340, -0.18787670, 6.90476227, 6.84171820
8946, 35985749, 35986282, -0.06658193, -0.18101025, 6.90476227, 6.85126352
8947, 35986749, 35987275, -0.06053562, -0.17414379, 6.90476227, 6.85712528
8948, 35987749, 35988277, -0.05456469, -0.16727734, 6.90476227, 6.86072540
8949, 35988749, 35989275, -0.04866752, -0.16041088, 6.84127045, 6.86293650
8950, 35989749, 35990277, -0.04284398, -0.15354347, 6.84127045, 6.86429405
8951, 35990749, 35991275, -0.03709366, -0.14705849, 6.84127045, 6.86549616
8952, 35991749, 35992275, -0.03141527, -0.14019203, 6.80952454, 6.71866894
8953, 35992749, 35993274, -0.02580644, -0.13332558, 6.77777863, 6.77569532
8954, 35993749, 35994274, -0.02026607, -0.12684059, 6.74603271, 6.81071663
8955, 35994749, 35995274, -0.01479261, -0.11997414, 6.71428680, 6.68502665
8956, 35995749, 35996280, -0.00938547, -0.11387062, 6.68254089, 6.75503445
8957, 35996749, 35997272, -0.00404224, -0.10738564, 6.68254089, 6.50363350
8958, 35997749, 35998275, 0.00123703, -0.10090065, 6.65079498, 6.49643755
8959, 35998749, 35999279, 0.00645332, -0.09441566, 6.58730316, 6.49201870
8960, 35999749, 36000275, 0.01160709, -0.08792973, 6.55555725, 6.48930454
8961, 36000749, 36001271, 0.01670026, -0.08144474, 6.49206543, 6.48800564
8962, 36001749, 36002275, 0.02173253, -0.07534122, 6.46031952, 6.48684025
8963, 36002749, 36003277, 0.02670307, -0.06923771, 6.42857361, 6.33892727
8964, 36003749, 36004272, 0.03161327, -0.06313419, 6.36508179, 6.24808931
8965, 36004749, 36005276, 0.03646204, -0.05703068, 6.30158997, 6.19230270
8966, 36005749, 36006274, 0.04124964, -0.05092716, 6.23809814, 6.15804243
8967, 36006749, 36007276, 0.04597559, -0.04520512, 6.17460632, 6.13700199
8968, 36007749, 36008272, 0.05063879, -0.03910160, 6.11111450, 5.97688293
8969, 36008749, 36009275, 0.05523722, -0.03337955, 6.07936859, 6.02574682
8970, 36009749, 36010277, 0.05977014, -0.02727509, 6.01587677, 5.90855789
8971, 36010749, 36011275, 0.06423588, -0.02193451, 5.92063141, 5.98415422
8972, 36011749, 36012269, 0.06863356, -0.01659393, 5.82539368, 5.73581696
8973, 36012749, 36013269, 0.07296333, -0.01125336, 5.73015594, 5.58330584
8974, 36013749, 36014271, 0.07722431, -0.00667572, 5.60317230, 5.48964357
8975, 36014749, 36015276, 0.08141488, -0.00171661, 5.50793457, 5.13772821
8976, 36015749, 36016278, 0.08553424, 0.00324249, 5.38095093, 5.06880331
8977, 36016749, 36017284, 0.08958263, 0.00858307, 5.22222137, 5.02647448
8978, 36017749, 36018276, 0.09356096, 0.01277924, 5.12698364, 5.14767647
8979, 36018749, 36019276, 0.09746978, 0.01735687, 5.00000000, 4.78051805
8980, 36019749, 36020274, 0.10130879, 0.02193451, 4.90476227, 4.70223236
8981, 36020749, 36021273, 0.10507812, 0.02651215, 4.77777863, 4.65415478
8982, 36021749, 36022277, 0.10877800, 0.03070831, 4.68254089, 4.62462854
8983, 36022749, 36023279, 0.11240815, 0.03490543, 4.58730316, 4.45929813
8984, 36023749, 36024273, 0.11596771, 0.03910160, 4.49206543, 4.35813189
8985, 36024749, 36025271, 0.11945707, 0.04329777, 4.42857361, 4.29563427
8986, 36025749, 36026276, 0.12287512, 0.04711246, 4.33333588, 4.25725269
8987, 36026749, 36027274, 0.12622258, 0.05130863, 4.26984406, 4.08648396
8988, 36027749, 36028276, 0.12949878, 0.05512333, 4.14286041, 4.12880707
8989, 36028749, 36029282, 0.13270257, 0.05893803, 4.11111450, 4.00760174
8990, 36029749, 36030274, 0.13583346, 0.06275272, 4.04762268, 3.93316555
8991, 36030749, 36031277, 0.13889104, 0.06656742, 3.98412323, 3.88745213
8992, 36031749, 36032273, 0.14187528, 0.07038212, 3.92063141, 3.85937810
8993, 36032749, 36033273, 0.14478475, 0.07419682, 3.88888550, 3.84213710
8994, 36033749, 36034281, 0.14761752, 0.07801151, 3.85713959, 3.83154893
8995, 36034749, 36035277, 0.15037072, 0.08182621, 3.79364777, 3.82504630
8996, 36035749, 36036273, 0.15304312, 0.08525944, 3.76190186, 3.82105303
8997, 36036749, 36037282, 0.15563315, 0.08907413, 3.73015594, 3.67140317
8998, 36037749, 36038270, 0.15813866, 0.09250736, 3.69841003, 3.72669601
8999, 36038749, 36039274, 0.16055903, 0.09594154, 3.66666412, 3.61345553
9000, 36039749, 36040280, 0.16289356, 0.09937477, 3.60317230, 3.54427910
9001, 36040749, 36041280, 0.16514041, 0.10280800, 3.57142639, 3.50142789
9002, 36041749, 36042274, 0.16729879, 0.10624123, 3.53968048, 3.47511148
9003, 36042749, 36043269, 0.16936724, 0.10929298, 3.47618866, 3.45894980
9004, 36043749, 36044275, 0.17134407, 0.11272621, 3.41269684, 3.30182672
9005, 36044749, 36045275, 0.17322923, 0.11577797, 3.38095093, 3.35253024
9006, 36045749, 36046277, 0.17502102, 0.11921120, 3.31745911, 3.23647118
9007, 36046749, 36047279, 0.17671888, 0.12226295, 3.28571320, 3.31239367
9008, 36047749, 36048268, 0.17832281, 0.12531471, 3.28571320, 3.21182227
9009, 36048749, 36049274, 0.17983349, 0.12836647, 3.25396729, 3.15005827
9010, 36049749, 36050282, 0.18124972, 0.13141823, 3.19047546, 3.11212730
9011, 36050749, 36051282, 0.18257293, 0.13446999, 3.15872955, 3.08883262
9012, 36051749, 36052276, 0.18380344, 0.13752174, 3.12698364, 3.07452655
9013, 36052749, 36053279, 0.18494208, 0.14019203, 3.03174591, 3.06574082
9014, 36053749, 36054279, 0.18598974, 0.14286232, 3.03174591, 2.91314745
9015, 36054749, 36055273, 0.18694775, 0.14553261, 2.96825409, 2.81943536
9016, 36055749, 36056279, 0.18781711, 0.14820290, 2.90476227, 2.76188397
9017, 36056749, 36057279, 0.18859841, 0.15087318, 2.84127045, 2.72653985
9018, 36057749, 36058277, 0.18929173, 0.15354347, 2.77777863, 2.70483398
9019, 36058749, 36059276, 0.18989837, 0.15583229, 2.71428680, 2.69150376
9020, 36059749, 36060276, 0.19042017, 0.15812206, 2.65079498, 2.53611994
9021, 36060749, 36061278, 0.19085744, 0.16041088, 2.58730316, 2.44106174
9022, 36061749, 36062274, 0.19121148, 0.16269970, 2.49206543, 2.38231564
9023, 36062749, 36063278, 0.19148424, 0.16460705, 2.42857361, 2.34623790
9024, 36063749, 36064274, 0.19167644, 0.16689587, 2.33333588, 2.17688394
9025, 36064749, 36065275, 0.19178872, 0.16842175, 2.23809814, 2.22007608
9026, 36065749, 36066279, 0.19182260, 0.17032909, 2.14286041, 1.95220661
9027, 36066749, 36067283, 0.19177784, 0.17147350, 2.01587677, 1.93489718
9028, 36067749, 36068275, 0.19165505, 0.17299938, 1.88888550, 1.62987196
9029, 36068749, 36069277, 0.19145460, 0.17414379, 1.79364777, 1.58974421
9030, 36069749, 36070280, 0.19117683, 0.17566967, 1.66666412, 1.41790307
9031, 36070749, 36071282, 0.19082229, 0.17681408, 1.53968048, 1.45956767
9032, 36071749, 36072276, 0.19039162, 0.17757702, 1.41269684, 1.33795762
9033, 36072749, 36073274, 0.18988496, 0.17833996, 1.31745911, 1.11607563
9034, 36073749, 36074276, 0.18930183, 0.17910290, 1.22222137, 0.97981113
9035, 36074749, 36075277, 0.18864207, 0.17986584, 1.09523773, 0.89612693
9036, 36075749, 36076277, 0.18790624, 0.18062878, 1.00000000, 0.84473389
9037, 36076749, 36077279, 0.18709362, 0.18101025, 0.90476227, 0.81317192
9038, 36077749, 36078275, 0.18620461, 0.18139172, 0.77777863, 0.64659119
9039, 36078749, 36079277, 0.18523875, 0.18139172, 0.68254089, 0.54428887
9040, 36079749, 36080275, 0.18419641, 0.18177319, 0.58730316, 0.33426437
9041, 36080749, 36081276, 0.18307699, 0.18215466, 0.49206543, 0.35247946
9042, 36081749, 36082276, 0.18188101, 0.18215466, 0.42857361, 0.36366594
9043, 36082749, 36083272, 0.18060866, 0.18215466, 0.33333588, 0.22333832
9044, 36083749, 36084272, 0.17926119, 0.18215466, 0.23809814, 0.13715886
9045, 36084749, 36085274, 0.17783898, 0.18215466, 0.17460632, 0.08423343
9046, 36085749, 36086272, 0.17634197, 0.18177319, 0.14286041, 0.05173032
9047, 36086749, 36087275, 0.17477070, 0.18177319, 0.04762268, -0.11542839
9048, 36087749, 36088273, 0.17312515, 0.18139172, -0.01587677, -0.07088809
9049, 36088749, 36089271, 0.17140509, 0.18101025, -0.07936859, -0.19073209
9050, 36089749, 36090271, 0.16961206, 0.18101025, -0.14286041, -0.26433194
9051, 36090749, 36091271, 0.16774702, 0.18024731, -0.20635223, -0.16233429
9052, 36091749, 36092276, 0.16581205, 0.17986584, -0.26984406, -0.39408955
9053, 36092749, 36093272, 0.16380741, 0.17910290, -0.36508179, -0.38921994
9054, 36093749, 36094272, 0.16173434, 0.17833996, -0.42857361, -0.53342688
9055, 36094749, 36095272, 0.15959391, 0.17757702, -0.49206543, -0.62198883
9056, 36095749, 36096274, 0.15738785, 0.17681408, -0.58730316, -0.67637736
9057, 36096749, 36097270, 0.15511727, 0.17566967, -0.65079498, -0.70977902
9058, 36097749, 36098269, 0.15278456, 0.17452526, -0.71428680, -0.87748957
9059, 36098749, 36099271, 0.15039170, 0.17376232, -0.80952454, -0.98048574
9060, 36099749, 36100271, 0.14794046, 0.17261791, -0.87301636, -0.89654124
9061, 36100749, 36101273, 0.14543295, 0.17109203, -0.93650818, -0.99218595
9062, 36101749, 36102273, 0.14287105, 0.17032909, -1.00000000, -1.19812179
9063, 36102749, 36103268, 0.14025632, 0.16880322, -1.09523773, -1.03019822
9064, 36103749, 36104268, 0.13758957, 0.16727734, -1.15872955, -1.22146630
9065, 36104749, 36105280, 0.13487326, 0.16575146, -1.22222137, -1.33892989
9066, 36105749, 36106270, 0.13211049, 0.16460705, -1.28571320, -1.41106784
9067, 36106749, 36107282, 0.12930322, 0.16269970, -1.34920502, -1.30817246
9068, 36107749, 36108268, 0.12645394, 0.16079235, -1.41269684, -1.53937626
9069, 36108749, 36109273, 0.12356535, 0.15888500, -1.47618866, -1.68136549
9070, 36109749, 36110267, 0.12063967, 0.15697765, -1.57143021, -1.76856542
9071, 36110749, 36111267, 0.11767870, 0.15506935, -1.79365158, -1.82211757
9072, 36111749, 36112267, 0.11468350, 0.15354347, -1.73015976, -1.85537374
9073, 36112749, 36113265, 0.11165654, 0.15125465, -1.79365158, -1.72823167
9074, 36113749, 36114282, 0.10859974, 0.14896584, -1.85714340, -1.94454503
9075, 36114749, 36115272, 0.10551407, 0.14705849, -1.95238113, -2.07738972
9076, 36115749, 36116268, 0.10240034, 0.14438820, -1.98412704, -2.01177597
9077, 36116749, 36117284, 0.09925993, 0.14248085, -2.04761887, -2.26587582
9078, 36117749, 36118280, 0.09609322, 0.14019203, -2.11111069, -2.12753105
9079, 36118749, 36119276, 0.09290131, 0.13790321, -2.07936478, -2.18976688
9080, 36119749, 36120264, 0.08968440, 0.13523293, -2.20634842, -2.22798777
9081, 36120749, 36121263, 0.08644260, 0.13256264, -2.26984024, -2.39865804
9082, 36121749, 36122277, 0.08317618, 0.13027382, -2.36507797, -2.50347161
9083, 36122749, 36123275, 0.07988547, 0.12760353, -2.39682388, -2.42064357
9084, 36123749, 36124261, 0.07656962, 0.12493324, -2.42856979, -2.51697373
9085, 36124749, 36125279, 0.07322817, 0.12226295, -2.49206161, -2.57613301
9086, 36125749, 36126273, 0.06986015, 0.11921120, -2.55555725, -2.61246443
9087, 36126749, 36127283, 0.06646387, 0.11654091, -2.52381134, -2.78197455
9088, 36127749, 36128280, 0.06303826, 0.11387062, -2.61904907, -2.73887801
9089, 36128749, 36129272, 0.05958258, 0.11120033, -2.68254089, -2.71241117
9090, 36129749, 36130272, 0.05609506, 0.10814857, -2.71428680, -2.69615698
9091, 36130749, 36131278, 0.05257330, 0.10547829, -2.77777863, -2.83337259
9092, 36131749, 36132280, 0.04901552, 0.10242653, -2.80952454, -2.77044320
9093, 36132749, 36133275, 0.04542000, 0.09937477, -2.87301636, -2.87899399
9094, 36133749, 36134281, 0.04178460, 0.09632301, -2.96825409, -2.94565845
9095, 36134749, 36135275, 0.03810799, 0.09327030, -2.93650818, -2.98659897
9096, 36135749, 36136277, 0.03438818, 0.09021854, -2.96825409, -3.01210976
9097, 36136749, 36137281, 0.03062343, 0.08678532, -3.00000000, -3.02740884
9098, 36137749, 36138283, 0.02681133, 0.08373356, -3.03174591, -3.18400192
9099, 36138749, 36139278, 0.02295017, 0.08068180, -3.06349182, -3.13297296
9100, 36139749, 36140274, 0.01903818, 0.07763004, -3.09523773, -3.10163450
9101, 36140749, 36141274, 0.01507294, 0.07419682, -3.12698364, -3.08238864
9102, 36141749, 36142278, 0.01105319, 0.07114506, -3.06349182, -3.21776676
9103, 36142749, 36143276, 0.00697879, 0.06771183, -3.15872955, -3.15370893
9104, 36143749, 36144276, 0.00284995, 0.06427860, -3.22222137, -3.26156688
9105, 36144749, 36145279, -0.00133408, 0.06122684, -3.25396729, -3.32780552
9106, 36145749, 36146273, -0.00557373, 0.05779362, -3.28571320, -3.22128725
9107, 36146749, 36147273, -0.00986923, 0.05436039, -3.31745911, -3.30306864
9108, 36147749, 36148273, -0.01421993, 0.05092716, -3.34920502, -3.35329318
9109, 36148749, 36149271, -0.01862399, 0.04711246, -3.38095093, -3.38413739
9110, 36149749, 36150278, -0.02307920, 0.04367924, -3.38095093, -3.55027747
9111, 36150749, 36151272, -0.02758218, 0.03986454, -3.44444275, -3.50511146
9112, 36151749, 36152276, -0.03212941, 0.03681278, -3.44444275, -3.62457132
9113, 36152749, 36153272, -0.03671449, 0.03299809, -3.50793839, -3.40354013
9114, 36153749, 36154278, -0.04133161, 0.02918243, -3.50793839, -3.56219316
9115, 36154749, 36155272, -0.04597403, 0.02536774, -3.53968430, -3.65999460
9116, 36155749, 36156273, -0.05063494, 0.02155304, -3.60317612, -3.71968961
9117, 36156749, 36157273, -0.05530701, 0.01811981, -3.63492203, -3.75635028
9118, 36157749, 36158271, -0.05998125, 0.01430511, -3.69841385, -3.63166714
9119, 36158749, 36159273, -0.06464741, 0.01010895, -3.73015976, -3.70229268
9120, 36159749, 36160275, -0.06929361, 0.00629425, -3.79365158, -3.89286375
9121, 36160749, 36161274, -0.07390532, 0.00209808, -3.82539749, -3.86270165
9122, 36161749, 36162272, -0.07846731, -0.00171661, -3.88888931, -3.99137592
9123, 36162749, 36163282, -0.08296162, -0.00591278, -3.92063522, -3.92320085
9124, 36163749, 36164272, -0.08736777, -0.01010895, -3.98412704, -4.02853012
9125, 36164749, 36165272, -0.09166138, -0.01430511, -4.01587296, -4.09321594
9126, 36165749, 36166276, -0.09581891, -0.01850128, -4.07936478, -4.13294172
9127, 36166749, 36167276, -0.09981719, -0.02269745, -4.11111069, -4.15733814
9128, 36167749, 36168275, -0.10363051, -0.02727509, -4.17460251, -4.17232084
9129, 36168749, 36169275, -0.10723535, -0.03147221, -4.20634842, -4.32872009
9130, 36169749, 36170281, -0.11060697, -0.03604984, -4.20634842, -4.27793980
9131, 36170749, 36171277, -0.11372440, -0.03986454, -4.26984024, -4.39358377
9132, 36171749, 36172273, -0.11656673, -0.04444218, -4.30158615, -4.17020893
9133, 36172749, 36173278, -0.11911320, -0.04863834, -4.33333206, -4.32742310
9134, 36173749, 36174280, -0.12134152, -0.05321598, -4.30158615, -4.27677536
9135, 36174749, 36175276, -0.12323315, -0.05741215, -4.33333206, -4.39286852
9136, 36175749, 36176272, -0.12476788, -0.06160831, -4.30158615, -4.31696749
9137, 36176749, 36177276, -0.12593165, -0.06580448, -4.30158615, -4.27035427
9138, 36177749, 36178274, -0.12671708, -0.07000065, -4.30158615, -4.24172783
9139, 36178749, 36179273, -0.12712350, -0.07419682, -4.30158615, -4.22414732
9140, 36179749, 36180275, -0.12716298, -0.07839298, -4.26984024, -4.21335030
9141, 36180749, 36181273, -0.12686008, -0.08258915, -4.23809433, -4.20671988
9142, 36181749, 36182275, -0.12625036, -0.08640385, -4.20634842, -4.20264769
9143, 36182749, 36183271, -0.12538081, -0.09021854, -4.17460251, -4.05294943
9144, 36183749, 36184282, -0.12430112, -0.09441566, -4.11111069, -3.96101499
9145, 36184749, 36185286, -0.12306073, -0.09823036, -4.04761887, -4.05212069
9146, 36185749, 36186282, -0.12170167, -0.10128212, -4.01587296, -3.96050620
9147, 36186749, 36187278, -0.12026276, -0.10471535, -3.92063522, -3.60984778
9148, 36187749, 36188278, -0.11877410, -0.10814857, -3.79365158, -3.54169536
9149, 36188749, 36189274, -0.11726278, -0.11081886, -3.66666794, -3.49984097
9150, 36189749, 36190275, -0.11574840, -0.11348915, -3.50793839, -3.17974162
9151, 36190749, 36191269, -0.11424460, -0.11539650, -3.31745911, -2.98315883
9152, 36191749, 36192275, -0.11276332, -0.11730385, -3.09523773, -2.56803656
9153, 36192749, 36193277, -0.11131246, -0.11882973, -2.80952454, -2.31309724
9154, 36193749, 36194283, -0.10989771, -0.11997414, -2.52381134, -2.00933361
9155, 36194749, 36195278, -0.10851936, -0.12073708, -2.20634842, -1.67558563
9156, 36195749, 36196280, -0.10717471, -0.12111855, -1.88888931, -1.32342327
9157, 36196749, 36197282, -0.10585820, -0.12150002, -1.53968430, -0.95995206
9158, 36197749, 36198280, -0.10456210, -0.12150002, -1.22222137, -0.73673338
9159, 36198749, 36199276, -0.10327747, -0.12111855, -0.93650818, -0.45245039
9160, 36199749, 36200278, -0.10199511, -0.12073708, -0.61904907, -0.13066600
9161, 36200749, 36201271, -0.10070615, -0.11997414, -0.36508179, 0.06695158
9162, 36201749, 36202279, -0.09940249, -0.11921120, -0.11111450, 0.33551210
9163, 36202749, 36203273, -0.09807513, -0.11844826, 0.14286041, 0.50044328
9164, 36203749, 36204277, -0.09671656, -0.11730385, 0.33333588, 0.60173255
9165, 36204749, 36205277, -0.09532216, -0.11615944, 0.52381134, 0.81113499
9166, 36205749, 36206278, -0.09388770, -0.11463356, 0.68254089, 0.93973541
9167, 36206749, 36207278, -0.09240949, -0.11387062, 0.84127045, 1.16591036
9168, 36207749, 36208280, -0.09088533, -0.11234474, 0.96825409, 1.01041615
9169, 36208749, 36209276, -0.08931205, -0.11081886, 1.09523773, 1.20931745
9170, 36209749, 36210278, -0.08768684, -0.10929298, 1.15872955, 1.33146894
9171, 36210749, 36211280, -0.08600640, -0.10738564, 1.28571320, 1.40648580
9172, 36211749, 36212281, -0.08426839, -0.10624123, 1.31745911, 1.59975350
9173, 36212749, 36213279, -0.08247194, -0.10433388, 1.41269684, 1.42405009
9174, 36213749, 36214277, -0.08061662, -0.10318947, 1.44444275, 1.61054027
9175, 36214749, 36215279, -0.07870164, -0.10128212, 1.47618866, 1.43067455
9176, 36215749, 36216283, -0.07672539, -0.09975624, 1.50793457, 1.61460853
9177, 36216749, 36217284, -0.07468674, -0.09861183, 1.50793457, 1.58037055
9178, 36217749, 36218280, -0.07258533, -0.09670448, 1.53968048, 1.41214645
9179, 36218749, 36219282, -0.07042097, -0.09517860, 1.53968048, 1.60322988
9180, 36219749, 36220282, -0.06819212, -0.09365177, 1.57142639, 1.57338250
9181, 36220749, 36221282, -0.06589727, -0.09174442, 1.57142639, 1.55542028
9182, 36221749, 36222278, -0.06353606, -0.09021854, 1.57142639, 1.69121873
9183, 36222749, 36223275, -0.06110886, -0.08869267, 1.57142639, 1.62741911
9184, 36223749, 36224275, -0.05861501, -0.08678532, 1.57142639, 1.58823776
9185, 36224749, 36225281, -0.05605399, -0.08525944, 1.60317230, 1.71137285
9186, 36225749, 36226277, -0.05342576, -0.08373356, 1.60317230, 1.63979638
9187, 36226749, 36227273, -0.05073124, -0.08220768, 1.60317230, 1.59583902
9188, 36227749, 36228278, -0.04797168, -0.08030033, 1.60317230, 1.56884360
9189, 36228749, 36229274, -0.04514865, -0.07877445, 1.60317230, 1.69946229
9190, 36229749, 36230276, -0.04226355, -0.07686710, 1.63491821, 1.63248169
9191, 36230749, 36231272, -0.03931783, -0.07534122, 1.63491821, 1.73854446
9192, 36231749, 36232276, -0.03631215, -0.07343388, 1.63491821, 1.65648329
9193, 36232749, 36233272, -0.03324831, -0.07152653, 1.69841003, 1.75328457
9194, 36233749, 36234273, -0.03012871, -0.07000065, 1.69841003, 1.81273317
9195, 36234749, 36235275, -0.02695656, -0.06771183, 1.73015594, 1.70204484
9196, 36235749, 36236273, -0.02373405, -0.06580448, 1.76190186, 1.92846298
9197, 36236749, 36237271, -0.02046432, -0.06351566, 1.79364777, 1.92031550
9198, 36237749, 36238271, -0.01715023, -0.06160831, 1.85713959, 2.06250954
9199, 36238749, 36239274, -0.01379488, -0.05970097, 1.92063141, 2.00263762
9200, 36239749, 36240274, -0.01040260, -0.05741215, 1.98412323, 1.96586847
9201, 36240749, 36241280, -0.00697675, -0.05474186, 2.01587677, 2.09048510
9202, 36241749, 36242270, -0.00351975, -0.05245304, 2.07936859, 2.31421351
9203, 36242749, 36243270, -0.00003520, -0.05016422, 2.11111450, 2.30441427
9204, 36243749, 36244274, 0.00347348, -0.04787540, 2.20635223, 2.29839635
9205, 36244749, 36245268, 0.00700293, -0.04520512, 2.30158997, 2.29470038
9206, 36245749, 36246271, 0.01054998, -0.04253483, 2.33333588, 2.43962836
9207, 36246749, 36247267, 0.01411129, -0.03948307, 2.39682770, 2.52863288
9208, 36247749, 36248269, 0.01768356, -0.03681278, 2.46031952, 2.73049068
9209, 36248749, 36249281, 0.02126412, -0.03414249, 2.55555725, 2.70726037
9210, 36249749, 36250269, 0.02485024, -0.03108978, 2.61904907, 2.69299388
9211, 36250749, 36251270, 0.02844017, -0.02803802, 2.68254089, 2.83179808
9212, 36251749, 36252282, 0.03203222, -0.02498627, 2.74603271, 2.91667390
9213, 36252749, 36253266, 0.03562421, -0.02193451, 2.80952454, 2.96879864
9214, 36253749, 36254280, 0.03921455, -0.01888275, 2.87301636, 3.00081015
9215, 36254749, 36255266, 0.04280199, -0.01583099, 2.93650818, 3.02046943
9216, 36255749, 36256270, 0.04638636, -0.01239777, 3.00000000, 3.03254271
9217, 36256749, 36257267, 0.04996718, -0.00934601, 3.03174591, 3.18715501
9218, 36257749, 36258269, 0.05354351, -0.00591278, 3.09523773, 3.13490939
9219, 36258749, 36259267, 0.05711373, -0.00247955, 3.15872955, 3.25002122
9220, 36259749, 36260267, 0.06067768, 0.00057220, 3.19047546, 3.32071495
9221, 36260749, 36261281, 0.06423543, 0.00400543, 3.22222137, 3.21693277
9222, 36261749, 36262266, 0.06778795, 0.00743866, 3.25396729, 3.30039454
9223, 36262749, 36263266, 0.07133559, 0.01087189, 3.28571320, 3.35165095
9224, 36263749, 36264264, 0.07487769, 0.01430511, 3.31745911, 3.38312888
9225, 36264749, 36265264, 0.07841508, 0.01773834, 3.34920502, 3.40246034
9226, 36265749, 36266276, 0.08194761, 0.02117157, 3.34920502, 3.41433239
9227, 36266749, 36267280, 0.08547462, 0.02460480, 3.34920502, 3.42162347
9228, 36267749, 36268281, 0.08899552, 0.02803802, 3.38095093, 3.42610121
9229, 36268749, 36269265, 0.09251054, 0.03108978, 3.38095093, 3.42885113
9230, 36269749, 36270275, 0.09602043, 0.03490543, 3.41269684, 3.28334236
9231, 36270749, 36271279, 0.09952538, 0.03833866, 3.41269684, 3.48874402
9232, 36271749, 36272279, 0.10302653, 0.04177189, 3.41269684, 3.46732187
9233, 36272749, 36273277, 0.10652401, 0.04520512, 3.41269684, 3.45416594
9234, 36273749, 36274280, 0.11001837, 0.04901981, 3.44444275, 3.44608665
9235, 36274749, 36275278, 0.11350942, 0.05245304, 3.47618866, 3.58832240
9236, 36275749, 36276278, 0.11699617, 0.05588627, 3.47618866, 3.52847600
9237, 36276749, 36277280, 0.12047841, 0.05931950, 3.50793457, 3.49172258
9238, 36277749, 36278262, 0.12395651, 0.06275272, 3.47618866, 3.46915126
9239, 36278749, 36279279, 0.12742992, 0.06618595, 3.47618866, 3.45528936
9240, 36279749, 36280277, 0.13089909, 0.07000065, 3.47618866, 3.44677663
9241, 36280749, 36281279, 0.13436364, 0.07343388, 3.50793457, 3.58874607
9242, 36281749, 36282277, 0.13782303, 0.07686710, 3.47618866, 3.52873635
9243, 36282749, 36283275, 0.14127614, 0.08030033, 3.47618866, 3.49188232
9244, 36283749, 36284278, 0.14472105, 0.08373356, 3.47618866, 3.46924925
9245, 36284749, 36285280, 0.14815612, 0.08716679, 3.47618866, 3.45534968
9246, 36285749, 36286278, 0.15158069, 0.09060001, 3.47618866, 3.44681334
9247, 36286749, 36287278, 0.15499404, 0.09403419, 3.47618866, 3.44157100
9248, 36287749, 36288278, 0.15839411, 0.09746742, 3.47618866, 3.43871951
9249, 36288749, 36289278, 0.16177945, 0.10090065, 3.41269684, 3.43660021
9250, 36289749, 36290277, 0.16514795, 0.10395241, 3.41269684, 3.43529892
9251, 36290749, 36291275, 0.16849683, 0.10738564, 3.38095093, 3.28730226
9252, 36291749, 36292277, 0.17182322, 0.11081886, 3.38095093, 3.34361029
9253, 36292749, 36293275, 0.17512433, 0.11425209, 3.38095093, 3.37819099
9254, 36293749, 36294273, 0.17839810, 0.11768532, 3.34920502, 3.39942813
9255, 36294749, 36295277, 0.18164203, 0.12111855, 3.34920502, 3.41247034
9256, 36295749, 36296274, 0.18485214, 0.12455177, 3.34920502, 3.42048001
9257, 36296749, 36297282, 0.18802570, 0.12798500, 3.34920502, 3.42539883
9258, 36297749, 36298280, 0.19116046, 0.13103676, 3.38095093, 3.42841983
9259, 36298749, 36299278, 0.19425426, 0.13446999, 3.34920502, 3.28307748
9260, 36299749, 36300274, 0.19730407, 0.13790321, 3.34920502, 3.34101582
9261, 36300749, 36301277, 0.20030732, 0.14133644, 3.34920502, 3.37659764
9262, 36301749, 36302273, 0.20326230, 0.14438820, 3.34920502, 3.39844942
9263, 36302749, 36303275, 0.20616633, 0.14743996, 3.31745911, 3.26467180
9264, 36303749, 36304279, 0.20901723, 0.15087318, 3.28571320, 3.18251491
9265, 36304749, 36305271, 0.21181265, 0.15392494, 3.28571320, 3.27925730
9266, 36305749, 36306274, 0.21455054, 0.15735912, 3.25396729, 3.19147229
9267, 36306749, 36307278, 0.21722814, 0.16041088, 3.25396729, 3.28512645
9268, 36307749, 36308272, 0.21984331, 0.16384411, 3.25396729, 3.19507647
9269, 36308749, 36309272, 0.22239463, 0.16727734, 3.25396729, 3.28697181
9270, 36309749, 36310274, 0.22488067, 0.17032909, 3.19047546, 3.34340739
9271, 36310749, 36311272, 0.22729941, 0.17338085, 3.19047546, 3.23086858
9272, 36311749, 36312277, 0.22964902, 0.17643261, 3.15872955, 3.16175508
9273, 36312749, 36313277, 0.23192640, 0.17948437, 3.19047546, 3.11931062
9274, 36313749, 36314273, 0.23412850, 0.18253613, 3.15872955, 3.09324408
9275, 36314749, 36315271, 0.23625353, 0.18558788, 3.15872955, 3.07723594
9276, 36315749, 36316273, 0.23829994, 0.18863964, 3.09523773, 3.06740475
9277, 36316749, 36317279, 0.24026680, 0.19169140, 3.06349182, 3.06136727
9278, 36317749, 36318274, 0.24215259, 0.19474316, 3.06349182, 3.05765915
9279, 36318749, 36319282, 0.24395496, 0.19779491, 3.06349182, 3.05538201
9280, 36319749, 36320278, 0.24567203, 0.20046520, 3.03174591, 3.05398345
9281, 36320749, 36321278, 0.24730213, 0.20389843, 3.00000000, 2.90592694
9282, 36321749, 36322276, 0.24884416, 0.20656872, 2.96825409, 3.10939622
9283, 36322749, 36323269, 0.25029781, 0.20962048, 2.93650818, 2.93995762
9284, 36323749, 36324273, 0.25166106, 0.21229076, 2.93650818, 2.98309803
9285, 36324749, 36325273, 0.25293183, 0.21496105, 2.90476227, 2.86239433
9286, 36325749, 36326273, 0.25410897, 0.21763134, 2.84127045, 2.78826642
9287, 36326749, 36327275, 0.25519100, 0.22030258, 2.80952454, 2.74274206
9288, 36327749, 36328274, 0.25617585, 0.22297287, 2.80952454, 2.71515203
9289, 36328749, 36329274, 0.25706184, 0.22564316, 2.74603271, 2.69784021
9290, 36329749, 36330274, 0.25784689, 0.22793198, 2.71428680, 2.68720865
9291, 36330749, 36331276, 0.25852844, 0.23022079, 2.65079498, 2.53348207
9292, 36331749, 36332276, 0.25910422, 0.23250961, 2.58730316, 2.43907380
9293, 36332749, 36333270, 0.25957286, 0.23479843, 2.52381134, 2.38109469
9294, 36333749, 36334273, 0.25993374, 0.23708725, 2.46031952, 2.34548807
9295, 36334749, 36335269, 0.26018584, 0.23899460, 2.39682770, 2.32362103
9296, 36335749, 36336271, 0.26032808, 0.24090195, 2.30158997, 2.16299415
9297, 36336749, 36337269, 0.26035941, 0.24242783, 2.17460632, 2.06434822
9298, 36337749, 36338275, 0.26027864, 0.24433517, 2.07936859, 1.85656941
9299, 36338749, 36339281, 0.26008552, 0.24547958, 1.95237732, 1.87616360
9300, 36339749, 36340278, 0.25977984, 0.24700546, 1.88888550, 1.59380198
9301, 36340749, 36341282, 0.25935939, 0.24853134, 1.79364777, 1.56759262
9302, 36341749, 36342284, 0.25882265, 0.25005722, 1.66666412, 1.55149662
9303, 36342749, 36343282, 0.25817037, 0.25082016, 1.53968048, 1.54161155
9304, 36343749, 36344278, 0.25740328, 0.25196457, 1.47618866, 1.24114573
9305, 36344749, 36345283, 0.25652024, 0.25272751, 1.34920502, 1.20381808
9306, 36345749, 36346281, 0.25552019, 0.25349045, 1.22222137, 1.03369641
9307, 36346749, 36347279, 0.25440374, 0.25387192, 1.09523773, 0.92921954
9308, 36347749, 36348283, 0.25317127, 0.25425339, 0.93650818, 0.71785957
9309, 36348749, 36349283, 0.25182307, 0.25425339, 0.80952454, 0.58805698
9310, 36349749, 36350280, 0.25035939, 0.25425339, 0.65079498, 0.36114371
9311, 36350749, 36351280, 0.24878110, 0.25463486, 0.55555725, 0.22178935
9312, 36351749, 36352280, 0.24708892, 0.25463486, 0.39682770, 0.28340515
9313, 36352749, 36353280, 0.24528351, 0.25425339, 0.26984406, 0.17404774
9314, 36353749, 36354280, 0.24336700, 0.25425339, 0.17460632, -0.04030953
9315, 36354749, 36355282, 0.24134117, 0.25425339, 0.07936859, -0.02475531
9316, 36355749, 36356277, 0.23920777, 0.25349045, -0.01587677, -0.01520299
9317, 36356749, 36357279, 0.23696963, 0.25310898, -0.11111450, -0.30373171
9318, 36357749, 36358283, 0.23462935, 0.25234604, -0.17460632, -0.33372843
9319, 36358749, 36359277, 0.23219056, 0.25158310, -0.33333588, -0.49934790
9320, 36359749, 36360277, 0.22965704, 0.25082016, -0.42857361, -0.60105985
9321, 36360749, 36361283, 0.22703113, 0.25005722, -0.49206543, -0.66352427
9322, 36361749, 36362280, 0.22431596, 0.24891281, -0.61904907, -0.70188558
9323, 36362749, 36363276, 0.22151534, 0.24814987, -0.68254089, -0.87264198
9324, 36363749, 36364276, 0.21863350, 0.24662399, -0.80952454, -0.83031112
9325, 36364749, 36365278, 0.21567358, 0.24509811, -0.90476227, -1.09870958
9326, 36365749, 36366280, 0.21263832, 0.24395370, -1.03174591, -1.26354122
9327, 36366749, 36367277, 0.20953125, 0.24242783, -1.09523773, -1.21757174
9328, 36367749, 36368275, 0.20635580, 0.24090195, -1.19047546, -1.33653808
9329, 36368749, 36369275, 0.20311601, 0.23937607, -1.28571320, -1.40959895
9330, 36369749, 36370279, 0.19981614, 0.23785019, -1.38095093, -1.45446777
9331, 36370749, 36371279, 0.19645974, 0.23556137, -1.47618866, -1.48202324
9332, 36371749, 36372275, 0.19305061, 0.23403549, -1.57143021, -1.79334092
9333, 36372749, 36373276, 0.18959253, 0.23174667, -1.63492203, -1.69013548
9334, 36373749, 36374274, 0.18608795, 0.22983932, -1.73015976, -1.92114902
9335, 36374749, 36375274, 0.18253987, 0.22793198, -1.79365158, -1.91582382
9336, 36375749, 36376280, 0.17895029, 0.22564316, -1.85714340, -1.91255355
9337, 36376749, 36377276, 0.17532152, 0.22335434, -1.95238113, -2.05774260
9338, 36377749, 36378277, 0.17165591, 0.22068405, -2.04761887, -2.14690781
9339, 36378749, 36379271, 0.16795503, 0.21839428, -2.17460251, -2.34886432
9340, 36379749, 36380271, 0.16422078, 0.21572399, -2.23809433, -2.32606244
9341, 36380749, 36381275, 0.16045360, 0.21305370, -2.30158615, -2.45888853
9342, 36381749, 36382271, 0.15665403, 0.21000195, -2.39682388, -2.54046130
9343, 36382749, 36383275, 0.15282470, 0.20733166, -2.49206161, -2.73775506
9344, 36383749, 36384270, 0.14896710, 0.20427990, -2.61904907, -2.71172142
9345, 36384749, 36385274, 0.14508104, 0.20122814, -2.84127045, -2.84293127
9346, 36385749, 36386272, 0.14116642, 0.19855785, -2.77777863, -2.92351127
9347, 36386749, 36387272, 0.13722397, 0.19550610, -2.80952454, -2.82579994
9348, 36387749, 36388270, 0.13325392, 0.19207287, -2.87301636, -2.91299033
9349, 36388749, 36389271, 0.12925629, 0.18902111, -2.96825409, -3.11373401
9350, 36389749, 36390269, 0.12523149, 0.18596935, -3.00000000, -3.08981919
9351, 36390749, 36391271, 0.12117945, 0.18253613, -3.09523773, -3.07513237
9352, 36391749, 36392269, 0.11710025, 0.17910290, -3.09523773, -3.21331048
9353, 36392749, 36393267, 0.11299419, 0.17605114, -3.00000000, -3.29816985
9354, 36393749, 36394279, 0.10886185, 0.17223644, -3.28571320, -3.20308685
9355, 36394749, 36395270, 0.10470376, 0.16880322, -3.28571320, -3.43908858
9356, 36395749, 36396268, 0.10052007, 0.16536999, -3.34920502, -3.43682694
9357, 36396749, 36397282, 0.09631048, 0.16193676, -3.38095093, -3.43543792
9358, 36397749, 36398280, 0.09207503, 0.15812206, -3.44444275, -3.43458509
9359, 36398749, 36399266, 0.08781506, 0.15430641, -3.47618866, -3.58125877
9360, 36399749, 36400273, 0.08353079, 0.15049171, -3.53968430, -3.67170358
9361, 36400749, 36401271, 0.07922190, 0.14705849, -3.57143021, -3.72688055
9362, 36401749, 36402271, 0.07488891, 0.14324379, -3.53968430, -3.61356902
9363, 36402749, 36403265, 0.07053153, 0.13942909, -3.63492203, -3.69117832
9364, 36403749, 36404269, 0.06614961, 0.13561440, -3.85714340, -3.73884034
9365, 36404749, 36405267, 0.06174338, 0.13179970, -3.79365158, -3.76811123
9366, 36405749, 36406270, 0.05731295, 0.12798500, -3.76190567, -3.78608727
9367, 36406749, 36407266, 0.05285849, 0.12417030, -3.79365158, -3.79712701
9368, 36407749, 36408280, 0.04838055, 0.11997414, -3.88888931, -3.80390692
9369, 36408749, 36409264, 0.04388019, 0.11615944, -3.85714340, -3.95526814
9370, 36409749, 36410264, 0.03935789, 0.11234474, -3.85714340, -3.90102625
9371, 36410749, 36411281, 0.03481302, 0.10853004, -3.88888931, -3.86771441
9372, 36411749, 36412267, 0.03024489, 0.10433388, -3.76190567, -3.84725666
9373, 36412749, 36413281, 0.02565371, 0.10013771, -4.04761887, -3.98189044
9374, 36413749, 36414281, 0.02103927, 0.09632301, -4.01587296, -4.06457329
9375, 36414749, 36415279, 0.01640060, 0.09212589, -4.01587296, -3.96815372
9376, 36415749, 36416263, 0.01173695, 0.08792973, -3.92063522, -4.05650520
9377, 36416749, 36417278, 0.00704686, 0.08373356, -4.20634842, -4.11039639
9378, 36417749, 36418282, 0.00232968, 0.07953739, -4.11111069, -4.14349270
9379, 36418749, 36419264, -0.00241528, 0.07534122, -4.11111069, -4.16381788
9380, 36419749, 36420276, -0.00718941, 0.07114506, -4.17460251, -4.17630053
9381, 36420749, 36421280, -0.01199277, 0.06694889, -4.01587296, -4.18396616
9382, 36421749, 36422277, -0.01682542, 0.06237125, -4.17460251, -4.18867397
9383, 36422749, 36423277, -0.02168937, 0.05817509, -4.23809433, -4.33876276
9384, 36423749, 36424277, -0.02658720, 0.05359745, -4.26984024, -4.28373957
9385, 36424749, 36425283, -0.03151983, 0.04940128, -4.14285660, -4.39714575
9386, 36425749, 36426273, -0.03648897, 0.04444218, -4.33333206, -4.31959391
9387, 36426749, 36427277, -0.04149643, 0.03986454, -4.39682388, -4.56636238
9388, 36427749, 36428274, -0.04654375, 0.03566837, -4.42856979, -4.57071257
9389, 36428749, 36429278, -0.05163215, 0.03108978, -4.49206161, -4.42618656
9390, 36429749, 36430276, -0.05676216, 0.02651215, -4.49206161, -4.48499441
9391, 36430749, 36431272, -0.06193481, 0.02193451, -4.52381134, -4.52074242
9392, 36431749, 36432280, -0.06715149, 0.01773834, -4.52381134, -4.54269600
9393, 36432749, 36433279, -0.07241247, 0.01316071, -4.55555725, -4.40898085
9394, 36433749, 36434277, -0.07771751, 0.00858307, -4.52381134, -4.47406006
9395, 36434749, 36435277, -0.08306782, 0.00400543, -4.52381134, -4.51402712
9396, 36435749, 36436281, -0.08846341, -0.00057220, -4.55555725, -4.53857231
9397, 36436749, 36437277, -0.09390372, -0.00514984, -4.55555725, -4.55364609
9398, 36437749, 36438279, -0.09938854, -0.00972748, -4.55555725, -4.56290340
9399, 36438749, 36439276, -0.10491822, -0.01468658, -4.55555725, -4.56858873
9400, 36439749, 36440276, -0.11049304, -0.01926422, -4.61904907, -4.71927786
9401, 36440749, 36441276, -0.11611267, -0.02422333, -4.61904907, -4.66462278
9402, 36441749, 36442274, -0.12177616, -0.02880096, -4.65079498, -4.77825499
9403, 36442749, 36443274, -0.12748212, -0.03337955, -4.68254089, -4.70084238
9404, 36443749, 36444273, -0.13322794, -0.03833866, -4.71428680, -4.65366936
9405, 36444749, 36445273, -0.13901126, -0.04329777, -4.77777863, -4.77152824
9406, 36445749, 36446277, -0.14483105, -0.04825687, -4.77777863, -4.84390879
9407, 36446749, 36447275, -0.15068579, -0.05321598, -4.84127045, -4.88836002
9408, 36447749, 36448273, -0.15657258, -0.05817509, -4.90476227, -4.91565847
9409, 36448749, 36449273, -0.16248821, -0.06351566, -4.93650818, -4.93242359
9410, 36449749, 36450274, -0.16842896, -0.06885624, -4.96825409, -5.08991718
9411, 36450749, 36451276, -0.17439115, -0.07381535, -5.03174591, -5.18663883
9412, 36451749, 36452278, -0.18037039, -0.07953739, -5.06349182, -5.09884071
9413, 36452749, 36453272, -0.18636124, -0.08449650, -5.12698364, -5.33931637
9414, 36453749, 36454272, -0.19235779, -0.08983707, -5.15872955, -5.19260454
9415, 36454749, 36455277, -0.19835277, -0.09517860, -5.22222137, -5.24970198
9416, 36455749, 36456275, -0.20433992, -0.10051918, -5.22222137, -5.28513575
9417, 36456749, 36457273, -0.21031272, -0.10585976, -5.28571320, -5.30652809
9418, 36457749, 36458273, -0.21626340, -0.11120033, -5.31745911, -5.31966639
9419, 36458749, 36459279, -0.22218394, -0.11692238, -5.34920502, -5.32773447
9420, 36459749, 36460273, -0.22806609, -0.12226295, -5.38095093, -5.47988749
9421, 36460749, 36461272, -0.23390016, -0.12760353, -5.41269684, -5.42613125
9422, 36461749, 36462274, -0.23967500, -0.13332558, -5.41269684, -5.39311838
9423, 36462749, 36463276, -0.24537840, -0.13866615, -5.47618866, -5.52004147
9424, 36463749, 36464268, -0.25099647, -0.14438820, -5.50793839, -5.45079136
9425, 36464749, 36465268, -0.25651172, -0.15049171, -5.53968430, -5.55545998
9426, 36465749, 36466276, -0.26190239, -0.15583229, -5.57143021, -5.76693821
9427, 36466749, 36467279, -0.26714605, -0.16155529, -5.60317612, -5.60241795
9428, 36467749, 36468273, -0.27221629, -0.16765881, -5.66666794, -5.64894676
9429, 36468749, 36469273, -0.27708450, -0.17338085, -5.69841385, -5.82435131
9430, 36469749, 36470267, -0.28171867, -0.17910290, -5.73015976, -5.78487444
9431, 36470749, 36471275, -0.28608355, -0.18482494, -5.76190567, -5.76063108
9432, 36471749, 36472276, -0.29013932, -0.19092846, -5.79365158, -5.74574232
9433, 36472749, 36473280, -0.29384661, -0.19665051, -5.79365158, -5.88379622
9434, 36473749, 36474276, -0.29716617, -0.20237255, -5.79365158, -5.82138205
9435, 36474749, 36475278, -0.30006257, -0.20809460, -5.79365158, -5.78305149
9436, 36475749, 36476274, -0.30250865, -0.21419811, -5.79365158, -5.75951099
9437, 36476749, 36477285, -0.30448541, -0.21992111, -5.79365158, -5.89225197
9438, 36477749, 36478279, -0.30598244, -0.22564316, -5.79365158, -5.82694292
9439, 36478749, 36479271, -0.30700099, -0.23098373, -5.76190567, -5.78646660
9440, 36479749, 36480271, -0.30755794, -0.23632431, -5.73015976, -5.61441135
9441, 36480749, 36481273, -0.30769107, -0.24204636, -5.69841385, -5.50874662
9442, 36481749, 36482275, -0.30745608, -0.24738693, -5.66666794, -5.59105253
9443, 36482749, 36483274, -0.30692199, -0.25272751, -5.60317612, -5.49440098
9444, 36483749, 36484272, -0.30615491, -0.25730515, -5.53968430, -5.43504477
9445, 36484749, 36485276, -0.30521220, -0.26264572, -5.44444275, -5.10419750
9446, 36485749, 36486278, -0.30414027, -0.26722336, -5.31745911, -5.19540882
9447, 36486749, 36487278, -0.30297533, -0.27218246, -5.22222137, -4.95702934
9448, 36487749, 36488282, -0.30174583, -0.27599716, -5.09523773, -4.95783043
9449, 36488749, 36489269, -0.30047286, -0.27981186, -4.90476227, -4.51672983
9450, 36489749, 36490275, -0.29917133, -0.28324604, -4.65079498, -4.24583673
9451, 36490749, 36491279, -0.29784906, -0.28591633, -4.39682388, -3.93264341
9452, 36491749, 36492279, -0.29650819, -0.28858662, -4.11111069, -3.44553900
9453, 36492749, 36493281, -0.29514763, -0.29087543, -3.79365158, -3.14639330
9454, 36493749, 36494276, -0.29376158, -0.29240131, -3.44444275, -2.81548119
9455, 36494749, 36495282, -0.29234204, -0.29430866, -3.06349182, -2.31786299
9456, 36495749, 36496274, -0.29087907, -0.29507160, -2.65079498, -2.15945792
9457, 36496749, 36497284, -0.28936285, -0.29583454, -2.26984024, -1.62058389
9458, 36497749, 36498280, -0.28778505, -0.29621601, -1.88888931, -1.28964508
9459, 36498749, 36499281, -0.28613809, -0.29621601, -1.53968430, -0.93920785
9460, 36499749, 36500279, -0.28441572, -0.29621601, -1.19047546, -0.57679611
9461, 36500749, 36501283, -0.28261280, -0.29583454, -0.90476227, -0.35422805
9462, 36501749, 36502279, -0.28072575, -0.29545307, -0.58730316, -0.07034468
9463, 36502749, 36503279, -0.27875051, -0.29507160, -0.26984406, 0.10399674
9464, 36503749, 36504277, -0.27668366, -0.29392719, -0.04762268, 0.21106511
9465, 36504749, 36505282, -0.27452362, -0.29278278, 0.17460632, 0.57121414
9466, 36505749, 36506278, -0.27226779, -0.29201984, 0.39682770, 0.79239267
9467, 36506749, 36507282, -0.26991364, -0.29087543, 0.55555725, 0.78102756
9468, 36507749, 36508280, -0.26746076, -0.28934956, 0.71428680, 0.92124546
9469, 36508749, 36509278, -0.26490927, -0.28820515, 0.87301636, 1.15455508
9470, 36509749, 36510278, -0.26226082, -0.28667927, 1.00000000, 1.15064013
9471, 36510749, 36511273, -0.25951868, -0.28515339, 1.12698364, 1.29543328
9472, 36511749, 36512277, -0.25668758, -0.28362751, 1.22222137, 1.38435531
9473, 36512749, 36513277, -0.25377300, -0.28172016, 1.31745911, 1.43896496
9474, 36513749, 36514275, -0.25077969, -0.28019333, 1.41269684, 1.61969995
9475, 36514749, 36515277, -0.24771227, -0.27866745, 1.47618866, 1.58386528
9476, 36515749, 36516276, -0.24457507, -0.27637863, 1.53968048, 1.56149006
9477, 36516749, 36517276, -0.24137251, -0.27485275, 1.60317230, 1.84214389
9478, 36517749, 36518274, -0.23811004, -0.27256393, 1.66666412, 1.72010684
9479, 36518749, 36519276, -0.23479269, -0.27065659, 1.69841003, 1.93955529
9480, 36519749, 36520280, -0.23142570, -0.26874924, 1.79364777, 1.92712772
9481, 36520749, 36521275, -0.22801435, -0.26646042, 1.82539368, 1.91949558
9482, 36521749, 36522275, -0.22456469, -0.26455307, 1.85713959, 2.06200600
9483, 36522749, 36523275, -0.22107971, -0.26264572, 1.95237732, 2.00232840
9484, 36523749, 36524277, -0.21756135, -0.25997543, 1.98412323, 1.96567857
9485, 36524749, 36525273, -0.21401097, -0.25768661, 2.04762268, 2.23756599
9486, 36525749, 36526271, -0.21042928, -0.25539780, 2.11111450, 2.25734282
9487, 36526749, 36527272, -0.20681760, -0.25272751, 2.17460632, 2.26948833
9488, 36527749, 36528272, -0.20317419, -0.25043869, 2.26984406, 2.42414474
9489, 36528749, 36529272, -0.19949694, -0.24776840, 2.30158997, 2.37192631
9490, 36529749, 36530274, -0.19578482, -0.24509811, 2.39682770, 2.48705506
9491, 36530749, 36531270, -0.19203582, -0.24242783, 2.42857361, 2.55775905
9492, 36531749, 36532274, -0.18824713, -0.23937607, 2.52381134, 2.60118055
9493, 36532749, 36533271, -0.18441713, -0.23670578, 2.55555725, 2.77504468
9494, 36533749, 36534273, -0.18054412, -0.23403549, 2.61904907, 2.73462224
9495, 36534749, 36535269, -0.17662665, -0.23098373, 2.68254089, 2.70979762
9496, 36535749, 36536269, -0.17266351, -0.22793198, 2.71428680, 2.84174967
9497, 36536749, 36537273, -0.16865602, -0.22488022, 2.80952454, 2.92278552
9498, 36537749, 36538270, -0.16460657, -0.22182846, 2.84127045, 2.97255182
9499, 36538749, 36539272, -0.16051780, -0.21839428, 2.90476227, 3.00311518
9500, 36539749, 36540270, -0.15639400, -0.21534252, 2.96825409, 3.16945028
9501, 36540749, 36541274, -0.15223970, -0.21190929, 3.03174591, 3.12403631
9502, 36541749, 36542268, -0.14805861, -0.20847607, 3.09523773, 3.24334383
9503, 36542749, 36543270, -0.14385509, -0.20504284, 3.15872955, 3.31661439
9504, 36543749, 36544273, -0.13963366, -0.20160961, 3.19047546, 3.36161184
9505, 36544749, 36545279, -0.13539751, -0.19855785, 3.25396729, 3.38924623
9506, 36545749, 36546273, -0.13115010, -0.19512463, 3.31745911, 3.25901961
9507, 36546749, 36547273, -0.12689464, -0.19130993, 3.34920502, 3.32624102
9508, 36547749, 36548267, -0.12263352, -0.18749523, 3.41269684, 3.51472139
9509, 36548749, 36549270, -0.11836860, -0.18406200, 3.44444275, 3.63047290
9510, 36549749, 36550280, -0.11410221, -0.18024731, 3.53968048, 3.55436182
9511, 36550749, 36551268, -0.10983541, -0.17643261, 3.57142639, 3.65481734
9512, 36551749, 36552280, -0.10556936, -0.17261791, 3.60317230, 3.71651006
9513, 36552749, 36553266, -0.10130581, -0.16880322, 3.63491821, 3.75439763
9514, 36553749, 36554266, -0.09704611, -0.16498852, 3.66666412, 3.77766538
9515, 36554749, 36555265, -0.09279245, -0.16155529, 3.73015594, 3.79195499
9516, 36555749, 36556267, -0.08854733, -0.15774059, 3.73015594, 3.65353322
9517, 36556749, 36557267, -0.08431355, -0.15354347, 3.73015594, 3.71572161
9518, 36557749, 36558267, -0.08009358, -0.14934731, 3.76190186, 3.90147901
9519, 36558749, 36559271, -0.07588846, -0.14553261, 3.85713959, 4.01519012
9520, 36559749, 36560282, -0.07169777, -0.14171791, 3.85713959, 3.93782592
9521, 36560749, 36561278, -0.06752077, -0.13752174, 3.88888550, 3.89031434
9522, 36561749, 36562266, -0.06335630, -0.13332558, 3.92063141, 4.00833368
9523, 36562749, 36563266, -0.05920279, -0.12912941, 3.95237732, 4.08081293
9524, 36563749, 36564280, -0.05506025, -0.12531471, 3.98412323, 4.12532425
9525, 36564749, 36565266, -0.05092887, -0.12111855, 4.01587677, 4.00546265
9526, 36565749, 36566283, -0.04680802, -0.11730385, 4.01587677, 4.07904959
9527, 36566749, 36567279, -0.04269653, -0.11310768, 4.01587677, 3.97704387
9528, 36567749, 36568277, -0.03859343, -0.10891151, 4.01587677, 4.06159687
9529, 36568749, 36569277, -0.03449892, -0.10471535, 4.04762268, 4.11352348
9530, 36569749, 36570277, -0.03041253, -0.10090065, 4.07936859, 4.14541292
9531, 36570749, 36571281, -0.02633324, -0.09670448, 4.04762268, 4.01779985
9532, 36571749, 36572281, -0.02225966, -0.09250736, 4.04762268, 4.08662605
9533, 36572749, 36573282, -0.01819064, -0.08869267, 4.04762268, 4.12926245
9534, 36573749, 36574282, -0.01412665, -0.08449650, 4.07936859, 4.00788116
9535, 36574749, 36575280, -0.01006769, -0.08030033, 4.07936859, 4.08053493
9536, 36575749, 36576280, -0.00601395, -0.07648563, 4.07936859, 4.12515354
9537, 36576749, 36577280, -0.00196592, -0.07228947, 4.04762268, 4.00535774
9538, 36577749, 36578266, 0.00207485, -0.06809330, 4.04762268, 4.07898521
9539, 36578749, 36579277, 0.00610717, -0.06389713, 4.07936859, 4.12420225
9540, 36579749, 36580281, 0.01013029, -0.06008244, 4.07936859, 4.15197134
9541, 36580749, 36581277, 0.01414282, -0.05588627, 4.04762268, 4.02182722
9542, 36581749, 36582281, 0.01814226, -0.05169010, 4.04762268, 4.08909941
9543, 36582749, 36583277, 0.02212629, -0.04787540, 4.04762268, 4.13041353
9544, 36583749, 36584281, 0.02609376, -0.04406071, 4.04762268, 4.00858831
9545, 36584749, 36585280, 0.03004249, -0.03986454, 4.01587677, 3.93377161
9546, 36585749, 36586278, 0.03397007, -0.03604984, 4.01587677, 4.03502178
9547, 36586749, 36587276, 0.03787456, -0.03223515, 3.98412323, 3.95000505
9548, 36587749, 36588280, 0.04175396, -0.02803802, 3.98412323, 3.89779377
9549, 36588749, 36589284, 0.04560554, -0.02422333, 3.98412323, 4.01329517
9550, 36589749, 36590281, 0.04942523, -0.02040863, 3.95237732, 3.93666220
9551, 36590749, 36591275, 0.05321030, -0.01659393, 3.92063141, 3.88959956
9552, 36591749, 36592283, 0.05695902, -0.01239777, 3.92063141, 3.86069703
9553, 36592749, 36593275, 0.06066883, -0.00820160, 3.92063141, 3.99014473
9554, 36593749, 36594275, 0.06433641, -0.00438690, 3.92063141, 4.06964254
9555, 36594749, 36595277, 0.06795917, -0.00057220, 3.92063141, 3.97126675
9556, 36595749, 36596279, 0.07153454, 0.00324249, 3.92063141, 3.91085124
9557, 36596749, 36597272, 0.07506043, 0.00705719, 3.92063141, 3.87374830
9558, 36597749, 36598274, 0.07853436, 0.01125336, 3.92063141, 3.85096216
9559, 36598749, 36599274, 0.08195423, 0.01506805, 3.88888550, 3.98416615
9560, 36599749, 36600274, 0.08531795, 0.01850128, 3.88888550, 3.91877317
9561, 36600749, 36601274, 0.08862376, 0.02231598, 3.85713959, 3.73141599
9562, 36601749, 36602272, 0.09187116, 0.02613068, 3.82539368, 3.76355171
9563, 36602749, 36603279, 0.09505991, 0.02994537, 3.79364777, 3.78328705
9564, 36603749, 36604273, 0.09818887, 0.03376102, 3.79364777, 3.79540730
9565, 36604749, 36605275, 0.10125760, 0.03719425, 3.76190186, 3.80321860
9566, 36605749, 36606275, 0.10426561, 0.04100895, 3.73015594, 3.66045022
9567, 36606749, 36607277, 0.10721190, 0.04444218, 3.73015594, 3.71996951
9568, 36607749, 36608282, 0.11009602, 0.04825687, 3.69841003, 3.60932446
9569, 36608749, 36609280, 0.11291702, 0.05207157, 3.69841003, 3.68857145
9570, 36609749, 36610272, 0.11567303, 0.05588627, 3.69841003, 3.73723936
9571, 36610749, 36611272, 0.11836232, 0.05931950, 3.66666412, 3.76712799
9572, 36611749, 36612276, 0.12098423, 0.06275272, 3.66666412, 3.63828611
9573, 36612749, 36613270, 0.12353767, 0.06618595, 3.63491821, 3.55916047
9574, 36613749, 36614273, 0.12602073, 0.07000065, 3.60317230, 3.51056671
9575, 36614749, 36615279, 0.12843335, 0.07343388, 3.60317230, 3.62792134
9576, 36615749, 36616275, 0.13077463, 0.07686710, 3.57142639, 3.55279493
9577, 36616749, 36617277, 0.13304304, 0.08030033, 3.53968048, 3.50665760
9578, 36617749, 36618287, 0.13523805, 0.08373356, 3.53968048, 3.47832322
9579, 36618749, 36619278, 0.13735865, 0.08716679, 3.47618866, 3.46092224
9580, 36619749, 36620274, 0.13940242, 0.09021854, 3.44444275, 3.45023584
9581, 36620749, 36621274, 0.14136805, 0.09365177, 3.41269684, 3.29647541
9582, 36621749, 36622274, 0.14325464, 0.09670448, 3.38095093, 3.34924412
9583, 36622749, 36623276, 0.14506072, 0.10013771, 3.34920502, 3.23482108
9584, 36623749, 36624272, 0.14678536, 0.10357094, 3.31745911, 3.31138015
9585, 36624749, 36625277, 0.14842774, 0.10662270, 3.25396729, 3.35839725
9586, 36625749, 36626271, 0.14998765, 0.10929298, 3.19047546, 3.24007440
9587, 36626749, 36627273, 0.15146458, 0.11234474, 3.15872955, 3.02021098
9588, 36627749, 36628273, 0.15285756, 0.11501503, 3.09523773, 3.03238392
9589, 36628749, 36629271, 0.15416567, 0.11768532, 3.00000000, 2.89266229
9590, 36629749, 36630269, 0.15538844, 0.12035561, 2.96825409, 2.80685472
9591, 36630749, 36631282, 0.15652549, 0.12264442, 2.87301636, 2.75415778
9592, 36631749, 36632282, 0.15757725, 0.12531471, 2.80952454, 2.57459760
9593, 36632749, 36633276, 0.15854156, 0.12760353, 2.68254089, 2.61152148
9594, 36633749, 36634276, 0.15941782, 0.12951088, 2.61904907, 2.48700023
9595, 36634749, 36635276, 0.16020489, 0.13179970, 2.49206543, 2.26333022
9596, 36635749, 36636279, 0.16090204, 0.13408852, 2.39682770, 2.27316523
9597, 36636749, 36637269, 0.16150965, 0.13599586, 2.33333588, 2.27920532
9598, 36637749, 36638279, 0.16202742, 0.13790321, 2.23809814, 2.13571715
9599, 36638749, 36639275, 0.16245511, 0.13981056, 2.17460632, 2.04759669
9600, 36639749, 36640283, 0.16279216, 0.14133644, 2.07936859, 1.99347913
9601, 36640749, 36641284, 0.16303803, 0.14286232, 1.98412323, 1.81304646
9602, 36641749, 36642280, 0.16319281, 0.14438820, 1.85713959, 1.70223725
9603, 36642749, 36643284, 0.16325615, 0.14553261, 1.76190186, 1.63418591
9604, 36643749, 36644282, 0.16322775, 0.14667702, 1.66666412, 1.44519603
9605, 36644749, 36645278, 0.16310741, 0.14743996, 1.57142639, 1.32913160
9606, 36645749, 36646276, 0.16289540, 0.14858437, 1.41269684, 1.11065531
9607, 36646749, 36647279, 0.16259062, 0.14972878, 1.28571320, 1.12367988
9608, 36647749, 36648275, 0.16219233, 0.15049171, 1.19047546, 1.13167870
9609, 36648749, 36649275, 0.16169977, 0.15125465, 1.09523773, 0.98939347
9610, 36649749, 36650279, 0.16111235, 0.15163612, 1.00000000, 0.90201181
9611, 36650749, 36651281, 0.16042978, 0.15239906, 0.90476227, 0.70115048
9612, 36651749, 36652281, 0.15965211, 0.15278053, 0.80952454, 0.72499293
9613, 36652749, 36653276, 0.15877850, 0.15316200, 0.71428680, 0.59243780
9614, 36653749, 36654282, 0.15780769, 0.15354347, 0.65079498, 0.51103163
9615, 36654749, 36655278, 0.15673959, 0.15354347, 0.55555725, 0.46103764
9616, 36655749, 36656276, 0.15557431, 0.15354347, 0.46031952, 0.28313726
9617, 36656749, 36657278, 0.15431075, 0.15354347, 0.36508179, 0.17388321
9618, 36657749, 36658277, 0.15294804, 0.15392494, 0.30158997, 0.10678697
9619, 36658749, 36659277, 0.15148614, 0.15392494, 0.23809814, 0.21277869
9620, 36659749, 36660277, 0.14992495, 0.15392494, 0.17460632, 0.13067387
9621, 36660749, 36661281, 0.14826483, 0.15354347, 0.11111450, 0.08025080
9622, 36661749, 36662281, 0.14650597, 0.15354347, 0.04762268, -0.09791309
9623, 36662749, 36663280, 0.14464800, 0.15354347, 0.01587677, -0.06013141
9624, 36663749, 36664278, 0.14269067, 0.15316200, -0.04762268, -0.03692853
9625, 36664749, 36665276, 0.14063583, 0.15278053, -0.07936859, -0.16987649
9626, 36665749, 36666278, 0.13848515, 0.15239906, -0.17460632, -0.25152388
9627, 36666749, 36667278, 0.13623953, 0.15163612, -0.23809814, -0.30166602
9628, 36667749, 36668276, 0.13390072, 0.15125465, -0.30158997, -0.47965738
9629, 36668749, 36669277, 0.13147044, 0.15049171, -0.36508179, -0.44176975
9630, 36669749, 36670273, 0.12895077, 0.15011024, -0.42857361, -0.56569934
9631, 36670749, 36671279, 0.12634325, 0.14896584, -0.49206543, -0.49461076
9632, 36671749, 36672277, 0.12364949, 0.14820290, -0.55555725, -0.74534822
9633, 36672749, 36673281, 0.12087237, 0.14743996, -0.65079498, -0.75213617
9634, 36673749, 36674277, 0.11801451, 0.14667702, -0.71428680, -0.75630480
9635, 36674749, 36675276, 0.11507908, 0.14515114, -0.77777863, -0.75886488
9636, 36675749, 36676274, 0.11206917, 0.14438820, -0.84127045, -1.05483222
9637, 36676749, 36677278, 0.10898808, 0.14286232, -0.90476227, -0.94219971
9638, 36677749, 36678274, 0.10583956, 0.14133644, -1.00000000, -1.16742373
9639, 36678749, 36679272, 0.10262804, 0.13981056, -1.09523773, -1.30574071
9640, 36679749, 36680275, 0.09935749, 0.13790321, -1.22222137, -1.39068532
9641, 36680749, 36681275, 0.09603191, 0.13637733, -1.31745911, -1.59004986
9642, 36681749, 36682273, 0.09265463, 0.13485146, -1.41269684, -1.56528819
9643, 36682749, 36683275, 0.08923028, 0.13256264, -1.50793839, -1.55008137
9644, 36683749, 36684271, 0.08576220, 0.13065529, -1.79365158, -1.83513761
9645, 36684749, 36685274, 0.08225443, 0.12874794, -1.76190567, -1.86300159
9646, 36685749, 36686274, 0.07871141, 0.12607765, -1.85714340, -1.88011372
9647, 36686749, 36687274, 0.07513733, 0.12378883, -1.92063522, -2.18501782
9648, 36687749, 36688274, 0.07153634, 0.12150002, -2.01587296, -2.22507119
9649, 36688749, 36689268, 0.06791206, 0.11921120, -2.11111069, -2.24966931
9650, 36689749, 36690268, 0.06426870, 0.11615944, -2.20634842, -2.26477575
9651, 36690749, 36691280, 0.06061004, 0.11348915, -2.33333206, -2.56844831
9652, 36691749, 36692269, 0.05694041, 0.11081886, -2.26984024, -2.60774517
9653, 36692749, 36693269, 0.05326425, 0.10814857, -2.46031570, -2.63187861
9654, 36693749, 36694269, 0.04958461, 0.10509682, -2.58730316, -2.64669967
9655, 36694749, 36695271, 0.04590373, 0.10204506, -2.65079498, -2.80299926
9656, 36695749, 36696269, 0.04222471, 0.09899330, -2.74603271, -2.89898753
9657, 36696749, 36697272, 0.03855135, 0.09594154, -2.84127045, -2.95793676
9658, 36697749, 36698282, 0.03488561, 0.09288883, -2.90476227, -2.99413943
9659, 36698749, 36699268, 0.03123007, 0.08945560, -2.96825409, -3.01674056
9660, 36699749, 36700268, 0.02758749, 0.08640385, -3.06349182, -3.17745018
9661, 36700749, 36701268, 0.02396006, 0.08258915, -3.12698364, -3.12894940
9662, 36701749, 36702270, 0.02034962, 0.07915592, -3.19047546, -3.39355874
9663, 36702749, 36703269, 0.01675714, 0.07572269, -3.25396729, -3.40886569
9664, 36703749, 36704265, 0.01318425, 0.07228947, -3.28571320, -3.41826606
9665, 36704749, 36705265, 0.00963257, 0.06885624, -3.34920502, -3.42403913
9666, 36705749, 36706265, 0.00610149, 0.06542301, -3.34920502, -3.42758465
9667, 36706749, 36707279, 0.00259184, 0.06198978, -3.38095093, -3.42976213
9668, 36707749, 36708267, -0.00089605, 0.05893803, -3.41269684, -3.43109941
9669, 36708749, 36709268, -0.00436244, 0.05550480, -3.44444275, -3.28472304
9670, 36709749, 36710286, -0.00780859, 0.05207157, -3.47618866, -3.34202647
9671, 36710749, 36711282, -0.01123589, 0.04825687, -3.47618866, -3.37721825
9672, 36711749, 36712280, -0.01464595, 0.04482365, -3.47618866, -3.54602790
9673, 36712749, 36713280, -0.01803898, 0.04139042, -3.50793839, -3.50250173
9674, 36713749, 36714265, -0.02141702, 0.03795719, -3.50793839, -3.47577095
9675, 36714749, 36715277, -0.02478196, 0.03414249, -3.50793839, -3.45935488
9676, 36715749, 36716277, -0.02813671, 0.03070831, -3.50793839, -3.59647059
9677, 36716749, 36717279, -0.03148337, 0.02765656, -3.50793839, -3.53384805
9678, 36717749, 36718265, -0.03482499, 0.02422333, -3.50793839, -3.34782410
9679, 36718749, 36719275, -0.03816446, 0.02079010, -3.50793839, -3.38077879
9680, 36719749, 36720278, -0.04150558, 0.01697540, -3.47618866, -3.40101719
9681, 36720749, 36721276, -0.04485153, 0.01354218, -3.44444275, -3.56064367
9682, 36721749, 36722280, -0.04820618, 0.00972748, -3.47618866, -3.51147771
9683, 36722749, 36723286, -0.05157308, 0.00591278, -3.53968430, -3.62848091
9684, 36723749, 36724264, -0.05495599, 0.00209808, -3.57143021, -3.70033598
9685, 36724749, 36725281, -0.05835844, -0.00171661, -3.60317612, -3.74446440
9686, 36725749, 36726277, -0.06178386, -0.00514984, -3.63492203, -3.77156496
9687, 36726749, 36727263, -0.06523546, -0.00858307, -3.66666794, -3.64101100
9688, 36727749, 36728275, -0.06871687, -0.01239777, -3.69841385, -3.56083369
9689, 36728749, 36729281, -0.07223220, -0.01583099, -3.73015976, -3.65879202
9690, 36729749, 36730275, -0.07578445, -0.01964569, -3.69841385, -3.57175374
9691, 36730749, 36731280, -0.07937697, -0.02307892, -3.69841385, -3.66549826
9692, 36731749, 36732276, -0.08301139, -0.02689362, -3.66666794, -3.57587218
9693, 36732749, 36733278, -0.08669019, -0.03032684, -3.60317612, -3.66802764
9694, 36733749, 36734276, -0.09041674, -0.03337955, -3.57143021, -3.57742548
9695, 36734749, 36735278, -0.09419308, -0.03681278, -3.53968430, -3.37495422
9696, 36735749, 36736273, -0.09802091, -0.04024601, -3.53968430, -3.39744020
9697, 36736749, 36737277, -0.10190193, -0.04367924, -3.50793839, -3.41124940
9698, 36737749, 36738277, -0.10583810, -0.04711246, -3.50793839, -3.41973019
9699, 36738749, 36739277, -0.10983157, -0.05092716, -3.44444275, -3.42493844
9700, 36739749, 36740275, -0.11388407, -0.05436039, -3.44444275, -3.57533455
9701, 36740749, 36741275, -0.11799687, -0.05779362, -3.44444275, -3.52049994
9702, 36741749, 36742278, -0.12217019, -0.06084538, -3.44444275, -3.48682427
9703, 36742749, 36743276, -0.12640345, -0.06389713, -3.44444275, -3.31894541
9704, 36743749, 36744278, -0.13069804, -0.06733036, -3.41269684, -3.21584582
9705, 36744749, 36745276, -0.13505308, -0.07038212, -3.38095093, -3.29972672
9706, 36745749, 36746276, -0.13946787, -0.07381535, -3.34920502, -3.20404291
9707, 36746749, 36747281, -0.14394222, -0.07724857, -3.34920502, -3.29247832
9708, 36747749, 36748275, -0.14847593, -0.08030033, -3.31745911, -3.34678912
9709, 36748749, 36749273, -0.15306690, -0.08373356, -3.31745911, -3.23294544
9710, 36749749, 36750273, -0.15771350, -0.08678532, -3.28571320, -3.31022835
9711, 36750749, 36751279, -0.16241387, -0.09021854, -3.28571320, -3.21049261
9712, 36751749, 36752277, -0.16716681, -0.09327030, -3.28571320, -3.29643941
9713, 36752749, 36753278, -0.17197038, -0.09670448, -3.28571320, -3.20202422
9714, 36753749, 36754282, -0.17682229, -0.09975624, -3.25396729, -3.29160666
9715, 36754749, 36755272, -0.18172137, -0.10318947, -3.25396729, -3.19905615
9716, 36755749, 36756270, -0.18666485, -0.10624123, -3.25396729, -3.28941584
9717, 36756749, 36757274, -0.19164979, -0.10967445, -3.22222137, -3.19771099
9718, 36757749, 36758277, -0.19667283, -0.11310768, -3.25396729, -3.28858972
9719, 36758749, 36759269, -0.20173123, -0.11654091, -3.28571320, -3.34440112
9720, 36759749, 36760269, -0.20682277, -0.11997414, -3.31745911, -3.37867641
9721, 36760749, 36761277, -0.21194348, -0.12378883, -3.34920502, -3.39972615
9722, 36761749, 36762273, -0.21709013, -0.12798500, -3.44444275, -3.55985093
9723, 36762749, 36763269, -0.22226025, -0.13218117, -3.57143021, -3.80538607
9724, 36763749, 36764267, -0.22745055, -0.13599586, -3.66666794, -3.95617652
9725, 36764749, 36765278, -0.23265570, -0.14019203, -3.79365158, -3.90158391
9726, 36765749, 36766274, -0.23787183, -0.14438820, -3.88888931, -4.01525450
9727, 36766749, 36767278, -0.24309418, -0.14858437, -3.98412704, -4.08506298
9728, 36767749, 36768272, -0.24831489, -0.15278053, -4.04761887, -4.12793446
9729, 36768749, 36769274, -0.25352567, -0.15735912, -4.14285660, -4.15426302
9730, 36769749, 36770267, -0.25871742, -0.16193676, -4.23809433, -4.31799793
9731, 36770749, 36771273, -0.26387888, -0.16689587, -4.33333206, -4.41818476
9732, 36771749, 36772275, -0.26899740, -0.17185497, -4.39682388, -4.62691021
9733, 36772749, 36773271, -0.27405721, -0.17719555, -4.52381134, -4.75509453
9734, 36773749, 36774271, -0.27904221, -0.18215466, -4.65079498, -4.98101425
9735, 36774749, 36775271, -0.28393316, -0.18787670, -4.77777863, -4.97256041
9736, 36775749, 36776276, -0.28871140, -0.19283581, -4.93650818, -5.26176405
9737, 36776749, 36777278, -0.29335305, -0.19817638, -5.03174591, -5.14497757
9738, 36777749, 36778276, -0.29783532, -0.20351696, -5.12698364, -5.22045326
9739, 36778749, 36779270, -0.30213323, -0.20847607, -5.19047546, -5.26680517
9740, 36779749, 36780270, -0.30622101, -0.21419811, -5.25396729, -5.14807367
9741, 36780749, 36781275, -0.31006941, -0.21953964, -5.25396729, -5.36955214
9742, 36781749, 36782279, -0.31364864, -0.22488022, -5.28571320, -5.35873938
9743, 36782749, 36783275, -0.31693336, -0.22983932, -5.31745911, -5.35173035
9744, 36783749, 36784281, -0.31989527, -0.23556137, -5.31745911, -5.20022869
9745, 36784749, 36785279, -0.32250723, -0.24052048, -5.28571320, -5.40158176
9746, 36785749, 36786278, -0.32473809, -0.24586105, -5.31745911, -5.23084354
9747, 36786749, 36787276, -0.32655397, -0.25120163, -5.28571320, -5.27318621
9748, 36787749, 36788274, -0.32792038, -0.25616074, -5.28571320, -5.29918957
9749, 36788749, 36789276, -0.32880139, -0.26150131, -5.28571320, -5.16796160
9750, 36789749, 36790280, -0.32915705, -0.26646042, -5.25396729, -5.23456812
9751, 36790749, 36791276, -0.32895198, -0.27180099, -5.25396729, -5.12827587
9752, 36791749, 36792277, -0.32815593, -0.27714157, -5.22222137, -5.21019602
9753, 36792749, 36793279, -0.32675779, -0.28172016, -5.22222137, -5.26050568
9754, 36793749, 36794281, -0.32477200, -0.28706074, -5.19047546, -4.99737501
9755, 36794749, 36795281, -0.32225204, -0.29163837, -5.12698364, -5.12980556
9756, 36795749, 36796277, -0.31927398, -0.29545307, -5.03174591, -4.91674042
9757, 36796749, 36797277, -0.31594068, -0.29926777, -4.87301636, -4.49149561
9758, 36797749, 36798276, -0.31234604, -0.30308247, -4.68254089, -4.23033953
9759, 36798749, 36799280, -0.30858010, -0.30613422, -4.49206161, -4.06995583
9760, 36799749, 36800276, -0.30470949, -0.30918598, -4.20634842, -3.67706442
9761, 36800749, 36801276, -0.30079034, -0.31147480, -3.92063522, -3.43577766
9762, 36801749, 36802274, -0.29686245, -0.31338215, -3.60317612, -2.99320102
9763, 36802749, 36803273, -0.29295313, -0.31452656, -3.22222137, -2.57420373
9764, 36803749, 36804275, -0.28908053, -0.31567097, -2.80952454, -2.02248955
9765, 36804749, 36805275, -0.28525651, -0.31605244, -2.42856979, -1.68366504
9766, 36805749, 36806281, -0.28148600, -0.31643391, -2.01587296, -1.18118751
9767, 36806749, 36807273, -0.27776882, -0.31605244, -1.57143021, -0.87260073
9768, 36807749, 36808280, -0.27409947, -0.31528950, -1.12698364, -0.38869312
9769, 36808749, 36809280, -0.27047011, -0.31414509, -0.68254089, 0.05568682
9770, 36809749, 36810278, -0.26686910, -0.31261921, -0.23809814, 0.47579163
9771, 36810749, 36811278, -0.26328608, -0.31109333, 0.14286041, 0.88098836
9772, 36811749, 36812276, -0.25970846, -0.30880451, 0.52381134, 1.12983191
9773, 36812749, 36813280, -0.25612348, -0.30689716, 0.87301636, 1.57704961
9774, 36813749, 36814282, -0.25251916, -0.30460835, 1.22222137, 1.70450199
9775, 36814749, 36815279, -0.24888429, -0.30155659, 1.53968048, 1.92997193
9776, 36815749, 36816279, -0.24520926, -0.29888630, 1.82539368, 2.36283493
9777, 36816749, 36817279, -0.24148563, -0.29583454, 2.07936859, 2.48147178
9778, 36817749, 36818281, -0.23770767, -0.29278278, 2.30158997, 2.70152783
9779, 36818749, 36819277, -0.23387326, -0.28973103, 2.49206543, 2.83667088
9780, 36819749, 36820274, -0.22998109, -0.28629780, 2.68254089, 2.91966653
9781, 36820749, 36821272, -0.22603346, -0.28286457, 2.84127045, 3.11783409
9782, 36821749, 36822272, -0.22203353, -0.27943039, 2.96825409, 3.23953485
9783, 36822749, 36823274, -0.21798444, -0.27599716, 3.12698364, 3.31464291
9784, 36823749, 36824272, -0.21389106, -0.27256393, 3.22222137, 3.36040115
9785, 36824749, 36825274, -0.20975824, -0.26913071, 3.31745911, 3.38850284
9786, 36825749, 36826275, -0.20559204, -0.26531601, 3.38095093, 3.40576077
9787, 36826749, 36827271, -0.20139833, -0.26150131, 3.44444275, 3.56355691
9788, 36827749, 36828279, -0.19718286, -0.25768661, 3.53968048, 3.66046429
9789, 36828749, 36829271, -0.19295023, -0.25387192, 3.57142639, 3.71997809
9790, 36829749, 36830275, -0.18870459, -0.25005722, 3.63491821, 3.75652742
9791, 36830749, 36831271, -0.18445022, -0.24662399, 3.63491821, 3.77897334
9792, 36831749, 36832274, -0.18019025, -0.24280930, 3.66666412, 3.64556050
9793, 36832749, 36833270, -0.17592555, -0.23899460, 3.66666412, 3.71082520
9794, 36833749, 36834270, -0.17165942, -0.23556137, 3.69841003, 3.75090623
9795, 36834749, 36835272, -0.16739148, -0.23136520, 3.73015594, 3.62832379
9796, 36835749, 36836270, -0.16312055, -0.22755051, 3.73015594, 3.84743738
9797, 36836749, 36837269, -0.15884429, -0.22373581, 3.73015594, 3.83480382
9798, 36837749, 36838271, -0.15456066, -0.22030258, 3.76190186, 3.82704544
9799, 36838749, 36839273, -0.15026785, -0.21610546, 3.76190186, 3.67508316
9800, 36839749, 36840273, -0.14596282, -0.21229076, 3.79364777, 3.87652159
9801, 36840749, 36841269, -0.14164232, -0.20847607, 3.79364777, 3.85266542
9802, 36841749, 36842267, -0.13730296, -0.20466137, 3.82539368, 3.83801460
9803, 36842749, 36843286, -0.13294373, -0.20046520, 3.82539368, 3.82901692
9804, 36843749, 36844282, -0.12856267, -0.19665051, 3.85713959, 3.97068906
9805, 36844749, 36845288, -0.12415947, -0.19245434, 3.88888550, 3.91049671
9806, 36845749, 36846268, -0.11973470, -0.18902111, 3.88888550, 4.02072811
9807, 36846749, 36847268, -0.11528891, -0.18444347, 3.88888550, 3.79402971
9808, 36847749, 36848268, -0.11082339, -0.18101025, 3.92063141, 4.09639978
9809, 36848749, 36849277, -0.10633973, -0.17681408, 3.95237732, 3.84050202
9810, 36849749, 36850269, -0.10184016, -0.17299938, 3.92063141, 3.97774243
9811, 36850749, 36851283, -0.09732661, -0.16880322, 3.95237732, 3.91482830
9812, 36851749, 36852269, -0.09280120, -0.16460705, 3.95237732, 4.02338839
9813, 36852749, 36853265, -0.08826637, -0.16117382, 3.92063141, 4.09005833
9814, 36853749, 36854269, -0.08372619, -0.15697765, 3.95237732, 3.83660746
9815, 36854749, 36855272, -0.07918310, -0.15278053, 3.95237732, 3.97535038
9816, 36855749, 36856278, -0.07464046, -0.14858437, 3.98412323, 4.06092501
9817, 36856749, 36857280, -0.07010003, -0.14438820, 4.01587677, 4.11311054
9818, 36857749, 36858268, -0.06556428, -0.14019203, 4.01587677, 4.14515924
9819, 36858749, 36859282, -0.06103658, -0.13599586, 4.07936859, 4.16484165
9820, 36859749, 36860285, -0.05652029, -0.13179970, 4.11111450, 4.17692900
9821, 36860749, 36861267, -0.05201749, -0.12760353, 4.14286041, 4.18435240
9822, 36861749, 36862283, -0.04753013, -0.12340736, 4.14286041, 4.18891144
9823, 36862749, 36863279, -0.04305873, -0.11921120, 4.17460632, 4.19171095
9824, 36863749, 36864277, -0.03860432, -0.11501503, 4.17460632, 4.19343042
9825, 36864749, 36865265, -0.03416855, -0.11081886, 4.20635223, 4.19448614
9826, 36865749, 36866263, -0.02975142, -0.10662270, 4.20635223, 4.19513464
9827, 36866749, 36867276, -0.02535418, -0.10204506, 4.20635223, 4.19553280
9828, 36867749, 36868280, -0.02097670, -0.09784889, 4.23809814, 4.34297514
9829, 36868749, 36869280, -0.01661749, -0.09365177, 4.23809814, 4.28632641
9830, 36869749, 36870280, -0.01227649, -0.08907413, 4.23809814, 4.25190449
9831, 36870749, 36871274, -0.00795458, -0.08487797, 4.23809814, 4.37759447
9832, 36871749, 36872279, -0.00365294, -0.08030033, 4.26984406, 4.30758715
9833, 36872749, 36873279, 0.00062673, -0.07610416, 4.26984406, 4.41179085
9834, 36873749, 36874275, 0.00488234, -0.07152653, 4.30158997, 4.32858801
9835, 36874749, 36875281, 0.00911330, -0.06733036, 4.33333588, 4.42468834
9836, 36875749, 36876275, 0.01331868, -0.06313419, 4.33333588, 4.33650875
9837, 36876749, 36877273, 0.01749736, -0.05855656, 4.33333588, 4.28235531
9838, 36877749, 36878278, 0.02164851, -0.05436039, 4.36508179, 4.39629555
9839, 36878749, 36879280, 0.02577101, -0.04978275, 4.36508179, 4.31907177
9840, 36879749, 36880278, 0.02986401, -0.04558659, 4.36508179, 4.41884422
9841, 36880749, 36881276, 0.03392766, -0.04100895, 4.36508179, 4.33291960
9842, 36881749, 36882280, 0.03796272, -0.03681278, 4.36508179, 4.42734861
9843, 36882749, 36883276, 0.04196859, -0.03261662, 4.30158997, 4.33814240
9844, 36883749, 36884277, 0.04594451, -0.02841949, 4.30158997, 4.28335857
9845, 36884749, 36885279, 0.04989128, -0.02422333, 4.30158997, 4.25008202
9846, 36885749, 36886277, 0.05381033, -0.01964569, 4.30158997, 4.22927761
9847, 36886749, 36887277, 0.05770234, -0.01544952, 4.26984406, 4.36369896
9848, 36887749, 36888275, 0.06156750, -0.01125336, 4.26984406, 4.29905319
9849, 36888749, 36889276, 0.06540512, -0.00705719, 4.26984406, 4.25935268
9850, 36889749, 36890278, 0.06921530, -0.00247955, 4.23809814, 4.23497105
9851, 36890749, 36891278, 0.07299908, 0.00133514, 4.26984406, 4.36719513
9852, 36891749, 36892276, 0.07675651, 0.00553131, 4.23809814, 4.15400314
9853, 36892749, 36893274, 0.08048978, 0.01010895, 4.23809814, 4.17027283
9854, 36893749, 36894275, 0.08420055, 0.01430511, 4.23809814, 4.32746220
9855, 36894749, 36895275, 0.08788811, 0.01850128, 4.23809814, 4.27679920
9856, 36895749, 36896277, 0.09155311, 0.02231598, 4.20635223, 4.24568558
9857, 36896749, 36897277, 0.09519668, 0.02651215, 4.17460632, 4.07938004
9858, 36897749, 36898275, 0.09881760, 0.03070831, 4.17460632, 4.12444448
9859, 36898749, 36899275, 0.10241484, 0.03414249, 4.11111450, 4.15212011
9860, 36899749, 36900276, 0.10598960, 0.03833866, 4.07936859, 3.87508941
9861, 36900749, 36901274, 0.10954063, 0.04215336, 4.04762268, 3.99898362
9862, 36901749, 36902280, 0.11306625, 0.04634953, 3.98412323, 3.92787313
9863, 36902749, 36903284, 0.11656619, 0.04978275, 3.95237732, 4.03139973
9864, 36903749, 36904272, 0.12003729, 0.05359745, 3.92063141, 3.80058336
9865, 36904749, 36905272, 0.12347765, 0.05779362, 3.88888550, 3.80602932
9866, 36905749, 36906273, 0.12688586, 0.06160831, 3.85713959, 3.95657158
9867, 36906749, 36907277, 0.13025901, 0.06542301, 3.85713959, 3.90182638
9868, 36907749, 36908269, 0.13359439, 0.06885624, 3.82539368, 3.86820579
9869, 36908749, 36909279, 0.13689072, 0.07267094, 3.82539368, 3.70036101
9870, 36909749, 36910275, 0.14014450, 0.07648563, 3.79364777, 3.74447989
9871, 36910749, 36911274, 0.14335339, 0.07991886, 3.76190186, 3.77157474
9872, 36911749, 36912280, 0.14651541, 0.08373356, 3.73015594, 3.64101672
9873, 36912749, 36913284, 0.14962874, 0.08754826, 3.73015594, 3.70803475
9874, 36913749, 36914276, 0.15269057, 0.09098148, 3.69841003, 3.74919271
9875, 36914749, 36915270, 0.15569980, 0.09441566, 3.66666412, 3.62727141
9876, 36915749, 36916279, 0.15865467, 0.09823036, 3.66666412, 3.55276394
9877, 36916749, 36917279, 0.16155323, 0.10166359, 3.60317230, 3.65383601
9878, 36917749, 36918271, 0.16439435, 0.10509682, 3.57142639, 3.56870985
9879, 36918749, 36919273, 0.16717716, 0.10853004, 3.53968048, 3.51643157
9880, 36919749, 36920283, 0.16990055, 0.11196327, 3.53968048, 3.48432565
9881, 36920749, 36921279, 0.17256400, 0.11539650, 3.47618866, 3.46460843
9882, 36921749, 36922276, 0.17516609, 0.11882973, 3.44444275, 3.45249939
9883, 36922749, 36923276, 0.17770651, 0.12188148, 3.41269684, 3.44506311
9884, 36923749, 36924280, 0.18018538, 0.12531471, 3.41269684, 3.29329872
9885, 36924749, 36925274, 0.18260255, 0.12874794, 3.38095093, 3.34729314
9886, 36925749, 36926276, 0.18495676, 0.13179970, 3.31745911, 3.38045263
9887, 36926749, 36927276, 0.18724687, 0.13485146, 3.31745911, 3.25361943
9888, 36927749, 36928273, 0.18947275, 0.13790321, 3.25396729, 3.17572713
9889, 36928749, 36929271, 0.19163297, 0.14095497, 3.22222137, 3.12789106
9890, 36929749, 36930271, 0.19372642, 0.14400673, 3.19047546, 3.09851360
9891, 36930749, 36931271, 0.19575252, 0.14705849, 3.12698364, 3.08047199
9892, 36931749, 36932275, 0.19770940, 0.14972878, 3.06349182, 3.06939220
9893, 36932749, 36933274, 0.19959688, 0.15239906, 3.03174591, 2.91539001
9894, 36933749, 36934272, 0.20141456, 0.15545082, 3.00000000, 2.82081270
9895, 36934749, 36935282, 0.20316231, 0.15812206, 2.90476227, 2.90992737
9896, 36935749, 36936278, 0.20483874, 0.16079235, 2.87301636, 2.81782579
9897, 36936749, 36937280, 0.20644225, 0.16346264, 2.84127045, 2.76089549
9898, 36937749, 36938275, 0.20797174, 0.16613293, 2.77777863, 2.72593284
9899, 36938749, 36939277, 0.20942624, 0.16842175, 2.74603271, 2.70446110
9900, 36939749, 36940271, 0.21080403, 0.17071056, 2.68254089, 2.54407716
9901, 36940749, 36941269, 0.21210428, 0.17338085, 2.61904907, 2.44558048
9902, 36941749, 36942271, 0.21332517, 0.17566967, 2.55555725, 2.53228831
9903, 36942749, 36943269, 0.21446671, 0.17757702, 2.52381134, 2.43834066
9904, 36943749, 36944280, 0.21552764, 0.18024731, 2.46031952, 2.23344684
9905, 36944749, 36945278, 0.21650730, 0.18215466, 2.36508179, 2.40201068
9906, 36945749, 36946282, 0.21740621, 0.18406200, 2.33333588, 2.21113563
9907, 36946749, 36947278, 0.21822442, 0.18635082, 2.26984406, 2.09391332
9908, 36947749, 36948272, 0.21896102, 0.18825817, 2.17460632, 2.16912127
9909, 36948749, 36949280, 0.21961606, 0.19016552, 2.14286041, 2.06811118
9910, 36949749, 36950277, 0.22018979, 0.19169140, 2.07936859, 2.00607777
9911, 36950749, 36951285, 0.22068164, 0.19359875, 1.98412323, 1.82078373
9912, 36951749, 36952281, 0.22109139, 0.19512463, 1.92063141, 1.85418653
9913, 36952749, 36953281, 0.22141810, 0.19703197, 1.88888550, 1.72750270
9914, 36953749, 36954279, 0.22166029, 0.19855785, 1.79364777, 1.79689980
9915, 36954749, 36955282, 0.22181796, 0.20008373, 1.73015594, 1.69232118
9916, 36955749, 36956280, 0.22189234, 0.20160961, 1.69841003, 1.62809610
9917, 36956749, 36957278, 0.22188294, 0.20313549, 1.63491821, 1.58865368
9918, 36957749, 36958280, 0.22179046, 0.20427990, 1.57142639, 1.56443083
9919, 36958749, 36959278, 0.22161506, 0.20542431, 1.50793457, 1.40235734
9920, 36959749, 36960276, 0.22135679, 0.20656872, 1.44444275, 1.30282295
9921, 36960749, 36961283, 0.22101691, 0.20733166, 1.34920502, 1.24169600
9922, 36961749, 36962275, 0.22059491, 0.20809460, 1.28571320, 1.05695844
9923, 36962749, 36963279, 0.22009060, 0.20923901, 1.19047546, 0.94350547
9924, 36963749, 36964273, 0.21950521, 0.21000195, 1.09523773, 1.02102816
9925, 36964749, 36965275, 0.21883936, 0.21038342, 0.96825409, 0.92143959
9926, 36965749, 36966276, 0.21809401, 0.21114635, 0.90476227, 0.71308166
9927, 36966749, 36967278, 0.21726941, 0.21152782, 0.84127045, 0.73232025
9928, 36967749, 36968276, 0.21636617, 0.21229076, 0.74603271, 0.59693772
9929, 36968749, 36969276, 0.21538360, 0.21267223, 0.68254089, 0.66099274
9930, 36969749, 36970274, 0.21432212, 0.21305370, 0.58730316, 0.55313331
9931, 36970749, 36971277, 0.21318339, 0.21305370, 0.52381134, 0.48689356
9932, 36971749, 36972275, 0.21196732, 0.21305370, 0.46031952, 0.29901618
9933, 36972749, 36973277, 0.21067327, 0.21305370, 0.36508179, 0.18363494
9934, 36973749, 36974273, 0.20930275, 0.21305370, 0.26984406, 0.11277580
9935, 36974749, 36975273, 0.20785546, 0.21305370, 0.20635223, 0.06925905
9936, 36975749, 36976273, 0.20633182, 0.21305370, 0.14286041, 0.04253409
9937, 36976749, 36977277, 0.20473234, 0.21267223, 0.04762268, 0.02612148
9938, 36977749, 36978276, 0.20305812, 0.21229076, -0.01587677, -0.13115555
9939, 36978749, 36979272, 0.20131013, 0.21190929, -0.07936859, -0.22774416
9940, 36979749, 36980272, 0.19948752, 0.21152782, -0.11111450, -0.28706217
9941, 36980749, 36981274, 0.19759089, 0.21114635, -0.17460632, -0.32349119
9942, 36981749, 36982274, 0.19562088, 0.21038342, -0.23809814, -0.34586334
9943, 36982749, 36983273, 0.19357671, 0.21000195, -0.30158997, -0.50680029
9944, 36983749, 36984271, 0.19146025, 0.20923901, -0.39682770, -0.45843905
9945, 36984749, 36985273, 0.18927127, 0.20847607, -0.46031952, -0.57593650
9946, 36985749, 36986277, 0.18700978, 0.20771313, -0.55555725, -0.64809525
9947, 36986749, 36987273, 0.18467638, 0.20695019, -0.61904907, -0.69241017
9948, 36987749, 36988273, 0.18227188, 0.20580578, -0.68254089, -0.71962523
9949, 36988749, 36989273, 0.17979719, 0.20466137, -0.74603271, -0.88353640
9950, 36989749, 36990270, 0.17725322, 0.20389843, -0.80952454, -0.98419929
9951, 36990749, 36991270, 0.17464057, 0.20275402, -0.87301636, -0.89882189
9952, 36991749, 36992276, 0.17195995, 0.20122814, -0.96825409, -0.99358660
9953, 36992749, 36993274, 0.16921362, 0.20008373, -1.03174591, -1.19898200
9954, 36993749, 36994272, 0.16640139, 0.19855785, -1.09523773, -1.17792404
9955, 36994749, 36995271, 0.16352637, 0.19703197, -1.15872955, -1.31218922
9956, 36995749, 36996275, 0.16058907, 0.19550610, -1.25396729, -1.39464557
9957, 36996749, 36997271, 0.15759192, 0.19398022, -1.34920502, -1.44528449
9958, 36997749, 36998283, 0.15453801, 0.19169140, -1.44444275, -1.47638345
9959, 36998749, 36999281, 0.15142985, 0.19016552, -1.50793839, -1.78987730
9960, 36999749, 37000268, 0.14827015, 0.18787670, -1.60317612, -1.68800831
9961, 37000749, 37001268, 0.14506248, 0.18635082, -1.66666794, -1.91984260
9962, 37001749, 37002280, 0.14180912, 0.18406200, -1.76190567, -1.76782393
9963, 37002749, 37003278, 0.13851276, 0.18177319, -1.85714340, -1.96885979
9964, 37003749, 37004268, 0.13517593, 0.17986584, -1.92063522, -2.09232211
9965, 37004749, 37005268, 0.13180125, 0.17757702, -1.98412704, -2.02094650
9966, 37005749, 37006267, 0.12839183, 0.17490673, -2.07936478, -2.12431002
9967, 37006749, 37007265, 0.12494998, 0.17261791, -2.14285660, -2.33498645
9968, 37007749, 37008275, 0.12147703, 0.16994762, -2.23809433, -2.31717157
9969, 37008749, 37009263, 0.11797639, 0.16727734, -2.30158615, -2.45342851
9970, 37009749, 37010265, 0.11444918, 0.16460705, -2.36507797, -2.53710794
9971, 37010749, 37011275, 0.11089741, 0.16193676, -2.46031570, -2.58849812
9972, 37011749, 37012278, 0.10732334, 0.15926647, -2.52381134, -2.62005830
9973, 37012749, 37013278, 0.10372962, 0.15659618, -2.58730316, -2.63944030
9974, 37013749, 37014284, 0.10011755, 0.15354347, -2.65079498, -2.65134335
9975, 37014749, 37015274, 0.09648912, 0.15049171, -2.71428680, -2.80621910
9976, 37015749, 37016266, 0.09284526, 0.14743996, -2.74603271, -2.90096521
9977, 37016749, 37017263, 0.08918707, 0.14438820, -2.80952454, -2.95915151
9978, 37017749, 37018277, 0.08551548, 0.14133644, -2.87301636, -2.99488544
9979, 37018749, 37019273, 0.08183096, 0.13828468, -2.90476227, -3.01683092
9980, 37019749, 37020273, 0.07813377, 0.13523293, -2.96825409, -3.03030825
9981, 37020749, 37021273, 0.07442474, 0.13218117, -3.00000000, -3.03858495
9982, 37021749, 37022281, 0.07070404, 0.12874794, -3.06349182, -3.04366779
9983, 37022749, 37023273, 0.06697160, 0.12569618, -3.09523773, -3.19398713
9984, 37023749, 37024280, 0.06322817, 0.12226295, -3.12698364, -3.13910508
9985, 37024749, 37025278, 0.05947229, 0.11921120, -3.19047546, -3.25259805
9986, 37025749, 37026276, 0.05570377, 0.11577797, -3.22222137, -3.17509985
9987, 37026749, 37027278, 0.05192185, 0.11272621, -3.25396729, -3.27470350
9988, 37027749, 37028278, 0.04812712, 0.10929298, -3.28571320, -3.18867564
9989, 37028749, 37029275, 0.04431781, 0.10585976, -3.31745911, -3.28304076
9990, 37029749, 37030279, 0.04049362, 0.10242653, -3.31745911, -3.34099317
9991, 37030749, 37031277, 0.03665359, 0.09899330, -3.38095093, -3.37658358
9992, 37031749, 37032279, 0.03279709, 0.09556007, -3.41269684, -3.39844084
9993, 37032749, 37033273, 0.02892303, 0.09174442, -3.41269684, -3.41186404
9994, 37033749, 37034274, 0.02502993, 0.08831120, -3.41269684, -3.56767297
9995, 37034749, 37035276, 0.02111536, 0.08487797, -3.44444275, -3.51579452
9996, 37035749, 37036276, 0.01717824, 0.08106327, -3.47618866, -3.48393440
9997, 37036749, 37037274, 0.01321627, 0.07763004, -3.50793839, -3.61156559
9998, 37037749, 37038274, 0.00922827, 0.07419682, -3.57143021, -3.54275060
9999, 37038749, 37039280, 0.00521126, 0.07038212, -3.53968430, -3.50048900
10000, 37039749, 37040275, 0.00116394, 0.06656742, -3.57143021, -3.62173247
10001, 37040749, 37041277, -0.00291504, 0.06313419, -3.57143021, -3.69619179
10002, 37041749, 37042275, -0.00702748, 0.05931950, -3.60317612, -3.59472203
10003, 37042749, 37043273, -0.01117537, 0.05588627, -3.63492203, -3.67960382
10004, 37043749, 37044275, -0.01536017, 0.05207157, -3.63492203, -3.58453465
10005, 37044749, 37045279, -0.01958332, 0.04863834, -3.63492203, -3.67334723
10006, 37045749, 37046282, -0.02384631, 0.04444218, -3.66666794, -3.58069229
10007, 37046749, 37047280, -0.02815151, 0.04062748, -3.69841385, -3.81818509
10008, 37047749, 37048278, -0.03249894, 0.03681278, -3.73015976, -3.81683922
10009, 37048749, 37049280, -0.03688911, 0.03299809, -3.76190567, -3.81601262
10010, 37049749, 37050272, -0.04132320, 0.02880096, -3.82539749, -3.81550503
10011, 37050749, 37051277, -0.04580207, 0.02460480, -3.82539749, -3.96275902
10012, 37051749, 37052273, -0.05032579, 0.02117157, -3.85714340, -4.05282402
10013, 37052749, 37053279, -0.05489444, 0.01735687, -3.92063522, -3.81374073
10014, 37053749, 37054273, -0.05950807, 0.01316071, -3.92063522, -3.81410980
10015, 37054749, 37055277, -0.06416692, 0.00934601, -3.92063522, -3.96153402
10016, 37055749, 37056280, -0.06887189, 0.00514984, -3.92063522, -3.90487409
10017, 37056749, 37057278, -0.07362111, 0.00133514, -3.92063522, -4.01727533
10018, 37057749, 37058274, -0.07841438, -0.00247955, -3.92063522, -3.93910646
10019, 37058749, 37059274, -0.08325030, -0.00629425, -3.92063522, -3.89110065
10020, 37059749, 37060272, -0.08812898, -0.01049042, -3.92063522, -3.86161900
10021, 37060749, 37061268, -0.09304908, -0.01430511, -3.92063522, -3.99071074
10022, 37061749, 37062279, -0.09801116, -0.01811981, -3.95238113, -3.92279243
10023, 37062749, 37063277, -0.10301283, -0.02231598, -3.98412704, -3.88108158
10024, 37063749, 37064275, -0.10805266, -0.02651215, -3.98412704, -4.00266361
10025, 37064749, 37065279, -0.11312821, -0.03032684, -4.01587296, -4.07733059
10026, 37065749, 37066275, -0.11823715, -0.03490543, -4.04761887, -3.97598839
10027, 37066749, 37067277, -0.12337846, -0.03910160, -4.07936478, -4.20851421
10028, 37067749, 37068272, -0.12855043, -0.04329777, -4.14285660, -4.20374966
10029, 37068749, 37069274, -0.13375075, -0.04787540, -4.17460251, -4.20082378
10030, 37069749, 37070278, -0.13897659, -0.05207157, -4.20634842, -4.34622431
10031, 37070749, 37071280, -0.14422494, -0.05703068, -4.26984024, -4.28832150
10032, 37071749, 37072268, -0.14949133, -0.06122684, -4.30158615, -4.54715681
10033, 37072749, 37073273, -0.15477230, -0.06580448, -4.39682388, -4.41172028
10034, 37073749, 37074271, -0.16006508, -0.07038212, -4.42856979, -4.47574234
10035, 37074749, 37075271, -0.16536377, -0.07534122, -4.49206161, -4.51506042
10036, 37075749, 37076271, -0.17066054, -0.07953739, -4.52381134, -4.68640423
10037, 37076749, 37077273, -0.17594725, -0.08487797, -4.58730316, -4.49723673
10038, 37077749, 37078270, -0.18121515, -0.08945560, -4.65079498, -4.82265568
10039, 37078749, 37079280, -0.18645486, -0.09441566, -4.68254089, -4.72811031
10040, 37079749, 37080278, -0.19165224, -0.09899330, -4.71428680, -4.81761265
10041, 37080749, 37081280, -0.19679570, -0.10395241, -4.71428680, -4.72501326
10042, 37081749, 37082270, -0.20186810, -0.10853004, -4.77777863, -4.81534290
10043, 37082749, 37083276, -0.20685270, -0.11348915, -4.77777863, -4.72361946
10044, 37083749, 37084273, -0.21172586, -0.11844826, -4.80952454, -4.81448698
10045, 37084749, 37085275, -0.21646094, -0.12340736, -4.80952454, -4.87029123
10046, 37085749, 37086271, -0.22103143, -0.12836647, -4.84127045, -4.90456247
10047, 37086749, 37087277, -0.22540118, -0.13370705, -4.87301636, -4.92560959
10048, 37087749, 37088267, -0.22953828, -0.13866615, -4.93650818, -5.08573246
10049, 37088749, 37089280, -0.23340641, -0.14400673, -4.96825409, -5.03687096
10050, 37089749, 37090276, -0.23697314, -0.14896584, -5.00000000, -5.15406179
10051, 37090749, 37091282, -0.24020457, -0.15430641, -5.06349182, -5.07883453
10052, 37091749, 37092280, -0.24307553, -0.15926647, -5.06349182, -5.17983294
10053, 37092749, 37093280, -0.24555731, -0.16422558, -5.12698364, -5.09502935
10054, 37093749, 37094276, -0.24763584, -0.16918468, -5.12698364, -5.04258108
10055, 37094749, 37095281, -0.24930790, -0.17414379, -5.12698364, -5.01037073
10056, 37095749, 37096281, -0.25058505, -0.17948437, -5.09523773, -4.99058962
10057, 37096749, 37097283, -0.25148728, -0.18444347, -5.09523773, -5.12563848
10058, 37097749, 37098283, -0.25204864, -0.18940258, -5.06349182, -5.06137896
10059, 37098749, 37099285, -0.25230810, -0.19436169, -5.06349182, -5.02191496
10060, 37099749, 37100279, -0.25231394, -0.19893932, -5.03174591, -4.99767923
10061, 37100749, 37101276, -0.25211030, -0.20389843, -5.00000000, -4.83559752
10062, 37101749, 37102278, -0.25174063, -0.20809460, -4.93650818, -4.88325596
10063, 37102749, 37103276, -0.25123826, -0.21267223, -4.87301636, -4.61812925
10064, 37103749, 37104276, -0.25063214, -0.21686840, -4.77777863, -4.60250425
10065, 37104749, 37105272, -0.24993978, -0.22106552, -4.68254089, -4.44571114
10066, 37105749, 37106277, -0.24917407, -0.22526169, -4.58730316, -4.34978771
10067, 37106749, 37107275, -0.24833858, -0.22869492, -4.42856979, -4.29051018
10068, 37107749, 37108277, -0.24743424, -0.23174667, -4.23809433, -3.95971107
10069, 37108749, 37109279, -0.24645706, -0.23403549, -4.01587296, -3.60935974
10070, 37109749, 37110277, -0.24539895, -0.23632431, -3.76190567, -3.09980297
10071, 37110749, 37111279, -0.24424767, -0.23861313, -3.47618866, -2.78686881
10072, 37111749, 37112276, -0.24299361, -0.24052048, -3.19047546, -2.59468651
10073, 37112749, 37113274, -0.24162237, -0.24204636, -2.90476227, -2.32946372
10074, 37113749, 37114276, -0.24012662, -0.24280930, -2.52381134, -2.01938486
10075, 37114749, 37115278, -0.23849978, -0.24357224, -2.17460251, -1.53456080
10076, 37115749, 37116276, -0.23674196, -0.24433517, -1.85714340, -1.23681569
10077, 37116749, 37117279, -0.23485456, -0.24471664, -1.57143021, -1.05396128
10078, 37117749, 37118277, -0.23284233, -0.24471664, -1.25396729, -0.79446721
10079, 37118749, 37119281, -0.23071605, -0.24471664, -0.96825409, -0.48790652
10080, 37119749, 37120281, -0.22848703, -0.24433517, -0.71428680, -0.29963824
10081, 37120749, 37121279, -0.22616524, -0.24357224, -0.42857361, -0.03681942
10082, 37121749, 37122275, -0.22376184, -0.24280930, -0.20635223, 0.27178317
10083, 37122749, 37123276, -0.22128385, -0.24204636, 0.01587677, 0.46130541
10084, 37123749, 37124276, -0.21874167, -0.24128342, 0.23809814, 0.57769680
10085, 37124749, 37125274, -0.21614231, -0.24013901, 0.39682770, 0.64917630
10086, 37125749, 37126272, -0.21349068, -0.23861313, 0.58730316, 0.84027159
10087, 37126749, 37127272, -0.21079080, -0.23746872, 0.71428680, 1.10482657
10088, 37127749, 37128275, -0.20804554, -0.23594284, 0.87301636, 1.12010026
10089, 37128749, 37129277, -0.20525491, -0.23479843, 1.00000000, 1.27667797
10090, 37129749, 37130273, -0.20241942, -0.23289108, 1.12698364, 1.22563946
10091, 37130749, 37131273, -0.19954200, -0.23136520, 1.22222137, 1.48869026
10092, 37131749, 37132271, -0.19662270, -0.22983932, 1.31745911, 1.50304019
10093, 37132749, 37133272, -0.19366546, -0.22793198, 1.41269684, 1.51185298
10094, 37133749, 37134278, -0.19067061, -0.22602463, 1.50793457, 1.66446269
10095, 37134749, 37135274, -0.18764158, -0.22411728, 1.63491821, 1.75818503
10096, 37135749, 37136272, -0.18458070, -0.22220993, 1.73015594, 1.81574273
10097, 37136749, 37137274, -0.18148874, -0.21992111, 1.79364777, 1.85109055
10098, 37137749, 37138272, -0.17836690, -0.21763134, 1.85713959, 2.01999640
10099, 37138749, 37139273, -0.17521647, -0.21534252, 1.92063141, 2.12409449
10100, 37139749, 37140273, -0.17203760, -0.21305370, 1.98412323, 2.18765640
10101, 37140749, 37141269, -0.16883126, -0.21114635, 2.07936859, 2.22669172
10102, 37141749, 37142279, -0.16559894, -0.20809460, 2.14286041, 2.10346699
10103, 37142749, 37143267, -0.16234185, -0.20580578, 2.20635223, 2.46938372
10104, 37143749, 37144267, -0.15905859, -0.20351696, 2.23809814, 2.39970899
10105, 37144749, 37145282, -0.15574746, -0.20084667, 2.30158997, 2.35691977
10106, 37145749, 37146266, -0.15240836, -0.19855785, 2.36508179, 2.47783899
10107, 37146749, 37147270, -0.14904034, -0.19550610, 2.42857361, 2.40490174
10108, 37147749, 37148268, -0.14564277, -0.19283581, 2.49206543, 2.65450382
10109, 37148749, 37149268, -0.14221625, -0.19016552, 2.55555725, 2.66059446
10110, 37149749, 37150279, -0.13876036, -0.18749523, 2.58730316, 2.66433501
10111, 37150749, 37151267, -0.13527465, -0.18444347, 2.61904907, 2.66663194
10112, 37151749, 37152279, -0.13175814, -0.18177319, 2.65079498, 2.81524014
10113, 37152749, 37153267, -0.12821083, -0.17872143, 2.71428680, 2.75930738
10114, 37153749, 37154265, -0.12463192, -0.17605114, 2.74603271, 2.87215519
10115, 37154749, 37155277, -0.12102179, -0.17299938, 2.77777863, 2.79426074
10116, 37155749, 37156270, -0.11738084, -0.17032909, 2.80952454, 2.89362097
10117, 37156749, 37157266, -0.11370984, -0.16727734, 2.80952454, 2.80744362
10118, 37157749, 37158264, -0.11000839, -0.16422558, 2.84127045, 2.90171719
10119, 37158749, 37159276, -0.10627858, -0.16117382, 2.87301636, 2.95961332
10120, 37159749, 37160264, -0.10252291, -0.15812206, 2.90476227, 2.99516916
10121, 37160749, 37161275, -0.09874519, -0.15468788, 2.96825409, 3.01700497
10122, 37161749, 37162265, -0.09494764, -0.15163612, 3.00000000, 3.17798042
10123, 37162749, 37163265, -0.09113151, -0.14820290, 3.03174591, 3.12927508
10124, 37163749, 37164279, -0.08729848, -0.14515114, 3.09523773, 3.24656105
10125, 37164749, 37165263, -0.08345197, -0.14171791, 3.12698364, 3.17139244
10126, 37165749, 37166279, -0.07959292, -0.13866615, 3.15872955, 3.27242684
10127, 37166749, 37167276, -0.07572474, -0.13523293, 3.19047546, 3.18727732
10128, 37167749, 37168276, -0.07185052, -0.13179970, 3.22222137, 3.28218222
10129, 37168749, 37169280, -0.06797212, -0.12874794, 3.25396729, 3.34046602
10130, 37169749, 37170276, -0.06408856, -0.12493324, 3.28571320, 3.22906232
10131, 37170749, 37171278, -0.06020222, -0.12150002, 3.31745911, 3.45504093
10132, 37171749, 37172273, -0.05631535, -0.11806679, 3.31745911, 3.44662404
10133, 37172749, 37173277, -0.05242756, -0.11463356, 3.34920502, 3.44145465
10134, 37173749, 37174263, -0.04854004, -0.11120033, 3.38095093, 3.43828011
10135, 37174749, 37175283, -0.04465184, -0.10738564, 3.41269684, 3.43633056
10136, 37175749, 37176273, -0.04076197, -0.10433388, 3.41269684, 3.58233070
10137, 37176749, 37177281, -0.03687147, -0.10051918, 3.44444275, 3.37759876
10138, 37177749, 37178279, -0.03298149, -0.09708595, 3.47618866, 3.54626155
10139, 37178749, 37179278, -0.02909184, -0.09327030, 3.47618866, 3.50264525
10140, 37179749, 37180278, -0.02520257, -0.08983707, 3.50793457, 3.62342453
10141, 37180749, 37181280, -0.02131218, -0.08602238, 3.53968048, 3.55003333
10142, 37181749, 37182276, -0.01742045, -0.08258915, 3.57142639, 3.65215921
10143, 37182749, 37183284, -0.01352670, -0.07877445, 3.57142639, 3.56768036
10144, 37183749, 37184277, -0.00962901, -0.07495975, 3.57142639, 3.66299653
10145, 37184749, 37185277, -0.00572633, -0.07114506, 3.63491821, 3.72153330
10146, 37185749, 37186277, -0.00181794, -0.06733036, 3.63491821, 3.75748229
10147, 37186749, 37187275, 0.00209706, -0.06351566, 3.66666412, 3.77955985
10148, 37187749, 37188273, 0.00602074, -0.06008244, 3.66666412, 3.79311824
10149, 37188749, 37189275, 0.00995156, -0.05626774, 3.69841003, 3.65424728
10150, 37189749, 37190276, 0.01388857, -0.05245304, 3.69841003, 3.71615982
10151, 37190749, 37191276, 0.01783018, -0.04863834, 3.69841003, 3.75418234
10152, 37191749, 37192274, 0.02177674, -0.04520512, 3.73015594, 3.77753305
10153, 37192749, 37193276, 0.02572808, -0.04139042, 3.73015594, 3.64467621
10154, 37193749, 37194274, 0.02968301, -0.03757572, 3.73015594, 3.71028209
10155, 37194749, 37195275, 0.03363797, -0.03376102, 3.73015594, 3.75057268
10156, 37195749, 37196277, 0.03759023, -0.03032684, 3.73015594, 3.77531624
10157, 37196749, 37197271, 0.04153965, -0.02651215, 3.73015594, 3.64368248
10158, 37197749, 37198273, 0.04548414, -0.02269745, 3.73015594, 3.70967174
10159, 37198749, 37199273, 0.04941997, -0.01850128, 3.76190186, 3.75019789
10160, 37199749, 37200271, 0.05334613, -0.01506805, 3.76190186, 3.92228365
10161, 37200749, 37201280, 0.05726055, -0.01125336, 3.76190186, 3.73357201
10162, 37201749, 37202278, 0.06116113, -0.00743866, 3.76190186, 3.76487565
10163, 37202749, 37203280, 0.06504669, -0.00324249, 3.79364777, 3.78410029
10164, 37203749, 37204274, 0.06891480, 0.00057220, 3.79364777, 3.94310427
10165, 37204749, 37205274, 0.07276445, 0.00438690, 3.79364777, 3.89355588
10166, 37205749, 37206274, 0.07659375, 0.00820160, 3.82539368, 3.86312675
10167, 37206749, 37207271, 0.08040075, 0.01201630, 3.82539368, 3.84443927
10168, 37207749, 37208271, 0.08418538, 0.01544952, 3.82539368, 3.83296275
10169, 37208749, 37209275, 0.08794700, 0.01964569, 3.79364777, 3.67871714
10170, 37209749, 37210273, 0.09168385, 0.02346039, 3.79364777, 3.87838531
10171, 37210749, 37211275, 0.09539450, 0.02727509, 3.79364777, 3.85381007
10172, 37211749, 37212276, 0.09907617, 0.03070831, 3.79364777, 3.83871770
10173, 37212749, 37213278, 0.10272764, 0.03452396, 3.79364777, 3.68225145
10174, 37213749, 37214280, 0.10634699, 0.03833866, 3.76190186, 3.73372626
10175, 37214749, 37215284, 0.10993205, 0.04253483, 3.76190186, 3.76497054
10176, 37215749, 37216274, 0.11348051, 0.04596806, 3.76190186, 3.93135619
10177, 37216749, 37217279, 0.11699089, 0.04978275, 3.76190186, 3.73914361
10178, 37217749, 37218275, 0.12046099, 0.05359745, 3.76190186, 3.76829743
10179, 37218749, 37219273, 0.12388725, 0.05741215, 3.79364777, 3.78620172
10180, 37219749, 37220279, 0.12726934, 0.06122684, 3.79364777, 3.79719734
10181, 37220749, 37221279, 0.13060601, 0.06504154, 3.76190186, 3.80394983
10182, 37221749, 37222273, 0.13389644, 0.06885624, 3.76190186, 3.80809689
10183, 37222749, 37223274, 0.13714001, 0.07228947, 3.76190186, 3.81064367
10184, 37223749, 37224282, 0.14033234, 0.07610416, 3.76190186, 3.66501045
10185, 37224749, 37225278, 0.14347236, 0.07991886, 3.73015594, 3.72276998
10186, 37225749, 37226278, 0.14655770, 0.08373356, 3.73015594, 3.75824189
10187, 37226749, 37227282, 0.14958829, 0.08716679, 3.69841003, 3.78002644
10188, 37227749, 37228278, 0.15256214, 0.09098148, 3.69841003, 3.64620733
10189, 37228749, 37229281, 0.15547866, 0.09441566, 3.69841003, 3.71122241
10190, 37229749, 37230279, 0.15833646, 0.09784889, 3.66666412, 3.60432076
10191, 37230749, 37231273, 0.16113381, 0.10128212, 3.60317230, 3.53830099
10192, 37231749, 37232277, 0.16386984, 0.10509682, 3.60317230, 3.49775648
10193, 37232749, 37233273, 0.16654409, 0.10853004, 3.60317230, 3.62005424
10194, 37233749, 37234276, 0.16915451, 0.11196327, 3.57142639, 3.54796362
10195, 37234749, 37235280, 0.17170028, 0.11577797, 3.50793457, 3.50369048
10196, 37235749, 37236282, 0.17418133, 0.11921120, 3.50793457, 3.62369847
10197, 37236749, 37237276, 0.17659657, 0.12226295, 3.44444275, 3.55020142
10198, 37237749, 37238282, 0.17894389, 0.12569618, 3.53968048, 3.35786724
10199, 37238749, 37239281, 0.18122233, 0.12874794, 3.47618866, 3.38694668
10200, 37239749, 37240277, 0.18343198, 0.13218117, 3.41269684, 3.25760770
10201, 37240749, 37241281, 0.18557157, 0.13561440, 3.38095093, 3.32537413
10202, 37241749, 37242279, 0.18763818, 0.13866615, 3.34920502, 3.36699152
10203, 37242749, 37243273, 0.18963145, 0.14209938, 3.34920502, 3.24535251
10204, 37243749, 37244271, 0.19155005, 0.14515114, 3.31745911, 3.31784773
10205, 37244749, 37245278, 0.19339259, 0.14820290, 3.44444275, 3.21517181
10206, 37245749, 37246280, 0.19515787, 0.15125465, 3.19047546, 3.15211535
10207, 37246749, 37247280, 0.19684549, 0.15430641, 3.19047546, 3.11339045
10208, 37247749, 37248280, 0.19845362, 0.15735912, 3.12698364, 3.08960843
10209, 37248749, 37249278, 0.19998324, 0.16002941, 3.06349182, 3.07537103
10210, 37249749, 37250272, 0.20143193, 0.16308117, 3.03174591, 2.91906166
10211, 37250749, 37251277, 0.20280014, 0.16575146, 3.00000000, 2.97026515
10212, 37251749, 37252277, 0.20408757, 0.16842175, 2.93650818, 2.85451293
10213, 37252749, 37253279, 0.20529346, 0.17071056, 2.68254089, 2.78342605
10214, 37253749, 37254277, 0.20641734, 0.17338085, 2.74603271, 2.59257221
10215, 37254749, 37255273, 0.20745933, 0.17566967, 2.68254089, 2.62256050
10216, 37255749, 37256278, 0.20841925, 0.17757702, 2.61904907, 2.49377966
10217, 37256749, 37257276, 0.20929626, 0.17986584, 2.52381134, 2.26749372
10218, 37257749, 37258276, 0.21008934, 0.18177319, 2.42857361, 2.27572227
10219, 37258749, 37259274, 0.21079855, 0.18406200, 2.30158997, 2.13357806
10220, 37259749, 37260274, 0.21142365, 0.18558788, 2.20635223, 2.19348049
10221, 37260749, 37261277, 0.21196568, 0.18749523, 2.11111450, 1.93587339
10222, 37261749, 37262277, 0.21242365, 0.18940258, 2.04762268, 1.92486656
10223, 37262749, 37263279, 0.21279813, 0.19092846, 1.98412323, 1.91810691
10224, 37263749, 37264279, 0.21308877, 0.19283581, 1.92063141, 1.76675808
10225, 37264749, 37265279, 0.21329524, 0.19398022, 1.82539368, 1.82100773
10226, 37265749, 37266281, 0.21341892, 0.19512463, 1.73015594, 1.55992889
10227, 37266749, 37267280, 0.21345940, 0.19665051, 1.63491821, 1.39959252
10228, 37267749, 37268278, 0.21341588, 0.19741344, 1.57142639, 1.44832253
10229, 37268749, 37269278, 0.21328768, 0.19817638, 1.41269684, 1.18385410
10230, 37269749, 37270278, 0.21307530, 0.19932079, 1.31745911, 1.02143598
10231, 37270749, 37271276, 0.21277925, 0.20008373, 1.19047546, 1.06888759
10232, 37271749, 37272276, 0.21239987, 0.20084667, 1.09523773, 0.95083153
10233, 37272749, 37273277, 0.21193719, 0.20160961, 1.00000000, 0.87832969
10234, 37273749, 37274275, 0.21139039, 0.20237255, 0.93650818, 0.83380407
10235, 37274749, 37275277, 0.21075846, 0.20275402, 0.84127045, 0.80645955
10236, 37275749, 37276277, 0.21004234, 0.20351696, 0.77777863, 0.64246887
10237, 37276749, 37277275, 0.20924084, 0.20389843, 0.71428680, 0.68895477
10238, 37277749, 37278274, 0.20835473, 0.20389843, 0.61904907, 0.57030565
10239, 37278749, 37279272, 0.20738257, 0.20389843, 0.55555725, 0.35024205
10240, 37279749, 37280274, 0.20632364, 0.20427990, 0.46031952, 0.21509431
10241, 37280749, 37281272, 0.20517886, 0.20427990, 0.39682770, 0.27929351
10242, 37281749, 37282272, 0.20394765, 0.20427990, 0.33333588, 0.17152265
10243, 37282749, 37283274, 0.20262994, 0.20427990, 0.23809814, 0.10533728
10244, 37283749, 37284271, 0.20122719, 0.20427990, 0.17460632, 0.06469083
10245, 37284749, 37285271, 0.19973850, 0.20427990, 0.11111450, 0.03972861
10246, 37285749, 37286271, 0.19816476, 0.20427990, 0.07936859, 0.02439855
10247, 37286749, 37287275, 0.19650525, 0.20427990, 0.04762268, 0.01498389
10248, 37287749, 37288275, 0.19475995, 0.20389843, 0.01587677, 0.00920206
10249, 37288749, 37289272, 0.19293010, 0.20389843, -0.04762268, -0.14154629
10250, 37289749, 37290272, 0.19101539, 0.20389843, -0.07936859, -0.08692789
10251, 37290749, 37291270, 0.18901758, 0.20351696, -0.11111450, -0.05338506
10252, 37291749, 37292270, 0.18693538, 0.20275402, -0.17460632, -0.17998295
10253, 37292749, 37293272, 0.18476853, 0.20199108, -0.23809814, -0.40492812
10254, 37293749, 37294272, 0.18251802, 0.20122814, -0.30158997, -0.54307377
10255, 37294749, 37295273, 0.18018450, 0.20046520, -0.42857361, -0.62791324
10256, 37295749, 37296273, 0.17776972, 0.19970226, -0.49206543, -0.68001574
10257, 37296749, 37297271, 0.17527485, 0.19893932, -0.58730316, -0.71201348
10258, 37297749, 37298271, 0.17269948, 0.19779491, -0.65079498, -0.73166430
10259, 37298749, 37299269, 0.17004429, 0.19703197, -0.74603271, -0.89093000
10260, 37299749, 37300272, 0.16731155, 0.19588757, -0.80952454, -0.84154230
10261, 37300749, 37301284, 0.16450182, 0.19436169, -0.90476227, -0.95840943
10262, 37301749, 37302286, 0.16161636, 0.19321728, -1.00000000, -1.17737854
10263, 37302749, 37303280, 0.15865649, 0.19169140, -1.06349182, -1.16465664
10264, 37303749, 37304270, 0.15562399, 0.19054699, -1.12698364, -1.30404139
10265, 37304749, 37305268, 0.15252045, 0.18863964, -1.22222137, -1.24244416
10266, 37305749, 37306269, 0.14934970, 0.18711376, -1.31745911, -1.49901056
10267, 37306749, 37307277, 0.14611477, 0.18520641, -1.41269684, -1.50937831
10268, 37307749, 37308269, 0.14281714, 0.18329906, -1.50793839, -1.66294301
10269, 37308749, 37309277, 0.13945793, 0.18139172, -1.60317612, -1.75725174
10270, 37309749, 37310277, 0.13604154, 0.17948437, -1.66666794, -1.81516945
10271, 37310749, 37311282, 0.13257015, 0.17719555, -1.76190567, -1.85073864
10272, 37311749, 37312280, 0.12904538, 0.17490673, -1.85714340, -2.01978040
10273, 37312749, 37313282, 0.12547070, 0.17261791, -1.95238113, -2.12359405
10274, 37313749, 37314280, 0.12184872, 0.17032909, -2.04761887, -2.18734908
10275, 37314749, 37315278, 0.11818340, 0.16765881, -2.11111069, -2.22650290
10276, 37315749, 37316274, 0.11447780, 0.16498852, -2.20634842, -2.39774609
10277, 37316749, 37317263, 0.11073412, 0.16269970, -2.26984024, -2.50291181
10278, 37317749, 37318261, 0.10695650, 0.16002941, -2.36507797, -2.42029977
10279, 37318749, 37319277, 0.10314739, 0.15697765, -2.46031570, -2.51676250
10280, 37319749, 37320263, 0.09931043, 0.15392494, -2.55555725, -2.72320080
10281, 37320749, 37321275, 0.09544911, 0.15125465, -2.61904907, -2.85034895
10282, 37321749, 37322274, 0.09156755, 0.14820290, -2.71428680, -2.78086901
10283, 37322749, 37323274, 0.08766790, 0.14515114, -2.77777863, -2.88539672
10284, 37323749, 37324272, 0.08375409, 0.14209938, -2.87301636, -2.94959044
10285, 37324749, 37325274, 0.07982998, 0.13866615, -2.93650818, -2.98901367
10286, 37325749, 37326278, 0.07589807, 0.13561440, -2.96825409, -3.16042233
10287, 37326749, 37327272, 0.07196186, 0.13218117, -3.03174591, -3.11849213
10288, 37327749, 37328275, 0.06802343, 0.12912941, -3.12698364, -3.23993897
10289, 37328749, 37329277, 0.06408644, 0.12569618, -3.12698364, -3.16732550
10290, 37329749, 37330275, 0.06015312, 0.12226295, -3.19047546, -3.26992917
10291, 37330749, 37331277, 0.05622665, 0.11921120, -3.22222137, -3.33294106
10292, 37331749, 37332279, 0.05230903, 0.11577797, -3.28571320, -3.22444105
10293, 37332749, 37333276, 0.04840273, 0.11196327, -3.34920502, -3.30500555
10294, 37333749, 37334274, 0.04451118, 0.10853004, -3.38095093, -3.50167990
10295, 37334749, 37335274, 0.04063551, 0.10471535, -3.41269684, -3.47526646
10296, 37335749, 37336282, 0.03677846, 0.10128212, -3.44444275, -3.60624242
10297, 37336749, 37337280, 0.03294206, 0.09746742, -3.50793839, -3.53948116
10298, 37337749, 37338276, 0.02912687, 0.09403419, -3.53968430, -3.64567852
10299, 37338749, 37339275, 0.02533400, 0.09021854, -3.57143021, -3.56370020
10300, 37339749, 37340275, 0.02156372, 0.08640385, -3.60317612, -3.66092038
10301, 37340749, 37341273, 0.01781745, 0.08258915, -3.63492203, -3.72025824
10302, 37341749, 37342275, 0.01409705, 0.07877445, -3.66666794, -3.75669932
10303, 37342749, 37343281, 0.01040260, 0.07534122, -3.69841385, -3.77907896
10304, 37343749, 37344278, 0.00673424, 0.07190800, -3.69841385, -3.64562559
10305, 37344749, 37345274, 0.00309204, 0.06809330, -3.69841385, -3.56366777
10306, 37345749, 37346274, -0.00052429, 0.06427860, -3.73015976, -3.66053224
10307, 37346749, 37347274, -0.00411457, 0.06046391, -3.73015976, -3.72001982
10308, 37347749, 37348274, -0.00767972, 0.05664921, -3.73015976, -3.75655293
10309, 37348749, 37349272, -0.01122155, 0.05283451, -3.76190567, -3.77898908
10310, 37349749, 37350279, -0.01474089, 0.04940128, -3.76190567, -3.79276776
10311, 37350749, 37351281, -0.01823941, 0.04558659, -3.73015976, -3.65403223
10312, 37351749, 37352273, -0.02171871, 0.04139042, -3.73015976, -3.71602798
10313, 37352749, 37353273, -0.02518264, 0.03757572, -3.79365158, -3.90129900
10314, 37353749, 37354277, -0.02863367, 0.03376102, -3.82539749, -3.86788201
10315, 37354749, 37355274, -0.03207437, 0.02956390, -3.85714340, -3.84735966
10316, 37355749, 37356274, -0.03550795, 0.02536774, -3.85714340, -3.98232174
10317, 37356749, 37357272, -0.03893717, 0.02155304, -3.92063522, -4.06483793
10318, 37357749, 37358278, -0.04236441, 0.01773834, -3.92063522, -3.96831608
10319, 37358749, 37359278, -0.04579344, 0.01392365, -3.95238113, -3.90903926
10320, 37359749, 37360272, -0.04922823, 0.01010895, -3.95238113, -3.87263560
10321, 37360749, 37361273, -0.05267289, 0.00629425, -3.95238113, -3.85027909
10322, 37361749, 37362275, -0.05613124, 0.00247955, -3.92063522, -3.83654928
10323, 37362749, 37363279, -0.05960741, -0.00133514, -3.88888931, -3.82811713
10324, 37363749, 37364275, -0.06310567, -0.00476837, -3.85714340, -3.82293892
10325, 37364749, 37365273, -0.06662995, -0.00858307, -3.79365158, -3.67256141
10326, 37365749, 37366282, -0.07018477, -0.01239777, -3.79365158, -3.72740746
10327, 37366749, 37367276, -0.07377373, -0.01583099, -3.76190567, -3.76108980
10328, 37367749, 37368274, -0.07740113, -0.01964569, -3.76190567, -3.63457775
10329, 37368749, 37369274, -0.08106920, -0.02346039, -3.73015976, -3.70408034
10330, 37369749, 37370272, -0.08478242, -0.02727509, -3.69841385, -3.74676418
10331, 37370749, 37371270, -0.08854342, -0.03032684, -3.69841385, -3.77297735
10332, 37371749, 37372271, -0.09235641, -0.03414249, -3.66666794, -3.49468088
10333, 37372749, 37373271, -0.09622474, -0.03719425, -3.66666794, -3.61853337
10334, 37373749, 37374277, -0.10015009, -0.04062748, -3.60317612, -3.39983177
10335, 37374749, 37375275, -0.10413450, -0.04406071, -3.57143021, -3.41271830
10336, 37375749, 37376275, -0.10817983, -0.04749393, -3.50793839, -3.42063236
10337, 37376749, 37377279, -0.11228694, -0.05054569, -3.44444275, -3.42549253
10338, 37377749, 37378272, -0.11645751, -0.05397892, -3.38095093, -3.28127956
10339, 37378749, 37379280, -0.12069178, -0.05741215, -3.38095093, -3.33991170
10340, 37379749, 37380278, -0.12499043, -0.06046391, -3.31745911, -3.37591934
10341, 37380749, 37381284, -0.12935470, -0.06351566, -3.28571320, -3.25083542
10342, 37381749, 37382272, -0.13378425, -0.06694889, -3.28571320, -3.17401743
10343, 37382749, 37383273, -0.13827781, -0.07000065, -3.25396729, -3.27403879
10344, 37383749, 37384277, -0.14283563, -0.07305241, -3.22222137, -3.18826747
10345, 37384749, 37385271, -0.14745651, -0.07610416, -3.22222137, -3.13559246
10346, 37385749, 37386279, -0.15213899, -0.07915592, -3.19047546, -3.10324335
10347, 37386749, 37387273, -0.15688030, -0.08220768, -3.12698364, -3.08337665
10348, 37387749, 37388278, -0.16167754, -0.08525944, -3.15872955, -3.07117581
10349, 37388749, 37389268, -0.16652690, -0.08869267, -3.12698364, -3.06368303
10350, 37389749, 37390278, -0.17142135, -0.09174442, -3.12698364, -3.20627904
10351, 37390749, 37391276, -0.17635703, -0.09479713, -3.12698364, -3.14665389
10352, 37391749, 37392278, -0.18132672, -0.09823036, -3.12698364, -3.11040449
10353, 37392749, 37393266, -0.18632101, -0.10090065, -3.15872955, -3.23497224
10354, 37393749, 37394275, -0.19133066, -0.10471535, -3.19047546, -3.01707768
10355, 37394749, 37395277, -0.19634745, -0.10853004, -3.25396729, -3.32485485
10356, 37395749, 37396275, -0.20136471, -0.11234474, -3.28571320, -3.51387000
10357, 37396749, 37397275, -0.20637181, -0.11615944, -3.38095093, -3.62995005
10358, 37397749, 37398275, -0.21135870, -0.11997414, -3.50793839, -3.70123816
10359, 37398749, 37399277, -0.21631646, -0.12417030, -3.60317612, -3.74501848
10360, 37399749, 37400274, -0.22123381, -0.12836647, -3.69841385, -3.91910291
10361, 37400749, 37401272, -0.22610000, -0.13218117, -3.79365158, -4.02601337
10362, 37401749, 37402278, -0.23090392, -0.13637733, -3.88888931, -3.94447279
10363, 37402749, 37403276, -0.23562993, -0.14095497, -3.95238113, -4.04159403
10364, 37403749, 37404278, -0.24026451, -0.14515114, -4.07936478, -4.24843645
10365, 37404749, 37405273, -0.24478771, -0.15011024, -4.17460251, -4.22826719
10366, 37405749, 37406271, -0.24918297, -0.15506935, -4.30158615, -4.51027584
10367, 37406749, 37407273, -0.25342593, -0.16041088, -4.42856979, -4.68346596
10368, 37407749, 37408277, -0.25749555, -0.16498852, -4.55555725, -4.93739271
10369, 37408749, 37409277, -0.26136366, -0.17032909, -4.68254089, -4.79857397
10370, 37409749, 37410274, -0.26500317, -0.17528820, -4.77777863, -5.00771570
10371, 37410749, 37411278, -0.26839149, -0.18062878, -4.90476227, -4.98895884
10372, 37411749, 37412274, -0.27150044, -0.18558788, -5.00000000, -5.12463713
10373, 37412749, 37413280, -0.27430969, -0.19092846, -5.06349182, -5.06076384
10374, 37413749, 37414280, -0.27679616, -0.19588757, -5.09523773, -5.16873455
10375, 37414749, 37415280, -0.27894059, -0.20122814, -5.12698364, -5.08784533
10376, 37415749, 37416276, -0.28072178, -0.20618725, -5.12698364, -5.18536615
10377, 37416749, 37417275, -0.28212529, -0.21114635, -5.12698364, -5.09805965
10378, 37417749, 37418273, -0.28313780, -0.21648693, -5.12698364, -5.04444170
10379, 37418749, 37419275, -0.28375199, -0.22106552, -5.12698364, -5.15871096
10380, 37419749, 37420275, -0.28396571, -0.22640610, -5.09523773, -4.93486023
10381, 37420749, 37421273, -0.28378659, -0.23098373, -5.06349182, -5.09141350
10382, 37421749, 37422274, -0.28323075, -0.23594284, -5.03174591, -4.89316273
10383, 37422749, 37423274, -0.28232434, -0.24052048, -4.96825409, -4.91860819
10384, 37423749, 37424276, -0.28110030, -0.24509811, -4.90476227, -4.78703785
10385, 37424749, 37425272, -0.27960241, -0.24929428, -4.84127045, -4.70623636
10386, 37425749, 37426270, -0.27787143, -0.25349045, -4.77777863, -4.50941610
10387, 37426749, 37427272, -0.27595222, -0.25768661, -4.65079498, -4.38854265
10388, 37427749, 37428275, -0.27388322, -0.26111984, -4.49206161, -4.31431055
10389, 37428749, 37429271, -0.27170151, -0.26379013, -4.30158615, -3.97432756
10390, 37429749, 37430273, -0.26943642, -0.26646042, -4.07936478, -3.47113848
10391, 37430749, 37431271, -0.26711783, -0.26913071, -3.82539749, -3.16211462
10392, 37431749, 37432271, -0.26476508, -0.27065659, -3.50793839, -2.97233367
10393, 37432749, 37433271, -0.26239964, -0.27256393, -3.15872955, -2.41419077
10394, 37433749, 37434272, -0.26003346, -0.27332687, -2.77777863, -2.21861577
10395, 37434749, 37435272, -0.25767598, -0.27408981, -2.39682388, -1.65691459
10396, 37435749, 37436288, -0.25533235, -0.27447128, -2.01587296, -1.31195688
10397, 37436749, 37437272, -0.25300664, -0.27447128, -1.63492203, -0.95291018
10398, 37437749, 37438272, -0.25070009, -0.27447128, -1.25396729, -0.58521116
10399, 37438749, 37439271, -0.24841124, -0.27370834, -0.90476227, -0.35939598
10400, 37439749, 37440271, -0.24613741, -0.27294540, -0.55555725, 0.07367909
10401, 37440749, 37441269, -0.24387649, -0.27218246, -0.23809814, 0.33964366
10402, 37441749, 37442273, -0.24162322, -0.27103806, 0.04762268, 0.50298059
10403, 37442749, 37443269, -0.23937380, -0.26951218, 0.30158997, 0.75048834
10404, 37443749, 37444272, -0.23712274, -0.26836777, 0.58730316, 1.04968798
10405, 37444749, 37445268, -0.23486617, -0.26646042, 0.77777863, 1.08623803
10406, 37445749, 37446272, -0.23260057, -0.26493454, 1.00000000, 1.40307963
10407, 37446749, 37447282, -0.23032485, -0.26264572, 1.19047546, 1.45046413
10408, 37447749, 37448268, -0.22803648, -0.26111984, 1.34920502, 1.77395952
10409, 37448749, 37449268, -0.22573566, -0.25921249, 1.47618866, 1.67823279
10410, 37449749, 37450279, -0.22342223, -0.25692368, 1.63491821, 1.76664162
10411, 37450749, 37451269, -0.22109489, -0.25501633, 1.73015594, 1.96813369
10412, 37451749, 37452267, -0.21875215, -0.25272751, 1.82539368, 1.94467854
10413, 37452749, 37453269, -0.21639407, -0.25043869, 1.95237732, 2.07747149
10414, 37453749, 37454283, -0.21402207, -0.24814987, 2.01587677, 2.15902376
10415, 37454749, 37455283, -0.21163562, -0.24547958, 2.07936859, 2.20910764
10416, 37455749, 37456282, -0.20923378, -0.24319077, 2.14286041, 2.38706326
10417, 37456749, 37457278, -0.20681715, -0.24090195, 2.20635223, 2.34915352
10418, 37457749, 37458276, -0.20438515, -0.23861313, 2.23809814, 2.32587194
10419, 37458749, 37459276, -0.20193686, -0.23632431, 2.26984406, 2.31157398
10420, 37459749, 37460264, -0.19947048, -0.23403549, 2.30158997, 2.30279326
10421, 37460749, 37461283, -0.19698647, -0.23174667, 2.30158997, 2.29740071
10422, 37461749, 37462263, -0.19448119, -0.22945786, 2.33333588, 2.29408908
10423, 37462749, 37463279, -0.19195211, -0.22678757, 2.33333588, 2.29205537
10424, 37463749, 37464281, -0.18939656, -0.22449875, 2.33333588, 2.43800378
10425, 37464749, 37465275, -0.18681191, -0.22220993, 2.33333588, 2.38043761
10426, 37465749, 37466280, -0.18419538, -0.21992111, 2.33333588, 2.34508443
10427, 37466749, 37467276, -0.18154265, -0.21724987, 2.33333588, 2.32337308
10428, 37467749, 37468282, -0.17885025, -0.21496105, 2.33333588, 2.45760512
10429, 37468749, 37469276, -0.17611493, -0.21305370, 2.33333588, 2.39247537
10430, 37469749, 37470280, -0.17333372, -0.21076488, 2.33333588, 2.20527959
10431, 37470749, 37471280, -0.17050236, -0.20809460, 2.33333588, 2.23751473
10432, 37471749, 37472275, -0.16762058, -0.20580578, 2.33333588, 2.40450883
10433, 37472749, 37473279, -0.16468619, -0.20351696, 2.33333588, 2.35986733
10434, 37473749, 37474279, -0.16169816, -0.20122814, 2.33333588, 2.33245158
10435, 37474749, 37475275, -0.15865757, -0.19855785, 2.33333588, 2.31561494
10436, 37475749, 37476279, -0.15556315, -0.19626904, 2.30158997, 2.45247245
10437, 37476749, 37477277, -0.15241523, -0.19436169, 2.30158997, 2.38932323
10438, 37477749, 37478276, -0.14921379, -0.19207287, 2.33333588, 2.20334387
10439, 37478749, 37479282, -0.14596021, -0.18940258, 2.33333588, 2.23632598
10440, 37479749, 37480276, -0.14265430, -0.18711376, 2.33333588, 2.40377879
10441, 37480749, 37481274, -0.13929537, -0.18444347, 2.36508179, 2.35941911
10442, 37481749, 37482274, -0.13588354, -0.18177319, 2.36508179, 2.47937393
10443, 37482749, 37483276, -0.13241830, -0.17948437, 2.39682770, 2.55304193
10444, 37483749, 37484271, -0.12890205, -0.17719555, 2.39682770, 2.45108604
10445, 37484749, 37485273, -0.12533562, -0.17452526, 2.39682770, 2.38847184
10446, 37485749, 37486273, -0.12171970, -0.17223644, 2.42857361, 2.49721599
10447, 37486749, 37487275, -0.11805417, -0.16994762, 2.42857361, 2.41680169
10448, 37487749, 37488273, -0.11433990, -0.16727734, 2.42857361, 2.36741686
10449, 37488749, 37489275, -0.11057740, -0.16460705, 2.42857361, 2.48428559
10450, 37489749, 37490274, -0.10676392, -0.16155529, 2.46031952, 2.55605817
10451, 37490749, 37491278, -0.10290089, -0.15888500, 2.52381134, 2.74733353
10452, 37491749, 37492276, -0.09898818, -0.15583229, 2.58730316, 2.71760416
10453, 37492749, 37493272, -0.09502610, -0.15316200, 2.65079498, 2.84691167
10454, 37493749, 37494272, -0.09101538, -0.15011024, 2.68254089, 2.77875781
10455, 37494749, 37495274, -0.08695647, -0.14705849, 2.77777863, 2.88410020
10456, 37495749, 37496277, -0.08285005, -0.14400673, 2.84127045, 2.94879413
10457, 37496749, 37497277, -0.07869636, -0.14095497, 2.90476227, 2.98852468
10458, 37497749, 37498273, -0.07449677, -0.13752174, 2.96825409, 3.01292443
10459, 37498749, 37499275, -0.07025288, -0.13408852, 3.03174591, 3.17510653
10460, 37499749, 37500281, -0.06596597, -0.13065529, 3.06349182, 3.27470779
10461, 37500749, 37501275, -0.06163925, -0.12722206, 3.12698364, 3.33587599
10462, 37501749, 37502272, -0.05727595, -0.12378883, 3.22222137, 3.37344122
10463, 37502749, 37503276, -0.05287868, -0.12035561, 3.28571320, 3.39651108
10464, 37503749, 37504276, -0.04845076, -0.11692238, 3.31745911, 3.41067886
10465, 37504749, 37505272, -0.04399458, -0.11310768, 3.38095093, 3.41937995
10466, 37505749, 37506270, -0.03951578, -0.10929298, 3.44444275, 3.57192087
10467, 37506749, 37507277, -0.03501976, -0.10585976, 3.50793457, 3.66560078
10468, 37507749, 37508275, -0.03051088, -0.10166359, 3.57142639, 3.57593513
10469, 37508749, 37509271, -0.02599191, -0.09823036, 3.60317230, 3.81526375
10470, 37509749, 37510277, -0.02146615, -0.09441566, 3.63491821, 3.66784763
10471, 37510749, 37511273, -0.01693645, -0.09021854, 3.69841003, 3.72451234
10472, 37511749, 37512267, -0.01240686, -0.08640385, 3.76190186, 3.90687728
10473, 37512749, 37513274, -0.00788061, -0.08258915, 3.79364777, 3.87130785
10474, 37513749, 37514268, -0.00336148, -0.07839298, 3.82539368, 3.84946346
10475, 37514749, 37515268, 0.00115027, -0.07419682, 3.88888550, 3.98324585
10476, 37515749, 37516272, 0.00565336, -0.07000065, 3.92063141, 4.06540537
10477, 37516749, 37517274, 0.01014859, -0.06580448, 3.98412323, 4.11586237
10478, 37517749, 37518271, 0.01463907, -0.06160831, 4.04762268, 4.14684963
10479, 37518749, 37519275, 0.01912654, -0.05741215, 4.04762268, 4.16587973
10480, 37519749, 37520281, 0.02361268, -0.05321598, 4.11111450, 4.17756653
10481, 37520749, 37521277, 0.02810056, -0.04901981, 4.14286041, 4.18474388
10482, 37521749, 37522275, 0.03259385, -0.04482365, 4.17460632, 4.18915176
10483, 37522749, 37523283, 0.03709679, -0.04024601, 4.17460632, 4.19185877
10484, 37523749, 37524276, 0.04161301, -0.03643131, 4.20635223, 4.34071875
10485, 37524749, 37525270, 0.04614520, -0.03185368, 4.30158997, 4.13774300
10486, 37525749, 37526276, 0.05069430, -0.02727509, 4.23809814, 4.30748463
10487, 37526749, 37527272, 0.05526102, -0.02307892, 4.42857361, 4.41209602
10488, 37527749, 37528276, 0.05984575, -0.01888275, 4.33333588, 4.32877541
10489, 37528749, 37529272, 0.06444639, -0.01468658, 4.30158997, 4.27760601
10490, 37529749, 37530273, 0.06906105, -0.01010895, 4.39682770, 4.24618101
10491, 37530749, 37531275, 0.07368667, -0.00553131, 4.36508179, 4.37407970
10492, 37531749, 37532273, 0.07831973, -0.00133514, 4.36508179, 4.45262623
10493, 37532749, 37533273, 0.08295954, 0.00324249, 4.26984406, 4.35366631
10494, 37533749, 37534277, 0.08760317, 0.00782013, 4.33333588, 4.44008970
10495, 37534749, 37535276, 0.09224717, 0.01239777, 4.20635223, 4.49316502
10496, 37535749, 37536278, 0.09688900, 0.01659393, 4.33333588, 4.52576017
10497, 37536749, 37537272, 0.10152772, 0.02079010, 4.36508179, 4.39858007
10498, 37537749, 37538278, 0.10615948, 0.02498627, 4.26984406, 4.32047510
10499, 37538749, 37539276, 0.11078271, 0.02956390, 4.33333588, 4.27250814
10500, 37539749, 37540267, 0.11539490, 0.03376102, 4.33333588, 4.39024782
10501, 37540749, 37541277, 0.11999501, 0.03833866, 4.33333588, 4.31572580
10502, 37541749, 37542275, 0.12458031, 0.04291630, 4.36508179, 4.41678905
10503, 37542749, 37543267, 0.12914892, 0.04711246, 4.36508179, 4.47885513
10504, 37543749, 37544273, 0.13369779, 0.05207157, 4.39682770, 4.36977434
10505, 37544749, 37545277, 0.13822486, 0.05626774, 4.39682770, 4.59717989
10506, 37545749, 37546276, 0.14272726, 0.06084538, 4.42857361, 4.44244099
10507, 37546749, 37547278, 0.14720286, 0.06542301, 4.42857361, 4.49460888
10508, 37547749, 37548276, 0.15165123, 0.06961918, 4.46031952, 4.52664661
10509, 37548749, 37549276, 0.15607037, 0.07457829, 4.49206543, 4.39912462
10510, 37549749, 37550276, 0.16045651, 0.07877445, 4.49206543, 4.61520481
10511, 37550749, 37551274, 0.16480637, 0.08335209, 4.49206543, 4.45351076
10512, 37551749, 37552281, 0.16911815, 0.08792973, 4.49206543, 4.50140715
10513, 37552749, 37553277, 0.17339057, 0.09250736, 4.49206543, 4.53082180
10514, 37553749, 37554275, 0.17762238, 0.09670448, 4.49206543, 4.54888630
10515, 37554749, 37555279, 0.18181239, 0.10128212, 4.49206543, 4.41315079
10516, 37555749, 37556277, 0.18596016, 0.10585976, 4.46031952, 4.47662067
10517, 37556749, 37557276, 0.19006507, 0.11005592, 4.46031952, 4.51559973
10518, 37557749, 37558276, 0.19412564, 0.11463356, 4.46031952, 4.39234018
10519, 37558749, 37559276, 0.19813892, 0.11921120, 4.61904907, 4.46384048
10520, 37559749, 37560278, 0.20210238, 0.12340736, 4.49206543, 4.50775099
10521, 37560749, 37561278, 0.20601314, 0.12798500, 4.46031952, 4.38752031
10522, 37561749, 37562275, 0.20986898, 0.13218117, 4.46031952, 4.46088028
10523, 37562749, 37563277, 0.21366844, 0.13675880, 4.46031952, 4.35873556
10524, 37563749, 37564277, 0.21741199, 0.14133644, 4.46031952, 4.44320297
10525, 37564749, 37565279, 0.22109859, 0.14553261, 4.46031952, 4.49507666
10526, 37565749, 37566273, 0.22472855, 0.15011024, 4.42857361, 4.37973642
10527, 37566749, 37567277, 0.22830038, 0.15392494, 4.23809814, 4.45609999
10528, 37567749, 37568276, 0.23181415, 0.15812206, 4.30158997, 4.20860195
10529, 37568749, 37569274, 0.23526843, 0.16269970, 4.33333588, 4.20417166
10530, 37569749, 37570274, 0.23866324, 0.16689587, 4.30158997, 4.34828043
10531, 37570749, 37571276, 0.24199791, 0.17071056, 4.26984406, 4.28958464
10532, 37571749, 37572272, 0.24527122, 0.17490673, 4.23809814, 4.10633993
10533, 37572749, 37573274, 0.24848221, 0.17910290, 4.20635223, 4.14100122
10534, 37573749, 37574277, 0.25162944, 0.18329906, 4.17460632, 4.16228771
10535, 37574749, 37575279, 0.25471228, 0.18711376, 4.14286041, 4.17536068
10536, 37575749, 37576273, 0.25772971, 0.19130993, 4.14286041, 4.03619146
10537, 37576749, 37577277, 0.26068074, 0.19512463, 4.07936859, 4.09792089
10538, 37577749, 37578275, 0.26356506, 0.19932079, 4.04762268, 3.98863339
10539, 37578749, 37579274, 0.26638156, 0.20351696, 4.04762268, 4.06871414
10540, 37579749, 37580274, 0.26913014, 0.20695019, 4.01587677, 4.11789417
10541, 37580749, 37581274, 0.27181008, 0.21114635, 4.01587677, 3.85370231
10542, 37581749, 37582274, 0.27442172, 0.21496105, 3.95237732, 3.98584914
10543, 37582749, 37583272, 0.27696478, 0.21877670, 3.92063141, 3.91980696
10544, 37583749, 37584273, 0.27943790, 0.22259140, 3.88888550, 3.87961626
10545, 37584749, 37585271, 0.28184018, 0.22640610, 3.85713959, 3.85456586
10546, 37585749, 37586269, 0.28417182, 0.22945786, 3.82539368, 3.83918190
10547, 37586749, 37587269, 0.28643209, 0.23289108, 3.76190186, 3.53533912
10548, 37587749, 37588273, 0.28862014, 0.23632431, 3.69841003, 3.49593735
10549, 37588749, 37589269, 0.29073569, 0.23975754, 3.63491821, 3.47173977
10550, 37589749, 37590274, 0.29277802, 0.24319077, 3.57142639, 3.45687914
10551, 37590749, 37591268, 0.29474631, 0.24662399, 3.50793457, 3.44775295
10552, 37591749, 37592282, 0.29663897, 0.24967575, 3.44444275, 3.44214821
10553, 37592749, 37593268, 0.29845354, 0.25272751, 3.34920502, 3.29150844
10554, 37593749, 37594266, 0.30019024, 0.25539780, 3.28571320, 3.19899583
10555, 37594749, 37595266, 0.30184907, 0.25806808, 3.22222137, 2.99498343
10556, 37595749, 37596269, 0.30342796, 0.26073837, 3.12698364, 2.86969328
10557, 37596749, 37597269, 0.30492574, 0.26379013, 3.03174591, 2.79274893
10558, 37597749, 37598277, 0.30634132, 0.26607895, 2.93650818, 2.89269257
10559, 37598749, 37599267, 0.30767271, 0.26874924, 2.84127045, 2.65967584
10560, 37599749, 37600265, 0.30891824, 0.27103806, 2.74603271, 2.66377068
10561, 37600749, 37601266, 0.31007612, 0.27370834, 2.65079498, 2.51908803
10562, 37601749, 37602280, 0.31114420, 0.27599716, 2.61904907, 2.57743144
10563, 37602749, 37603276, 0.31212103, 0.27828598, 2.52381134, 2.46606469
10564, 37603749, 37604278, 0.31300518, 0.28057480, 2.46031952, 2.39767075
10565, 37604749, 37605280, 0.31379524, 0.28248310, 2.39682770, 2.35566783
10566, 37605749, 37606282, 0.31448880, 0.28400898, 2.30158997, 2.18304324
10567, 37606749, 37607275, 0.31508449, 0.28591633, 2.20635223, 1.92946362
10568, 37607749, 37608267, 0.31558090, 0.28706074, 2.11111450, 1.92093003
10569, 37608749, 37609281, 0.31597674, 0.28896809, 1.98412323, 1.62129438
10570, 37609749, 37610281, 0.31626996, 0.29011250, 1.85713959, 1.73167408
10571, 37610749, 37611279, 0.31646028, 0.29201984, 1.76190186, 1.50506651
10572, 37611749, 37612279, 0.31654730, 0.29316425, 1.63491821, 1.66029501
10573, 37612749, 37613286, 0.31652880, 0.29469013, 1.53968048, 1.46123040
10574, 37613749, 37614280, 0.31640333, 0.29545307, 1.50793457, 1.48617625
10575, 37614749, 37615284, 0.31617084, 0.29697895, 1.44444275, 1.20710123
10576, 37615749, 37616280, 0.31582883, 0.29812336, 1.38095093, 1.33010781
10577, 37616749, 37617284, 0.31537583, 0.29888630, 1.28571320, 1.25845242
10578, 37617749, 37618276, 0.31481001, 0.29964924, 1.22222137, 1.06724906
10579, 37618749, 37619281, 0.31413022, 0.30079365, 1.15872955, 0.94982529
10580, 37619749, 37620281, 0.31333473, 0.30155659, 1.09523773, 1.02490926
10581, 37620749, 37621279, 0.31242222, 0.30193806, 1.00000000, 0.92382312
10582, 37621749, 37622281, 0.31139266, 0.30270100, 0.93650818, 0.71454543
10583, 37622749, 37623279, 0.31024414, 0.30308247, 0.84127045, 0.73321921
10584, 37623749, 37624262, 0.30897674, 0.30384541, 0.74603271, 0.59748977
10585, 37624749, 37625278, 0.30758941, 0.30422688, 0.68254089, 0.66133177
10586, 37625749, 37626280, 0.30608162, 0.30422688, 0.61904907, 0.55334157
10587, 37626749, 37627282, 0.30445179, 0.30422688, 0.52381134, 0.33982390
10588, 37627749, 37628280, 0.30269906, 0.30460835, 0.46031952, 0.20869620
10589, 37628749, 37629276, 0.30082226, 0.30460835, 0.39682770, 0.27536425
10590, 37629749, 37630279, 0.29882056, 0.30460835, 0.30158997, 0.16910957
10591, 37630749, 37631281, 0.29669252, 0.30460835, 0.23809814, 0.10385533
10592, 37631749, 37632277, 0.29443768, 0.30460835, 0.17460632, 0.06378073
10593, 37632749, 37633277, 0.29205588, 0.30460835, 0.11111450, 0.03916968
10594, 37633749, 37634277, 0.28954688, 0.30422688, 0.04762268, 0.02405530
10595, 37634749, 37635279, 0.28690982, 0.30422688, -0.01587677, -0.13242446
10596, 37635749, 37636278, 0.28414479, 0.30384541, -0.07936859, -0.08132589
10597, 37636749, 37637276, 0.28125095, 0.30308247, -0.14286041, -0.19714224
10598, 37637749, 37638282, 0.27822882, 0.30231953, -0.23809814, -0.41546613
10599, 37638749, 37639274, 0.27507973, 0.30193806, -0.30158997, -0.54954547
10600, 37639749, 37640276, 0.27180508, 0.30079365, -0.42857361, -0.48469016
10601, 37640749, 37641275, 0.26840588, 0.29964924, -0.55555725, -0.73925567
10602, 37641749, 37642277, 0.26488498, 0.29850483, -0.65079498, -0.89559209
10603, 37642749, 37643277, 0.26124495, 0.29736042, -0.74603271, -0.99160302
10604, 37643749, 37644279, 0.25748780, 0.29545307, -0.87301636, -1.05056632
10605, 37644749, 37645277, 0.25361601, 0.29392719, -1.03174591, -1.38117254
10606, 37645749, 37646276, 0.24963242, 0.29201984, -1.19047546, -1.43701029
10607, 37646749, 37647278, 0.24554110, 0.29011250, -1.34920502, -1.61849952
10608, 37647749, 37648276, 0.24134581, 0.28858662, -1.44444275, -1.72995758
10609, 37648749, 37649282, 0.23705018, 0.28629780, -1.57143021, -1.65120983
10610, 37649749, 37650274, 0.23265727, 0.28400898, -1.73015976, -1.89724350
10611, 37650749, 37651278, 0.22817129, 0.28172016, -1.85714340, -2.04834032
10612, 37651749, 37652274, 0.22359592, 0.27904892, -1.98412704, -2.14113355
10613, 37652749, 37653271, 0.21893579, 0.27637863, -2.11111069, -2.34568620
10614, 37653749, 37654271, 0.21419510, 0.27332687, -2.23809433, -2.47094011
10615, 37654749, 37655277, 0.20937802, 0.27065659, -2.36507797, -2.69506001
10616, 37655749, 37656271, 0.20448977, 0.26760483, -2.49206161, -2.68550110
10617, 37656749, 37657277, 0.19953521, 0.26455307, -2.61904907, -2.82682848
10618, 37657749, 37658272, 0.19451883, 0.26111984, -2.71428680, -2.91362190
10619, 37658749, 37659270, 0.18944648, 0.25768661, -2.84127045, -3.11412191
10620, 37659749, 37660276, 0.18432280, 0.25425339, -2.96825409, -3.23725510
10621, 37660749, 37661276, 0.17915216, 0.25082016, -3.09523773, -3.31287503
10622, 37661749, 37662268, 0.17393936, 0.24738693, -3.19047546, -3.35931540
10623, 37662749, 37663270, 0.16868825, 0.24357224, -3.31745911, -3.38783598
10624, 37663749, 37664273, 0.16340342, 0.23975754, -3.44444275, -3.55254865
10625, 37664749, 37665279, 0.15809128, 0.23556137, -3.53968430, -3.65370393
10626, 37665749, 37666275, 0.15275811, 0.23174667, -3.66666794, -3.86302400
10627, 37666749, 37667275, 0.14740779, 0.22716904, -3.76190567, -3.84437633
10628, 37667749, 37668271, 0.14204472, 0.22335434, -3.88888931, -4.12731934
10629, 37668749, 37669276, 0.13667358, 0.21877670, -3.98412704, -4.00668812
10630, 37669749, 37670276, 0.13129933, 0.21419811, -4.07936478, -4.22699976
10631, 37670749, 37671282, 0.12592693, 0.20962048, -4.17460251, -4.36266804
10632, 37671749, 37672272, 0.12056099, 0.20504284, -4.23809433, -4.44561768
10633, 37672749, 37673276, 0.11520649, 0.20046520, -4.33333206, -4.49655962
10634, 37673749, 37674276, 0.10986668, 0.19588757, -4.42856979, -4.52784491
10635, 37674749, 37675271, 0.10454673, 0.19092846, -4.49206161, -4.54705811
10636, 37675749, 37676275, 0.09925123, 0.18635082, -4.55555725, -4.70605516
10637, 37676749, 37677271, 0.09398402, 0.18139172, -4.58730316, -4.65650225
10638, 37677749, 37678271, 0.08874904, 0.17681408, -4.68254089, -4.77326822
10639, 37678749, 37679279, 0.08355037, 0.17147350, -4.74603271, -4.69778013
10640, 37679749, 37680282, 0.07839222, 0.16651440, -4.77777863, -4.94581556
10641, 37680749, 37681270, 0.07327633, 0.16155529, -4.80952454, -4.95094395
10642, 37681749, 37682276, 0.06820513, 0.15659618, -4.87301636, -4.95409346
10643, 37682749, 37683276, 0.06318285, 0.15125465, -4.87301636, -4.95602798
10644, 37683749, 37684280, 0.05821187, 0.14629555, -4.93650818, -5.10478115
10645, 37684749, 37685272, 0.05329430, 0.14133644, -5.00000000, -5.04856968
10646, 37685749, 37686269, 0.04843162, 0.13637733, -5.00000000, -5.01404810
10647, 37686749, 37687275, 0.04362475, 0.13141823, -5.03174591, -4.99284792
10648, 37687749, 37688273, 0.03887492, 0.12607765, -5.06349182, -4.97982836
10649, 37688749, 37689275, 0.03418380, 0.12073708, -5.09523773, -5.11902952
10650, 37689749, 37690271, 0.02955221, 0.11577797, -5.09523773, -5.20451736
10651, 37690749, 37691278, 0.02498168, 0.11043739, -5.09523773, -5.10982037
10652, 37691749, 37692274, 0.02047214, 0.10585976, -5.12698364, -5.19886208
10653, 37692749, 37693278, 0.01602352, 0.10051918, -5.09523773, -4.95915031
10654, 37693749, 37694280, 0.01163511, 0.09556007, -5.12698364, -5.10633087
10655, 37694749, 37695284, 0.00730596, 0.08983707, -5.12698364, -5.04952097
10656, 37695749, 37696274, 0.00303522, 0.08449650, -5.15872955, -5.30939579
10657, 37696749, 37697281, -0.00117864, 0.07915592, -5.22222137, -5.32142735
10658, 37697749, 37698275, -0.00533742, 0.07381535, -5.22222137, -5.32881641
10659, 37698749, 37699279, -0.00944347, 0.06885624, -5.25396729, -5.33335400
10660, 37699749, 37700271, -0.01349846, 0.06351566, -5.28571320, -5.18894291
10661, 37700749, 37701271, -0.01750534, 0.05817509, -5.28571320, -5.24745369
10662, 37701749, 37702276, -0.02146804, 0.05321598, -5.28571320, -5.28338671
10663, 37702749, 37703276, -0.02538778, 0.04825687, -5.28571320, -5.15825701
10664, 37703749, 37704280, -0.02926744, 0.04329777, -5.25396729, -5.08141088
10665, 37704749, 37705274, -0.03310999, 0.03795719, -5.15872955, -5.03421736
10666, 37705749, 37706274, -0.03691776, 0.03337955, -5.15872955, -5.15243149
10667, 37706749, 37707274, -0.04069480, 0.02841949, -5.06349182, -4.93063545
10668, 37707749, 37708275, -0.04444483, 0.02384186, -5.03174591, -4.94198990
10669, 37708749, 37709273, -0.04817166, 0.01926422, -4.96825409, -4.80139685
10670, 37709749, 37710277, -0.05187914, 0.01506805, -4.87301636, -4.71505451
10671, 37710749, 37711273, -0.05557028, 0.01049042, -4.77777863, -4.51483154
10672, 37711749, 37712273, -0.05924834, 0.00629425, -4.68254089, -4.53906631
10673, 37712749, 37713276, -0.06291781, 0.00209808, -4.61904907, -4.40675163
10674, 37713749, 37714276, -0.06658212, -0.00171661, -4.49206161, -4.32549334
10675, 37714749, 37715274, -0.07024541, -0.00553131, -4.39682388, -4.12839270
10676, 37715749, 37716274, -0.07391135, -0.00972748, -4.30158615, -4.00734711
10677, 37716749, 37717278, -0.07758445, -0.01316071, -4.14285660, -4.08020687
10678, 37717749, 37718274, -0.08126830, -0.01697540, -4.04761887, -3.83055735
10679, 37718749, 37719277, -0.08496805, -0.02040863, -3.98412704, -3.82443738
10680, 37719749, 37720277, -0.08868655, -0.02422333, -3.88888931, -3.67348146
10681, 37720749, 37721271, -0.09242751, -0.02727509, -3.76190567, -3.72797227
10682, 37721749, 37722273, -0.09619511, -0.03070831, -3.66666794, -3.46704173
10683, 37722749, 37723273, -0.09999327, -0.03414249, -3.60317612, -3.45399380
10684, 37723749, 37724274, -0.10382532, -0.03719425, -3.53968430, -3.44634867
10685, 37724749, 37725274, -0.10769470, -0.04062748, -3.47618866, -3.29408813
10686, 37725749, 37726272, -0.11160426, -0.04406071, -3.44444275, -3.34777784
10687, 37726749, 37727276, -0.11555629, -0.04711246, -3.38095093, -3.38075042
10688, 37727749, 37728272, -0.11955274, -0.05054569, -3.34920502, -3.25380206
10689, 37728749, 37729272, -0.12359446, -0.05359745, -3.31745911, -3.32303691
10690, 37729749, 37730273, -0.12768289, -0.05703068, -3.28571320, -3.21835852
10691, 37730749, 37731277, -0.13181794, -0.06008244, -3.25396729, -3.30127001
10692, 37731749, 37732271, -0.13600074, -0.06313419, -3.25396729, -3.20499086
10693, 37732749, 37733273, -0.14023292, -0.06656742, -3.22222137, -3.14586306
10694, 37733749, 37734271, -0.14451432, -0.06961918, -3.22222137, -3.25674844
10695, 37734749, 37735272, -0.14884345, -0.07305241, -3.19047546, -3.17764878
10696, 37735749, 37736270, -0.15321828, -0.07610416, -3.22222137, -3.27626872
10697, 37736749, 37737270, -0.15763624, -0.07915592, -3.19047546, -3.18963671
10698, 37737749, 37738270, -0.16209266, -0.08258915, -3.22222137, -3.13643360
10699, 37738749, 37739272, -0.16658020, -0.08525944, -3.22222137, -3.25095749
10700, 37739749, 37740270, -0.17109267, -0.08869267, -3.22222137, -3.02689481
10701, 37740749, 37741269, -0.17562200, -0.09250736, -3.25396729, -3.18368626
10702, 37741749, 37742269, -0.18015783, -0.09594154, -3.28571320, -3.42717409
10703, 37742749, 37743269, -0.18468763, -0.09975624, -3.34920502, -3.42987776
10704, 37743749, 37744269, -0.18919906, -0.10357094, -3.38095093, -3.57836771
10705, 37744749, 37745267, -0.19367780, -0.10738564, -3.47618866, -3.66955996
10706, 37745749, 37746277, -0.19810969, -0.11158180, -3.60317612, -3.72556400
10707, 37746749, 37747268, -0.20247896, -0.11577797, -3.69841385, -3.90715528
10708, 37747749, 37748266, -0.20676884, -0.11997414, -3.79365158, -4.01867628
10709, 37748749, 37749266, -0.21095963, -0.12340736, -3.85714340, -4.08716440
10710, 37749749, 37750266, -0.21503332, -0.12760353, -3.92063522, -3.83483028
10711, 37750749, 37751270, -0.21897264, -0.13218117, -3.98412704, -3.97425914
10712, 37751749, 37752269, -0.22275601, -0.13637733, -4.04761887, -4.20708418
10713, 37752749, 37753267, -0.22636190, -0.14095497, -4.11111069, -4.20287132
10714, 37753749, 37754269, -0.22976407, -0.14553261, -4.17460251, -4.34748173
10715, 37754749, 37755285, -0.23293377, -0.15011024, -4.20634842, -4.43629169
10716, 37755749, 37756275, -0.23583670, -0.15468788, -4.30158615, -4.49083233
10717, 37756749, 37757275, -0.23843765, -0.15964794, -4.42856979, -4.52432728
10718, 37757749, 37758283, -0.24070017, -0.16460705, -4.52381134, -4.69246292
10719, 37758749, 37759282, -0.24259017, -0.16880322, -4.58730316, -4.79535246
10720, 37759749, 37760284, -0.24407452, -0.17376232, -4.65079498, -4.56414509
10721, 37760749, 37761278, -0.24512930, -0.17795849, -4.68254089, -4.71654844
10722, 37761749, 37762282, -0.24573711, -0.18291759, -4.68254089, -4.51574898
10723, 37762749, 37763280, -0.24588968, -0.18749523, -4.68254089, -4.68682718
10724, 37763749, 37764281, -0.24558294, -0.19245434, -4.68254089, -4.64469385
10725, 37764749, 37765281, -0.24482112, -0.19665051, -4.65079498, -4.76601601
10726, 37765749, 37766275, -0.24361935, -0.20122814, -4.65079498, -4.54612875
10727, 37766749, 37767279, -0.24200253, -0.20504284, -4.61904907, -4.55828667
10728, 37767749, 37768277, -0.24000715, -0.20923901, -4.55555725, -4.27135801
10729, 37768749, 37769275, -0.23768179, -0.21305370, -4.46031570, -4.24234390
10730, 37769749, 37770280, -0.23508509, -0.21686840, -4.33333206, -4.07732821
10731, 37770749, 37771274, -0.23228058, -0.22030258, -4.20634842, -3.97598672
10732, 37771749, 37772280, -0.22932002, -0.22373581, -4.07936478, -3.76692057
10733, 37772749, 37773276, -0.22625104, -0.22678757, -3.92063522, -3.63815880
10734, 37773749, 37774260, -0.22310784, -0.22945786, -3.73015976, -3.41188455
10735, 37774749, 37775277, -0.21991363, -0.23136520, -3.50793839, -3.12572503
10736, 37775749, 37776277, -0.21668766, -0.23289108, -3.19047546, -2.65559077
10737, 37776749, 37777275, -0.21344201, -0.23365402, -2.87301636, -2.21966934
10738, 37777749, 37778279, -0.21018668, -0.23441696, -2.55555725, -1.65756154
10739, 37778749, 37779271, -0.20692927, -0.23517990, -2.20634842, -1.31235409
10740, 37779749, 37780277, -0.20367484, -0.23517990, -1.79365158, -1.10035169
10741, 37780749, 37781278, -0.20042670, -0.23479843, -1.38095093, -0.67575949
10742, 37781749, 37782276, -0.19718803, -0.23365402, -0.93650818, -0.26780695
10743, 37782749, 37783280, -0.19395931, -0.23289108, -0.52381134, 0.27712426
10744, 37783749, 37784276, -0.19073877, -0.23136520, -0.17460632, 0.46458554
10745, 37784749, 37785276, -0.18752724, -0.22983932, 0.17460632, 0.87410629
10746, 37785749, 37786277, -0.18432561, -0.22793198, 0.52381134, 1.12560546
10747, 37786749, 37787277, -0.18113427, -0.22602463, 0.84127045, 1.42725635
10748, 37787749, 37788275, -0.17795298, -0.22335434, 1.15872955, 1.61250925
10749, 37788749, 37789275, -0.17478260, -0.22106552, 1.44444275, 2.02067399
10750, 37789749, 37790281, -0.17162500, -0.21877670, 1.69841003, 2.12414265
10751, 37790749, 37791275, -0.16848119, -0.21610546, 1.88888550, 2.18768597
10752, 37791749, 37792276, -0.16535446, -0.21343517, 2.07936859, 2.37427545
10753, 37792749, 37793282, -0.16224799, -0.21038342, 2.26984406, 2.48849750
10754, 37793749, 37794282, -0.15916482, -0.20771313, 2.42857361, 2.70584249
10755, 37794749, 37795274, -0.15610838, -0.20466137, 2.55555725, 2.69212317
10756, 37795749, 37796276, -0.15308176, -0.20160961, 2.68254089, 2.83089519
10757, 37796749, 37797281, -0.15008742, -0.19817638, 2.77777863, 2.91611934
10758, 37797749, 37798275, -0.14712951, -0.19512463, 2.87301636, 3.11565566
10759, 37798749, 37799275, -0.14421329, -0.19207287, 2.93650818, 3.09099936
10760, 37799749, 37800273, -0.14134368, -0.18863964, 3.00000000, 3.07585716
10761, 37800749, 37801279, -0.13852425, -0.18520641, 3.06349182, 3.21375561
10762, 37801749, 37802277, -0.13576032, -0.18215466, 3.12698364, 3.29844332
10763, 37802749, 37803274, -0.13305546, -0.17910290, 3.12698364, 3.20325494
10764, 37803749, 37804274, -0.13041231, -0.17566967, 3.15872955, 3.14479685
10765, 37804749, 37805276, -0.12783059, -0.17261791, 3.15872955, 3.25609350
10766, 37805749, 37806278, -0.12530813, -0.16956615, 3.15872955, 3.17724657
10767, 37806749, 37807276, -0.12284057, -0.16651440, 3.15872955, 3.12882447
10768, 37807749, 37808273, -0.12042105, -0.16346264, 3.25396729, 3.09908676
10769, 37808749, 37809281, -0.11804099, -0.16041088, 3.15872955, 3.08082414
10770, 37809749, 37810275, -0.11568887, -0.15735912, 3.12698364, 3.06960821
10771, 37810749, 37811275, -0.11335210, -0.15430641, 3.09523773, 3.06272030
10772, 37811749, 37812277, -0.11101763, -0.15125465, 3.09523773, 3.05885816
10773, 37812749, 37813271, -0.10867146, -0.14782143, 3.09523773, 3.05611825
10774, 37813749, 37814285, -0.10630104, -0.14476967, 3.06349182, 3.20163321
10775, 37814749, 37815282, -0.10389362, -0.14171791, 3.03174591, 3.14380074
10776, 37815749, 37816282, -0.10143860, -0.13904762, 2.93650818, 3.10828424
10777, 37816749, 37817276, -0.09892607, -0.13599586, 3.06349182, 2.93927479
10778, 37817749, 37818276, -0.09634712, -0.13332558, 3.00000000, 2.98267865
10779, 37818749, 37819276, -0.09369569, -0.13065529, 2.93650818, 2.86213660
10780, 37819749, 37820281, -0.09096977, -0.12798500, 2.90476227, 2.78810811
10781, 37820749, 37821273, -0.08816984, -0.12493324, 2.90476227, 2.74264479
10782, 37821749, 37822281, -0.08529827, -0.12226295, 2.84127045, 2.86192226
10783, 37822749, 37823273, -0.08235854, -0.11997414, 2.80952454, 2.78797650
10784, 37823749, 37824277, -0.07935542, -0.11730385, 2.74603271, 2.59536672
10785, 37824749, 37825269, -0.07629431, -0.11425209, 2.65079498, 2.62427640
10786, 37825749, 37826277, -0.07318131, -0.11196327, 2.65079498, 2.78922844
10787, 37826749, 37827274, -0.07002252, -0.10967445, 2.65079498, 2.59613538
10788, 37827749, 37828280, -0.06682288, -0.10700417, 2.61904907, 2.47755122
10789, 37828749, 37829284, -0.06358731, -0.10433388, 2.58730316, 2.55192232
10790, 37829749, 37830284, -0.06031997, -0.10166359, 2.55555725, 2.59759617
10791, 37830749, 37831280, -0.05702480, -0.09899330, 2.55555725, 2.62564588
10792, 37831749, 37832279, -0.05370454, -0.09670448, 2.55555725, 2.64287186
10793, 37832749, 37833275, -0.05036187, -0.09441566, 2.68254089, 2.50625348
10794, 37833749, 37834279, -0.04700004, -0.09174442, 2.55555725, 2.42235184
10795, 37834749, 37835273, -0.04362072, -0.08945560, 2.52381134, 2.51839066
10796, 37835749, 37836277, -0.04022554, -0.08716679, 2.46031952, 2.42980576
10797, 37836749, 37837279, -0.03681735, -0.08487797, 2.42857361, 2.37540293
10798, 37837749, 37838282, -0.03339855, -0.08258915, 2.39682770, 2.34199262
10799, 37838749, 37839278, -0.02997110, -0.08030033, 2.36508179, 2.32147431
10800, 37839749, 37840274, -0.02653522, -0.07801151, 2.33333588, 2.30887341
10801, 37840749, 37841280, -0.02308967, -0.07610416, 2.11111450, 2.30113482
10802, 37841749, 37842282, -0.01963121, -0.07343388, 2.20635223, 2.14918470
10803, 37842749, 37843267, -0.01615730, -0.07152653, 2.23809814, 2.35026264
10804, 37843749, 37844277, -0.01266531, -0.06961918, 2.23809814, 2.17935562
10805, 37844749, 37845277, -0.00915283, -0.06694889, 2.20635223, 2.07439637
10806, 37845749, 37846273, -0.00561801, -0.06466007, 2.20635223, 2.30433297
10807, 37846749, 37847279, -0.00205790, -0.06237125, 2.20635223, 2.29834628
10808, 37847749, 37848275, 0.00152991, -0.06008244, 2.23809814, 2.29466963
10809, 37848749, 37849271, 0.00514553, -0.05741215, 2.30158997, 2.29241180
10810, 37849749, 37850278, 0.00878881, -0.05474186, 2.30158997, 2.43822289
10811, 37850749, 37851276, 0.01245988, -0.05245304, 2.33333588, 2.52776980
10812, 37851749, 37852278, 0.01615783, -0.04978275, 2.36508179, 2.43556571
10813, 37852749, 37853276, 0.01988019, -0.04673100, 2.46031952, 2.52613783
10814, 37853749, 37854276, 0.02362491, -0.04367924, 2.55555725, 2.72895861
10815, 37854749, 37855275, 0.02738979, -0.04024601, 2.61904907, 2.85351706
10816, 37855749, 37856273, 0.03117107, -0.03719425, 2.71428680, 3.07720971
10817, 37856749, 37857275, 0.03496576, -0.03376102, 2.84127045, 3.06738853
10818, 37857749, 37858277, 0.03877188, -0.03032684, 2.96825409, 3.20855474
10819, 37858749, 37859273, 0.04258782, -0.02689362, 3.09523773, 3.29561710
10820, 37859749, 37860275, 0.04641251, -0.02307892, 3.22222137, 3.34871697
10821, 37860749, 37861276, 0.05024424, -0.01926422, 3.31745911, 3.52852464
10822, 37861749, 37862274, 0.05408142, -0.01544952, 3.41269684, 3.63894987
10823, 37862749, 37863278, 0.05792259, -0.01125336, 3.53968048, 3.70676541
10824, 37863749, 37864272, 0.06176655, -0.00782013, 3.60317230, 3.89561057
10825, 37864749, 37865272, 0.06561366, -0.00362396, 3.69841003, 3.71719098
10826, 37865749, 37866275, 0.06946328, 0.00019073, 3.73015594, 3.90201330
10827, 37866749, 37867277, 0.07331412, 0.00438690, 3.82539368, 3.86832070
10828, 37867749, 37868275, 0.07716445, 0.00858307, 3.85713959, 3.99482679
10829, 37868749, 37869275, 0.08101244, 0.01239777, 3.88888550, 4.07251787
10830, 37869749, 37870279, 0.08485814, 0.01621246, 3.95237732, 3.97303271
10831, 37870749, 37871277, 0.08870186, 0.02040863, 3.95237732, 3.91193581
10832, 37871749, 37872280, 0.09254263, 0.02422333, 3.95237732, 4.02161169
10833, 37872749, 37873276, 0.09637875, 0.02803802, 3.95237732, 3.94176960
10834, 37873749, 37874274, 0.10020898, 0.03223515, 3.95237732, 3.89273620
10835, 37874749, 37875274, 0.10403237, 0.03604984, 3.95237732, 4.01018858
10836, 37875749, 37876274, 0.10784853, 0.03986454, 3.95237732, 3.93475437
10837, 37876749, 37877277, 0.11165713, 0.04406071, 3.95237732, 3.88842797
10838, 37877749, 37878275, 0.11545704, 0.04787540, 3.92063141, 4.00717497
10839, 37878749, 37879273, 0.11924626, 0.05207157, 3.95237732, 3.93290353
10840, 37879749, 37880269, 0.12302332, 0.05588627, 3.92063141, 4.03448915
10841, 37880749, 37881273, 0.12678823, 0.05970097, 3.92063141, 3.94967794
10842, 37881749, 37882271, 0.13054055, 0.06351566, 3.92063141, 3.89759278
10843, 37882749, 37883270, 0.13428001, 0.06771183, 3.92063141, 3.86560607
10844, 37883749, 37884270, 0.13800670, 0.07152653, 3.88888550, 3.99315953
10845, 37884749, 37885268, 0.14171940, 0.07495975, 3.88888550, 3.92429638
10846, 37885749, 37886270, 0.14541630, 0.07877445, 3.88888550, 3.73480797
10847, 37886749, 37887270, 0.14909539, 0.08258915, 3.85713959, 3.76563478
10848, 37887749, 37888270, 0.15275511, 0.08640385, 3.85713959, 3.78456664
10849, 37888749, 37889269, 0.15639283, 0.09021854, 3.82539368, 3.79619312
10850, 37889749, 37890271, 0.16000624, 0.09403419, 3.82539368, 3.80333328
10851, 37890749, 37891273, 0.16359371, 0.09746742, 3.79364777, 3.80808640
10852, 37891749, 37892269, 0.16715434, 0.10128212, 3.76190186, 3.66343999
10853, 37892749, 37893281, 0.17068848, 0.10509682, 3.73015594, 3.72180557
10854, 37893749, 37894282, 0.17419522, 0.10891151, 3.73015594, 3.75764942
10855, 37894749, 37895268, 0.17767391, 0.11234474, 3.69841003, 3.77966237
10856, 37895749, 37896282, 0.18112445, 0.11577797, 3.66666412, 3.64598370
10857, 37896749, 37897268, 0.18454561, 0.11921120, 3.63491821, 3.56388760
10858, 37897749, 37898276, 0.18793601, 0.12302589, 3.60317230, 3.51346993
10859, 37898749, 37899267, 0.19129428, 0.12645912, 3.60317230, 3.62970448
10860, 37899749, 37900283, 0.19461967, 0.13027382, 3.60317230, 3.55389023
10861, 37900749, 37901267, 0.19791172, 0.13370705, 3.57142639, 3.65452766
10862, 37901749, 37902271, 0.20116934, 0.13752174, 3.57142639, 3.56913471
10863, 37902749, 37903265, 0.20439245, 0.14095497, 3.57142639, 3.66388965
10864, 37903749, 37904269, 0.20758156, 0.14438820, 3.53968048, 3.57488418
10865, 37904749, 37905286, 0.21073684, 0.14743996, 3.53968048, 3.52022314
10866, 37905749, 37906276, 0.21385796, 0.15087318, 3.50793457, 3.33945680
10867, 37906749, 37907264, 0.21694474, 0.15430641, 3.50793457, 3.37564015
10868, 37907749, 37908274, 0.21999626, 0.15774059, 3.47618866, 3.39786124
10869, 37908749, 37909278, 0.22301228, 0.16117382, 3.44444275, 3.41187620
10870, 37909749, 37910282, 0.22599344, 0.16460705, 3.41269684, 3.42011523
10871, 37910749, 37911277, 0.22894073, 0.16804028, 3.41269684, 3.42517495
10872, 37911749, 37912279, 0.23185483, 0.17109203, 3.41269684, 3.42828226
10873, 37912749, 37913275, 0.23473614, 0.17452526, 3.38095093, 3.28299308
10874, 37913749, 37914279, 0.23758532, 0.17795849, 3.31745911, 3.34096408
10875, 37914749, 37915275, 0.24040212, 0.18101025, 3.31745911, 3.37656569
10876, 37915749, 37916280, 0.24318518, 0.18444347, 3.31745911, 3.25123215
10877, 37916749, 37917278, 0.24593371, 0.18787670, 3.31745911, 3.32145882
10878, 37917749, 37918276, 0.24864751, 0.19092846, 3.31745911, 3.36458707
10879, 37918749, 37919276, 0.25132483, 0.19436169, 3.28571320, 3.24387574
10880, 37919749, 37920278, 0.25396404, 0.19741344, 3.28571320, 3.31694078
10881, 37920749, 37921279, 0.25656381, 0.20046520, 3.25396729, 3.21461487
10882, 37921749, 37922279, 0.25912213, 0.20389843, 3.25396729, 3.15177345
10883, 37922749, 37923279, 0.26163924, 0.20695019, 3.22222137, 3.26037812
10884, 37923749, 37924273, 0.26411495, 0.21000195, 3.19047546, 3.17987776
10885, 37924749, 37925273, 0.26654634, 0.21305370, 3.19047546, 3.13044024
10886, 37925749, 37926275, 0.26893222, 0.21610546, 3.15872955, 3.10007906
10887, 37926749, 37927279, 0.27127200, 0.21915817, 3.15872955, 3.08143353
10888, 37927749, 37928274, 0.27356389, 0.22259140, 3.09523773, 3.07035065
10889, 37928749, 37929282, 0.27580690, 0.22564316, 3.09523773, 3.21037388
10890, 37929749, 37930280, 0.27800018, 0.22831345, 3.06349182, 3.14916897
10891, 37930749, 37931278, 0.28014296, 0.23136520, 3.03174591, 2.96438336
10892, 37931749, 37932276, 0.28223416, 0.23403549, 3.00000000, 2.99809837
10893, 37932749, 37933276, 0.28427204, 0.23708725, 2.96825409, 2.87160635
10894, 37933749, 37934277, 0.28625563, 0.23975754, 2.93650818, 2.94112134
10895, 37934749, 37935275, 0.28818387, 0.24242783, 2.90476227, 2.83661485
10896, 37935749, 37936277, 0.29005548, 0.24509811, 2.87301636, 2.77243423
10897, 37936749, 37937273, 0.29186943, 0.24814987, 2.84127045, 2.73301911
10898, 37937749, 37938273, 0.29362464, 0.25082016, 2.80952454, 2.85601068
10899, 37938749, 37939276, 0.29532021, 0.25349045, 2.74603271, 2.78434587
10900, 37939749, 37940274, 0.29695475, 0.25616074, 2.74603271, 2.74033427
10901, 37940749, 37941276, 0.29852787, 0.25844955, 2.71428680, 2.71330547
10902, 37941749, 37942276, 0.30003840, 0.26111984, 2.68254089, 2.54950881
10903, 37942749, 37943274, 0.30148423, 0.26379013, 2.68254089, 2.59611368
10904, 37943749, 37944274, 0.30286437, 0.26607895, 2.61904907, 2.62473536
10905, 37944749, 37945279, 0.30417806, 0.26836777, 2.55555725, 2.49511528
10906, 37945749, 37946271, 0.30542427, 0.27065659, 2.52381134, 2.41551161
10907, 37946749, 37947277, 0.30660182, 0.27294540, 2.49206543, 2.36662459
10908, 37947749, 37948273, 0.30771071, 0.27561569, 2.42857361, 2.33660150
10909, 37948749, 37949277, 0.30875126, 0.27752304, 2.39682770, 2.46536088
10910, 37949749, 37950278, 0.30972201, 0.28019333, 2.39682770, 2.25004077
10911, 37950749, 37951270, 0.31062195, 0.28210163, 2.33333588, 2.41220140
10912, 37951749, 37952270, 0.31145009, 0.28400898, 2.26984406, 2.21776223
10913, 37952749, 37953276, 0.31220555, 0.28629780, 2.20635223, 2.09798312
10914, 37953749, 37954276, 0.31288818, 0.28782368, 2.14286041, 2.17162061
10915, 37954749, 37955270, 0.31349722, 0.28934956, 2.07936859, 1.92244864
10916, 37955749, 37956279, 0.31403118, 0.29125690, 2.01587677, 1.76942444
10917, 37956749, 37957281, 0.31448877, 0.29240131, 1.92063141, 1.82264519
10918, 37957749, 37958279, 0.31486848, 0.29430866, 1.82539368, 1.56093454
10919, 37958749, 37959285, 0.31517005, 0.29545307, 1.73015594, 1.69460511
10920, 37959749, 37960277, 0.31539342, 0.29697895, 1.63491821, 1.48230124
10921, 37960749, 37961280, 0.31553659, 0.29812336, 1.57142639, 1.49911654
10922, 37961749, 37962280, 0.31559813, 0.29888630, 1.47618866, 1.36224580
10923, 37962749, 37963282, 0.31557745, 0.30003071, 1.38095093, 1.13099170
10924, 37963749, 37964280, 0.31547338, 0.30117512, 1.28571320, 1.13616908
10925, 37964749, 37965276, 0.31528473, 0.30193806, 1.22222137, 1.13934863
10926, 37965749, 37966278, 0.31500930, 0.30308247, 1.15872955, 0.99410379
10927, 37966749, 37967275, 0.31464460, 0.30384541, 1.06349182, 1.05210209
10928, 37967749, 37968275, 0.31418979, 0.30460835, 1.03174591, 0.94052303
10929, 37968749, 37969279, 0.31364495, 0.30537128, 0.93650818, 0.87199897
10930, 37969749, 37970273, 0.31300932, 0.30613422, 0.90476227, 0.82991618
10931, 37970749, 37971273, 0.31228194, 0.30651569, 0.84127045, 0.80407190
10932, 37971749, 37972282, 0.31146196, 0.30689716, 0.77777863, 0.64100254
10933, 37972749, 37973274, 0.31054837, 0.30689716, 0.71428680, 0.54085672
10934, 37973749, 37974276, 0.30954024, 0.30727863, 0.61904907, 0.33215657
10935, 37974749, 37975286, 0.30843645, 0.30727863, 0.52381134, 0.35118499
10936, 37975749, 37976274, 0.30723581, 0.30766010, 0.42857361, 0.21567340
10937, 37976749, 37977279, 0.30593756, 0.30727863, 0.36508179, 0.27964917
10938, 37977749, 37978281, 0.30454114, 0.30727863, 0.23809814, 0.02454352
10939, 37978749, 37979285, 0.30304554, 0.30727863, 0.14286041, 0.01507292
10940, 37979749, 37980275, 0.30144972, 0.30689716, 0.07936859, 0.00925674
10941, 37980749, 37981279, 0.29975256, 0.30689716, -0.01587677, -0.14151271
10942, 37981749, 37982275, 0.29795244, 0.30651569, -0.07936859, -0.08690726
10943, 37982749, 37983280, 0.29604739, 0.30613422, -0.11111450, -0.20056994
10944, 37983749, 37984280, 0.29403722, 0.30575275, -0.17460632, -0.27037367
10945, 37984749, 37985274, 0.29192227, 0.30537128, -0.23809814, -0.31324226
10946, 37985749, 37986280, 0.28970233, 0.30498981, -0.26984406, -0.33956918
10947, 37986749, 37987280, 0.28737640, 0.30422688, -0.33333588, -0.35573733
10948, 37987749, 37988280, 0.28494367, 0.30384541, -0.36508179, -0.51286423
10949, 37988749, 37989281, 0.28240493, 0.30346394, -0.42857361, -0.46216309
10950, 37989749, 37990277, 0.27975979, 0.30231953, -0.49206543, -0.43102598
10951, 37990749, 37991285, 0.27700770, 0.30193806, -0.52381134, -0.70629883
10952, 37991749, 37992281, 0.27414948, 0.30079365, -0.58730316, -0.58095717
10953, 37992749, 37993275, 0.27118570, 0.29926777, -0.68254089, -0.79837614
10954, 37993749, 37994285, 0.26811603, 0.29850483, -0.77777863, -1.07909727
10955, 37994749, 37995280, 0.26493961, 0.29697895, -0.87301636, -0.95710164
10956, 37995749, 37996284, 0.26165649, 0.29545307, -0.93650818, -1.17657542
10957, 37996749, 37997278, 0.25826734, 0.29430866, -1.06349182, -1.31136107
10958, 37997749, 37998282, 0.25477248, 0.29240131, -1.15872955, -1.24693942
10959, 37998749, 37999274, 0.25117233, 0.29125690, -1.25396729, -1.50177121
10960, 37999749, 38000281, 0.24746729, 0.28896809, -1.34920502, -1.36387610
10961, 38000749, 38001277, 0.24365850, 0.28744221, -1.44444275, -1.72078311
10962, 38001749, 38002277, 0.23974699, 0.28515339, -1.53968430, -1.64557552
10963, 38002749, 38003277, 0.23573385, 0.28324604, -1.63492203, -1.89378333
10964, 38003749, 38004279, 0.23162107, 0.28095627, -1.76190567, -1.89901769
10965, 38004749, 38005278, 0.22741023, 0.27866745, -1.85714340, -2.04979801
10966, 38005749, 38006280, 0.22310163, 0.27637863, -1.95238113, -2.14202857
10967, 38006749, 38007276, 0.21869668, 0.27370834, -2.07936478, -2.19867039
10968, 38007749, 38008276, 0.21419722, 0.27103806, -2.20634842, -2.38065338
10969, 38008749, 38009276, 0.20960429, 0.26836777, -2.30158615, -2.49241471
10970, 38009749, 38010272, 0.20491944, 0.26531601, -2.39682388, -2.56105042
10971, 38010749, 38011277, 0.20014530, 0.26264572, -2.49206161, -2.75039959
10972, 38011749, 38012275, 0.19528489, 0.25959396, -2.61904907, -2.71948695
10973, 38012749, 38013277, 0.19034091, 0.25616074, -2.71428680, -2.84770012
10974, 38013749, 38014273, 0.18531561, 0.25272751, -2.87301636, -3.07363749
10975, 38014749, 38015273, 0.18021093, 0.24967575, -2.93650818, -3.21239257
10976, 38015749, 38016275, 0.17502861, 0.24586105, -3.03174591, -3.15040851
10977, 38016749, 38017272, 0.16977066, 0.24242783, -3.15872955, -3.40673733
10978, 38017749, 38018272, 0.16444044, 0.23861313, -3.25396729, -3.41695929
10979, 38018749, 38019274, 0.15904191, 0.23479843, -3.38095093, -3.57043409
10980, 38019749, 38020272, 0.15357704, 0.23098373, -3.47618866, -3.66468763
10981, 38020749, 38021270, 0.14804751, 0.22678757, -3.57143021, -3.72257161
10982, 38021749, 38022271, 0.14245696, 0.22297287, -3.66666794, -3.90531778
10983, 38022749, 38023271, 0.13680935, 0.21877670, -3.79365158, -3.87034988
10984, 38023749, 38024271, 0.13110800, 0.21419811, -3.88888931, -3.99607277
10985, 38024749, 38025275, 0.12535594, 0.21000195, -3.98412704, -4.22084856
10986, 38025749, 38026271, 0.11955601, 0.20580578, -4.07936478, -4.21132469
10987, 38026749, 38027274, 0.11370990, 0.20084667, -4.14285660, -4.20547581
10988, 38027749, 38028272, 0.10782032, 0.19665051, -4.26984024, -4.49627876
10989, 38028749, 38029270, 0.10189035, 0.19169140, -4.33333206, -4.38047457
10990, 38029749, 38030270, 0.09592227, 0.18711376, -4.39682388, -4.60375118
10991, 38030749, 38031272, 0.08991841, 0.18215466, -4.49206161, -4.59367418
10992, 38031749, 38032270, 0.08388083, 0.17757702, -4.55555725, -4.73468351
10993, 38032749, 38033271, 0.07781165, 0.17261791, -4.65079498, -4.67408371
10994, 38033749, 38034283, 0.07171293, 0.16727734, -4.71428680, -4.78406525
10995, 38034749, 38035269, 0.06558669, 0.16231823, -4.80952454, -4.99880600
10996, 38035749, 38036279, 0.05943535, 0.15697765, -4.84127045, -4.98348665
10997, 38036749, 38037267, 0.05326063, 0.15163612, -4.96825409, -5.12127638
10998, 38037749, 38038271, 0.04706443, 0.14667702, -5.03174591, -5.20626545
10999, 38038749, 38039270, 0.04084883, 0.14133644, -5.09523773, -5.11089420
11000, 38039749, 38040268, 0.03461542, 0.13561440, -5.19047546, -5.19952154
11001, 38040749, 38041266, 0.02836598, 0.13027382, -5.25396729, -5.40114784
11002, 38041749, 38042266, 0.02210238, 0.12455177, -5.31745911, -5.37777519
11003, 38042749, 38043266, 0.01582537, 0.11921120, -5.34920502, -5.51061869
11004, 38043749, 38044267, 0.00953505, 0.11348915, -5.44444275, -5.44500446
11005, 38044749, 38045267, 0.00323265, 0.10776711, -5.44444275, -5.55190611
11006, 38045749, 38046269, -0.00308089, 0.10204506, -5.50793839, -5.61755800
11007, 38046749, 38047271, -0.00940475, 0.09632301, -5.57143021, -5.65787697
11008, 38047749, 38048265, -0.01573837, 0.09060001, -5.60317612, -5.68263769
11009, 38048749, 38049268, -0.02208230, 0.08487797, -5.63492203, -5.69821215
11010, 38049749, 38050276, -0.02843638, 0.07877445, -5.69841385, -5.70740891
11011, 38050749, 38051266, -0.03479919, 0.07267094, -5.76190567, -5.86025476
11012, 38051749, 38052266, -0.04117072, 0.06694889, -5.76190567, -5.95412159
11013, 38052749, 38053268, -0.04755113, 0.06122684, -5.82539749, -5.86457062
11014, 38053749, 38054266, -0.05394055, 0.05512333, -5.85714340, -5.80957460
11015, 38054749, 38055267, -0.06033943, 0.04901981, -5.92063522, -5.92299747
11016, 38055749, 38056263, -0.06674787, 0.04329777, -5.92063522, -5.99265432
11017, 38056749, 38057265, -0.07316677, 0.03681278, -5.98412704, -5.88823509
11018, 38057749, 38058281, -0.07959647, 0.03070831, -5.98412704, -6.11850262
11019, 38058749, 38059269, -0.08603700, 0.02460480, -6.01587296, -6.11308765
11020, 38059749, 38060267, -0.09248912, 0.01850128, -6.04761887, -6.10939407
11021, 38060749, 38061282, -0.09895395, 0.01239777, -6.04761887, -6.10712576
11022, 38061749, 38062282, -0.10543120, 0.00667572, -6.04761887, -6.10573244
11023, 38062749, 38063266, -0.11191989, 0.00057220, -6.04761887, -5.95767975
11024, 38063749, 38064266, -0.11842002, -0.00553131, -6.11111069, -6.01395369
11025, 38064749, 38065278, -0.12493019, -0.01163483, -6.11111069, -6.04851294
11026, 38065749, 38066279, -0.13144895, -0.01811981, -6.11111069, -6.06973648
11027, 38066749, 38067281, -0.13797578, -0.02422333, -6.11111069, -6.22996807
11028, 38067749, 38068281, -0.14451051, -0.03032684, -6.11111069, -6.18117428
11029, 38068749, 38069267, -0.15105173, -0.03681278, -6.17460251, -6.15120840
11030, 38069749, 38070273, -0.15759653, -0.04291630, -6.20634842, -6.28037071
11031, 38070749, 38071280, -0.16414331, -0.04940128, -6.20634842, -6.21212769
11032, 38071749, 38072280, -0.17069091, -0.05550480, -6.23809433, -6.31741524
11033, 38072749, 38073272, -0.17723742, -0.06198978, -6.26984024, -6.23487806
11034, 38073749, 38074272, -0.18378112, -0.06847477, -6.30158615, -6.33138704
11035, 38074749, 38075276, -0.19031920, -0.07495975, -6.33333206, -6.39065599
11036, 38075749, 38076274, -0.19684936, -0.08144474, -6.36507797, -6.42705488
11037, 38076749, 38077274, -0.20336914, -0.08754826, -6.36507797, -6.44940853
11038, 38077749, 38078281, -0.20987543, -0.09403419, -6.39682388, -6.31593895
11039, 38078749, 38079279, -0.21636440, -0.10051918, -6.39682388, -6.38153648
11040, 38079749, 38080275, -0.22283152, -0.10662270, -6.39682388, -6.42145395
11041, 38080749, 38081275, -0.22927298, -0.11310768, -6.39682388, -6.29877090
11042, 38081749, 38082273, -0.23568389, -0.11959267, -6.36507797, -6.37062550
11043, 38082749, 38083274, -0.24205866, -0.12569618, -6.39682388, -6.41475344
11044, 38083749, 38084274, -0.24839123, -0.13218117, -6.36507797, -6.29465628
11045, 38084749, 38085276, -0.25467464, -0.13866615, -6.52381134, -6.36809874
11046, 38085749, 38086274, -0.26089999, -0.14438820, -6.39682388, -6.41320181
11047, 38086749, 38087274, -0.26705715, -0.15125465, -6.36507797, -6.14650583
11048, 38087749, 38088278, -0.27313492, -0.15774059, -6.52381134, -6.42431211
11049, 38088749, 38089275, -0.27911884, -0.16422558, -6.39682388, -6.44809198
11050, 38089749, 38090277, -0.28499562, -0.17032909, -6.39682388, -6.46232843
11051, 38090749, 38091273, -0.29075184, -0.17681408, -6.55555725, -6.32387352
11052, 38091749, 38092277, -0.29637295, -0.18291759, -6.42856979, -6.38604164
11053, 38092749, 38093277, -0.30184397, -0.18940258, -6.20634842, -6.27702379
11054, 38093749, 38094275, -0.30715048, -0.19550610, -6.52381134, -6.35727024
11055, 38094749, 38095274, -0.31227830, -0.20199108, -6.39682388, -6.25935411
11056, 38095749, 38096274, -0.31721532, -0.20809460, -6.20634842, -6.34641838
11057, 38096749, 38097270, -0.32195207, -0.21419811, -6.30158615, -6.25268984
11058, 38097749, 38098274, -0.32648036, -0.22068405, -6.39682388, -6.19512796
11059, 38098749, 38099272, -0.33079433, -0.22678757, -6.17460251, -6.30734301
11060, 38099749, 38100273, -0.33489060, -0.23289108, -6.26984024, -6.22869205
11061, 38100749, 38101275, -0.33876944, -0.23899460, -6.26984024, -6.18039036
11062, 38101749, 38102281, -0.34243339, -0.24547958, -6.04761887, -6.15072680
11063, 38102749, 38103281, -0.34588706, -0.25120163, -6.14285660, -6.27970743
11064, 38103749, 38104277, -0.34913665, -0.25730515, -6.14285660, -6.06452274
11065, 38104749, 38105279, -0.35218906, -0.26340866, -6.14285660, -6.07956886
11066, 38105749, 38106272, -0.35505486, -0.26913071, -6.20634842, -6.08880949
11067, 38106749, 38107272, -0.35774684, -0.27523422, -6.07936478, -5.94728661
11068, 38107749, 38108272, -0.36027804, -0.28095627, -6.01587296, -6.00757074
11069, 38108749, 38109274, -0.36266056, -0.28629780, -5.98412704, -5.89739561
11070, 38109749, 38110278, -0.36490747, -0.29201984, -5.92063522, -5.68290424
11071, 38110749, 38111273, -0.36703223, -0.29697895, -5.82539749, -5.69800758
11072, 38111749, 38112275, -0.36904785, -0.30193806, -5.69841385, -5.41288805
11073, 38112749, 38113273, -0.37096691, -0.30689716, -5.63492203, -5.23778772
11074, 38113749, 38114273, -0.37280139, -0.31147480, -5.28571320, -5.13025331
11075, 38114749, 38115281, -0.37456253, -0.31605244, -5.22222137, -4.91701555
11076, 38115749, 38116271, -0.37625939, -0.31986713, -5.15872955, -4.78605938
11077, 38116749, 38117274, -0.37789977, -0.32368183, -4.90476227, -4.41124010
11078, 38117749, 38118272, -0.37949091, -0.32749653, -4.74603271, -4.18105221
11079, 38118749, 38119272, -0.38103926, -0.33131123, -4.52381134, -4.03968668
11080, 38119749, 38120278, -0.38254908, -0.33474445, -4.30158615, -3.95286989
11081, 38120749, 38121276, -0.38402453, -0.33779621, -3.98412704, -3.75235581
11082, 38121749, 38122272, -0.38546816, -0.34046650, -3.92063522, -3.48201632
11083, 38122749, 38123273, -0.38688016, -0.34313679, -3.66666794, -3.16879511
11084, 38123749, 38124273, -0.38826007, -0.34618950, -3.38095093, -2.97643638
11085, 38124749, 38125279, -0.38960880, -0.34847832, -3.28571320, -3.00586867
11086, 38125749, 38126275, -0.39092618, -0.35076714, -3.00000000, -2.72918081
11087, 38126749, 38127277, -0.39220825, -0.35305595, -2.87301636, -2.55925822
11088, 38127749, 38128276, -0.39345059, -0.35496330, -2.71428680, -2.45490360
11089, 38128749, 38129276, -0.39464915, -0.35687065, -2.58730316, -2.24361873
11090, 38129749, 38130276, -0.39579800, -0.35915947, -2.33333206, -2.11386228
11091, 38130749, 38131278, -0.39689070, -0.36068535, -2.26984024, -2.18137240
11092, 38131749, 38132280, -0.39792007, -0.36259270, -2.14285660, -1.92843747
11093, 38132749, 38133285, -0.39887926, -0.36411858, -1.98412704, -1.92029989
11094, 38133749, 38134283, -0.39976075, -0.36564445, -1.92063522, -1.76810479
11095, 38134749, 38135277, -0.40055701, -0.36717033, -1.85714340, -1.67463720
11096, 38135749, 38136281, -0.40126005, -0.36869621, -1.76190567, -1.61723590
11097, 38136749, 38137277, -0.40186101, -0.36984062, -1.66666794, -1.58198404
11098, 38137749, 38138277, -0.40235358, -0.37136650, -1.60317612, -1.41313720
11099, 38138749, 38139286, -0.40273347, -0.37251091, -1.53968430, -1.45664084
11100, 38139749, 38140278, -0.40299824, -0.37403679, -1.50793839, -1.33616018
11101, 38140749, 38141278, -0.40314436, -0.37518120, -1.44444275, -1.40936685
11102, 38141749, 38142276, -0.40316787, -0.37632561, -1.41269684, -1.30712771
11103, 38142749, 38143278, -0.40306598, -0.37747002, -1.34920502, -1.24433959
11104, 38143749, 38144283, -0.40283772, -0.37861443, -1.31745911, -1.20577943
11105, 38144749, 38145281, -0.40248293, -0.37975883, -1.28571320, -1.18209851
11106, 38145749, 38146277, -0.40200195, -0.38090324, -1.25396729, -1.16755533
11107, 38146749, 38147279, -0.40139636, -0.38166618, -1.22222137, -1.15862393
11108, 38147749, 38148281, -0.40066949, -0.38281059, -1.15872955, -1.00594139
11109, 38148749, 38149279, -0.39982453, -0.38357353, -1.09523773, -1.05937195
11110, 38149749, 38150284, -0.39886391, -0.38471794, -1.09523773, -0.94498771
11111, 38150749, 38151282, -0.39779204, -0.38509941, -1.03174591, -1.02193844
11112, 38151749, 38152282, -0.39661381, -0.38624382, -1.00000000, -0.77480102
11113, 38152749, 38153278, -0.39533165, -0.38700676, -0.96825409, -0.91742152
11114, 38153749, 38154278, -0.39394954, -0.38776970, -0.90476227, -0.85781157
11115, 38154749, 38155279, -0.39247173, -0.38815117, -0.84127045, -0.82120335
11116, 38155749, 38156279, -0.39090142, -0.38853264, -0.77777863, -0.65152353
11117, 38156749, 38157279, -0.38923970, -0.38891411, -0.71428680, -0.54731798
11118, 38157749, 38158279, -0.38748729, -0.38929558, -0.65079498, -0.48332220
11119, 38158749, 38159277, -0.38564566, -0.38929558, -0.58730316, -0.44402045
11120, 38159749, 38160279, -0.38371485, -0.38929558, -0.49206543, -0.27268648
11121, 38160749, 38161280, -0.38169587, -0.38929558, -0.39682770, -0.16746508
11122, 38161749, 38162280, -0.37958971, -0.38929558, -0.30158997, -0.10284540
11123, 38162749, 38163278, -0.37739739, -0.38891411, -0.23809814, -0.06316049
11124, 38163749, 38164280, -0.37512076, -0.38853264, -0.14286041, 0.10840877
11125, 38164749, 38165280, -0.37276268, -0.38815117, -0.04762268, 0.21377468
11126, 38165749, 38166280, -0.37032527, -0.38776970, 0.04762268, 0.27848309
11127, 38166749, 38167279, -0.36781061, -0.38700676, 0.17460632, 0.31822252
11128, 38167749, 38168279, -0.36522162, -0.38624382, 0.26984406, 0.48982522
11129, 38168749, 38169275, -0.36256197, -0.38548088, 0.36508179, 0.59521168
11130, 38169749, 38170279, -0.35983443, -0.38471794, 0.46031952, 0.65993273
11131, 38170749, 38171277, -0.35704195, -0.38357353, 0.58730316, 0.69967991
11132, 38171749, 38172274, -0.35418794, -0.38204765, 0.68254089, 0.87128741
11133, 38172749, 38173274, -0.35127476, -0.38128471, 0.80952454, 1.12387431
11134, 38173749, 38174272, -0.34830469, -0.37975883, 0.90476227, 0.98460054
11135, 38174749, 38175276, -0.34527951, -0.37823296, 1.00000000, 1.19346333
11136, 38175749, 38176276, -0.34220144, -0.37632561, 1.09523773, 1.32173240
11137, 38176749, 38177273, -0.33907288, -0.37479973, 1.22222137, 1.54770386
11138, 38177749, 38178271, -0.33589587, -0.37289238, 1.34920502, 1.53928220
11139, 38178749, 38179271, -0.33267391, -0.37136650, 1.41269684, 1.68130779
11140, 38179749, 38180273, -0.32941076, -0.36945915, 1.53968048, 1.62133253
11141, 38180749, 38181271, -0.32610995, -0.36717033, 1.63491821, 1.73169744
11142, 38181749, 38182271, -0.32277641, -0.36488152, 1.73015594, 1.94667351
11143, 38182749, 38183272, -0.31941459, -0.36297417, 1.82539368, 2.07869697
11144, 38183749, 38184272, -0.31602842, -0.36030388, 1.92063141, 2.01257873
11145, 38184749, 38185272, -0.31262064, -0.35801506, 2.01587677, 2.26636887
11146, 38185749, 38186268, -0.30919501, -0.35534477, 2.11111450, 2.27503133
11147, 38186749, 38187268, -0.30575350, -0.35305595, 2.20635223, 2.42754889
11148, 38187749, 38188267, -0.30229625, -0.35000420, 2.30158997, 2.37401700
11149, 38188749, 38189267, -0.29882413, -0.34733391, 2.36508179, 2.63553643
11150, 38189749, 38190267, -0.29533818, -0.34466362, 2.46031952, 2.64894605
11151, 38190749, 38191273, -0.29183674, -0.34199238, 2.52381134, 2.65718126
11152, 38191749, 38192279, -0.28831729, -0.33894062, 2.58730316, 2.66260672
11153, 38192749, 38193265, -0.28477874, -0.33588886, 2.65079498, 2.81276846
11154, 38193749, 38194268, -0.28121799, -0.33321857, 2.71428680, 2.90498734
11155, 38194749, 38195266, -0.27763203, -0.33016682, 2.77777863, 2.81442404
11156, 38195749, 38196266, -0.27401748, -0.32711506, 2.80952454, 2.90600395
11157, 38196749, 38197266, -0.27037165, -0.32406330, 2.84127045, 2.96224594
11158, 38197749, 38198264, -0.26669326, -0.32063007, 2.90476227, 2.99678588
11159, 38198749, 38199266, -0.26298112, -0.31757832, 2.96825409, 3.16519547
11160, 38199749, 38200283, -0.25923428, -0.31452656, 3.00000000, 3.12142348
11161, 38200749, 38201267, -0.25545272, -0.31147480, 3.03174591, 3.09454155
11162, 38201749, 38202277, -0.25163668, -0.30804157, 3.06349182, 3.07803273
11163, 38202749, 38203265, -0.24778607, -0.30498981, 3.09523773, 3.21509147
11164, 38203749, 38204275, -0.24390110, -0.30155659, 3.12698364, 3.15206599
11165, 38204749, 38205282, -0.23998182, -0.29812336, 3.15872955, 3.26055765
11166, 38205749, 38206270, -0.23602740, -0.29507160, 3.22222137, 3.32718587
11167, 38206749, 38207278, -0.23203920, -0.29201984, 3.22222137, 3.22090650
11168, 38207749, 38208282, -0.22801822, -0.28858662, 3.22222137, 3.15563703
11169, 38208749, 38209276, -0.22396488, -0.28515339, 3.25396729, 3.26275063
11170, 38209749, 38210263, -0.21988089, -0.28133869, 3.28571320, 3.32853270
11171, 38210749, 38211277, -0.21576719, -0.27790451, 3.34920502, 3.51612878
11172, 38211749, 38212269, -0.21162401, -0.27447128, 3.38095093, 3.48450780
11173, 38212749, 38213261, -0.20745170, -0.27065659, 3.38095093, 3.46472025
11174, 38213749, 38214277, -0.20325230, -0.26722336, 3.41269684, 3.59976554
11175, 38214749, 38215277, -0.19902809, -0.26379013, 3.44444275, 3.53550363
11176, 38215749, 38216278, -0.19478105, -0.25997543, 3.50793457, 3.49603844
11177, 38216749, 38217280, -0.19051348, -0.25616074, 3.50793457, 3.61899900
11178, 38217749, 38218278, -0.18622701, -0.25272751, 3.53968048, 3.69451284
11179, 38218749, 38219284, -0.18192434, -0.24891281, 3.57142639, 3.59369087
11180, 38219749, 38220278, -0.17760855, -0.24547958, 3.57142639, 3.67897034
11181, 38220749, 38221276, -0.17328176, -0.24204636, 3.60317230, 3.58414578
11182, 38221749, 38222274, -0.16894655, -0.23823166, 3.63491821, 3.52591109
11183, 38222749, 38223273, -0.16460477, -0.23441696, 3.66666412, 3.63734484
11184, 38223749, 38224275, -0.16025816, -0.23022079, 3.66666412, 3.70577955
11185, 38224749, 38225275, -0.15590905, -0.22678757, 3.69841003, 3.89500499
11186, 38225749, 38226275, -0.15155967, -0.22297287, 3.73015594, 3.71681905
11187, 38226749, 38227275, -0.14721146, -0.21877670, 3.73015594, 3.75458741
11188, 38227749, 38228278, -0.14286692, -0.21496105, 3.79364777, 3.92497969
11189, 38228749, 38229276, -0.13852768, -0.21114635, 3.79364777, 3.88279295
11190, 38229749, 38230274, -0.13419525, -0.20695019, 3.82539368, 3.85651684
11191, 38230749, 38231276, -0.12987138, -0.20275402, 3.85713959, 3.98757744
11192, 38231749, 38232274, -0.12555781, -0.19855785, 3.92063141, 4.06806564
11193, 38232749, 38233280, -0.12125642, -0.19474316, 3.95237732, 4.11749601
11194, 38233749, 38234281, -0.11696887, -0.19054699, 3.95237732, 4.00065517
11195, 38234749, 38235277, -0.11269641, -0.18635082, 4.01587677, 4.07609701
11196, 38235749, 38236283, -0.10843977, -0.18215466, 4.01587677, 4.12242842
11197, 38236749, 38237277, -0.10420014, -0.17795849, 4.04762268, 4.15088177
11198, 38237749, 38238275, -0.09997858, -0.17414379, 4.07936859, 4.16835594
11199, 38238749, 38239276, -0.09577616, -0.16994762, 4.07936859, 4.03188992
11200, 38239749, 38240274, -0.09159400, -0.16575146, 4.07936859, 4.09527922
11201, 38240749, 38241276, -0.08743271, -0.16155529, 4.11111450, 4.13420868
11202, 38241749, 38242276, -0.08329327, -0.15774059, 4.11111450, 4.15811634
11203, 38242749, 38243276, -0.07917640, -0.15316200, 4.14286041, 4.02560139
11204, 38243749, 38244276, -0.07508237, -0.14896584, 4.11111450, 4.23898315
11205, 38244749, 38245281, -0.07101305, -0.14476967, 4.14286041, 4.22246170
11206, 38245749, 38246275, -0.06697015, -0.14057350, 4.17460632, 4.21231508
11207, 38246749, 38247283, -0.06295373, -0.13637733, 4.17460632, 4.20608377
11208, 38247749, 38248273, -0.05896508, -0.13218117, 4.17460632, 4.20225716
11209, 38248749, 38249275, -0.05500675, -0.12798500, 4.20635223, 4.19990730
11210, 38249749, 38250272, -0.05107997, -0.12340736, 4.23809814, 4.19846392
11211, 38250749, 38251278, -0.04718669, -0.11959267, 4.20635223, 4.34477520
11212, 38251749, 38252280, -0.04332771, -0.11539650, 4.20635223, 4.14023399
11213, 38252749, 38253272, -0.03950346, -0.11081886, 4.20635223, 4.16181660
11214, 38253749, 38254278, -0.03571469, -0.10700417, 4.17460632, 4.32226896
11215, 38254749, 38255272, -0.03196330, -0.10280800, 4.17460632, 4.12641239
11216, 38255749, 38256275, -0.02825140, -0.09861183, 4.17460632, 4.15332842
11217, 38256749, 38257277, -0.02457977, -0.09517860, 4.14286041, 4.16985846
11218, 38257749, 38258275, -0.02094978, -0.09098148, 4.11111450, 3.88561511
11219, 38258749, 38259277, -0.01736242, -0.08678532, 4.07936859, 4.00581551
11220, 38259749, 38260279, -0.01381931, -0.08258915, 4.07936859, 4.07926607
11221, 38260749, 38261282, -0.01032290, -0.07877445, 4.04762268, 4.12437439
11222, 38261749, 38262280, -0.00687483, -0.07495975, 4.01587677, 4.00487947
11223, 38262749, 38263278, -0.00347607, -0.07076359, 3.98412323, 3.93149376
11224, 38263749, 38264280, -0.00012809, -0.06694889, 3.98412323, 4.03362322
11225, 38264749, 38265280, 0.00316759, -0.06313419, 3.95237732, 3.94914627
11226, 38265749, 38266277, 0.00640930, -0.05893803, 3.95237732, 3.89726639
11227, 38266749, 38267279, 0.00959556, -0.05512333, 3.95237732, 4.01260281
11228, 38267749, 38268275, 0.01272535, -0.05130863, 3.92063141, 3.93623686
11229, 38268749, 38269275, 0.01579745, -0.04749393, 3.92063141, 3.88933825
11230, 38269749, 38270273, 0.01881057, -0.04367924, 3.88888550, 3.86053658
11231, 38270749, 38271273, 0.02176313, -0.03948307, 3.88888550, 3.84284854
11232, 38271749, 38272274, 0.02465373, -0.03604984, 3.85713959, 3.97918344
11233, 38272749, 38273274, 0.02748144, -0.03223515, 3.85713959, 3.76851559
11234, 38273749, 38274278, 0.03024436, -0.02841949, 3.82539368, 3.78633547
11235, 38274749, 38275272, 0.03294146, -0.02498627, 3.79364777, 3.79764748
11236, 38275749, 38276270, 0.03557201, -0.02117157, 3.76190186, 3.65702915
11237, 38276749, 38277276, 0.03813471, -0.01773834, 3.76190186, 3.71786833
11238, 38277749, 38278277, 0.04062757, -0.01392365, 3.69841003, 3.60803413
11239, 38278749, 38279285, 0.04304922, -0.01049042, 3.66666412, 3.68777895
11240, 38279749, 38280271, 0.04539881, -0.00705719, 3.63491821, 3.58955550
11241, 38280749, 38281277, 0.04767614, -0.00362396, 3.60317230, 3.52923322
11242, 38281749, 38282281, 0.04988006, -0.00019073, 3.57142639, 3.49218750
11243, 38282749, 38283280, 0.05200888, 0.00286102, 3.50793457, 3.46943688
11244, 38283749, 38284276, 0.05406135, 0.00629425, 3.44444275, 3.30826712
11245, 38284749, 38285270, 0.05603595, 0.00934601, 3.38095093, 3.35648561
11246, 38285749, 38286276, 0.05793180, 0.01239777, 3.34920502, 3.23890042
11247, 38286749, 38287276, 0.05974756, 0.01544952, 3.28571320, 3.16668773
11248, 38287749, 38288273, 0.06148366, 0.01850128, 3.19047546, 3.12233973
11249, 38288749, 38289269, 0.06313870, 0.02117157, 3.12698364, 3.09510446
11250, 38289749, 38290279, 0.06471075, 0.02422333, 3.06349182, 2.93118072
11251, 38290749, 38291279, 0.06619811, 0.02689362, 3.03174591, 2.97770762
11252, 38291749, 38292277, 0.06760012, 0.02956390, 2.96825409, 2.85908365
11253, 38292749, 38293275, 0.06891578, 0.03185368, 2.87301636, 2.78623319
11254, 38293749, 38294276, 0.07014477, 0.03414249, 2.77777863, 2.59466386
11255, 38294749, 38295274, 0.07128653, 0.03643131, 2.71428680, 2.47664762
11256, 38295749, 38296274, 0.07234060, 0.03872013, 2.61904907, 2.40417004
11257, 38296749, 38297280, 0.07330582, 0.04062748, 2.49206543, 2.35965943
11258, 38297749, 38298276, 0.07418144, 0.04253483, 2.39682770, 2.18512630
11259, 38298749, 38299274, 0.07496601, 0.04444218, 2.30158997, 2.07794023
11260, 38299749, 38300279, 0.07565840, 0.04634953, 2.17460632, 2.01211405
11261, 38300749, 38301281, 0.07625818, 0.04825687, 2.07936859, 1.97168815
11262, 38301749, 38302283, 0.07676494, 0.04978275, 1.98412323, 1.94686151
11263, 38302749, 38303279, 0.07717836, 0.05130863, 1.92063141, 1.78441715
11264, 38303749, 38304277, 0.07749875, 0.05283451, 1.82539368, 1.68465519
11265, 38304749, 38305279, 0.07772450, 0.05397892, 1.76190186, 1.62338829
11266, 38305749, 38306280, 0.07785574, 0.05550480, 1.66666412, 1.43856478
11267, 38306749, 38307276, 0.07789259, 0.05664921, 1.57142639, 1.47225666
11268, 38307749, 38308278, 0.07783429, 0.05817509, 1.50793457, 1.34575033
11269, 38308749, 38309276, 0.07768061, 0.05893803, 1.41269684, 1.41525650
11270, 38309749, 38310276, 0.07743216, 0.06008244, 1.34920502, 1.16354728
11271, 38310749, 38311277, 0.07708827, 0.06122684, 1.28571320, 1.15616250
11272, 38311749, 38312275, 0.07664903, 0.06198978, 1.19047546, 1.15162730
11273, 38312749, 38313275, 0.07611516, 0.06275272, 1.12698364, 1.00164449
11274, 38313749, 38314277, 0.07548670, 0.06389713, 1.06349182, 0.90953553
11275, 38314749, 38315277, 0.07476405, 0.06466007, 1.03174591, 1.00016606
11276, 38315749, 38316274, 0.07394893, 0.06542301, 0.96825409, 0.90862757
11277, 38316749, 38317276, 0.07304153, 0.06542301, 0.90476227, 0.85241097
11278, 38317749, 38318276, 0.07204149, 0.06618595, 0.80952454, 0.52349156
11279, 38318749, 38319274, 0.07094850, 0.06656742, 0.74603271, 0.61588722
11280, 38319749, 38320274, 0.06976351, 0.06733036, 0.68254089, 0.52543265
11281, 38320749, 38321272, 0.06848584, 0.06771183, 0.61904907, 0.61707926
11282, 38321749, 38322275, 0.06711610, 0.06809330, 0.52381134, 0.52616471
11283, 38322749, 38323273, 0.06565448, 0.06809330, 0.49206543, 0.47033134
11284, 38323749, 38324273, 0.06410112, 0.06809330, 0.39682770, 0.28884479
11285, 38324749, 38325275, 0.06245820, 0.06809330, 0.33333588, 0.17738838
11286, 38325749, 38326271, 0.06072649, 0.06809330, 0.26984406, 0.10893961
11287, 38326749, 38327271, 0.05890629, 0.06809330, 0.17460632, 0.06690313
11288, 38327749, 38328274, 0.05699855, 0.06771183, 0.14286041, 0.04108725
11289, 38328749, 38329276, 0.05500414, 0.06733036, 0.04762268, -0.12196462
11290, 38329749, 38330294, 0.05292314, 0.06694889, -0.01587677, -0.22209974
11291, 38330749, 38331270, 0.05075699, 0.06656742, -0.11111450, -0.28359577
11292, 38331749, 38332272, 0.04850525, 0.06580448, -0.17460632, -0.32136235
11293, 38332749, 38333271, 0.04616803, 0.06542301, -0.26984406, -0.49175352
11294, 38333749, 38334271, 0.04374707, 0.06504154, -0.33333588, -0.44919837
11295, 38334749, 38335273, 0.04124340, 0.06389713, -0.42857361, -0.42306396
11296, 38335749, 38336285, 0.03865797, 0.06313419, -0.52381134, -0.70140916
11297, 38336749, 38337281, 0.03599186, 0.06198978, -0.61904907, -0.72515184
11298, 38337749, 38338272, 0.03324581, 0.06084538, -0.71428680, -0.88693053
11299, 38338749, 38339270, 0.03042042, 0.05970097, -0.80952454, -0.98628372
11300, 38339749, 38340280, 0.02751794, 0.05855656, -0.87301636, -1.04729950
11301, 38340749, 38341270, 0.02454050, 0.05703068, -0.96825409, -1.08477116
11302, 38341749, 38342270, 0.02148876, 0.05588627, -1.06349182, -1.25498128
11303, 38342749, 38343272, 0.01836462, 0.05397892, -1.15872955, -1.21231484
11304, 38343749, 38344271, 0.01516970, 0.05245304, -1.25396729, -1.48050714
11305, 38344749, 38345273, 0.01190417, 0.05054569, -1.34920502, -1.49801481
11306, 38345749, 38346271, 0.00857082, 0.04863834, -1.44444275, -1.65596426
11307, 38346749, 38347281, 0.00517183, 0.04673100, -1.53968430, -1.75296581
11308, 38347749, 38348281, 0.00170838, 0.04482365, -1.66666794, -1.81253743
11309, 38348749, 38349271, -0.00181912, 0.04253483, -1.76190567, -1.84912217
11310, 38349749, 38350280, -0.00540831, 0.04024601, -1.82539749, -2.01878762
11311, 38350749, 38351272, -0.00905747, 0.03795719, -1.92063522, -2.12298417
11312, 38351749, 38352286, -0.01276526, 0.03566837, -2.01587296, -2.18697453
11313, 38352749, 38353278, -0.01652923, 0.03337955, -2.11111069, -2.22627306
11314, 38353749, 38354274, -0.02034722, 0.03070831, -2.20634842, -2.25040746
11315, 38354749, 38355277, -0.02421731, 0.02803802, -2.26984024, -2.41279459
11316, 38355749, 38356281, -0.02813793, 0.02498627, -2.36507797, -2.51215363
11317, 38356749, 38357275, -0.03210744, 0.02231598, -2.42856979, -2.72037053
11318, 38357749, 38358265, -0.03612415, 0.01964569, -2.52381134, -2.70104504
11319, 38358749, 38359263, -0.04018662, 0.01659393, -2.61904907, -2.68917680
11320, 38359749, 38360262, -0.04429271, 0.01392365, -2.68254089, -2.82908583
11321, 38360749, 38361274, -0.04843967, 0.01087189, -2.74603271, -2.76781058
11322, 38361749, 38362278, -0.05262617, 0.00782013, -2.80952454, -2.87737703
11323, 38362749, 38363280, -0.05684933, 0.00438690, -2.90476227, -2.94466543
11324, 38363749, 38364276, -0.06110641, 0.00133514, -2.96825409, -3.13318682
11325, 38364749, 38365282, -0.06539462, -0.00209808, -3.06349182, -3.10176587
11326, 38365749, 38366274, -0.06971011, -0.00553131, -3.12698364, -3.22966671
11327, 38366749, 38367280, -0.07405025, -0.00896454, -3.19047546, -3.30821466
11328, 38367749, 38368279, -0.07841161, -0.01239777, -3.25396729, -3.35645342
11329, 38368749, 38369279, -0.08278999, -0.01621246, -3.31745911, -3.38607836
11330, 38369749, 38370277, -0.08718183, -0.01964569, -3.47618866, -3.55146933
11331, 38370749, 38371273, -0.09158311, -0.02346039, -3.60317612, -3.50584364
11332, 38371749, 38372275, -0.09598824, -0.02727509, -3.53968430, -3.62502074
11333, 38372749, 38373277, -0.10039388, -0.03070831, -3.53968430, -3.69821119
11334, 38373749, 38374276, -0.10479289, -0.03452396, -3.57143021, -3.59596229
11335, 38374749, 38375276, -0.10917830, -0.03872013, -3.63492203, -3.68073320
11336, 38375749, 38376278, -0.11354256, -0.04253483, -3.85714340, -3.87962341
11337, 38376749, 38377274, -0.11787750, -0.04634953, -3.79365158, -3.85457039
11338, 38377749, 38378276, -0.12217277, -0.05016422, -3.69841385, -3.83918452
11339, 38378749, 38379275, -0.12641823, -0.05436039, -3.66666794, -3.82973576
11340, 38379749, 38380275, -0.13059998, -0.05817509, -3.82539749, -3.97113037
11341, 38380749, 38381277, -0.13470240, -0.06237125, -3.92063522, -3.91076756
11342, 38381749, 38382277, -0.13871099, -0.06656742, -3.95238113, -4.02089453
11343, 38382749, 38383275, -0.14260757, -0.07038212, -3.98412704, -4.08852673
11344, 38383749, 38384274, -0.14637327, -0.07457829, -3.85714340, -3.98286414
11345, 38384749, 38385276, -0.14998606, -0.07877445, -3.98412704, -4.06517124
11346, 38385749, 38386276, -0.15342383, -0.08258915, -4.04761887, -4.11571836
11347, 38386749, 38387276, -0.15666573, -0.08678532, -4.07936478, -3.99956346
11348, 38387749, 38388276, -0.15969355, -0.09098148, -4.07936478, -4.07542706
11349, 38388749, 38389282, -0.16248921, -0.09517860, -4.07936478, -4.12201691
11350, 38389749, 38390281, -0.16504019, -0.09937477, -4.11111069, -4.15099716
11351, 38390749, 38391287, -0.16734120, -0.10357094, -4.11111069, -4.16842699
11352, 38391749, 38392275, -0.16939469, -0.10738564, -4.11111069, -4.17913103
11353, 38392749, 38393275, -0.17121172, -0.11158180, -4.14285660, -4.03850698
11354, 38393749, 38394279, -0.17280659, -0.11577797, -4.11111069, -4.09934330
11355, 38394749, 38395275, -0.17419782, -0.11997414, -4.11111069, -4.13670444
11356, 38395749, 38396280, -0.17541407, -0.12340736, -4.11111069, -4.15964937
11357, 38396749, 38397278, -0.17648648, -0.12760353, -4.07936478, -3.87934542
11358, 38397749, 38398282, -0.17744662, -0.13179970, -4.07936478, -4.00159693
11359, 38398749, 38399280, -0.17832030, -0.13561440, -4.04761887, -4.07667542
11360, 38399749, 38400272, -0.17912941, -0.13942909, -4.11111069, -3.97558594
11361, 38400749, 38401275, -0.17988929, -0.14362526, -4.04761887, -3.91350389
11362, 38401749, 38402273, -0.18061213, -0.14743996, -4.01587296, -4.02257490
11363, 38402749, 38403279, -0.18130475, -0.15125465, -3.98412704, -3.94236112
11364, 38403749, 38404275, -0.18197030, -0.15430641, -3.92063522, -3.89309955
11365, 38404749, 38405275, -0.18260945, -0.15735912, -3.85714340, -3.56845140
11366, 38405749, 38406274, -0.18321823, -0.16002941, -3.69841385, -3.36944294
11367, 38406749, 38407278, -0.18379119, -0.16269970, -3.57143021, -3.09966040
11368, 38407749, 38408274, -0.18432373, -0.16536999, -3.34920502, -2.93397880
11369, 38408749, 38409280, -0.18480827, -0.16804028, -3.19047546, -2.83222842
11370, 38409749, 38410272, -0.18523927, -0.16956615, -3.00000000, -2.76974058
11371, 38410749, 38411282, -0.18561056, -0.17147350, -2.77777863, -2.28977227
11372, 38411749, 38412275, -0.18591742, -0.17299938, -2.55555725, -2.14220667
11373, 38412749, 38413277, -0.18615720, -0.17414379, -2.30158615, -1.90438461
11374, 38413749, 38414273, -0.18632953, -0.17528820, -2.11111069, -1.61113322
11375, 38414749, 38415279, -0.18643600, -0.17681408, -1.92063522, -1.43103874
11376, 38415749, 38416283, -0.18647930, -0.17757702, -1.69841385, -1.46763468
11377, 38416749, 38417283, -0.18646419, -0.17833996, -1.53968430, -1.19571424
11378, 38417749, 38418286, -0.18639690, -0.17872143, -1.34920502, -1.02871966
11379, 38418749, 38419278, -0.18628369, -0.17948437, -1.15872955, -0.77896559
11380, 38419749, 38420276, -0.18613055, -0.17986584, -1.03174591, -0.77278161
11381, 38420749, 38421282, -0.18594152, -0.18024731, -0.87301636, -0.62178624
11382, 38421749, 38422274, -0.18572168, -0.18062878, -0.74603271, -0.52905542
11383, 38422749, 38423279, -0.18547504, -0.18101025, -0.65079498, -0.47210661
11384, 38423749, 38424281, -0.18520494, -0.18101025, -0.52381134, -0.43713260
11385, 38424749, 38425273, -0.18491517, -0.18101025, -0.46031952, -0.26845643
11386, 38425749, 38426277, -0.18460654, -0.18101025, -0.36508179, -0.16486727
11387, 38426749, 38427285, -0.18427677, -0.18101025, -0.30158997, -0.10125001
11388, 38427749, 38428281, -0.18392433, -0.18101025, -0.23809814, -0.06218071
11389, 38428749, 38429278, -0.18354721, -0.18101025, -0.17460632, -0.03818707
11390, 38429749, 38430282, -0.18314141, -0.18101025, -0.11111450, -0.02345184
11391, 38430749, 38431280, -0.18270080, -0.18101025, -0.04762268, -0.01440249
11392, 38431749, 38432278, -0.18222103, -0.18101025, -0.01587677, -0.00884501
11393, 38432749, 38433284, -0.18169582, -0.18062878, 0.01587677, -0.00543199
11394, 38433749, 38434281, -0.18111780, -0.18062878, 0.04762268, 0.14386161
11395, 38434749, 38435277, -0.18047896, -0.18024731, 0.07936859, 0.08834979
11396, 38435749, 38436271, -0.17977160, -0.18024731, 0.11111450, 0.20145585
11397, 38436749, 38437281, -0.17898835, -0.17986584, 0.11111450, 0.12372017
11398, 38437749, 38438277, -0.17812374, -0.17986584, 0.11111450, 0.22317787
11399, 38438749, 38439281, -0.17717274, -0.17986584, 0.11111450, 0.13706033
11400, 38439749, 38440282, -0.17613158, -0.17948437, 0.14286041, 0.08417292
11401, 38440749, 38441280, -0.17499638, -0.17948437, 0.14286041, 0.19889070
11402, 38441749, 38442284, -0.17376560, -0.17910290, 0.11111450, 0.12214483
11403, 38442749, 38443282, -0.17243959, -0.17910290, 0.14286041, 0.22221042
11404, 38443749, 38444278, -0.17102049, -0.17872143, 0.14286041, 0.13646619
11405, 38444749, 38445276, -0.16950911, -0.17833996, 0.14286041, 0.23100559
11406, 38445749, 38446279, -0.16790843, -0.17795849, 0.14286041, 0.28906512
11407, 38446749, 38447277, -0.16622186, -0.17795849, 0.17460632, 0.32472125
11408, 38447749, 38448279, -0.16445443, -0.17795849, 0.20635223, 0.19942121
11409, 38448749, 38449277, -0.16260993, -0.17719555, 0.23809814, 0.12247064
11410, 38449749, 38450281, -0.16069363, -0.17681408, 0.26984406, 0.36960807
11411, 38450749, 38451278, -0.15870880, -0.17643261, 0.30158997, 0.37418512
11412, 38451749, 38452278, -0.15665868, -0.17566967, 0.33333588, 0.37699601
11413, 38452749, 38453280, -0.15454783, -0.17490673, 0.36508179, 0.52591985
11414, 38453749, 38454278, -0.15237974, -0.17414379, 0.42857361, 0.61737847
11415, 38454749, 38455282, -0.15015720, -0.17338085, 0.49206543, 0.67354602
11416, 38455749, 38456275, -0.14788219, -0.17261791, 0.55555725, 0.70804018
11417, 38456749, 38457277, -0.14555565, -0.17147350, 0.61904907, 0.72922415
11418, 38457749, 38458281, -0.14318085, -0.17071056, 0.68254089, 0.88943142
11419, 38458749, 38459279, -0.14075610, -0.16956615, 0.74603271, 0.84062201
11420, 38459749, 38460275, -0.13828181, -0.16804028, 0.84127045, 0.95784426
11421, 38460749, 38461275, -0.13575649, -0.16689587, 0.90476227, 1.17703152
11422, 38461749, 38462278, -0.13317865, -0.16536999, 1.00000000, 1.16444349
11423, 38462749, 38463276, -0.13054693, -0.16422558, 1.06349182, 1.30391049
11424, 38463749, 38464274, -0.12786184, -0.16231823, 1.15872955, 1.24236381
11425, 38464749, 38465276, -0.12512289, -0.16079235, 1.22222137, 1.49896121
11426, 38465749, 38466278, -0.12232944, -0.15888500, 1.31745911, 1.50934792
11427, 38466749, 38467276, -0.11948156, -0.15735912, 1.44444275, 1.66292417
11428, 38467749, 38468277, -0.11658006, -0.15545082, 1.50793457, 1.61004257
11429, 38468749, 38469275, -0.11362618, -0.15354347, 1.57142639, 1.72513199
11430, 38469749, 38470273, -0.11062250, -0.15163612, 1.66666412, 1.79544377
11431, 38470749, 38471277, -0.10757292, -0.14934731, 1.73015594, 1.83862436
11432, 38471749, 38472275, -0.10447805, -0.14705849, 1.82539368, 2.01234055
11433, 38472749, 38473274, -0.10134178, -0.14476967, 1.92063141, 2.11902499
11434, 38473749, 38474276, -0.09816790, -0.14248085, 1.98412323, 2.18454313
11435, 38474749, 38475276, -0.09495880, -0.14019203, 2.04762268, 2.22477984
11436, 38475749, 38476270, -0.09171738, -0.13790321, 2.11111450, 2.24949026
11437, 38476749, 38477272, -0.08844686, -0.13561440, 2.17460632, 2.26466584
11438, 38477749, 38478269, -0.08515100, -0.13294411, 2.23809814, 2.27398562
11439, 38478749, 38479271, -0.08183352, -0.13065529, 2.30158997, 2.42690682
11440, 38479749, 38480273, -0.07849723, -0.12798500, 2.33333588, 2.37362266
11441, 38480749, 38481269, -0.07514498, -0.12531471, 2.39682770, 2.48809671
11442, 38481749, 38482271, -0.07177939, -0.12264442, 2.42857361, 2.55839896
11443, 38482749, 38483267, -0.06840271, -0.11997414, 2.46031952, 2.60157347
11444, 38483749, 38484270, -0.06501827, -0.11730385, 2.52381134, 2.62808847
11445, 38484749, 38485270, -0.06162870, -0.11425209, 2.55555725, 2.64437199
11446, 38485749, 38486268, -0.05823584, -0.11158180, 2.61904907, 2.80156994
11447, 38486749, 38487268, -0.05484186, -0.10853004, 2.68254089, 2.75091219
11448, 38487749, 38488266, -0.05144865, -0.10585976, 2.71428680, 2.86699939
11449, 38488749, 38489268, -0.04805796, -0.10280800, 2.74603271, 2.79109430
11450, 38489749, 38490271, -0.04467225, -0.09975624, 2.80952454, 2.89167643
11451, 38490749, 38491271, -0.04129366, -0.09670448, 2.84127045, 2.95344710
11452, 38491749, 38492281, -0.03792290, -0.09365177, 2.87301636, 2.99138212
11453, 38492749, 38493281, -0.03456148, -0.09060001, 2.93650818, 3.01504707
11454, 38493749, 38494265, -0.03121231, -0.08754826, 2.96825409, 3.02921271
11455, 38494749, 38495266, -0.02787749, -0.08449650, 2.96825409, 3.03791213
11456, 38495749, 38496278, -0.02455881, -0.08144474, 3.00000000, 3.04325461
11457, 38496749, 38497278, -0.02125728, -0.07801151, 3.06349182, 3.04653573
11458, 38497749, 38498270, -0.01797503, -0.07495975, 3.06349182, 3.19574833
11459, 38498749, 38499266, -0.01471272, -0.07190800, 3.09523773, 3.14018679
11460, 38499749, 38500277, -0.01147221, -0.06847477, 3.12698364, 3.10606480
11461, 38500749, 38501265, -0.00825378, -0.06542301, 3.12698364, 3.23230696
11462, 38501749, 38502277, -0.00505948, -0.06198978, 3.15872955, 3.16263866
11463, 38502749, 38503281, -0.00189034, -0.05855656, 3.19047546, 3.26705074
11464, 38503749, 38504279, 0.00125207, -0.05550480, 3.19047546, 3.33117342
11465, 38504749, 38505279, 0.00436675, -0.05207157, 3.19047546, 3.22335553
11466, 38505749, 38506280, 0.00745313, -0.04863834, 3.22222137, 3.30433869
11467, 38506749, 38507280, 0.01051148, -0.04558659, 3.22222137, 3.35407305
11468, 38507749, 38508280, 0.01354115, -0.04253483, 3.22222137, 3.23741889
11469, 38508749, 38509282, 0.01654162, -0.03948307, 3.22222137, 3.16577792
11470, 38509749, 38510264, 0.01951369, -0.03604984, 3.22222137, 3.12178087
11471, 38510749, 38511280, 0.02245452, -0.03299809, 3.22222137, 3.24195886
11472, 38511749, 38512279, 0.02536390, -0.02956390, 3.22222137, 3.16856599
11473, 38512749, 38513261, 0.02824092, -0.02651215, 3.22222137, 3.27105880
11474, 38513749, 38514263, 0.03108639, -0.02307892, 3.19047546, 3.18643713
11475, 38514749, 38515279, 0.03389931, -0.02002716, 3.19047546, 3.28166628
11476, 38515749, 38516275, 0.03667894, -0.01697540, 3.22222137, 3.19295168
11477, 38516749, 38517276, 0.03942395, -0.01354218, 3.19047546, 3.13846946
11478, 38517749, 38518274, 0.04213473, -0.01049042, 3.19047546, 3.25220752
11479, 38518749, 38519276, 0.04481111, -0.00743866, 3.19047546, 3.17486000
11480, 38519749, 38520276, 0.04745191, -0.00438690, 3.19047546, 3.12735868
11481, 38520749, 38521278, 0.05005624, -0.00095367, 3.19047546, 3.09818649
11482, 38521749, 38522276, 0.05262430, 0.00209808, 3.15872955, 3.22746873
11483, 38522749, 38523281, 0.05515644, 0.00514984, 3.15872955, 3.15966725
11484, 38523749, 38524277, 0.05765262, 0.00820160, 3.12698364, 3.11802816
11485, 38524749, 38525277, 0.06011176, 0.01125336, 3.09523773, 3.09245658
11486, 38525749, 38526277, 0.06253275, 0.01430511, 3.09523773, 3.07675219
11487, 38526749, 38527277, 0.06491540, 0.01735687, 3.06349182, 3.06710768
11488, 38527749, 38528282, 0.06725956, 0.02002716, 3.03174591, 3.06118464
11489, 38528749, 38529276, 0.06956517, 0.02307892, 3.00000000, 2.91034937
11490, 38529749, 38530274, 0.07183115, 0.02574921, 2.96825409, 2.96491456
11491, 38530749, 38531278, 0.07405596, 0.02841949, 2.96825409, 2.85122705
11492, 38531749, 38532280, 0.07623974, 0.03147221, 2.90476227, 2.78140807
11493, 38532749, 38533276, 0.07838257, 0.03414249, 2.87301636, 2.88609576
11494, 38533749, 38534281, 0.08048387, 0.03681278, 2.84127045, 2.80282211
11495, 38534749, 38535275, 0.08254221, 0.03986454, 2.80952454, 2.75168133
11496, 38535749, 38536275, 0.08455747, 0.04253483, 2.77777863, 2.86747169
11497, 38536749, 38537275, 0.08652986, 0.04520512, 2.74603271, 2.79138470
11498, 38537749, 38538275, 0.08845954, 0.04787540, 2.71428680, 2.74465728
11499, 38538749, 38539278, 0.09034666, 0.05016422, 2.71428680, 2.71596026
11500, 38539749, 38540276, 0.09218986, 0.05283451, 2.68254089, 2.55113935
11501, 38540749, 38541276, 0.09398865, 0.05550480, 2.65079498, 2.59711528
11502, 38541749, 38542278, 0.09574285, 0.05779362, 2.65079498, 2.62535024
11503, 38542749, 38543278, 0.09745300, 0.06046391, 2.61904907, 2.49549294
11504, 38543749, 38544274, 0.09911963, 0.06275272, 2.58730316, 2.56294107
11505, 38544749, 38545274, 0.10074231, 0.06542301, 2.55555725, 2.45716548
11506, 38545749, 38546271, 0.10232207, 0.06771183, 2.49206543, 2.53940296
11507, 38546749, 38547273, 0.10385827, 0.06961918, 2.42857361, 2.44270992
11508, 38547749, 38548277, 0.10535081, 0.07190800, 2.42857361, 2.23613024
11509, 38548749, 38549273, 0.10680028, 0.07419682, 2.36508179, 2.25646091
11510, 38549749, 38550275, 0.10820798, 0.07610416, 2.33333588, 2.26894665
11511, 38550749, 38551271, 0.10957409, 0.07839298, 2.26984406, 2.12941694
11512, 38551749, 38552274, 0.11089890, 0.08030033, 2.23809814, 2.19092512
11513, 38552749, 38553274, 0.11218274, 0.08220768, 2.14286041, 2.08150148
11514, 38553749, 38554276, 0.11342596, 0.08411503, 2.11111450, 2.01430106
11515, 38554749, 38555276, 0.11462880, 0.08602238, 2.04762268, 1.97303128
11516, 38555749, 38556274, 0.11579318, 0.08754826, 1.98412323, 1.94768631
11517, 38556749, 38557275, 0.11691946, 0.08945560, 1.95237732, 1.78492367
11518, 38557749, 38558271, 0.11800772, 0.09098148, 1.88888550, 1.83216381
11519, 38558749, 38559277, 0.11905810, 0.09288883, 1.82539368, 1.71397781
11520, 38559749, 38560275, 0.12006883, 0.09403419, 1.76190186, 1.78859365
11521, 38560749, 38561279, 0.12103988, 0.09556007, 1.69841003, 1.54039049
11522, 38561749, 38562281, 0.12197170, 0.09708595, 1.66666412, 1.53479099
11523, 38562749, 38563271, 0.12286450, 0.09861183, 1.60317230, 1.53135216
11524, 38563749, 38564284, 0.12371897, 0.09975624, 1.53968048, 1.52924013
11525, 38564749, 38565278, 0.12453466, 0.10128212, 1.47618866, 1.38074553
11526, 38565749, 38566278, 0.12531021, 0.10280800, 1.44444275, 1.43674803
11527, 38566749, 38567280, 0.12604611, 0.10395241, 1.41269684, 1.47114098
11528, 38567749, 38568274, 0.12674221, 0.10509682, 1.41269684, 1.34506524
11529, 38568749, 38569275, 0.12739852, 0.10662270, 1.38095093, 1.26763821
11530, 38569749, 38570273, 0.12801488, 0.10738564, 1.31745911, 1.36728549
11531, 38570749, 38571283, 0.12859105, 0.10853004, 1.28571320, 1.13408673
11532, 38571749, 38572275, 0.12912576, 0.10967445, 1.25396729, 1.13806987
11533, 38572749, 38573277, 0.12961829, 0.11043739, 1.19047546, 1.14051604
11534, 38573749, 38574277, 0.13006900, 0.11158180, 1.12698364, 0.99482077
11535, 38574749, 38575279, 0.13047810, 0.11234474, 1.06349182, 1.05254245
11536, 38575749, 38576274, 0.13084465, 0.11272621, 1.00000000, 0.94079351
11537, 38576749, 38577274, 0.13116831, 0.11387062, 0.96825409, 0.72496748
11538, 38577749, 38578282, 0.13144848, 0.11463356, 0.90476227, 0.88681728
11539, 38578749, 38579282, 0.13168477, 0.11539650, 0.87301636, 0.83901656
11540, 38579749, 38580288, 0.13187632, 0.11577797, 0.80952454, 0.80966073
11541, 38580749, 38581277, 0.13202143, 0.11615944, 0.77777863, 0.64443487
11542, 38581749, 38582273, 0.13212055, 0.11692238, 0.71428680, 0.54296464
11543, 38582749, 38583279, 0.13217327, 0.11768532, 0.68254089, 0.62784618
11544, 38583749, 38584277, 0.13217877, 0.11844826, 0.68254089, 0.67997456
11545, 38584749, 38585277, 0.13213655, 0.11882973, 0.65079498, 0.71198821
11546, 38585749, 38586284, 0.13204451, 0.11921120, 0.58730316, 0.58445120
11547, 38586749, 38587278, 0.13190177, 0.11959267, 0.58730316, 0.50612682
11548, 38587749, 38588282, 0.13170727, 0.11997414, 0.55555725, 0.45802546
11549, 38588749, 38589282, 0.13146101, 0.12073708, 0.52381134, 0.42848495
11550, 38589749, 38590284, 0.13116290, 0.12111855, 0.49206543, 0.55754077
11551, 38590749, 38591282, 0.13081066, 0.12150002, 0.46031952, 0.48960033
11552, 38591749, 38592284, 0.13040371, 0.12188148, 0.42857361, 0.44787601
11553, 38592749, 38593279, 0.12994164, 0.12226295, 0.39682770, 0.42225185
11554, 38593749, 38594279, 0.12942396, 0.12226295, 0.39682770, 0.40651527
11555, 38594749, 38595281, 0.12884927, 0.12226295, 0.33333588, 0.24965340
11556, 38595749, 38596285, 0.12821792, 0.12226295, 0.30158997, 0.15331976
11557, 38596749, 38597281, 0.12752882, 0.12264442, 0.26984406, 0.09415834
11558, 38597749, 38598282, 0.12678209, 0.12264442, 0.26984406, 0.20502305
11559, 38598749, 38599280, 0.12597728, 0.12302589, 0.23809814, 0.12591089
11560, 38599749, 38600278, 0.12511487, 0.12302589, 0.20635223, 0.22452326
11561, 38600749, 38601282, 0.12419290, 0.12340736, 0.17460632, 0.13788657
11562, 38601749, 38602280, 0.12320993, 0.12340736, 0.17460632, 0.23187789
11563, 38602749, 38603278, 0.12216467, 0.12340736, 0.14286041, 0.14240327
11564, 38603749, 38604279, 0.12105713, 0.12378883, 0.11111450, 0.08745418
11565, 38604749, 38605279, 0.11988837, 0.12378883, 0.11111450, 0.20090583
11566, 38605749, 38606281, 0.11865869, 0.12378883, 0.11111450, 0.12338239
11567, 38606749, 38607277, 0.11736612, 0.12378883, 0.07936859, 0.07577288
11568, 38607749, 38608277, 0.11601107, 0.12378883, 0.07936859, 0.04653443
11569, 38608749, 38609279, 0.11459313, 0.12378883, 0.07936859, 0.02857821
11570, 38609749, 38610278, 0.11311375, 0.12378883, 0.04762268, 0.01755075
11571, 38610749, 38611282, 0.11157376, 0.12340736, 0.01587677, 0.01077845
11572, 38611749, 38612278, 0.10997397, 0.12340736, -0.01587677, -0.14057818
11573, 38612749, 38613278, 0.10831446, 0.12302589, -0.07936859, -0.08633334
11574, 38613749, 38614274, 0.10659561, 0.12302589, -0.07936859, -0.20021749
11575, 38614749, 38615279, 0.10481763, 0.12264442, -0.11111450, -0.12295965
11576, 38615749, 38616275, 0.10298117, 0.12226295, -0.14286041, -0.22271082
11577, 38616749, 38617275, 0.10108564, 0.12226295, -0.17460632, -0.28397104
11578, 38617749, 38618275, 0.09913111, 0.12188148, -0.23809814, -0.17439526
11579, 38618749, 38619275, 0.09711853, 0.12111855, -0.26984406, -0.25429899
11580, 38619749, 38620274, 0.09504984, 0.12073708, -0.33333588, -0.45056784
11581, 38620749, 38621276, 0.09292376, 0.11959267, -0.39682770, -0.42390499
11582, 38621749, 38622272, 0.09074102, 0.11921120, -0.46031952, -0.70192564
11583, 38622749, 38623272, 0.08850192, 0.11806679, -0.52381134, -0.57827145
11584, 38623749, 38624272, 0.08620538, 0.11654091, -0.65079498, -0.79672682
11585, 38624749, 38625276, 0.08385246, 0.11539650, -0.74603271, -1.07808435
11586, 38625749, 38626273, 0.08144581, 0.11425209, -0.87301636, -1.10367703
11587, 38626749, 38627271, 0.07898574, 0.11272621, -0.96825409, -1.11939430
11588, 38627749, 38628275, 0.07647230, 0.11196327, -1.03174591, -1.27624440
11589, 38628749, 38629271, 0.07390728, 0.11043739, -1.09523773, -1.07817566
11590, 38629749, 38630273, 0.07128979, 0.10891151, -1.19047546, -1.25093067
11591, 38630749, 38631273, 0.06862144, 0.10700417, -1.28571320, -1.35702479
11592, 38631749, 38632270, 0.06590325, 0.10509682, -1.38095093, -1.56937802
11593, 38632749, 38633274, 0.06313584, 0.10357094, -1.44444275, -1.69979060
11594, 38633749, 38634272, 0.06031951, 0.10090065, -1.53968430, -1.63268340
11595, 38634749, 38635274, 0.05745443, 0.09899330, -1.66666794, -2.03306341
11596, 38635749, 38636272, 0.05454265, 0.09670448, -1.76190567, -1.98455381
11597, 38636749, 38637269, 0.05158464, 0.09441566, -1.88888931, -2.10196018
11598, 38637749, 38638271, 0.04858225, 0.09250736, -1.98412704, -2.17406297
11599, 38638749, 38639269, 0.04553581, 0.08983707, -2.07936478, -2.07151413
11600, 38639749, 38640269, 0.04244555, 0.08754826, -2.17460251, -2.30256271
11601, 38640749, 38641273, 0.03931368, 0.08525944, -2.20634842, -2.29725909
11602, 38641749, 38642268, 0.03614011, 0.08258915, -2.26984024, -2.29400206
11603, 38642749, 38643280, 0.03292545, 0.07991886, -2.33333206, -2.43919945
11604, 38643749, 38644266, 0.02967118, 0.07724857, -2.39682388, -2.52836967
11605, 38644749, 38645268, 0.02637800, 0.07495975, -2.46031570, -2.58313155
11606, 38645749, 38646270, 0.02304482, 0.07190800, -2.52381134, -2.46956515
11607, 38646749, 38647278, 0.01967204, 0.06923771, -2.52381134, -2.69421554
11608, 38647749, 38648267, 0.01626135, 0.06656742, -2.58730316, -2.68498254
11609, 38648749, 38649269, 0.01281251, 0.06389713, -2.65079498, -2.67931223
11610, 38649749, 38650269, 0.00932707, 0.06084538, -2.68254089, -2.67583013
11611, 38650749, 38651277, 0.00580473, 0.05817509, -2.71428680, -2.82088900
11612, 38651749, 38652269, 0.00224616, 0.05550480, -2.74603271, -2.76277661
11613, 38652749, 38653267, -0.00134793, 0.05245304, -2.77777863, -2.72708797
11614, 38653749, 38654266, -0.00497794, 0.04940128, -2.77777863, -2.85236835
11615, 38654749, 38655282, -0.00864400, 0.04673100, -2.84127045, -2.92930675
11616, 38655749, 38656274, -0.01234641, 0.04329777, -2.90476227, -2.82935929
11617, 38656749, 38657278, -0.01608530, 0.04024601, -2.90476227, -3.06237364
11618, 38657749, 38658276, -0.01985891, 0.03719425, -2.93650818, -3.05827737
11619, 38658749, 38659275, -0.02366770, 0.03414249, -2.96825409, -3.05576158
11620, 38659749, 38660277, -0.02751183, 0.03108978, -3.00000000, -3.05421662
11621, 38660749, 38661279, -0.03139056, 0.02803802, -3.00000000, -3.05363584
11622, 38661749, 38662283, -0.03530446, 0.02460480, -3.06349182, -3.05291104
11623, 38662749, 38663277, -0.03925419, 0.02155304, -3.09523773, -3.19966364
11624, 38663749, 38664276, -0.04323834, 0.01850128, -3.09523773, -3.14259148
11625, 38664749, 38665280, -0.04725603, 0.01506805, -3.15872955, -3.10754156
11626, 38665749, 38666276, -0.05130738, 0.01201630, -3.15872955, -3.23321390
11627, 38666749, 38667276, -0.05539268, 0.00858307, -3.19047546, -3.16319561
11628, 38667749, 38668280, -0.05951251, 0.00476837, -3.22222137, -3.26739287
11629, 38668749, 38669278, -0.06366761, 0.00133514, -3.28571320, -3.47858095
11630, 38669749, 38670278, -0.06785832, -0.00171661, -3.31745911, -3.46108055
11631, 38670749, 38671279, -0.07208463, -0.00514984, -3.34920502, -3.30313540
11632, 38671749, 38672283, -0.07634680, -0.00858307, -3.47618866, -3.35333419
11633, 38672749, 38673277, -0.08064549, -0.01239777, -3.44444275, -3.38416266
11634, 38673749, 38674275, -0.08498088, -0.01621246, -3.47618866, -3.55029297
11635, 38674749, 38675277, -0.08935280, -0.01964569, -3.50793839, -3.65231848
11636, 38675749, 38676276, -0.09376040, -0.02346039, -3.73015976, -3.56777811
11637, 38676749, 38677274, -0.09820379, -0.02727509, -3.63492203, -3.66305661
11638, 38677749, 38678276, -0.10268263, -0.03070831, -3.63492203, -3.72157025
11639, 38678749, 38679272, -0.10719688, -0.03490543, -3.66666794, -3.61030746
11640, 38679749, 38680280, -0.11174510, -0.03872013, -3.63492203, -3.83674073
11641, 38680749, 38681276, -0.11632858, -0.04253483, -3.73015976, -3.82823491
11642, 38681749, 38682277, -0.12094695, -0.04634953, -3.76190567, -3.82301116
11643, 38682749, 38683273, -0.12559892, -0.05054569, -3.79365158, -3.81980300
11644, 38683749, 38684273, -0.13028319, -0.05436039, -3.66666794, -3.96503043
11645, 38684749, 38685275, -0.13500050, -0.05817509, -3.85714340, -3.90702152
11646, 38685749, 38686273, -0.13974875, -0.06237125, -3.92063522, -3.87139630
11647, 38686749, 38687281, -0.14452741, -0.06656742, -4.04761887, -3.99671555
11648, 38687749, 38688276, -0.14933750, -0.07038212, -3.98412704, -4.07367754
11649, 38688749, 38689280, -0.15417860, -0.07457829, -4.07936478, -3.97374487
11650, 38689749, 38690274, -0.15905002, -0.07877445, -4.04761887, -4.05957079
11651, 38690749, 38691276, -0.16394731, -0.08258915, -4.14285660, -4.11227894
11652, 38691749, 38692274, -0.16887169, -0.08678532, -4.07936478, -3.99745107
11653, 38692749, 38693276, -0.17382148, -0.09136295, -4.07936478, -4.07412958
11654, 38693749, 38694275, -0.17879461, -0.09517860, -4.11111069, -4.26841784
11655, 38694749, 38695275, -0.18378869, -0.09975624, -4.07936478, -4.09370899
11656, 38695749, 38696273, -0.18880127, -0.10433388, -4.20634842, -4.28044176
11657, 38696749, 38697279, -0.19383200, -0.10853004, -4.17460251, -4.39512014
11658, 38697749, 38698269, -0.19887941, -0.11348915, -4.30158615, -4.31835032
11659, 38698749, 38699271, -0.20394354, -0.11768532, -4.26984024, -4.56559849
11660, 38699749, 38700274, -0.20902175, -0.12264442, -4.39682388, -4.42304611
11661, 38700749, 38701270, -0.21411368, -0.12722206, -4.46031570, -4.62989569
11662, 38701749, 38702272, -0.21921773, -0.13179970, -4.52381134, -4.60973072
11663, 38702749, 38703278, -0.22433157, -0.13637733, -4.55555725, -4.59734678
11664, 38703749, 38704272, -0.22945596, -0.14133644, -4.58730316, -4.58974123
11665, 38704749, 38705272, -0.23458767, -0.14591408, -4.61904907, -4.73226786
11666, 38705749, 38706277, -0.23972550, -0.15049171, -4.65079498, -4.67260027
11667, 38706749, 38707277, -0.24486895, -0.15506935, -4.65079498, -4.63595676
11668, 38707749, 38708273, -0.25001475, -0.16002941, -4.68254089, -4.61345291
11669, 38708749, 38709275, -0.25516218, -0.16460705, -4.71428680, -4.74719810
11670, 38709749, 38710273, -0.26030660, -0.16956615, -4.71428680, -4.68176937
11671, 38710749, 38711273, -0.26544455, -0.17414379, -4.74603271, -4.78878546
11672, 38711749, 38712274, -0.27057412, -0.17948437, -4.74603271, -4.70730972
11673, 38712749, 38713274, -0.27569297, -0.18444347, -4.77777863, -4.95166826
11674, 38713749, 38714274, -0.28079897, -0.18902111, -4.84127045, -4.95453835
11675, 38714749, 38715274, -0.28588837, -0.19436169, -4.87301636, -4.80910349
11676, 38715749, 38716274, -0.29095712, -0.19932079, -4.90476227, -5.01418257
11677, 38716749, 38717269, -0.29600063, -0.20427990, -4.93650818, -4.99293041
11678, 38717749, 38718279, -0.30101499, -0.20962048, -4.93650818, -4.97987843
11679, 38718749, 38719275, -0.30599636, -0.21419811, -4.96825409, -5.11906099
11680, 38719749, 38720275, -0.31094018, -0.21953964, -5.00000000, -4.91014194
11681, 38720749, 38721273, -0.31584013, -0.22411728, -5.00000000, -5.07660151
11682, 38721749, 38722273, -0.32069179, -0.22945786, -5.03174591, -4.88406610
11683, 38722749, 38723272, -0.32549039, -0.23441696, -5.03174591, -5.06021929
11684, 38723749, 38724274, -0.33023164, -0.23937607, -5.03174591, -5.02120304
11685, 38724749, 38725282, -0.33490950, -0.24471664, -5.03174591, -4.99724150
11686, 38725749, 38726272, -0.33951777, -0.24929428, -5.03174591, -5.12972355
11687, 38726749, 38727276, -0.34404719, -0.25463486, -5.03174591, -4.91668987
11688, 38727749, 38728281, -0.34849137, -0.25959396, -5.06349182, -5.08025455
11689, 38728749, 38729273, -0.35284099, -0.26455307, -5.03174591, -5.03350687
11690, 38729749, 38730273, -0.35708630, -0.26913071, -5.03174591, -5.00479794
11691, 38730749, 38731281, -0.36121532, -0.27447128, -5.00000000, -4.83996964
11692, 38731749, 38732275, -0.36521405, -0.27943039, -5.00000000, -5.03313875
11693, 38732749, 38733275, -0.36906987, -0.28439045, -5.00000000, -5.00457191
11694, 38733749, 38734284, -0.37276927, -0.28934956, -5.00000000, -4.98739624
11695, 38734749, 38735278, -0.37629923, -0.29430866, -5.00000000, -4.97648001
11696, 38735749, 38736282, -0.37964478, -0.29888630, -4.96825409, -4.96977615
11697, 38736749, 38737280, -0.38279441, -0.30422688, -4.96825409, -4.81846142
11698, 38737749, 38738278, -0.38573655, -0.30880451, -4.93650818, -5.01992989
11699, 38738749, 38739278, -0.38846517, -0.31376362, -4.90476227, -4.84926224
11700, 38739749, 38740279, -0.39096975, -0.31834126, -4.87301636, -4.89164782
11701, 38740749, 38741275, -0.39324504, -0.32291889, -4.84127045, -4.77048063
11702, 38741749, 38742283, -0.39528701, -0.32749653, -4.84127045, -4.69606781
11703, 38742749, 38743279, -0.39709467, -0.33245564, -4.80952454, -4.65036869
11704, 38743749, 38744273, -0.39867249, -0.33665180, -4.74603271, -4.76950121
11705, 38744749, 38745282, -0.40002620, -0.34161091, -4.74603271, -4.54826880
11706, 38745749, 38746278, -0.40116429, -0.34618950, -4.71428680, -4.70679855
11707, 38746749, 38747278, -0.40210283, -0.35038567, -4.68254089, -4.65732718
11708, 38747749, 38748278, -0.40285674, -0.35458183, -4.61904907, -4.47937965
11709, 38748749, 38749278, -0.40344617, -0.35839653, -4.52381134, -4.37009668
11710, 38749749, 38750275, -0.40388846, -0.36221123, -4.42856979, -4.15578508
11711, 38750749, 38751273, -0.40420181, -0.36564445, -4.30158615, -4.02416945
11712, 38751749, 38752273, -0.40440115, -0.36907768, -4.17460251, -3.79614305
11713, 38752749, 38753279, -0.40450442, -0.37212944, -3.98412704, -3.65610504
11714, 38753749, 38754277, -0.40452409, -0.37479973, -3.82539749, -3.42290592
11715, 38754749, 38755277, -0.40447623, -0.37747002, -3.60317612, -3.13249373
11716, 38755749, 38756274, -0.40437093, -0.37975883, -3.38095093, -2.95414257
11717, 38756749, 38757274, -0.40421325, -0.38204765, -3.19047546, -2.69741416
11718, 38757749, 38758276, -0.40401024, -0.38395500, -2.96825409, -2.53974962
11719, 38758749, 38759276, -0.40376446, -0.38586235, -2.74603271, -2.29572535
11720, 38759749, 38760276, -0.40347925, -0.38738823, -2.52381134, -2.14586258
11721, 38760749, 38761276, -0.40315628, -0.38853264, -2.30158615, -1.90662980
11722, 38761749, 38762277, -0.40279528, -0.38967705, -2.07936478, -1.61251211
11723, 38762749, 38763281, -0.40239537, -0.39082146, -1.85714340, -1.43188548
11724, 38763749, 38764277, -0.40195566, -0.39158440, -1.66666794, -1.32095718
11725, 38764749, 38765275, -0.40147331, -0.39234734, -1.47618866, -1.10563517
11726, 38765749, 38766275, -0.40094706, -0.39272881, -1.28571320, -0.97339934
11727, 38766749, 38767278, -0.40037167, -0.39349174, -1.09523773, -0.74499172
11728, 38767749, 38768274, -0.39974168, -0.39387321, -0.93650818, -0.75191718
11729, 38768749, 38769272, -0.39905164, -0.39387321, -0.80952454, -0.60897279
11730, 38769749, 38770272, -0.39829734, -0.39425468, -0.68254089, -0.37398872
11731, 38770749, 38771270, -0.39747578, -0.39425468, -0.55555725, -0.37687540
11732, 38771749, 38772271, -0.39658311, -0.39425468, -0.42857361, -0.23145066
11733, 38772749, 38773271, -0.39561853, -0.39425468, -0.30158997, -0.14214090
11734, 38773749, 38774273, -0.39458004, -0.39387321, -0.23809814, -0.08729305
11735, 38774749, 38775269, -0.39346367, -0.39387321, -0.14286041, 0.09358823
11736, 38775749, 38776277, -0.39227095, -0.39349174, -0.04762268, 0.05747538
11737, 38776749, 38777273, -0.39100242, -0.39311028, 0.01587677, 0.18249492
11738, 38777749, 38778274, -0.38966158, -0.39272881, 0.07936859, 0.25927323
11739, 38778749, 38779270, -0.38825095, -0.39234734, 0.14286041, 0.30642512
11740, 38779749, 38780272, -0.38677555, -0.39196587, 0.17460632, 0.33538255
11741, 38780749, 38781270, -0.38523901, -0.39158440, 0.20635223, 0.35316619
11742, 38781749, 38782270, -0.38364479, -0.39158440, 0.26984406, 0.36408767
11743, 38782749, 38783270, -0.38199767, -0.39082146, 0.30158997, 0.22359732
11744, 38783749, 38784277, -0.38030142, -0.39043999, 0.33333588, 0.43171301
11745, 38784749, 38785285, -0.37855917, -0.38967705, 0.36508179, 0.41232565
11746, 38785749, 38786271, -0.37677526, -0.38891411, 0.42857361, 0.54761684
11747, 38786749, 38787271, -0.37495351, -0.38815117, 0.46031952, 0.63070333
11748, 38787749, 38788279, -0.37309393, -0.38776970, 0.49206543, 0.68172926
11749, 38788749, 38789270, -0.37119800, -0.38700676, 0.55555725, 0.56586826
11750, 38789749, 38790270, -0.36926720, -0.38586235, 0.58730316, 0.64191204
11751, 38790749, 38791284, -0.36730379, -0.38509941, 0.65079498, 0.83581042
11752, 38791749, 38792270, -0.36530891, -0.38433647, 0.65079498, 0.80769175
11753, 38792749, 38793268, -0.36328301, -0.38319206, 0.71428680, 0.79042321
11754, 38793749, 38794269, -0.36122581, -0.38204765, 0.77777863, 0.92701566
11755, 38794749, 38795269, -0.35913998, -0.38128471, 0.84127045, 1.01090121
11756, 38795749, 38796267, -0.35702723, -0.37975883, 0.90476227, 0.91522032
11757, 38796749, 38797271, -0.35488752, -0.37861443, 0.93650818, 1.15085483
11758, 38797749, 38798271, -0.35272330, -0.37747002, 1.00000000, 1.14836764
11759, 38798749, 38799269, -0.35053512, -0.37594414, 1.06349182, 1.14684021
11760, 38799749, 38800280, -0.34832415, -0.37479973, 1.12698364, 1.29309964
11761, 38800749, 38801278, -0.34609136, -0.37327385, 1.19047546, 1.23572457
11762, 38801749, 38802266, -0.34383890, -0.37174797, 1.25396729, 1.34768629
11763, 38802749, 38803282, -0.34156623, -0.37022209, 1.28571320, 1.41644549
11764, 38803749, 38804276, -0.33927631, -0.36869621, 1.34920502, 1.45867252
11765, 38804749, 38805280, -0.33696875, -0.36678886, 1.41269684, 1.48460543
11766, 38805749, 38806265, -0.33464411, -0.36526299, 1.44444275, 1.64772916
11767, 38806749, 38807281, -0.33230242, -0.36335564, 1.50793457, 1.60071087
11768, 38807749, 38808277, -0.32994601, -0.36182976, 1.57142639, 1.71903300
11769, 38808749, 38809277, -0.32757407, -0.35954094, 1.63491821, 1.64450073
11770, 38809749, 38810275, -0.32518488, -0.35801506, 1.66666412, 1.89312327
11771, 38810749, 38811280, -0.32277980, -0.35610771, 1.73015594, 1.75141478
11772, 38811749, 38812280, -0.32035831, -0.35381889, 1.76190186, 1.81158483
11773, 38812749, 38813276, -0.31792149, -0.35191154, 1.79364777, 1.99573481
11774, 38813749, 38814278, -0.31546792, -0.35000420, 1.85713959, 1.96162927
11775, 38814749, 38815278, -0.31299788, -0.34809685, 1.88888550, 1.94068408
11776, 38815749, 38816280, -0.31050968, -0.34580803, 1.92063141, 1.92782092
11777, 38816749, 38817283, -0.30800322, -0.34351826, 1.95237732, 2.06711888
11778, 38817749, 38818281, -0.30547807, -0.34161091, 1.98412323, 2.15303397
11779, 38818749, 38819279, -0.30293557, -0.33932209, 2.04762268, 2.05823135
11780, 38819749, 38820277, -0.30037361, -0.33703327, 2.07936859, 2.14720774
11781, 38820749, 38821277, -0.29779291, -0.33512592, 2.07936859, 2.20185089
11782, 38821749, 38822280, -0.29519320, -0.33283710, 2.11111450, 2.08821130
11783, 38822749, 38823276, -0.29257280, -0.33054829, 2.11111450, 2.16561937
11784, 38823749, 38824278, -0.28993249, -0.32825947, 2.14286041, 2.21315813
11785, 38824749, 38825272, -0.28727159, -0.32635212, 2.14286041, 2.24235320
11786, 38825749, 38826274, -0.28459096, -0.32368183, 2.17460632, 2.11308503
11787, 38826749, 38827272, -0.28189006, -0.32139301, 2.20635223, 2.32809281
11788, 38827749, 38828277, -0.27916744, -0.31910419, 2.20635223, 2.31293797
11789, 38828749, 38829279, -0.27642572, -0.31681538, 2.23809814, 2.30363083
11790, 38829749, 38830279, -0.27366307, -0.31452656, 2.23809814, 2.29791522
11791, 38830749, 38831279, -0.27088037, -0.31223774, 2.26984406, 2.29440498
11792, 38831749, 38832277, -0.26807803, -0.30994892, 2.30158997, 2.29224920
11793, 38832749, 38833275, -0.26525915, -0.30766010, 2.30158997, 2.29092526
11794, 38833749, 38834276, -0.26242420, -0.30498981, 2.30158997, 2.29011226
11795, 38834749, 38835280, -0.25957438, -0.30270100, 2.30158997, 2.43681049
11796, 38835749, 38836272, -0.25671253, -0.30041218, 2.42857361, 2.37970471
11797, 38836749, 38837274, -0.25384098, -0.29736042, 2.39682770, 2.34463453
11798, 38837749, 38838278, -0.25096193, -0.29507160, 2.36508179, 2.61749196
11799, 38838749, 38839277, -0.24807705, -0.29278278, 2.39682770, 2.49066687
11800, 38839749, 38840275, -0.24518885, -0.29011250, 2.39682770, 2.41277957
11801, 38840749, 38841281, -0.24229905, -0.28782368, 2.42857361, 2.51214409
11802, 38841749, 38842273, -0.23940931, -0.28553486, 2.46031952, 2.42596936
11803, 38842749, 38843275, -0.23652209, -0.28248310, 2.46031952, 2.37304688
11804, 38843749, 38844276, -0.23363706, -0.28019333, 2.39682770, 2.63494086
11805, 38844749, 38845272, -0.23075549, -0.27752304, 2.49206543, 2.50175071
11806, 38845749, 38846280, -0.22787938, -0.27485275, 2.52381134, 2.56678414
11807, 38846749, 38847272, -0.22501177, -0.27218246, 2.52381134, 2.60672307
11808, 38847749, 38848278, -0.22215232, -0.26951218, 2.58730316, 2.63125086
11809, 38848749, 38849274, -0.21930218, -0.26684189, 2.58730316, 2.64631414
11810, 38849749, 38850275, -0.21646093, -0.26417160, 2.58730316, 2.65556502
11811, 38850749, 38851269, -0.21362910, -0.26150131, 2.61904907, 2.66124606
11812, 38851749, 38852273, -0.21080975, -0.25883102, 2.61904907, 2.66473508
11813, 38852749, 38853279, -0.20800291, -0.25616074, 2.61904907, 2.66687775
11814, 38853749, 38854277, -0.20520937, -0.25310898, 2.65079498, 2.66819382
11815, 38854749, 38855274, -0.20242949, -0.25043869, 2.68254089, 2.81619954
11816, 38855749, 38856270, -0.19966446, -0.24776840, 2.68254089, 2.75989676
11817, 38856749, 38857278, -0.19691445, -0.24509811, 2.68254089, 2.72531962
11818, 38857749, 38858276, -0.19417898, -0.24204636, 2.71428680, 2.70408463
11819, 38858749, 38859280, -0.19145931, -0.23937607, 2.71428680, 2.83824110
11820, 38859749, 38860278, -0.18875556, -0.23670578, 2.71428680, 2.77343321
11821, 38860749, 38861275, -0.18606825, -0.23403549, 2.71428680, 2.73363280
11822, 38861749, 38862275, -0.18339872, -0.23136520, 2.71428680, 2.70918989
11823, 38862749, 38863279, -0.18074818, -0.22869492, 2.71428680, 2.69417882
11824, 38863749, 38864273, -0.17811671, -0.22602463, 2.74603271, 2.68495989
11825, 38864749, 38865273, -0.17550537, -0.22297287, 2.74603271, 2.67929864
11826, 38865749, 38866282, -0.17291516, -0.22030258, 2.74603271, 2.82301927
11827, 38866749, 38867274, -0.17034698, -0.21724987, 2.74603271, 2.76408482
11828, 38867749, 38868276, -0.16780187, -0.21457958, 2.74603271, 2.87545705
11829, 38868749, 38869274, -0.16528063, -0.21190929, 2.74603271, 2.79628849
11830, 38869749, 38870280, -0.16278547, -0.20923901, 2.74603271, 2.74766874
11831, 38870749, 38871272, -0.16031615, -0.20656872, 2.74603271, 2.71780992
11832, 38871749, 38872273, -0.15787418, -0.20351696, 2.71428680, 2.69947267
11833, 38872749, 38873275, -0.15545911, -0.20122814, 2.74603271, 2.83540869
11834, 38873749, 38874275, -0.15307324, -0.19855785, 2.74603271, 2.62449622
11835, 38874749, 38875281, -0.15071705, -0.19550610, 2.71428680, 2.64216590
11836, 38875749, 38876273, -0.14839335, -0.19283581, 2.71428680, 2.80021477
11837, 38876749, 38877276, -0.14610252, -0.19016552, 2.71428680, 2.75008011
11838, 38877749, 38878278, -0.14384504, -0.18749523, 2.68254089, 2.71929073
11839, 38878749, 38879280, -0.14162041, -0.18444347, 2.71428680, 2.70038223
11840, 38879749, 38880282, -0.13943005, -0.18215466, 2.68254089, 2.83596754
11841, 38880749, 38881280, -0.13727422, -0.17948437, 2.65079498, 2.62483931
11842, 38881749, 38882274, -0.13515198, -0.17719555, 2.65079498, 2.64237666
11843, 38882749, 38883279, -0.13306524, -0.17414379, 2.65079498, 2.50594950
11844, 38883749, 38884269, -0.13101406, -0.17185497, 2.65079498, 2.71656036
11845, 38884749, 38885281, -0.12899649, -0.16918468, 2.61904907, 2.55150771
11846, 38885749, 38886281, -0.12701371, -0.16689587, 2.58730316, 2.59734130
11847, 38886749, 38887273, -0.12506633, -0.16460705, 2.55555725, 2.47829175
11848, 38887749, 38888280, -0.12315413, -0.16193676, 2.52381134, 2.40517974
11849, 38888749, 38889284, -0.12127618, -0.15964794, 2.52381134, 2.50747681
11850, 38889749, 38890276, -0.11943249, -0.15735912, 2.49206543, 2.42310309
11851, 38890749, 38891274, -0.11762322, -0.15468788, 2.46031952, 2.37128663
11852, 38891749, 38892276, -0.11584803, -0.15239906, 2.42857361, 2.48703027
11853, 38892749, 38893278, -0.11410741, -0.15011024, 2.39682770, 2.41054630
11854, 38893749, 38894281, -0.11240024, -0.14743996, 2.39682770, 2.36357522
11855, 38894749, 38895277, -0.11072894, -0.14553261, 2.36508179, 2.48192620
11856, 38895749, 38896277, -0.10909140, -0.14324379, 2.33333588, 2.26021409
11857, 38896749, 38897279, -0.10748862, -0.14133644, 2.30158997, 2.27125168
11858, 38897749, 38898275, -0.10592166, -0.13904762, 2.26984406, 2.13083243
11859, 38898749, 38899278, -0.10438883, -0.13675880, 2.23809814, 2.19179440
11860, 38899749, 38900280, -0.10289095, -0.13485146, 2.20635223, 2.22923303
11861, 38900749, 38901278, -0.10142829, -0.13256264, 2.17460632, 2.10502768
11862, 38901749, 38902278, -0.10000096, -0.13065529, 2.14286041, 2.17594695
11863, 38902749, 38903274, -0.09860927, -0.12874794, 2.11111450, 2.07230306
11864, 38903749, 38904274, -0.09725302, -0.12684059, 2.07936859, 2.00865221
11865, 38904749, 38905277, -0.09593455, -0.12493324, 2.04762268, 1.96956217
11866, 38905749, 38906279, -0.09465340, -0.12264442, 2.01587677, 1.94555593
11867, 38906749, 38907277, -0.09340998, -0.12073708, 1.98412323, 2.07801032
11868, 38907749, 38908279, -0.09220404, -0.11882973, 1.98412323, 2.01215720
11869, 38908749, 38909279, -0.09103717, -0.11730385, 1.95237732, 1.97171474
11870, 38909749, 38910279, -0.08990945, -0.11539650, 1.95237732, 1.79968035
11871, 38910749, 38911278, -0.08882197, -0.11387062, 1.88888550, 1.84122634
11872, 38911749, 38912274, -0.08777336, -0.11196327, 1.88888550, 1.71954346
11873, 38912749, 38913274, -0.08676348, -0.11043739, 1.82539368, 1.79201174
11874, 38913749, 38914276, -0.08579254, -0.10891151, 1.79364777, 1.68931925
11875, 38914749, 38915274, -0.08486111, -0.10738564, 1.73015594, 1.62625253
11876, 38915749, 38916275, -0.08396897, -0.10624123, 1.63491821, 1.58752143
11877, 38916749, 38917275, -0.08311804, -0.10471535, 1.57142639, 1.41653800
11878, 38917749, 38918277, -0.08230642, -0.10357094, 1.50793457, 1.45872939
11879, 38918749, 38919273, -0.08153466, -0.10204506, 1.47618866, 1.33744287
11880, 38919749, 38920273, -0.08080270, -0.10090065, 1.41269684, 1.41015470
11881, 38920749, 38921276, -0.08011187, -0.09975624, 1.34920502, 1.30761170
11882, 38921749, 38922274, -0.07946184, -0.09861183, 1.28571320, 1.24463677
11883, 38922749, 38923274, -0.07885230, -0.09784889, 1.25396729, 1.20596194
11884, 38923749, 38924274, -0.07828454, -0.09670448, 1.19047546, 1.03501308
11885, 38924749, 38925276, -0.07775757, -0.09594154, 1.15872955, 1.07722569
11886, 38925749, 38926278, -0.07727093, -0.09517860, 1.09523773, 0.95595223
11887, 38926749, 38927277, -0.07682489, -0.09441566, 1.03174591, 0.88147444
11888, 38927749, 38928275, -0.07641999, -0.09327030, 0.96825409, 0.83573538
11889, 38928749, 38929277, -0.07605543, -0.09250736, 0.93650818, 0.95521116
11890, 38929749, 38930277, -0.07573327, -0.09174442, 0.90476227, 0.88101941
11891, 38930749, 38931271, -0.07545201, -0.09136295, 0.84127045, 0.83545595
11892, 38931749, 38932273, -0.07521252, -0.09060001, 0.80952454, 0.66027653
11893, 38932749, 38933274, -0.07501404, -0.08983707, 0.77777863, 0.69989103
11894, 38933749, 38934274, -0.07485799, -0.08907413, 0.74603271, 0.72421950
11895, 38934749, 38935274, -0.07474381, -0.08869267, 0.68254089, 0.73916036
11896, 38935749, 38936270, -0.07467161, -0.08831120, 0.68254089, 0.60113847
11897, 38936749, 38937284, -0.07464132, -0.08754826, 0.65079498, 0.51637501
11898, 38937749, 38938273, -0.07465278, -0.08716679, 0.61904907, 0.61151671
11899, 38938749, 38939271, -0.07470606, -0.08640385, 0.58730316, 0.52274859
11900, 38939749, 38940271, -0.07480136, -0.08602238, 0.55555725, 0.61543095
11901, 38940749, 38941271, -0.07493908, -0.08525944, 0.55555725, 0.52515244
11902, 38941749, 38942273, -0.07511856, -0.08525944, 0.52381134, 0.61690724
11903, 38942749, 38943269, -0.07534043, -0.08487797, 0.49206543, 0.37886152
11904, 38943749, 38944270, -0.07560473, -0.08449650, 0.46031952, 0.37986794
11905, 38944749, 38945270, -0.07591097, -0.08411503, 0.42857361, 0.38048601
11906, 38945749, 38946268, -0.07625983, -0.08373356, 0.39682770, 0.38086560
11907, 38946749, 38947282, -0.07665076, -0.08373356, 0.39682770, 0.38109872
11908, 38947749, 38948268, -0.07708388, -0.08335209, 0.36508179, 0.23404433
11909, 38948749, 38949285, -0.07755960, -0.08297062, 0.33333588, 0.29093131
11910, 38949749, 38950287, -0.07807785, -0.08258915, 0.30158997, 0.32586733
11911, 38950749, 38951283, -0.07863913, -0.08258915, 0.26984406, 0.34732258
11912, 38951749, 38952269, -0.07924336, -0.08258915, 0.26984406, 0.21330138
11913, 38952749, 38953269, -0.07988958, -0.08220768, 0.23809814, 0.13099487
11914, 38953749, 38954269, -0.08057618, -0.08220768, 0.23809814, 0.22764549
11915, 38954749, 38955280, -0.08130442, -0.08220768, 0.20635223, 0.13980402
11916, 38955749, 38956284, -0.08207396, -0.08182621, 0.20635223, 0.08585791
11917, 38956749, 38957282, -0.08288338, -0.08182621, 0.17460632, 0.19992551
11918, 38957749, 38958282, -0.08373269, -0.08182621, 0.14286041, 0.12278035
11919, 38958749, 38959282, -0.08462131, -0.08182621, 0.11111450, 0.07540315
11920, 38959749, 38960279, -0.08554892, -0.08182621, 0.07936859, 0.04630737
11921, 38960749, 38961285, -0.08651578, -0.08182621, 0.07936859, 0.02843876
11922, 38961749, 38962283, -0.08752102, -0.08182621, 0.04762268, 0.01746511
11923, 38962749, 38963279, -0.08856342, -0.08220768, 0.01587677, 0.01072586
11924, 38963749, 38964277, -0.08964413, -0.08220768, -0.01587677, -0.14061049
11925, 38964749, 38965285, -0.09076232, -0.08220768, -0.04762268, -0.08635318
11926, 38965749, 38966278, -0.09191739, -0.08258915, -0.07936859, -0.05303212
11927, 38966749, 38967280, -0.09310871, -0.08258915, -0.07936859, -0.17976619
11928, 38967749, 38968280, -0.09433673, -0.08258915, -0.11111450, -0.11039989
11929, 38968749, 38969282, -0.09560035, -0.08297062, -0.14286041, -0.06779993
11930, 38969749, 38970278, -0.09689935, -0.08335209, -0.17460632, -0.18883556
11931, 38970749, 38971275, -0.09823296, -0.08335209, -0.20635223, -0.26316720
11932, 38971749, 38972277, -0.09960061, -0.08373356, -0.20635223, -0.16161899
11933, 38972749, 38973277, -0.10100169, -0.08411503, -0.23809814, -0.24645270
11934, 38973749, 38974277, -0.10243545, -0.08449650, -0.26984406, -0.29855165
11935, 38974749, 38975279, -0.10390150, -0.08525944, -0.26984406, -0.33054721
11936, 38975749, 38976279, -0.10540037, -0.08564091, -0.33333588, -0.49739420
11937, 38976749, 38977276, -0.10693084, -0.08640385, -0.39682770, -0.45266250
11938, 38977749, 38978274, -0.10849272, -0.08716679, -0.46031952, -0.57238895
11939, 38978749, 38979278, -0.11008521, -0.08792973, -0.49206543, -0.64591658
11940, 38979749, 38980276, -0.11170730, -0.08869267, -0.55555725, -0.69107217
11941, 38980749, 38981276, -0.11335746, -0.08945560, -0.58730316, -0.71880352
11942, 38981749, 38982277, -0.11503559, -0.09021854, -0.65079498, -0.73583424
11943, 38982749, 38983277, -0.11674213, -0.09136295, -0.71428680, -0.74629337
11944, 38983749, 38984279, -0.11847590, -0.09212589, -0.77777863, -0.89991415
11945, 38984749, 38985277, -0.12023617, -0.09365177, -0.84127045, -0.84705979
11946, 38985749, 38986277, -0.12202194, -0.09479713, -0.90476227, -1.10899544
11947, 38986749, 38987277, -0.12383247, -0.09594154, -1.00000000, -1.12302852
11948, 38987749, 38988276, -0.12566702, -0.09784889, -1.09523773, -1.13127863
11949, 38988749, 38989276, -0.12752554, -0.09899330, -1.15872955, -1.43074048
11950, 38989749, 38990278, -0.12940671, -0.10051918, -1.22222137, -1.32025397
11951, 38990749, 38991276, -0.13130981, -0.10204506, -1.31745911, -1.39959836
11952, 38991749, 38992282, -0.13323469, -0.10357094, -1.38095093, -1.44832623
11953, 38992749, 38993273, -0.13518000, -0.10509682, -1.44444275, -1.47825146
11954, 38993749, 38994281, -0.13714509, -0.10700417, -1.47618866, -1.49662948
11955, 38994749, 38995277, -0.13912977, -0.10853004, -1.50793839, -1.65511346
11956, 38995749, 38996275, -0.14113289, -0.11043739, -1.63492203, -1.60524583
11957, 38996749, 38997281, -0.14315313, -0.11196327, -1.60317612, -1.72181809
11958, 38997749, 38998271, -0.14518949, -0.11425209, -1.66666794, -1.64621115
11959, 38998749, 38999280, -0.14724180, -0.11577797, -1.69841385, -1.89417374
11960, 38999749, 39000274, -0.14930925, -0.11768532, -1.76190567, -1.75205994
11961, 39000749, 39001278, -0.15139017, -0.11959267, -1.79365158, -1.81198108
11962, 39001749, 39002278, -0.15348417, -0.12150002, -1.88888931, -1.84878051
11963, 39002749, 39003276, -0.15558901, -0.12302589, -1.85714340, -1.87138021
11964, 39003749, 39004278, -0.15770333, -0.12531471, -1.76190567, -1.73806179
11965, 39004749, 39005281, -0.15982719, -0.12722206, -1.85714340, -1.95058203
11966, 39005749, 39006279, -0.16196051, -0.12912941, -1.88888931, -1.93389952
11967, 39006749, 39007277, -0.16410136, -0.13103676, -1.88888931, -1.92365432
11968, 39007749, 39008271, -0.16624831, -0.13294411, -1.88888931, -1.91736245
11969, 39008749, 39009281, -0.16840133, -0.13485146, -1.92063522, -1.91349840
11970, 39009749, 39010276, -0.17055984, -0.13675880, -1.85714340, -1.91112530
11971, 39010749, 39011276, -0.17272328, -0.13866615, -1.92063522, -1.90966797
11972, 39011749, 39012278, -0.17488921, -0.14057350, -1.95238113, -1.90877295
11973, 39012749, 39013278, -0.17705642, -0.14248085, -1.95238113, -1.90822327
11974, 39013749, 39014286, -0.17922442, -0.14438820, -1.95238113, -1.90788579
11975, 39014749, 39015277, -0.18139105, -0.14667702, -1.95238113, -1.90767848
11976, 39015749, 39016275, -0.18355563, -0.14820290, -1.95238113, -2.05474877
11977, 39016749, 39017279, -0.18571723, -0.15049171, -1.95238113, -1.85067403
11978, 39017749, 39018285, -0.18787473, -0.15239906, -1.95238113, -2.01974058
11979, 39018749, 39019283, -0.19002658, -0.15468788, -1.98412704, -1.97637188
11980, 39019749, 39020275, -0.19217169, -0.15659618, -1.98412704, -2.09693551
11981, 39020749, 39021276, -0.19431020, -0.15812206, -1.98412704, -2.02414775
11982, 39021749, 39022280, -0.19644020, -0.16041088, -1.98412704, -1.83188105
11983, 39022749, 39023282, -0.19856003, -0.16231823, -1.98412704, -2.00819921
11984, 39023749, 39024282, -0.20066756, -0.16460705, -1.98412704, -1.96928394
11985, 39024749, 39025274, -0.20276317, -0.16651440, -2.01587296, -2.09258270
11986, 39025749, 39026282, -0.20484571, -0.16842175, -2.01587296, -2.02110648
11987, 39026749, 39027277, -0.20691317, -0.17071056, -2.01587296, -1.97721076
11988, 39027749, 39028275, -0.20896366, -0.17261791, -2.01587296, -2.09745073
11989, 39028749, 39029277, -0.21099572, -0.17452526, -2.01587296, -2.02409601
11990, 39029749, 39030275, -0.21300773, -0.17719555, -2.04761887, -1.97904670
11991, 39030749, 39031277, -0.21499838, -0.17910290, -2.11111069, -2.24577570
11992, 39031749, 39032282, -0.21696636, -0.18101025, -2.11111069, -2.11518693
11993, 39032749, 39033282, -0.21891060, -0.18329906, -2.11111069, -2.03498840
11994, 39033749, 39034276, -0.22082824, -0.18520641, -2.11111069, -2.13293362
11995, 39034749, 39035274, -0.22271711, -0.18787670, -2.11111069, -2.04588723
11996, 39035749, 39036280, -0.22457497, -0.18978405, -2.17460251, -2.28682446
11997, 39036749, 39037281, -0.22640122, -0.19207287, -2.14285660, -2.14039636
11998, 39037749, 39038283, -0.22819231, -0.19398022, -2.17460251, -2.19766784
11999, 39038749, 39039285, -0.22994529, -0.19588757, -2.14285660, -2.08564234
12000, 39039749, 39040281, -0.23166019, -0.19817638, -2.11111069, -2.01684427