Index, u_t(us), y_t(us), u(rad), Theta(rad), Omega(rad/s), Omega_ref(rad/s)
0, 26380455, 26380983, 1.57080722, 1.34374714, -0.01587677, 0.40385768
1, 26381455, 26381987, 1.57082939, 1.34374714, -0.01587677, 0.28846979
2, 26382455, 26382983, 1.57086372, 1.34374714, -0.01587677, 0.63463354
3, 26383455, 26383985, 1.57090974, 1.34412956, -0.01587677, 2.82700396
4, 26384455, 26384985, 1.57096767, 1.34451103, 0.04762268, 2.82700396
5, 26385455, 26385984, 1.57103670, 1.34527397, 0.11111450, 2.71161604
6, 26386455, 26386982, 1.57111704, 1.34603691, 0.20635223, 2.94239187
7, 26387455, 26387988, 1.57120883, 1.34718132, 0.30158997, 3.17316747
8, 26388455, 26388982, 1.57131147, 1.34832573, 0.46031952, 3.51933122
9, 26389455, 26389980, 1.57142413, 1.35023308, 0.65079498, 3.05777979
10, 26390455, 26390979, 1.57154715, 1.35214043, 0.87301636, 3.05777979
11, 26391455, 26391979, 1.57168007, 1.35404778, 1.12698364, 3.17316747
12, 26392455, 26392981, 1.57182252, 1.35671806, 1.34920502, 2.94239187
13, 26393455, 26393987, 1.57197475, 1.35938835, 1.60317230, 2.48084021
14, 26394455, 26394979, 1.57213724, 1.36205864, 1.85713959, 2.13467646
15, 26395455, 26395988, 1.57230949, 1.36511040, 2.07936859, 2.01928854
16, 26396455, 26396980, 1.57249093, 1.36816216, 2.33333588, 2.01928854
17, 26397455, 26397986, 1.57268095, 1.37159538, 2.55555725, 2.01928854
18, 26398455, 26398976, 1.57287896, 1.37502861, 2.74603271, 2.13467646
19, 26399455, 26399976, 1.57308400, 1.37846184, 2.90476227, 1.67312467
20, 26400455, 26400976, 1.57329535, 1.38189507, 3.15872955, 1.32696104
21, 26401455, 26401975, 1.57351267, 1.38570976, 3.25396729, 1.67312467
22, 26402455, 26402977, 1.57373571, 1.38952446, 3.38095093, 1.44234896
23, 26403455, 26403977, 1.57396400, 1.39372063, 3.50793457, 0.75002146
24, 26404455, 26404983, 1.57419550, 1.39753532, 3.60317230, 0.75002146
25, 26405455, 26405977, 1.57442832, 1.40173149, 3.69841003, 0.75002146
26, 26406455, 26406979, 1.57466257, 1.40554619, 3.79364777, 0.40385768
27, 26407455, 26407984, 1.57489717, 1.40974331, 3.85713959, 0.51924562
28, 26408455, 26408980, 1.57513118, 1.41393948, 3.82539368, 0.51924562
29, 26409455, 26409982, 1.57536411, 1.41813564, 3.95237732, 0.75002146
30, 26410455, 26410986, 1.57559526, 1.42195034, 4.01587677, 0.17308187
31, 26411455, 26411974, 1.57582295, 1.42614651, 4.01587677, 0.28846979
32, 26412455, 26412978, 1.57604706, 1.43034267, 4.07936859, 0.17308187
33, 26413455, 26413981, 1.57626736, 1.43415737, 4.07936859, 0.17308187
34, 26414455, 26414983, 1.57648468, 1.43835354, 4.07936859, -0.05769395
35, 26415455, 26415981, 1.57669890, 1.44254971, 4.07936859, 0.05769395
36, 26416455, 26416985, 1.57690978, 1.44636440, 4.07936859, 0.17308187
37, 26417455, 26417987, 1.57711709, 1.45017910, 4.01587677, 0.17308187
38, 26418455, 26418982, 1.57732022, 1.45399380, 3.98412323, 0.28846979
39, 26419455, 26419982, 1.57751930, 1.45780849, 3.95237732, -0.05769395
40, 26420455, 26420980, 1.57771611, 1.46162319, 3.92063141, -0.05769395
41, 26421455, 26421992, 1.57791114, 1.46543789, 3.85713959, -0.17308187
42, 26422455, 26422996, 1.57810521, 1.46887207, 3.82539368, -0.05769395
43, 26423455, 26423981, 1.57829857, 1.47230530, 3.76190186, -0.28846979
44, 26424455, 26424991, 1.57849169, 1.47612000, 3.73015594, -0.17308187
45, 26425455, 26425985, 1.57868516, 1.47955322, 3.69841003, 0.05769395
46, 26426455, 26426991, 1.57888019, 1.48298645, 3.66666412, -0.05769395
47, 26427455, 26427987, 1.57907772, 1.48641968, 3.60317230, -0.28846979
48, 26428455, 26428983, 1.57927895, 1.49023438, 3.53968048, -0.28846979
49, 26429455, 26429986, 1.57948613, 1.49328613, 3.50793457, -0.17308187
50, 26430455, 26430990, 1.57970285, 1.49633789, 3.41269684, -0.17308187
51, 26431455, 26431978, 1.57992995, 1.49977112, 3.38095093, -0.28846979
52, 26432455, 26432986, 1.58016896, 1.50282288, 3.31745911, -0.17308187
53, 26433455, 26433984, 1.58042288, 1.50587463, 3.28571320, -0.28846979
54, 26434455, 26434976, 1.58069456, 1.50892639, 3.22222137, -0.28846979
55, 26435455, 26435987, 1.58098662, 1.51197815, 3.15872955, -0.28846979
56, 26436455, 26436981, 1.58130169, 1.51464844, 3.12698364, -0.05769395
57, 26437455, 26437985, 1.58164382, 1.51770020, 3.03174591, -0.40385768
58, 26438455, 26438991, 1.58201683, 1.52037048, 3.03174591, -0.40385768
59, 26439455, 26439987, 1.58242500, 1.52304077, 2.96825409, -0.51924562
60, 26440455, 26440988, 1.58287156, 1.52571106, 2.87301636, -0.51924562
61, 26441455, 26441982, 1.58336043, 1.52838135, 2.80952454, -0.28846979
62, 26442455, 26442988, 1.58389580, 1.53067017, 2.74603271, -0.28846979
63, 26443455, 26443986, 1.58448195, 1.53257847, 2.65079498, -0.51924562
64, 26444455, 26444980, 1.58512235, 1.53486729, 2.58730316, -0.40385768
65, 26445455, 26445982, 1.58582067, 1.53715611, 2.49206543, -0.51924562
66, 26446455, 26446983, 1.58658040, 1.53906345, 2.36508179, -0.86540931
67, 26447455, 26447987, 1.58740413, 1.54097080, 2.26984406, -0.40385768
68, 26448455, 26448983, 1.58829749, 1.54287815, 2.20635223, -0.40385768
69, 26449455, 26449987, 1.58926344, 1.54440403, 2.11111450, -0.40385768
70, 26450455, 26450989, 1.59030294, 1.54631138, 2.01587677, -0.40385768
71, 26451455, 26451987, 1.59141767, 1.54783726, 1.95237732, -0.28846979
72, 26452455, 26452988, 1.59260798, 1.54974461, 1.85713959, -0.51924562
73, 26453455, 26453986, 1.59387255, 1.55088902, 1.79364777, -0.17308187
74, 26454455, 26454984, 1.59520876, 1.55279636, 1.73015594, -0.40385768
75, 26455455, 26455984, 1.59661424, 1.55394077, 1.63491821, -0.40385768
76, 26456455, 26456982, 1.59808493, 1.55508518, 1.57142639, -0.28846979
77, 26457455, 26457987, 1.59961545, 1.55661106, 1.47618866, -0.17308187
78, 26458455, 26458987, 1.60119903, 1.55775547, 1.44444275, -0.17308187
79, 26459455, 26459985, 1.60282886, 1.55889988, 1.34920502, -0.17308187
80, 26460455, 26460985, 1.60449815, 1.56004429, 1.31745911, -0.28846979
81, 26461455, 26461987, 1.60620058, 1.56118870, 1.22222137, -0.17308187
82, 26462455, 26462989, 1.60792983, 1.56157017, 1.19047546, -0.17308187
83, 26463455, 26463986, 1.60967827, 1.56271458, 1.12698364, -0.05769395
84, 26464455, 26464984, 1.61144102, 1.56347752, 1.06349182, -0.17308187
85, 26465455, 26465990, 1.61321509, 1.56424046, 1.00000000, -0.05769395
86, 26466455, 26466984, 1.61499596, 1.56462193, 0.90476227, -0.17308187
87, 26467455, 26467982, 1.61678004, 1.56538486, 0.84127045, -0.17308187
88, 26468455, 26468983, 1.61856508, 1.56576633, 0.77777863, 0.05769395
89, 26469455, 26469985, 1.62035048, 1.56614780, 0.71428680, -0.17308187
90, 26470455, 26470985, 1.62213576, 1.56691074, 0.65079498, 0.17308187
91, 26471455, 26471983, 1.62392008, 1.56729221, 0.58730316, 0.05769395
92, 26472455, 26472995, 1.62570274, 1.56767368, 0.55555725, 0.17308187
93, 26473455, 26473985, 1.62748289, 1.56805515, 0.49206543, 0.40385768
94, 26474455, 26474986, 1.62926030, 1.56843662, 0.46031952, 0.17308187
95, 26475455, 26475980, 1.63103509, 1.56881809, 0.42857361, 0.63463354
96, 26476455, 26476980, 1.63280761, 1.56919956, 0.39682770, 0.28846979
97, 26477455, 26477980, 1.63457596, 1.56958103, 0.36508179, 0.28846979
98, 26478455, 26478978, 1.63633895, 1.56996250, 0.36508179, 0.40385768
99, 26479455, 26479980, 1.63809609, 1.57072544, 0.36508179, 0.98079723
100, 26480455, 26480977, 1.63984597, 1.57072544, 0.36508179, 0.86540931
101, 26481455, 26481977, 1.64158797, 1.57148838, 0.36508179, 0.75002146
102, 26482455, 26482979, 1.64332116, 1.57186985, 0.39682770, 0.98079723
103, 26483455, 26483975, 1.64504385, 1.57263279, 0.42857361, 0.98079723
104, 26484455, 26484977, 1.64675355, 1.57339573, 0.46031952, 0.98079723
105, 26485455, 26485980, 1.64844906, 1.57415867, 0.49206543, 0.75002146
106, 26486455, 26486988, 1.65012753, 1.57454014, 0.52381134, 1.09618521
107, 26487455, 26487978, 1.65178800, 1.57530308, 0.58730316, 1.09618521
108, 26488455, 26488974, 1.65342963, 1.57606602, 0.61904907, 0.98079723
109, 26489455, 26489974, 1.65505064, 1.57721043, 0.65079498, 0.98079723
110, 26490455, 26490976, 1.65664899, 1.57797337, 0.71428680, 0.86540931
111, 26491455, 26491975, 1.65822375, 1.57873631, 0.74603271, 0.86540931
112, 26492455, 26492973, 1.65977538, 1.57988071, 0.80952454, 0.86540931
113, 26493455, 26493975, 1.66130316, 1.58064365, 0.84127045, 1.09618521
114, 26494455, 26494973, 1.66280663, 1.58178806, 0.90476227, 1.09618521
115, 26495455, 26495973, 1.66428626, 1.58331394, 0.90476227, 0.75002146
116, 26496455, 26496974, 1.66574144, 1.58407688, 0.96825409, 0.86540931
117, 26497455, 26497974, 1.66717315, 1.58560276, 1.03174591, 0.98079723
118, 26498455, 26498988, 1.66858196, 1.58712864, 1.06349182, 0.98079723
119, 26499455, 26499988, 1.66996777, 1.58827305, 1.12698364, 0.98079723
120, 26500455, 26500972, 1.67133152, 1.58979893, 1.15872955, 0.75002146
121, 26501455, 26501974, 1.67267263, 1.59094334, 1.19047546, 0.86540931
122, 26502455, 26502984, 1.67399240, 1.59246922, 1.28571320, 0.86540931
123, 26503455, 26503985, 1.67529154, 1.59399605, 1.31745911, 0.63463354
124, 26504455, 26504971, 1.67657042, 1.59552193, 1.34920502, 0.51924562
125, 26505455, 26505971, 1.67782915, 1.59704781, 1.41269684, 0.40385768
126, 26506455, 26506973, 1.67906773, 1.59857368, 1.44444275, 0.40385768
127, 26507455, 26507985, 1.68028700, 1.60048103, 1.47618866, 0.28846979
128, 26508455, 26508987, 1.68148649, 1.60200691, 1.50793457, 0.86540931
129, 26509455, 26509983, 1.68266535, 1.60353279, 1.53968048, 0.51924562
130, 26510455, 26510984, 1.68382418, 1.60505867, 1.53968048, 0.75002146
131, 26511455, 26511982, 1.68496311, 1.60658455, 1.57142639, 0.51924562
132, 26512455, 26512982, 1.68608201, 1.60849190, 1.60317230, 0.75002146
133, 26513455, 26513986, 1.68718112, 1.61001778, 1.60317230, 0.40385768
134, 26514455, 26514984, 1.68826032, 1.61192513, 1.60317230, 0.51924562
135, 26515455, 26515985, 1.68931925, 1.61345100, 1.63491821, 0.75002146
136, 26516455, 26516985, 1.69035816, 1.61535835, 1.63491821, 0.86540931
137, 26517455, 26517985, 1.69137621, 1.61688423, 1.63491821, 0.51924562
138, 26518455, 26518987, 1.69237244, 1.61879158, 1.66666412, 0.51924562
139, 26519455, 26519985, 1.69334757, 1.62031746, 1.66666412, 0.51924562
140, 26520455, 26520982, 1.69430125, 1.62222481, 1.66666412, 0.40385768
141, 26521455, 26521986, 1.69523227, 1.62375069, 1.69841003, 0.40385768
142, 26522455, 26522982, 1.69614244, 1.62565804, 1.69841003, 0.63463354
143, 26523455, 26523984, 1.69703174, 1.62718391, 1.69841003, 0.40385768
144, 26524455, 26524984, 1.69790065, 1.62870979, 1.69841003, 0.51924562
145, 26525455, 26525980, 1.69875026, 1.63061714, 1.69841003, 0.40385768
146, 26526455, 26526979, 1.69958055, 1.63214302, 1.66666412, 0.40385768
147, 26527455, 26527987, 1.70039177, 1.63405037, 1.66666412, 0.17308187
148, 26528455, 26528983, 1.70118463, 1.63557625, 1.66666412, 0.51924562
149, 26529455, 26529983, 1.70195997, 1.63710213, 1.66666412, 0.51924562
150, 26530455, 26530983, 1.70271838, 1.63862801, 1.66666412, 0.17308187
151, 26531455, 26531983, 1.70346129, 1.64053535, 1.63491821, 0.28846979
152, 26532455, 26532986, 1.70418847, 1.64206123, 1.63491821, 0.28846979
153, 26533455, 26533986, 1.70490015, 1.64396858, 1.66666412, 0.17308187
154, 26534455, 26534982, 1.70559537, 1.64511299, 1.63491821, 0.28846979
155, 26535455, 26535980, 1.70627511, 1.64702034, 1.60317230, 0.28846979
156, 26536455, 26536982, 1.70693910, 1.64816475, 1.60317230, 0.51924562
157, 26537455, 26537981, 1.70758688, 1.65007210, 1.57142639, 0.28846979
158, 26538455, 26538979, 1.70821846, 1.65121651, 1.57142639, 0.28846979
159, 26539455, 26539981, 1.70883453, 1.65274239, 1.53968048, 0.17308187
160, 26540455, 26540985, 1.70943594, 1.65426826, 1.50793457, 0.28846979
161, 26541455, 26541985, 1.71002281, 1.65579414, 1.47618866, 0.28846979
162, 26542455, 26542981, 1.71059465, 1.65732098, 1.44444275, 0.51924562
163, 26543455, 26543986, 1.71115220, 1.65846539, 1.47618866, 0.40385768
164, 26544455, 26544984, 1.71169603, 1.65999126, 1.44444275, 0.17308187
165, 26545455, 26545982, 1.71222711, 1.66113567, 1.44444275, 0.40385768
166, 26546455, 26546982, 1.71274531, 1.66266155, 1.41269684, 0.17308187
167, 26547455, 26547984, 1.71325064, 1.66380596, 1.38095093, 0.17308187
168, 26548455, 26548991, 1.71374393, 1.66533184, 1.34920502, -0.05769395
169, 26549455, 26549979, 1.71422744, 1.66647625, 1.34920502, 0.40385768
170, 26550455, 26550981, 1.71470094, 1.66762066, 1.34920502, 0.17308187
171, 26551455, 26551979, 1.71516573, 1.66914654, 1.31745911, 0.05769395
172, 26552455, 26552985, 1.71562147, 1.67029095, 1.25396729, 0.05769395
173, 26553455, 26553979, 1.71606958, 1.67143536, 1.25396729, 0.17308187
174, 26554455, 26554980, 1.71651089, 1.67296124, 1.22222137, 0.05769395
175, 26555455, 26555978, 1.71694613, 1.67372417, 1.19047546, 0.28846979
176, 26556455, 26556984, 1.71737504, 1.67486858, 1.22222137, 0.28846979
177, 26557455, 26557982, 1.71779883, 1.67639446, 1.19047546, 0.28846979
178, 26558455, 26558982, 1.71821725, 1.67715740, 1.15872955, 0.17308187
179, 26559455, 26559986, 1.71863091, 1.67830181, 1.12698364, 0.17308187
180, 26560455, 26560989, 1.71903980, 1.67944622, 1.12698364, 0.17308187
181, 26561455, 26561977, 1.71944296, 1.68020916, 1.09523773, 0.05769395
182, 26562455, 26562983, 1.71984041, 1.68135357, 1.06349182, 0.17308187
183, 26563455, 26563985, 1.72023165, 1.68249798, 1.06349182, 0.05769395
184, 26564455, 26564981, 1.72061551, 1.68287945, 1.00000000, 0.51924562
185, 26565455, 26565984, 1.72099221, 1.68402386, 0.96825409, -0.05769395
186, 26566455, 26566984, 1.72136068, 1.68478680, 0.96825409, 0.17308187
187, 26567455, 26567984, 1.72172070, 1.68593121, 0.93650818, 0.51924562
188, 26568455, 26568984, 1.72207069, 1.68669415, 0.93650818, 0.28846979
189, 26569455, 26569980, 1.72240937, 1.68745708, 0.90476227, 0.17308187
190, 26570455, 26570978, 1.72273564, 1.68822002, 0.87301636, 0.51924562
191, 26571455, 26571985, 1.72304904, 1.68898296, 0.84127045, 0.28846979
192, 26572455, 26572981, 1.72334874, 1.68974590, 0.84127045, 0.40385768
193, 26573455, 26573987, 1.72363412, 1.69050884, 0.84127045, 0.05769395
194, 26574455, 26574983, 1.72390342, 1.69165325, 0.80952454, 0.28846979
195, 26575455, 26575983, 1.72415495, 1.69203472, 0.77777863, 0.17308187
196, 26576455, 26576984, 1.72438788, 1.69279766, 0.77777863, 0.17308187
197, 26577455, 26577988, 1.72460175, 1.69356060, 0.77777863, 0.17308187
198, 26578455, 26578984, 1.72479546, 1.69432354, 0.74603271, 0.05769395
199, 26579455, 26579986, 1.72496867, 1.69508648, 0.71428680, 0.17308187
200, 26580455, 26580984, 1.72512150, 1.69546795, 0.68254089, -0.05769395
201, 26581455, 26581982, 1.72525203, 1.69623089, 0.68254089, 0.05769395
202, 26582455, 26582987, 1.72535968, 1.69661236, 0.68254089, 0.17308187
203, 26583455, 26583983, 1.72544312, 1.69737530, 0.68254089, 0.28846979
204, 26584455, 26584985, 1.72550094, 1.69813824, 0.61904907, 0.28846979
205, 26585455, 26585983, 1.72553241, 1.69851971, 0.58730316, 0.17308187
206, 26586455, 26586989, 1.72553718, 1.69890118, 0.55555725, 0.17308187
207, 26587455, 26587983, 1.72551370, 1.69928265, 0.55555725, 0.17308187
208, 26588455, 26588986, 1.72546101, 1.69966412, 0.55555725, 0.05769395
209, 26589455, 26589990, 1.72537875, 1.70042706, 0.52381134, -0.05769395
210, 26590455, 26590988, 1.72526491, 1.70080853, 0.49206543, 0.17308187
211, 26591455, 26591986, 1.72511792, 1.70118999, 0.49206543, 0.28846979
212, 26592455, 26592988, 1.72493768, 1.70157146, 0.49206543, 0.05769395
213, 26593455, 26593983, 1.72472358, 1.70195293, 0.46031952, 0.28846979
214, 26594455, 26594989, 1.72447574, 1.70271587, 0.42857361, 0.40385768
215, 26595455, 26595983, 1.72419381, 1.70309734, 0.42857361, 0.17308187
216, 26596455, 26596985, 1.72387660, 1.70347881, 0.42857361, 0.05769395
217, 26597455, 26597983, 1.72352409, 1.70347881, 0.42857361, -0.05769395
218, 26598455, 26598987, 1.72313702, 1.70424175, 0.42857361, 0.05769395
219, 26599455, 26599986, 1.72271490, 1.70462322, 0.39682770, 0.28846979
220, 26600455, 26600982, 1.72225666, 1.70500469, 0.39682770, 0.17308187
221, 26601455, 26601980, 1.72176230, 1.70538616, 0.39682770, 0.28846979
222, 26602455, 26602982, 1.72123206, 1.70576763, 0.39682770, 0.28846979
223, 26603455, 26603984, 1.72066712, 1.70614910, 0.36508179, 0.05769395
224, 26604455, 26604978, 1.72006857, 1.70653057, 0.33333588, 0.28846979
225, 26605455, 26605987, 1.71943617, 1.70653057, 0.33333588, 0.40385768
226, 26606455, 26606985, 1.71876943, 1.70691204, 0.33333588, 0.40385768
227, 26607455, 26607979, 1.71806931, 1.70691204, 0.30158997, 0.40385768
228, 26608455, 26608983, 1.71733689, 1.70729351, 0.26984406, 0.28846979
229, 26609455, 26609983, 1.71657288, 1.70729351, 0.26984406, 0.28846979
230, 26610455, 26610982, 1.71577787, 1.70767498, 0.23809814, 0.28846979
231, 26611455, 26611984, 1.71495271, 1.70767498, 0.20635223, 0.28846979
232, 26612455, 26612984, 1.71409678, 1.70805645, 0.20635223, 0.28846979
233, 26613455, 26613984, 1.71321011, 1.70805645, 0.20635223, 0.28846979
234, 26614455, 26614984, 1.71229267, 1.70805645, 0.17460632, 0.17308187
235, 26615455, 26615981, 1.71134508, 1.70843792, 0.14286041, 0.28846979
236, 26616455, 26616983, 1.71036839, 1.70843792, 0.14286041, 0.40385768
237, 26617455, 26617981, 1.70936286, 1.70843792, 0.11111450, 0.28846979
238, 26618455, 26618981, 1.70832872, 1.70843792, 0.07936859, 0.28846979
239, 26619455, 26619981, 1.70726562, 1.70843792, 0.07936859, 0.40385768
240, 26620455, 26620981, 1.70617354, 1.70881939, 0.07936859, 0.28846979
241, 26621455, 26621980, 1.70505381, 1.70881939, 0.07936859, 0.40385768
242, 26622455, 26622984, 1.70390701, 1.70881939, 0.07936859, 0.17308187
243, 26623455, 26623984, 1.70273316, 1.70881939, 0.04762268, 0.28846979
244, 26624455, 26624982, 1.70153272, 1.70843792, 0.01587677, 0.28846979
245, 26625455, 26625984, 1.70030594, 1.70843792, -0.01587677, 0.17308187
246, 26626455, 26626980, 1.69905281, 1.70843792, -0.01587677, 0.28846979
247, 26627455, 26627981, 1.69777477, 1.70843792, -0.01587677, 0.28846979
248, 26628455, 26628981, 1.69647074, 1.70843792, -0.04762268, 0.28846979
249, 26629455, 26629983, 1.69514060, 1.70843792, -0.04762268, 0.17308187
250, 26630455, 26630979, 1.69378448, 1.70805645, -0.04762268, 0.28846979
251, 26631455, 26631991, 1.69240272, 1.70805645, -0.07936859, 0.28846979
252, 26632455, 26632982, 1.69099522, 1.70805645, -0.11111450, 0.17308187
253, 26633455, 26633978, 1.68956208, 1.70767498, -0.07936859, 0.28846979
254, 26634455, 26634978, 1.68810201, 1.70767498, -0.07936859, 0.28846979
255, 26635455, 26635976, 1.68661523, 1.70767498, -0.11111450, 0.28846979
256, 26636455, 26636978, 1.68510211, 1.70729351, -0.11111450, 0.17308187
257, 26637455, 26637978, 1.68356264, 1.70729351, -0.14286041, 0.05769395
258, 26638455, 26638977, 1.68199742, 1.70691204, -0.17460632, 0.17308187
259, 26639455, 26639977, 1.68040645, 1.70691204, -0.14286041, 0.05769395
260, 26640455, 26640975, 1.67879033, 1.70691204, -0.17460632, 0.17308187
261, 26641455, 26641975, 1.67714894, 1.70691204, -0.17460632, 0.05769395
262, 26642455, 26642977, 1.67548251, 1.70653057, -0.17460632, 0.17308187
263, 26643455, 26643976, 1.67379081, 1.70614910, -0.20635223, 0.17308187
264, 26644455, 26644978, 1.67207468, 1.70614910, -0.20635223, 0.05769395
265, 26645455, 26645976, 1.67033553, 1.70576763, -0.20635223, 0.05769395
266, 26646455, 26646976, 1.66857433, 1.70538616, -0.20635223, -0.05769395
267, 26647455, 26647988, 1.66679096, 1.70538616, -0.20635223, -0.05769395
268, 26648455, 26648976, 1.66498661, 1.70500469, -0.23809814, 0.05769395
269, 26649455, 26649977, 1.66316187, 1.70462322, -0.23809814, 0.05769395
270, 26650455, 26650973, 1.66131747, 1.70424175, -0.26984406, -0.17308187
271, 26651455, 26651985, 1.65945554, 1.70386028, -0.26984406, -0.05769395
272, 26652455, 26652973, 1.65757668, 1.70347881, -0.30158997, -0.05769395
273, 26653455, 26653975, 1.65568042, 1.70347881, -0.33333588, -0.05769395
274, 26654455, 26654973, 1.65376830, 1.70271587, -0.36508179, -0.28846979
275, 26655455, 26655988, 1.65183926, 1.70233440, -0.36508179, -0.17308187
276, 26656455, 26656982, 1.64989424, 1.70157146, -0.39682770, -0.40385768
277, 26657455, 26657984, 1.64793313, 1.70118999, -0.42857361, -0.40385768
278, 26658455, 26658970, 1.64595604, 1.70080853, -0.46031952, -0.40385768
279, 26659455, 26659984, 1.64396322, 1.70004559, -0.49206543, 0.05769395
280, 26660455, 26660972, 1.64195335, 1.69928265, -0.52381134, -0.05769395
281, 26661455, 26661985, 1.63992703, 1.69890118, -0.52381134, -0.17308187
282, 26662455, 26662969, 1.63788533, 1.69813824, -0.55555725, -0.28846979
283, 26663455, 26663971, 1.63582683, 1.69737530, -0.58730316, -0.17308187
284, 26664455, 26664983, 1.63375080, 1.69661236, -0.65079498, -0.28846979
285, 26665455, 26665989, 1.63165736, 1.69584942, -0.68254089, -0.17308187
286, 26666455, 26666989, 1.62954724, 1.69508648, -0.68254089, -0.40385768
287, 26667455, 26667984, 1.62741876, 1.69432354, -0.71428680, -0.28846979
288, 26668455, 26668984, 1.62527311, 1.69317913, -0.74603271, -0.40385768
289, 26669455, 26669984, 1.62310934, 1.69241619, -0.80952454, -0.28846979
290, 26670455, 26670980, 1.62092817, 1.69165325, -0.84127045, -0.28846979
291, 26671455, 26671988, 1.61872864, 1.69050884, -0.87301636, -0.40385768
292, 26672455, 26672985, 1.61651170, 1.68898296, -0.90476227, -0.51924562
293, 26673455, 26673983, 1.61427867, 1.68822002, -1.12698364, -0.28846979
294, 26674455, 26674989, 1.61202979, 1.68707561, -1.03174591, -0.05769395
295, 26675455, 26675981, 1.60976565, 1.68593121, -1.06349182, -0.40385768
296, 26676455, 26676981, 1.60748601, 1.68440533, -1.09523773, -0.28846979
297, 26677455, 26677983, 1.60519147, 1.68287945, -1.12698364, 0.05769395
298, 26678455, 26678984, 1.60288370, 1.68173504, -1.19047546, 0.05769395
299, 26679455, 26679984, 1.60056257, 1.68020916, -1.22222137, -0.05769395
300, 26680455, 26680986, 1.59822929, 1.67906475, -1.25396729, -0.40385768
301, 26681455, 26681988, 1.59588468, 1.67715740, -1.15872955, -0.05769395
302, 26682455, 26682982, 1.59352839, 1.67601299, -1.34920502, -0.17308187
303, 26683455, 26683981, 1.59116101, 1.67410564, -1.41269684, -0.17308187
304, 26684455, 26684985, 1.58878541, 1.67257977, -1.47618866, -0.28846979
305, 26685455, 26685985, 1.58640254, 1.67067242, -1.50793839, -0.28846979
306, 26686455, 26686987, 1.58401382, 1.66914654, -1.57143021, -0.17308187
307, 26687455, 26687981, 1.58161902, 1.66723919, -1.60317612, -0.28846979
308, 26688455, 26688987, 1.57921922, 1.66571331, -1.66666794, -0.05769395
309, 26689455, 26689984, 1.57681632, 1.66380596, -1.69841385, -0.40385768
310, 26690455, 26690984, 1.57441056, 1.66189861, -1.73015976, -0.17308187
311, 26691455, 26691988, 1.57200289, 1.66037273, -1.76190567, -0.28846979
312, 26692455, 26692988, 1.56959355, 1.65808392, -1.79365158, -0.28846979
313, 26693455, 26693988, 1.56718314, 1.65617561, -1.82539749, -0.05769395
314, 26694455, 26694986, 1.56477356, 1.65426826, -1.85714340, -0.40385768
315, 26695455, 26695985, 1.56236458, 1.65197945, -1.92063522, -0.05769395
316, 26696455, 26696983, 1.55995643, 1.65007210, -1.95238113, 0.05769395
317, 26697455, 26697985, 1.55755055, 1.64778328, -1.98412704, 0.05769395
318, 26698455, 26698995, 1.55514586, 1.64549446, -2.04761887, -0.17308187
319, 26699455, 26699989, 1.55274284, 1.64358711, -2.04761887, -0.17308187
320, 26700455, 26700982, 1.55034208, 1.64129829, -2.11111069, -0.05769395
321, 26701455, 26701986, 1.54794443, 1.63862801, -2.14285660, -0.28846979
322, 26702455, 26702986, 1.54554844, 1.63672066, -2.20634842, -0.17308187
323, 26703455, 26703986, 1.54315436, 1.63443184, -2.20634842, -0.17308187
324, 26704455, 26704986, 1.54076242, 1.63176155, -2.26984024, -0.17308187
325, 26705455, 26705988, 1.53837192, 1.62947273, -2.26984024, -0.05769395
326, 26706455, 26706981, 1.53598213, 1.62680244, -2.33333206, -0.17308187
327, 26707455, 26707979, 1.53359449, 1.62451363, -2.36507797, -0.28846979
328, 26708455, 26708987, 1.53120780, 1.62222481, -2.36507797, 0.28846979
329, 26709455, 26709985, 1.52882206, 1.61993599, -2.39682388, -0.05769395
330, 26710455, 26710989, 1.52643764, 1.61688423, -2.42856979, -0.05769395
331, 26711455, 26711986, 1.52405345, 1.61459541, -2.46031570, 0.17308187
332, 26712455, 26712986, 1.52167010, 1.61192513, -2.49206161, 0.05769395
333, 26713455, 26713998, 1.51928687, 1.60925484, -2.52381134, -0.05769395
334, 26714455, 26714984, 1.51690304, 1.60658455, -2.52381134, 0.05769395
335, 26715455, 26715986, 1.51451743, 1.60391426, -2.55555725, 0.05769395
336, 26716455, 26716984, 1.51212978, 1.60162544, -2.58730316, -0.05769395
337, 26717455, 26717995, 1.50973880, 1.59895515, -2.58730316, 0.05769395
338, 26718455, 26718985, 1.50734425, 1.59628487, -2.61904907, -0.05769395
339, 26719455, 26719987, 1.50494671, 1.59361362, -2.61904907, 0.05769395
340, 26720455, 26720985, 1.50254667, 1.59056187, -2.65079498, 0.28846979
341, 26721455, 26721987, 1.50014412, 1.58789158, -2.68254089, 0.28846979
342, 26722455, 26722987, 1.49773824, 1.58522129, -2.65079498, 0.17308187
343, 26723455, 26723994, 1.49532998, 1.58255100, -2.65079498, 0.17308187
344, 26724455, 26724992, 1.49291873, 1.57988071, -2.68254089, -0.05769395
345, 26725455, 26725990, 1.49050617, 1.57721043, -2.68254089, 0.05769395
346, 26726455, 26726992, 1.48809171, 1.57415867, -2.71428680, 0.17308187
347, 26727455, 26727980, 1.48567593, 1.57186985, -2.71428680, 0.05769395
348, 26728455, 26728989, 1.48326004, 1.56881809, -2.71428680, -0.05769395
349, 26729455, 26729985, 1.48084462, 1.56652927, -2.71428680, 0.28846979
350, 26730455, 26730985, 1.47842932, 1.56385899, -2.74603271, 0.28846979
351, 26731455, 26731987, 1.47601449, 1.56118870, -2.74603271, 0.28846979
352, 26732455, 26732979, 1.47360063, 1.55813694, -2.74603271, 0.51924562
353, 26733455, 26733983, 1.47118759, 1.55546665, -2.74603271, 0.75002146
354, 26734455, 26734984, 1.46877646, 1.55279636, -2.74603271, 0.63463354
355, 26735455, 26735984, 1.46636760, 1.55050755, -2.71428680, 0.63463354
356, 26736455, 26736980, 1.46396196, 1.54745579, -2.71428680, 0.63463354
357, 26737455, 26737982, 1.46155882, 1.54516697, -2.68254089, 0.63463354
358, 26738455, 26738978, 1.45915747, 1.54249668, -2.65079498, 0.63463354
359, 26739455, 26739979, 1.45675826, 1.54020786, -2.61904907, 0.40385768
360, 26740455, 26740987, 1.45436144, 1.53791904, -2.58730316, 0.63463354
361, 26741455, 26741983, 1.45196629, 1.53524876, -2.55555725, 0.51924562
362, 26742455, 26742981, 1.44957328, 1.53295994, -2.52381134, 0.28846979
363, 26743455, 26743983, 1.44718146, 1.53067017, -2.46031570, 0.28846979
364, 26744455, 26744981, 1.44479024, 1.52876282, -2.42856979, 0.40385768
365, 26745455, 26745984, 1.44240046, 1.52609253, -2.39682388, 0.51924562
366, 26746455, 26746982, 1.44000983, 1.52418518, -2.36507797, 0.63463354
367, 26747455, 26747982, 1.43761790, 1.52189636, -2.33333206, 0.40385768
368, 26748455, 26748984, 1.43522322, 1.51960754, -2.30158615, 0.51924562
369, 26749455, 26749976, 1.43282497, 1.51770020, -2.23809433, 0.28846979
370, 26750455, 26750981, 1.43042266, 1.51579285, -2.20634842, 0.51924562
371, 26751455, 26751985, 1.42801487, 1.51350403, -2.20634842, 0.28846979
372, 26752455, 26752979, 1.42560112, 1.51159668, -2.14285660, 0.28846979
373, 26753455, 26753979, 1.42317975, 1.50968933, -2.11111069, 0.40385768
374, 26754455, 26754981, 1.42074966, 1.50740051, -2.11111069, 0.28846979
375, 26755455, 26755985, 1.41831017, 1.50549316, -2.07936478, 0.17308187
376, 26756455, 26756982, 1.41586161, 1.50358582, -2.07936478, 0.40385768
377, 26757455, 26757986, 1.41340268, 1.50167847, -2.04761887, -0.28846979
378, 26758455, 26758986, 1.41093338, 1.49977112, -2.01587296, 0.17308187
379, 26759455, 26759984, 1.40845323, 1.49748230, -2.01587296, 0.17308187
380, 26760455, 26760984, 1.40596068, 1.49557495, -2.01587296, 0.17308187
381, 26761455, 26761986, 1.40345669, 1.49366760, -1.98412704, 0.17308187
382, 26762455, 26762981, 1.40094113, 1.49176025, -1.98412704, 0.28846979
383, 26763455, 26763983, 1.39841461, 1.48985291, -1.98412704, 0.28846979
384, 26764455, 26764985, 1.39587831, 1.48794556, -1.95238113, 0.40385768
385, 26765455, 26765981, 1.39333344, 1.48603821, -1.95238113, 0.75002146
386, 26766455, 26766985, 1.39078057, 1.48374939, -1.98412704, 0.05769395
387, 26767455, 26767986, 1.38822079, 1.48184204, -1.98412704, 0.17308187
388, 26768455, 26768984, 1.38565493, 1.47993469, -1.98412704, 0.17308187
389, 26769455, 26769984, 1.38308203, 1.47802734, -1.98412704, 0.05769395
390, 26770455, 26770982, 1.38050485, 1.47573853, -1.98412704, 0.17308187
391, 26771455, 26771982, 1.37792373, 1.47383118, -2.01587296, -0.05769395
392, 26772455, 26772982, 1.37534046, 1.47192383, -2.01587296, 0.17308187
393, 26773455, 26773981, 1.37275577, 1.47001648, -1.98412704, 0.28846979
394, 26774455, 26774983, 1.37017167, 1.46810818, -1.98412704, -0.17308187
395, 26775455, 26775983, 1.36758947, 1.46581936, -1.98412704, -0.05769395
396, 26776455, 26776983, 1.36501026, 1.46429348, -1.98412704, 0.17308187
397, 26777455, 26777983, 1.36243463, 1.46238613, -1.98412704, 0.05769395
398, 26778455, 26778982, 1.35986447, 1.46009731, -1.98412704, 0.05769395
399, 26779455, 26779984, 1.35730183, 1.45818996, -1.98412704, 0.05769395
400, 26780455, 26780980, 1.35474718, 1.45590115, -1.98412704, 0.05769395
401, 26781455, 26781980, 1.35220325, 1.45437527, -1.98412704, 0.17308187
402, 26782455, 26782982, 1.34967077, 1.45246792, -1.98412704, 0.40385768
403, 26783455, 26783978, 1.34715247, 1.45017910, -1.98412704, 0.05769395
404, 26784455, 26784981, 1.34464967, 1.44827175, -2.01587296, 0.05769395
405, 26785455, 26785981, 1.34216309, 1.44636440, -2.01587296, -0.17308187
406, 26786455, 26786979, 1.33969414, 1.44407558, -2.01587296, 0.05769395
407, 26787455, 26787981, 1.33724606, 1.44216824, -2.01587296, 0.05769395
408, 26788455, 26788979, 1.33482039, 1.44026089, -2.01587296, -0.05769395
409, 26789455, 26789975, 1.33241868, 1.43797207, -2.04761887, -0.05769395
410, 26790455, 26790976, 1.33004141, 1.43568325, -2.07936478, 0.17308187
411, 26791455, 26791976, 1.32769263, 1.43377590, -2.07936478, -0.17308187
412, 26792455, 26792974, 1.32537496, 1.43148708, -2.11111069, -0.05769395
413, 26793455, 26793976, 1.32309127, 1.42957973, -2.11111069, 0.17308187
414, 26794455, 26794974, 1.32084286, 1.42729092, -2.11111069, 0.05769395
415, 26795455, 26795984, 1.31863236, 1.42500210, -2.14285660, 0.05769395
416, 26796455, 26796985, 1.31646454, 1.42271328, -2.14285660, 0.17308187
417, 26797455, 26797975, 1.31434333, 1.42080593, -2.17460251, 0.17308187
418, 26798455, 26798987, 1.31227326, 1.41851711, -2.14285660, 0.05769395
419, 26799455, 26799973, 1.31025505, 1.41622829, -2.17460251, -0.05769395
420, 26800455, 26800975, 1.30829167, 1.41432095, -2.17460251, 0.17308187
421, 26801455, 26801971, 1.30638850, 1.41203213, -2.20634842, -0.05769395
422, 26802455, 26802990, 1.30454862, 1.40974331, -2.20634842, 0.05769395
423, 26803455, 26803984, 1.30277789, 1.40745449, -2.20634842, 0.05769395
424, 26804455, 26804970, 1.30108106, 1.40554619, -2.23809433, 0.05769395
425, 26805455, 26805982, 1.29946375, 1.40287590, -2.23809433, 0.17308187
426, 26806455, 26806984, 1.29792774, 1.40058708, -2.26984024, 0.05769395
427, 26807455, 26807981, 1.29647613, 1.39829826, -2.23809433, -0.28846979
428, 26808455, 26808981, 1.29511142, 1.39600945, -2.26984024, 0.05769395
429, 26809455, 26809983, 1.29383540, 1.39372063, -2.26984024, 0.05769395
430, 26810455, 26810973, 1.29265094, 1.39143181, -2.26984024, 0.17308187
431, 26811455, 26811979, 1.29156137, 1.38914299, -2.26984024, 0.28846979
432, 26812455, 26812981, 1.29056585, 1.38685417, -2.30158615, 0.28846979
433, 26813455, 26813977, 1.28966463, 1.38456535, -2.30158615, 0.28846979
434, 26814455, 26814988, 1.28885770, 1.38189507, -2.33333206, 0.17308187
435, 26815455, 26815980, 1.28814244, 1.37960625, -2.33333206, 0.28846979
436, 26816455, 26816982, 1.28751564, 1.37769890, -2.33333206, 0.05769395
437, 26817455, 26817986, 1.28697288, 1.37541008, -2.33333206, 0.17308187
438, 26818455, 26818988, 1.28651059, 1.37273979, -2.36507797, -0.05769395
439, 26819455, 26819984, 1.28612661, 1.37045097, -2.33333206, 0.05769395
440, 26820455, 26820984, 1.28581429, 1.36816216, -2.33333206, -0.05769395
441, 26821455, 26821985, 1.28556788, 1.36587334, -2.36507797, 0.28846979
442, 26822455, 26822983, 1.28538477, 1.36358452, -2.33333206, 0.17308187
443, 26823455, 26823983, 1.28526008, 1.36129570, -2.33333206, 0.28846979
444, 26824455, 26824981, 1.28519082, 1.35900688, -2.33333206, 0.63463354
445, 26825455, 26825979, 1.28517306, 1.35709953, -2.30158615, 0.63463354
446, 26826455, 26826982, 1.28520453, 1.35481071, -2.26984024, 0.86540931
447, 26827455, 26827980, 1.28528523, 1.35252190, -2.26984024, 0.86540931
448, 26828455, 26828982, 1.28541219, 1.35061455, -2.23809433, 0.86540931
449, 26829455, 26829980, 1.28558576, 1.34832573, -2.20634842, 0.51924562
450, 26830455, 26830978, 1.28580570, 1.34679985, -2.14285660, 0.40385768
451, 26831455, 26831987, 1.28607178, 1.34489250, -2.11111069, 0.51924562
452, 26832455, 26832983, 1.28638363, 1.34298420, -2.04761887, 0.75002146
453, 26833455, 26833983, 1.28674269, 1.34145832, -1.98412704, 0.75002146
454, 26834455, 26834985, 1.28715003, 1.33955097, -1.95238113, 0.63463354
455, 26835455, 26835981, 1.28760648, 1.33802509, -1.88888931, 1.21157312
456, 26836455, 26836985, 1.28811264, 1.33611774, -1.82539749, 0.86540931
457, 26837455, 26837982, 1.28867078, 1.33497334, -1.76190567, 0.75002146
458, 26838455, 26838988, 1.28927898, 1.33344746, -1.69841385, 0.86540931
459, 26839455, 26839982, 1.28993690, 1.33230305, -1.63492203, 0.98079723
460, 26840455, 26840988, 1.29064369, 1.33077717, -1.57143021, 0.40385768
461, 26841455, 26841980, 1.29139972, 1.33001423, -1.50793839, 0.51924562
462, 26842455, 26842984, 1.29220510, 1.32848835, -1.44444275, 0.63463354
463, 26843455, 26843979, 1.29305899, 1.32734394, -1.38095093, 0.75002146
464, 26844455, 26844985, 1.29396129, 1.32658100, -1.31745911, 0.98079723
465, 26845455, 26845983, 1.29491091, 1.32543659, -1.22222137, 0.86540931
466, 26846455, 26846983, 1.29590750, 1.32467365, -1.19047546, 0.63463354
467, 26847455, 26847983, 1.29694879, 1.32391071, -1.12698364, 0.75002146
468, 26848455, 26848981, 1.29803598, 1.32314777, -1.06349182, 0.63463354
469, 26849455, 26849984, 1.29916525, 1.32238483, -1.00000000, 0.86540931
470, 26850455, 26850982, 1.30033553, 1.32162189, -0.93650818, 1.21157312
471, 26851455, 26851984, 1.30154514, 1.32085896, -0.87301636, 0.86540931
472, 26852455, 26852984, 1.30279052, 1.32047749, -0.80952454, 1.21157312
473, 26853455, 26853976, 1.30406857, 1.32009602, -0.74603271, 0.63463354
474, 26854455, 26854983, 1.30537939, 1.31971455, -0.68254089, 0.63463354
475, 26855455, 26855977, 1.30672193, 1.31933308, -0.65079498, 0.75002146
476, 26856455, 26856985, 1.30809295, 1.31857014, -0.55555725, 0.40385768
477, 26857455, 26857985, 1.30948985, 1.31818867, -0.52381134, 0.98079723
478, 26858455, 26858985, 1.31091201, 1.31780720, -0.46031952, 0.86540931
479, 26859455, 26859984, 1.31235683, 1.31780720, -0.42857361, 0.40385768
480, 26860455, 26860984, 1.31382132, 1.31780720, -0.36508179, 0.40385768
481, 26861455, 26861984, 1.31530535, 1.31742573, -0.33333588, 0.63463354
482, 26862455, 26862982, 1.31680679, 1.31742573, -0.30158997, 0.51924562
483, 26863455, 26863986, 1.31832242, 1.31742573, -0.23809814, 0.28846979
484, 26864455, 26864990, 1.31985056, 1.31742573, -0.20635223, 0.51924562
485, 26865455, 26865983, 1.32139051, 1.31742573, -0.14286041, 0.28846979
486, 26866455, 26866981, 1.32294023, 1.31780720, -0.07936859, 0.28846979
487, 26867455, 26867983, 1.32449758, 1.31780720, -0.04762268, 0.51924562
488, 26868455, 26868983, 1.32606077, 1.31818867, -0.01587677, 0.75002146
489, 26869455, 26869993, 1.32762897, 1.31818867, 0.04762268, 0.28846979
490, 26870455, 26870987, 1.32920170, 1.31857014, 0.07936859, 0.28846979
491, 26871455, 26871982, 1.33077693, 1.31857014, 0.11111450, 0.05769395
492, 26872455, 26872980, 1.33235586, 1.31895161, 0.14286041, 0.40385768
493, 26873455, 26873986, 1.33393645, 1.31933308, 0.14286041, 0.40385768
494, 26874455, 26874978, 1.33551693, 1.31933308, 0.17460632, 0.63463354
495, 26875455, 26875978, 1.33710015, 1.31971455, 0.17460632, 0.40385768
496, 26876455, 26876984, 1.33868456, 1.31971455, 0.17460632, 0.40385768
497, 26877455, 26877989, 1.34026909, 1.32009602, 0.20635223, 0.40385768
498, 26878455, 26878985, 1.34185076, 1.32047749, 0.20635223, 0.51924562
499, 26879455, 26879985, 1.34343135, 1.32047749, 0.20635223, 0.75002146
500, 26880455, 26880983, 1.34500933, 1.32047749, 0.20635223, 0.86540931
501, 26881455, 26881975, 1.34658492, 1.32085896, 0.23809814, 0.63463354
502, 26882455, 26882982, 1.34815621, 1.32124043, 0.23809814, 0.86540931
503, 26883455, 26883988, 1.34972382, 1.32162189, 0.23809814, 0.75002146
504, 26884455, 26884982, 1.35128498, 1.32200336, 0.26984406, 0.98079723
505, 26885455, 26885984, 1.35284066, 1.32276630, 0.26984406, 0.63463354
506, 26886455, 26886980, 1.35438848, 1.32314777, 0.30158997, 0.63463354
507, 26887455, 26887985, 1.35592759, 1.32352924, 0.33333588, 0.63463354
508, 26888455, 26888987, 1.35745800, 1.32391071, 0.36508179, 0.63463354
509, 26889455, 26889987, 1.35897899, 1.32429218, 0.39682770, 0.86540931
510, 26890455, 26890983, 1.36048996, 1.32505512, 0.42857361, 0.98079723
511, 26891455, 26891983, 1.36199141, 1.32543659, 0.42857361, 0.86540931
512, 26892455, 26892983, 1.36348343, 1.32619953, 0.46031952, 0.86540931
513, 26893455, 26893984, 1.36496735, 1.32696247, 0.52381134, 0.75002146
514, 26894455, 26894982, 1.36644065, 1.32734394, 0.52381134, 0.75002146
515, 26895455, 26895986, 1.36790228, 1.32810688, 0.55555725, 0.75002146
516, 26896455, 26896982, 1.36935115, 1.32886982, 0.58730316, 0.51924562
517, 26897455, 26897986, 1.37078714, 1.33001423, 0.61904907, 0.51924562
518, 26898455, 26898984, 1.37221169, 1.33039570, 0.65079498, 0.40385768
519, 26899455, 26899981, 1.37362444, 1.33115864, 0.68254089, 0.51924562
520, 26900455, 26900983, 1.37502420, 1.33230305, 0.71428680, 0.51924562
521, 26901455, 26901985, 1.37641144, 1.33306599, 0.74603271, 0.51924562
522, 26902455, 26902981, 1.37778521, 1.33382893, 0.74603271, 0.63463354
523, 26903455, 26903981, 1.37914479, 1.33497334, 0.77777863, 0.28846979
524, 26904455, 26904984, 1.38049102, 1.33611774, 0.80952454, 0.75002146
525, 26905455, 26905984, 1.38182533, 1.33649921, 0.84127045, 0.51924562
526, 26906455, 26906982, 1.38314664, 1.33764362, 0.87301636, 1.09618521
527, 26907455, 26907980, 1.38445568, 1.33878803, 0.87301636, 0.86540931
528, 26908455, 26908980, 1.38575351, 1.33955097, 0.93650818, 0.63463354
529, 26909455, 26909981, 1.38704002, 1.34107685, 0.93650818, 0.75002146
530, 26910455, 26910981, 1.38831663, 1.34183979, 0.96825409, 0.51924562
531, 26911455, 26911989, 1.38958108, 1.34298420, 1.00000000, 0.63463354
532, 26912455, 26912981, 1.39083469, 1.34412956, 1.03174591, 0.63463354
533, 26913455, 26913981, 1.39207661, 1.34527397, 1.03174591, 0.63463354
534, 26914455, 26914979, 1.39330852, 1.34641838, 1.06349182, 0.51924562
535, 26915455, 26915980, 1.39453006, 1.34794426, 1.09523773, 0.40385768
536, 26916455, 26916982, 1.39574194, 1.34870720, 1.12698364, 0.51924562
537, 26917455, 26917980, 1.39694393, 1.35023308, 1.12698364, 0.63463354
538, 26918455, 26918978, 1.39813578, 1.35099602, 1.15872955, 0.75002146
539, 26919455, 26919980, 1.39931726, 1.35252190, 1.15872955, 0.86540931
540, 26920455, 26920980, 1.40048587, 1.35404778, 1.15872955, 0.86540931
541, 26921455, 26921981, 1.40164280, 1.35481071, 1.19047546, 0.86540931
542, 26922455, 26922979, 1.40278757, 1.35633659, 1.15872955, 0.51924562
543, 26923455, 26923977, 1.40391910, 1.35748100, 1.19047546, 0.40385768
544, 26924455, 26924979, 1.40503633, 1.35862541, 1.19047546, 0.51924562
545, 26925455, 26925979, 1.40613675, 1.36015129, 1.22222137, 0.40385768
546, 26926455, 26926979, 1.40721977, 1.36129570, 1.22222137, 0.40385768
547, 26927455, 26927976, 1.40828443, 1.36282158, 1.22222137, 0.28846979
548, 26928455, 26928978, 1.40933037, 1.36358452, 1.25396729, 0.51924562
549, 26929455, 26929982, 1.41035581, 1.36511040, 1.25396729, 0.63463354
550, 26930455, 26930980, 1.41136026, 1.36663628, 1.25396729, 0.40385768
551, 26931455, 26931976, 1.41234112, 1.36778069, 1.25396729, 0.40385768
552, 26932455, 26932979, 1.41329682, 1.36930656, 1.25396729, 0.28846979
553, 26933455, 26933979, 1.41422772, 1.37045097, 1.28571320, 0.28846979
554, 26934455, 26934977, 1.41513288, 1.37197685, 1.28571320, 0.63463354
555, 26935455, 26935977, 1.41601098, 1.37273979, 1.28571320, 0.51924562
556, 26936455, 26936973, 1.41686034, 1.37426567, 1.25396729, 0.40385768
557, 26937455, 26937974, 1.41768157, 1.37579155, 1.25396729, 0.28846979
558, 26938455, 26938974, 1.41847372, 1.37693596, 1.28571320, 0.28846979
559, 26939455, 26939976, 1.41923678, 1.37808037, 1.28571320, 0.17308187
560, 26940455, 26940980, 1.41997027, 1.37922478, 1.25396729, 0.17308187
561, 26941455, 26941976, 1.42067552, 1.38075066, 1.25396729, 0.40385768
562, 26942455, 26942976, 1.42135143, 1.38151360, 1.22222137, 0.40385768
563, 26943455, 26943975, 1.42199767, 1.38303947, 1.22222137, 0.28846979
564, 26944455, 26944987, 1.42261434, 1.38418388, 1.22222137, 0.40385768
565, 26945455, 26945979, 1.42320049, 1.38532829, 1.22222137, 0.05769395
566, 26946455, 26946975, 1.42375576, 1.38647270, 1.19047546, 0.17308187
567, 26947455, 26947975, 1.42427969, 1.38761711, 1.19047546, 0.17308187
568, 26948455, 26948987, 1.42477226, 1.38876152, 1.19047546, 0.17308187
569, 26949455, 26949983, 1.42523348, 1.38990593, 1.15872955, 0.28846979
570, 26950455, 26950986, 1.42566407, 1.39105034, 1.15872955, 0.40385768
571, 26951455, 26951984, 1.42606473, 1.39219475, 1.15872955, 0.28846979
572, 26952455, 26952972, 1.42643416, 1.39295769, 1.12698364, 0.28846979
573, 26953455, 26953986, 1.42677271, 1.39410210, 1.09523773, 0.28846979
574, 26954455, 26954974, 1.42708039, 1.39524651, 1.09523773, 0.17308187
575, 26955455, 26955972, 1.42735732, 1.39600945, 1.06349182, 0.17308187
576, 26956455, 26956985, 1.42760205, 1.39715385, 1.03174591, 0.05769395
577, 26957455, 26957987, 1.42781723, 1.39829826, 1.03174591, 0.05769395
578, 26958455, 26958985, 1.42800200, 1.39906120, 1.03174591, 0.17308187
579, 26959455, 26959975, 1.42815876, 1.40020561, 1.00000000, 0.17308187
580, 26960455, 26960973, 1.42828679, 1.40135002, 0.96825409, -0.05769395
581, 26961455, 26961984, 1.42838633, 1.40173149, 0.96825409, 0.05769395
582, 26962455, 26962982, 1.42845738, 1.40287590, 0.93650818, 0.28846979
583, 26963455, 26963982, 1.42850125, 1.40402031, 0.93650818, 0.28846979
584, 26964455, 26964984, 1.42851901, 1.40478325, 0.93650818, 0.28846979
585, 26965455, 26965968, 1.42851114, 1.40554619, 0.90476227, 0.28846979
586, 26966455, 26966979, 1.42847979, 1.40631008, 0.90476227, 0.28846979
587, 26967455, 26967981, 1.42842698, 1.40707302, 0.90476227, 0.40385768
588, 26968455, 26968983, 1.42835355, 1.40821743, 0.87301636, 0.17308187
589, 26969455, 26969985, 1.42826104, 1.40898037, 0.84127045, 0.17308187
590, 26970455, 26970985, 1.42815101, 1.40936184, 0.84127045, 0.17308187
591, 26971455, 26971985, 1.42802477, 1.41012478, 0.80952454, 0.17308187
592, 26972455, 26972986, 1.42788398, 1.41088772, 0.77777863, 0.17308187
593, 26973455, 26973984, 1.42773354, 1.41165066, 0.74603271, 0.17308187
594, 26974455, 26974984, 1.42757738, 1.41203213, 0.68254089, 0.05769395
595, 26975455, 26975986, 1.42741799, 1.41241360, 0.68254089, 0.17308187
596, 26976455, 26976982, 1.42726064, 1.41317654, 0.65079498, 0.05769395
597, 26977455, 26977982, 1.42711151, 1.41393948, 0.65079498, 0.05769395
598, 26978455, 26978983, 1.42697585, 1.41432095, 0.58730316, 0.05769395
599, 26979455, 26979983, 1.42685890, 1.41508389, 0.58730316, 0.05769395
600, 26980455, 26980985, 1.42676783, 1.41508389, 0.55555725, 0.05769395
601, 26981455, 26981985, 1.42670810, 1.41584682, 0.52381134, 0.40385768
602, 26982455, 26982985, 1.42668927, 1.41622829, 0.52381134, 0.51924562
603, 26983455, 26983987, 1.42671788, 1.41660976, 0.49206543, 0.17308187
604, 26984455, 26984982, 1.42680192, 1.41699123, 0.46031952, 0.28846979
605, 26985455, 26985984, 1.42694926, 1.41737270, 0.42857361, 0.28846979
606, 26986455, 26986984, 1.42716825, 1.41775417, 0.42857361, 0.17308187
607, 26987455, 26987980, 1.42746770, 1.41813564, 0.39682770, 0.51924562
608, 26988455, 26988980, 1.42785740, 1.41851711, 0.39682770, 0.05769395
609, 26989455, 26989981, 1.42834544, 1.41851711, 0.33333588, 0.28846979
610, 26990455, 26990979, 1.42894578, 1.41889858, 0.33333588, 0.28846979
611, 26991455, 26991981, 1.42966962, 1.41928005, 0.30158997, 0.40385768
612, 26992455, 26992981, 1.43052745, 1.41928005, 0.26984406, 0.40385768
613, 26993455, 26993983, 1.43152905, 1.41966152, 0.26984406, 0.28846979
614, 26994455, 26994978, 1.43268299, 1.41966152, 0.23809814, 0.40385768
615, 26995455, 26995980, 1.43399882, 1.42004299, 0.23809814, 0.51924562
616, 26996455, 26996982, 1.43548334, 1.42004299, 0.20635223, 0.28846979
617, 26997455, 26997982, 1.43714142, 1.42042446, 0.17460632, 0.40385768
618, 26998455, 26998984, 1.43897688, 1.42042446, 0.17460632, 0.51924562
619, 26999455, 26999984, 1.44098914, 1.42080593, 0.17460632, 0.40385768
620, 27000455, 27000983, 1.44317806, 1.42080593, 0.14286041, 0.86540931
621, 27001455, 27001983, 1.44554162, 1.42080593, 0.14286041, 0.75002146
622, 27002455, 27002981, 1.44807160, 1.42118740, 0.14286041, 0.51924562
623, 27003455, 27003977, 1.45076072, 1.42118740, 0.14286041, 0.98079723
624, 27004455, 27004989, 1.45359814, 1.42156887, 0.14286041, 0.63463354
625, 27005455, 27005981, 1.45657337, 1.42156887, 0.14286041, 0.86540931
626, 27006455, 27006980, 1.45967448, 1.42156887, 0.14286041, 0.86540931
627, 27007455, 27007982, 1.46288979, 1.42195034, 0.17460632, 0.86540931
628, 27008455, 27008982, 1.46620619, 1.42233181, 0.17460632, 0.86540931
629, 27009455, 27009982, 1.46961212, 1.42271328, 0.20635223, 0.75002146
630, 27010455, 27010976, 1.47309756, 1.42309475, 0.20635223, 0.98079723
631, 27011455, 27011978, 1.47665179, 1.42347622, 0.23809814, 0.86540931
632, 27012455, 27012981, 1.48026502, 1.42423916, 0.30158997, 0.86540931
633, 27013455, 27013979, 1.48393083, 1.42462063, 0.30158997, 1.09618521
634, 27014455, 27014979, 1.48764455, 1.42500210, 0.36508179, 1.09618521
635, 27015455, 27015979, 1.49140346, 1.42576504, 0.42857361, 1.09618521
636, 27016455, 27016985, 1.49520373, 1.42690945, 0.46031952, 0.98079723
637, 27017455, 27017987, 1.49904060, 1.42767239, 0.52381134, 1.09618521
638, 27018455, 27018990, 1.50291133, 1.42843533, 0.58730316, 0.86540931
639, 27019455, 27019986, 1.50681221, 1.42919827, 0.65079498, 1.09618521
640, 27020455, 27020988, 1.51074219, 1.43034267, 0.71428680, 1.21157312
641, 27021455, 27021986, 1.51469803, 1.43148708, 0.77777863, 0.75002146
642, 27022455, 27022978, 1.51867664, 1.43263149, 0.87301636, 1.21157312
643, 27023455, 27023978, 1.52267253, 1.43377590, 0.93650818, 1.21157312
644, 27024455, 27024981, 1.52668107, 1.43530178, 1.00000000, 1.21157312
645, 27025455, 27025977, 1.53069580, 1.43682766, 1.09523773, 1.55773675
646, 27026455, 27026975, 1.53471458, 1.43835354, 1.19047546, 1.21157312
647, 27027455, 27027987, 1.53873408, 1.43987942, 1.22222137, 1.32696104
648, 27028455, 27028981, 1.54275000, 1.44140530, 1.31745911, 1.32696104
649, 27029455, 27029982, 1.54675722, 1.44331264, 1.41269684, 1.44234896
650, 27030455, 27030988, 1.55075097, 1.44521999, 1.47618866, 1.21157312
651, 27031455, 27031984, 1.55472875, 1.44674587, 1.57142639, 1.21157312
652, 27032455, 27032986, 1.55868709, 1.44903469, 1.63491821, 1.44234896
653, 27033455, 27033988, 1.56262255, 1.45094204, 1.69841003, 1.09618521
654, 27034455, 27034987, 1.56653416, 1.45284939, 1.76190186, 1.67312467
655, 27035455, 27035981, 1.57042181, 1.45551968, 1.85713959, 1.09618521
656, 27036455, 27036987, 1.57428396, 1.45742702, 1.92063141, 0.98079723
657, 27037455, 27037985, 1.57812130, 1.45971584, 2.01587677, 0.98079723
658, 27038455, 27038987, 1.58193624, 1.46238613, 2.04762268, 0.75002146
659, 27039455, 27039985, 1.58572865, 1.46467495, 2.14286041, 1.09618521
660, 27040455, 27040984, 1.58949959, 1.46696377, 2.20635223, 0.75002146
661, 27041455, 27041990, 1.59325337, 1.46963501, 2.23809814, 0.63463354
662, 27042455, 27042988, 1.59699142, 1.47192383, 2.33333588, 0.98079723
663, 27043455, 27043986, 1.60071719, 1.47497559, 2.39682770, 0.98079723
664, 27044455, 27044982, 1.60443282, 1.47764587, 2.42857361, 0.86540931
665, 27045455, 27045988, 1.60814273, 1.48031616, 2.49206543, 0.98079723
666, 27046455, 27046987, 1.61185038, 1.48298645, 2.55555725, 0.75002146
667, 27047455, 27047983, 1.61555839, 1.48603821, 2.61904907, 0.86540931
668, 27048455, 27048985, 1.61926961, 1.48870850, 2.65079498, 0.63463354
669, 27049455, 27049985, 1.62298524, 1.49137878, 2.71428680, 0.75002146
670, 27050455, 27050985, 1.62670755, 1.49443054, 2.71428680, 0.75002146
671, 27051455, 27051984, 1.63043809, 1.49710083, 2.77777863, 0.40385768
672, 27052455, 27052986, 1.63417578, 1.50015259, 2.80952454, 0.98079723
673, 27053455, 27053984, 1.63792121, 1.50358582, 2.84127045, 0.98079723
674, 27054455, 27054982, 1.64167511, 1.50625610, 2.87301636, 0.86540931
675, 27055455, 27055984, 1.64543617, 1.50930786, 2.90476227, 0.98079723
676, 27056455, 27056984, 1.64920235, 1.51235962, 2.93650818, 0.75002146
677, 27057455, 27057983, 1.65297210, 1.51541138, 2.93650818, 0.75002146
678, 27058455, 27058985, 1.65674257, 1.51884460, 2.96825409, 1.21157312
679, 27059455, 27059983, 1.66051233, 1.52189636, 3.00000000, 0.86540931
680, 27060455, 27060985, 1.66427886, 1.52494812, 3.06349182, 0.51924562
681, 27061455, 27061981, 1.66803813, 1.52838135, 3.09523773, 0.40385768
682, 27062455, 27062984, 1.67178679, 1.53143406, 3.09523773, 0.51924562
683, 27063455, 27063986, 1.67552245, 1.53486729, 3.12698364, 0.17308187
684, 27064455, 27064986, 1.67924261, 1.53791904, 3.19047546, 0.75002146
685, 27065455, 27065980, 1.68294370, 1.54097080, 3.19047546, 0.63463354
686, 27066455, 27066980, 1.68662226, 1.54440403, 3.22222137, 0.75002146
687, 27067455, 27067982, 1.69027638, 1.54783726, 3.25396729, 0.86540931
688, 27068455, 27068981, 1.69390249, 1.55127048, 3.25396729, 0.75002146
689, 27069455, 27069981, 1.69749832, 1.55470371, 3.28571320, 0.63463354
690, 27070455, 27070981, 1.70106149, 1.55775547, 3.28571320, 0.51924562
691, 27071455, 27071981, 1.70458889, 1.56157017, 3.31745911, 0.40385768
692, 27072455, 27072979, 1.70807862, 1.56462193, 3.31745911, 0.63463354
693, 27073455, 27073977, 1.71152866, 1.56805515, 3.31745911, 0.86540931
694, 27074455, 27074988, 1.71493709, 1.57148838, 3.34920502, 0.63463354
695, 27075455, 27075976, 1.71830142, 1.57530308, 3.38095093, 0.75002146
696, 27076455, 27076974, 1.72161865, 1.57873631, 3.41269684, 0.75002146
697, 27077455, 27077976, 1.72488868, 1.58216953, 3.41269684, 0.98079723
698, 27078455, 27078976, 1.72810948, 1.58560276, 3.44444275, 0.51924562
699, 27079455, 27079975, 1.73128068, 1.58941746, 3.47618866, 0.63463354
700, 27080455, 27080975, 1.73440194, 1.59285069, 3.47618866, 0.40385768
701, 27081455, 27081975, 1.73747194, 1.59628487, 3.47618866, 0.17308187
702, 27082455, 27082975, 1.74049187, 1.60009956, 3.50793457, -0.05769395
703, 27083455, 27083975, 1.74346244, 1.60353279, 3.50793457, 0.51924562
704, 27084455, 27084985, 1.74638391, 1.60696602, 3.50793457, 0.40385768
705, 27085455, 27085986, 1.74925780, 1.61039925, 3.50793457, 0.40385768
706, 27086455, 27086976, 1.75208557, 1.61421394, 3.53968048, 0.40385768
707, 27087455, 27087976, 1.75486994, 1.61764717, 3.53968048, 0.75002146
708, 27088455, 27088990, 1.75761187, 1.62108040, 3.53968048, 0.17308187
709, 27089455, 27089976, 1.76031291, 1.62489510, 3.53968048, 0.28846979
710, 27090455, 27090975, 1.76297343, 1.62832832, 3.53968048, 0.05769395
711, 27091455, 27091987, 1.76559532, 1.63176155, 3.50793457, 0.28846979
712, 27092455, 27092975, 1.76818073, 1.63519478, 3.50793457, 0.51924562
713, 27093455, 27093975, 1.77073228, 1.63862801, 3.50793457, 0.05769395
714, 27094455, 27094983, 1.77325201, 1.64206123, 3.50793457, 0.40385768
715, 27095455, 27095985, 1.77574241, 1.64549446, 3.47618866, 0.28846979
716, 27096455, 27096972, 1.77820504, 1.64892769, 3.47618866, 0.40385768
717, 27097455, 27097972, 1.78064251, 1.65236092, 3.44444275, 0.28846979
718, 27098455, 27098984, 1.78305519, 1.65579414, 3.41269684, 0.28846979
719, 27099455, 27099984, 1.78544581, 1.65922832, 3.44444275, 0.17308187
720, 27100455, 27100984, 1.78781652, 1.66266155, 3.41269684, 0.05769395
721, 27101455, 27101975, 1.79016745, 1.66609478, 3.38095093, -0.05769395
722, 27102455, 27102969, 1.79249871, 1.66952801, 3.38095093, 0.28846979
723, 27103455, 27103973, 1.79481053, 1.67257977, 3.34920502, -0.05769395
724, 27104455, 27104983, 1.79710376, 1.67601299, 3.34920502, 0.28846979
725, 27105455, 27105967, 1.79937840, 1.67906475, 3.31745911, 0.28846979
726, 27106455, 27106985, 1.80163479, 1.68249798, 3.31745911, 0.17308187
727, 27107455, 27107988, 1.80387342, 1.68554974, 3.28571320, 0.05769395
728, 27108455, 27108986, 1.80609334, 1.68898296, 3.25396729, -0.05769395
729, 27109455, 27109980, 1.80829418, 1.69203472, 3.22222137, 0.05769395
730, 27110455, 27110984, 1.81047571, 1.69508648, 3.19047546, -0.05769395
731, 27111455, 27111982, 1.81263888, 1.69813824, 3.19047546, 0.28846979
732, 27112455, 27112988, 1.81478345, 1.70080853, 3.15872955, 0.17308187
733, 27113455, 27113985, 1.81690907, 1.70386028, 3.12698364, 0.05769395
734, 27114455, 27114985, 1.81901538, 1.70691204, 3.09523773, 0.17308187
735, 27115455, 27115987, 1.82110178, 1.71034527, 3.06349182, 0.28846979
736, 27116455, 27116979, 1.82316935, 1.71301556, 3.03174591, 0.40385768
737, 27117455, 27117979, 1.82521880, 1.71606731, 3.00000000, 0.40385768
738, 27118455, 27118983, 1.82724929, 1.71873760, 3.00000000, 0.05769395
739, 27119455, 27119982, 1.82926142, 1.72179031, 2.96825409, -0.17308187
740, 27120455, 27120980, 1.83125424, 1.72446060, 2.93650818, 0.05769395
741, 27121455, 27121986, 1.83322573, 1.72713089, 2.93650818, 0.05769395
742, 27122455, 27122984, 1.83517385, 1.73018265, 2.87301636, 0.05769395
743, 27123455, 27123984, 1.83709753, 1.73285294, 2.84127045, -0.05769395
744, 27124455, 27124987, 1.83899534, 1.73552322, 2.84127045, 0.40385768
745, 27125455, 27125977, 1.84086549, 1.73819351, 2.80952454, 0.28846979
746, 27126455, 27126981, 1.84270632, 1.74086380, 2.77777863, 0.28846979
747, 27127455, 27127979, 1.84451747, 1.74353409, 2.71428680, 0.17308187
748, 27128455, 27128981, 1.84629691, 1.74582291, 2.68254089, 0.28846979
749, 27129455, 27129978, 1.84804285, 1.74887466, 2.65079498, 0.28846979
750, 27130455, 27130984, 1.84975362, 1.75116348, 2.65079498, 0.28846979
751, 27131455, 27131980, 1.85142708, 1.75383377, 2.61904907, 0.05769395
752, 27132455, 27132982, 1.85306323, 1.75612259, 2.58730316, 0.05769395
753, 27133455, 27133984, 1.85466075, 1.75879288, 2.55555725, 0.17308187
754, 27134455, 27134982, 1.85621893, 1.76108170, 2.52381134, -0.05769395
755, 27135455, 27135983, 1.85773695, 1.76337051, 2.49206543, -0.05769395
756, 27136455, 27136977, 1.85921276, 1.76565933, 2.46031952, -0.40385768
757, 27137455, 27137979, 1.86064494, 1.76794815, 2.46031952, -0.17308187
758, 27138455, 27138979, 1.86203277, 1.77061844, 2.39682770, 0.05769395
759, 27139455, 27139977, 1.86337519, 1.77290726, 2.39682770, 0.28846979
760, 27140455, 27140977, 1.86467230, 1.77519608, 2.36508179, 0.28846979
761, 27141455, 27141982, 1.86592376, 1.77748489, 2.30158997, 0.28846979
762, 27142455, 27142982, 1.86712825, 1.77939224, 2.30158997, 0.51924562
763, 27143455, 27143988, 1.86828542, 1.78168201, 2.26984406, 0.63463354
764, 27144455, 27144980, 1.86939454, 1.78397083, 2.23809814, 0.05769395
765, 27145455, 27145984, 1.87045538, 1.78587818, 2.20635223, 0.17308187
766, 27146455, 27146975, 1.87146783, 1.78778553, 2.20635223, 0.28846979
767, 27147455, 27147985, 1.87243128, 1.79007435, 2.17460632, 0.05769395
768, 27148455, 27148977, 1.87334561, 1.79198170, 2.11111450, 0.05769395
769, 27149455, 27149979, 1.87421107, 1.79427052, 2.11111450, -0.05769395
770, 27150455, 27150983, 1.87502742, 1.79617786, 2.07936859, 0.28846979
771, 27151455, 27151989, 1.87579381, 1.79808521, 2.07936859, 0.17308187
772, 27152455, 27152984, 1.87651086, 1.79999256, 2.04762268, -0.05769395
773, 27153455, 27153992, 1.87717831, 1.80189991, 2.01587677, 0.28846979
774, 27154455, 27154982, 1.87779570, 1.80380726, 1.98412323, 0.28846979
775, 27155455, 27155988, 1.87836266, 1.80571461, 1.95237732, 0.17308187
776, 27156455, 27156986, 1.87887990, 1.80762196, 1.92063141, 0.17308187
777, 27157455, 27157985, 1.87934792, 1.80952930, 1.92063141, 0.17308187
778, 27158455, 27158983, 1.87976861, 1.81105518, 1.85713959, 0.28846979
779, 27159455, 27159981, 1.88014841, 1.81296253, 1.82539368, 0.40385768
780, 27160455, 27160987, 1.88048732, 1.81486988, 1.79364777, 0.17308187
781, 27161455, 27161989, 1.88077724, 1.81639576, 1.79364777, 0.63463354
782, 27162455, 27162989, 1.88101757, 1.81792164, 1.76190186, 0.05769395
783, 27163455, 27163988, 1.88120937, 1.81944752, 1.76190186, 0.17308187
784, 27164455, 27164978, 1.88135183, 1.82135487, 1.69841003, 0.28846979
785, 27165455, 27165990, 1.88144326, 1.82288074, 1.66666412, 0.28846979
786, 27166455, 27166986, 1.88148439, 1.82440662, 1.66666412, 0.28846979
787, 27167455, 27167980, 1.88147712, 1.82593250, 1.60317230, 0.05769395
788, 27168455, 27168990, 1.88142109, 1.82707691, 1.57142639, 0.17308187
789, 27169455, 27169987, 1.88131559, 1.82860279, 1.53968048, -0.17308187
790, 27170455, 27170989, 1.88116193, 1.82974720, 1.47618866, 0.05769395
791, 27171455, 27171987, 1.88095963, 1.83127308, 1.44444275, -0.40385768
792, 27172455, 27172991, 1.88070977, 1.83241749, 1.41269684, 0.17308187
793, 27173455, 27173989, 1.88041174, 1.83356190, 1.38095093, 0.05769395
794, 27174455, 27174988, 1.88006651, 1.83508778, 1.34920502, -0.05769395
795, 27175455, 27175992, 1.87967515, 1.83623219, 1.31745911, -0.05769395
796, 27176455, 27176984, 1.87923729, 1.83737659, 1.28571320, -0.17308187
797, 27177455, 27177986, 1.87875259, 1.83852100, 1.25396729, -0.05769395
798, 27178455, 27178990, 1.87822211, 1.83928394, 1.22222137, 0.17308187
799, 27179455, 27179984, 1.87764633, 1.84042835, 1.19047546, 0.05769395
800, 27180455, 27180983, 1.87702525, 1.84157276, 1.15872955, 0.05769395
801, 27181455, 27181989, 1.87635791, 1.84271717, 1.12698364, 0.17308187
802, 27182455, 27182989, 1.87564552, 1.84348011, 1.09523773, 0.05769395
803, 27183455, 27183989, 1.87488902, 1.84424400, 1.03174591, 0.05769395
804, 27184455, 27184987, 1.87408781, 1.84538841, 1.00000000, 0.05769395
805, 27185455, 27185988, 1.87324131, 1.84615135, 0.96825409, 0.05769395
806, 27186455, 27186986, 1.87234890, 1.84691429, 0.90476227, -0.05769395
807, 27187455, 27187986, 1.87141109, 1.84767723, 0.87301636, 0.17308187
808, 27188455, 27188986, 1.87042785, 1.84844017, 0.84127045, -0.17308187
809, 27189455, 27189984, 1.86939836, 1.84920311, 0.77777863, -0.05769395
810, 27190455, 27190980, 1.86832190, 1.84958458, 0.77777863, 0.05769395
811, 27191455, 27191985, 1.86719990, 1.84996605, 0.71428680, 0.28846979
812, 27192455, 27192981, 1.86603260, 1.85072899, 0.68254089, 0.28846979
813, 27193455, 27193985, 1.86481977, 1.85111046, 0.65079498, -0.05769395
814, 27194455, 27194983, 1.86356115, 1.85187340, 0.61904907, 0.28846979
815, 27195455, 27195985, 1.86225724, 1.85225487, 0.55555725, 0.17308187
816, 27196455, 27196987, 1.86090755, 1.85263634, 0.55555725, 0.17308187
817, 27197455, 27197986, 1.85951197, 1.85301781, 0.52381134, 0.17308187
818, 27198455, 27198988, 1.85807133, 1.85339928, 0.46031952, 0.17308187
819, 27199455, 27199988, 1.85658479, 1.85339928, 0.39682770, -0.17308187
820, 27200455, 27200984, 1.85505247, 1.85339928, 0.36508179, 0.17308187
821, 27201455, 27201986, 1.85347438, 1.85339928, 0.30158997, -0.05769395
822, 27202455, 27202985, 1.85185075, 1.85378075, 0.30158997, 0.17308187
823, 27203455, 27203985, 1.85018241, 1.85378075, 0.23809814, 0.17308187
824, 27204455, 27204983, 1.84846902, 1.85378075, 0.17460632, 0.28846979
825, 27205455, 27205983, 1.84671044, 1.85339928, 0.14286041, 0.28846979
826, 27206455, 27206985, 1.84490740, 1.85339928, 0.07936859, 0.05769395
827, 27207455, 27207988, 1.84306002, 1.85339928, 0.04762268, 0.17308187
828, 27208455, 27208986, 1.84116817, 1.85339928, -0.01587677, 0.17308187
829, 27209455, 27209986, 1.83923197, 1.85339928, -0.04762268, 0.17308187
830, 27210455, 27210986, 1.83725023, 1.85301781, -0.11111450, 0.17308187
831, 27211455, 27211986, 1.83522284, 1.85263634, -0.14286041, 0.17308187
832, 27212455, 27212980, 1.83315122, 1.85225487, -0.20635223, 0.17308187
833, 27213455, 27213981, 1.83103526, 1.85187340, -0.39682770, 0.05769395
834, 27214455, 27214981, 1.82887340, 1.85149193, -0.26984406, 0.05769395
835, 27215455, 27215983, 1.82666600, 1.85111046, -0.26984406, 0.05769395
836, 27216455, 27216983, 1.82441330, 1.85072899, -0.30158997, 0.17308187
837, 27217455, 27217979, 1.82211542, 1.85034752, -0.33333588, 0.05769395
838, 27218455, 27218979, 1.81977379, 1.84996605, -0.33333588, 0.05769395
839, 27219455, 27219978, 1.81738794, 1.84996605, -0.36508179, -0.28846979
840, 27220455, 27220982, 1.81495810, 1.84920311, -0.36508179, 0.05769395
841, 27221455, 27221990, 1.81248391, 1.84882164, -0.23809814, 0.05769395
842, 27222455, 27222978, 1.80996633, 1.84805870, -0.39682770, -0.17308187
843, 27223455, 27223980, 1.80740499, 1.84767723, -0.46031952, 0.05769395
844, 27224455, 27224981, 1.80479872, 1.84691429, -0.49206543, -0.05769395
845, 27225455, 27225983, 1.80214870, 1.84615135, -0.52381134, -0.05769395
846, 27226455, 27226977, 1.79945552, 1.84576988, -0.52381134, -0.28846979
847, 27227455, 27227975, 1.79672062, 1.84500694, -0.55555725, -0.28846979
848, 27228455, 27228989, 1.79394424, 1.84424400, -0.58730316, -0.17308187
849, 27229455, 27229979, 1.79112720, 1.84348011, -0.65079498, -0.28846979
850, 27230455, 27230978, 1.78827000, 1.84271717, -0.68254089, -0.17308187
851, 27231455, 27231980, 1.78537202, 1.84195423, -0.71428680, -0.17308187
852, 27232455, 27232974, 1.78243291, 1.84080982, -0.74603271, -0.28846979
853, 27233455, 27233974, 1.77945328, 1.83966541, -0.77777863, -0.51924562
854, 27234455, 27234974, 1.77643347, 1.83928394, -0.84127045, -0.40385768
855, 27235455, 27235975, 1.77337444, 1.83813953, -0.87301636, -0.75002146
856, 27236455, 27236977, 1.77027571, 1.83699512, -0.93650818, -0.40385768
857, 27237455, 27237975, 1.76713800, 1.83585072, -0.93650818, -0.40385768
858, 27238455, 27238977, 1.76396120, 1.83432484, -1.00000000, -0.75002146
859, 27239455, 27239987, 1.76074660, 1.83318043, -1.03174591, -0.75002146
860, 27240455, 27240973, 1.75749469, 1.83203602, -1.09523773, -0.63463354
861, 27241455, 27241988, 1.75420642, 1.83051014, -1.15872955, -0.40385768
862, 27242455, 27242986, 1.75088072, 1.82898426, -1.31745911, -0.51924562
863, 27243455, 27243972, 1.74751925, 1.82745838, -1.28571320, -0.40385768
864, 27244455, 27244990, 1.74412298, 1.82593250, -1.34920502, -0.51924562
865, 27245455, 27245990, 1.74069250, 1.82440662, -1.41269684, -0.40385768
866, 27246455, 27246974, 1.73722756, 1.82288074, -1.44444275, -0.17308187
867, 27247455, 27247972, 1.73372757, 1.82059193, -1.53968430, -0.05769395
868, 27248455, 27248985, 1.73019278, 1.81906605, -1.60317612, -0.51924562
869, 27249455, 27249985, 1.72662437, 1.81677723, -1.66666794, -0.28846979
870, 27250455, 27250983, 1.72302365, 1.81486988, -1.63492203, -0.40385768
871, 27251455, 27251971, 1.71939194, 1.81296253, -1.76190567, -0.40385768
872, 27252455, 27252983, 1.71572769, 1.81067371, -1.82539749, -0.40385768
873, 27253455, 27253985, 1.71203125, 1.80876637, -1.92063522, -0.28846979
874, 27254455, 27254974, 1.70830202, 1.80647755, -1.98412704, -0.51924562
875, 27255455, 27255984, 1.70454121, 1.80418873, -2.01587296, -0.40385768
876, 27256455, 27256982, 1.70074892, 1.80228138, -2.07936478, -0.40385768
877, 27257455, 27257980, 1.69692671, 1.79999256, -2.14285660, -0.40385768
878, 27258455, 27258980, 1.69307554, 1.79732227, -2.17460251, -0.28846979
879, 27259455, 27259985, 1.68919528, 1.79503345, -2.23809433, -0.40385768
880, 27260455, 27260981, 1.68528831, 1.79274464, -2.26984024, -0.28846979
881, 27261455, 27261979, 1.68135524, 1.79007435, -2.33333206, -0.17308187
882, 27262455, 27262979, 1.67739642, 1.78740406, -2.36507797, -0.28846979
883, 27263455, 27263981, 1.67341161, 1.78473377, -2.39682388, -0.05769395
884, 27264455, 27264982, 1.66940236, 1.78206348, -2.46031570, -0.28846979
885, 27265455, 27265984, 1.66536915, 1.77977371, -2.49206161, -0.17308187
886, 27266455, 27266984, 1.66131258, 1.77710342, -2.55555725, -0.17308187
887, 27267455, 27267990, 1.65723431, 1.77443314, -2.58730316, -0.17308187
888, 27268455, 27268990, 1.65313530, 1.77138138, -2.65079498, -0.17308187
889, 27269455, 27269980, 1.64901626, 1.76832962, -2.68254089, -0.40385768
890, 27270455, 27270979, 1.64487922, 1.76565933, -2.68254089, -0.51924562
891, 27271455, 27271985, 1.64072478, 1.76260757, -2.74603271, -0.28846979
892, 27272455, 27272985, 1.63655436, 1.75993729, -2.77777863, -0.17308187
893, 27273455, 27273983, 1.63236785, 1.75688553, -2.80952454, -0.05769395
894, 27274455, 27274981, 1.62816632, 1.75383377, -2.84127045, -0.05769395
895, 27275455, 27275983, 1.62395120, 1.75116348, -2.87301636, 0.05769395
896, 27276455, 27276984, 1.61972404, 1.74811172, -2.93650818, -0.17308187
897, 27277455, 27277982, 1.61548603, 1.74467850, -2.96825409, -0.05769395
898, 27278455, 27278986, 1.61123657, 1.74162674, -3.00000000, -0.28846979
899, 27279455, 27279982, 1.60697556, 1.73857498, -3.03174591, -0.17308187
900, 27280455, 27280980, 1.60270476, 1.73552322, -3.09523773, -0.40385768
901, 27281455, 27281978, 1.59842443, 1.73209000, -3.12698364, -0.51924562
902, 27282455, 27282981, 1.59413528, 1.72865677, -3.15872955, -0.05769395
903, 27283455, 27283979, 1.58983850, 1.72560501, -3.19047546, -0.17308187
904, 27284455, 27284979, 1.58553469, 1.72217178, -3.19047546, -0.05769395
905, 27285455, 27285981, 1.58122540, 1.71912003, -3.25396729, 0.17308187
906, 27286455, 27286979, 1.57691038, 1.71568584, -3.25396729, 0.05769395
907, 27287455, 27287981, 1.57258976, 1.71225262, -3.28571320, -0.17308187
908, 27288455, 27288988, 1.56826389, 1.70881939, -3.28571320, -0.17308187
909, 27289455, 27289982, 1.56393373, 1.70500469, -3.34920502, -0.40385768
910, 27290455, 27290986, 1.55960011, 1.70157146, -3.34920502, -0.17308187
911, 27291455, 27291986, 1.55526328, 1.69851971, -3.41269684, -0.17308187
912, 27292455, 27292976, 1.55092442, 1.69470501, -3.41269684, -0.40385768
913, 27293455, 27293976, 1.54658437, 1.69127178, -3.44444275, -0.05769395
914, 27294455, 27294977, 1.54224277, 1.68745708, -3.50793839, 0.05769395
915, 27295455, 27295981, 1.53790104, 1.68402386, -3.53968430, 0.17308187
916, 27296455, 27296977, 1.53356063, 1.68020916, -3.57143021, -0.17308187
917, 27297455, 27297983, 1.52922201, 1.67677593, -3.57143021, -0.05769395
918, 27298455, 27298981, 1.52488613, 1.67296124, -3.60317612, -0.28846979
919, 27299455, 27299982, 1.52055347, 1.66914654, -3.63492203, -0.17308187
920, 27300455, 27300978, 1.51622498, 1.66533184, -3.69841385, -0.17308187
921, 27301455, 27301984, 1.51190186, 1.66151714, -3.69841385, -0.05769395
922, 27302455, 27302990, 1.50758672, 1.65770245, -3.69841385, 0.05769395
923, 27303455, 27303986, 1.50328052, 1.65426826, -3.73015976, 0.40385768
924, 27304455, 27304985, 1.49898243, 1.65045357, -3.76190567, 0.05769395
925, 27305455, 27305985, 1.49469340, 1.64625740, -3.76190567, -0.17308187
926, 27306455, 27306985, 1.49041498, 1.64244270, -3.79365158, 0.05769395
927, 27307455, 27307983, 1.48614764, 1.63862801, -3.79365158, -0.05769395
928, 27308455, 27308987, 1.48189187, 1.63481331, -3.82539749, -0.17308187
929, 27309455, 27309985, 1.47764802, 1.63099861, -3.85714340, -0.17308187
930, 27310455, 27310986, 1.47341633, 1.62680244, -3.88888931, -0.05769395
931, 27311455, 27311986, 1.46919715, 1.62298775, -3.88888931, 0.17308187
932, 27312455, 27312992, 1.46499050, 1.61879158, -3.92063522, 0.05769395
933, 27313455, 27313996, 1.46079743, 1.61497688, -3.95238113, -0.17308187
934, 27314455, 27314992, 1.45661962, 1.61078072, -3.95238113, -0.05769395
935, 27315455, 27315984, 1.45245850, 1.60658455, -4.01587296, -0.05769395
936, 27316455, 27316985, 1.44831491, 1.60276985, -3.98412704, 0.05769395
937, 27317455, 27317993, 1.44418931, 1.59857368, -3.98412704, 0.17308187
938, 27318455, 27318983, 1.44008374, 1.59437752, -4.01587296, 0.05769395
939, 27319455, 27319983, 1.43600035, 1.59056187, -4.04761887, 0.17308187
940, 27320455, 27320987, 1.43193805, 1.58636570, -4.07936478, 0.40385768
941, 27321455, 27321988, 1.42789853, 1.58255100, -4.04761887, 0.17308187
942, 27322455, 27322992, 1.42388177, 1.57835484, -4.04761887, -0.05769395
943, 27323455, 27323994, 1.41989017, 1.57415867, -4.04761887, 0.17308187
944, 27324455, 27324990, 1.41592634, 1.57034397, -4.11111069, 0.28846979
945, 27325455, 27325988, 1.41199100, 1.56614780, -4.07936478, 0.05769395
946, 27326455, 27326984, 1.40808535, 1.56195164, -4.07936478, 0.05769395
947, 27327455, 27327985, 1.40420866, 1.55775547, -4.07936478, 0.05769395
948, 27328455, 27328983, 1.40036190, 1.55394077, -4.07936478, 0.28846979
949, 27329455, 27329989, 1.39654589, 1.54974461, -4.11111069, 0.17308187
950, 27330455, 27330983, 1.39276123, 1.54516697, -4.11111069, 0.05769395
951, 27331455, 27331983, 1.38900959, 1.54097080, -4.11111069, -0.05769395
952, 27332455, 27332982, 1.38529229, 1.53715611, -4.11111069, 0.28846979
953, 27333455, 27333986, 1.38161123, 1.53295994, -4.17460251, -0.05769395
954, 27334455, 27334988, 1.37796772, 1.52876282, -4.17460251, 0.17308187
955, 27335455, 27335984, 1.37436247, 1.52456665, -4.20634842, 0.28846979
956, 27336455, 27336982, 1.37079549, 1.52037048, -4.17460251, 0.40385768
957, 27337455, 27337982, 1.36726892, 1.51617432, -4.14285660, 0.40385768
958, 27338455, 27338987, 1.36378217, 1.51235962, -4.14285660, 0.05769395
959, 27339455, 27339985, 1.36033678, 1.50816345, -4.14285660, 0.51924562
960, 27340455, 27340983, 1.35693347, 1.50396729, -4.14285660, 0.51924562
961, 27341455, 27341985, 1.35357213, 1.50015259, -4.11111069, 0.17308187
962, 27342455, 27342983, 1.35025430, 1.49633789, -4.07936478, 0.17308187
963, 27343455, 27343983, 1.34698176, 1.49214172, -4.07936478, 0.63463354
964, 27344455, 27344982, 1.34375489, 1.48832703, -4.07936478, 0.63463354
965, 27345455, 27345982, 1.34057295, 1.48413086, -4.04761887, 0.40385768
966, 27346455, 27346982, 1.33743715, 1.48031616, -4.04761887, 0.40385768
967, 27347455, 27347980, 1.33434880, 1.47612000, -4.01587296, 0.51924562
968, 27348455, 27348982, 1.33130622, 1.47230530, -3.98412704, 0.63463354
969, 27349455, 27349985, 1.32831192, 1.46887207, -3.95238113, 0.86540931
970, 27350455, 27350985, 1.32536805, 1.46505642, -3.92063522, 0.17308187
971, 27351455, 27351983, 1.32247531, 1.46124172, -3.88888931, 0.28846979
972, 27352455, 27352979, 1.31963503, 1.45742702, -3.85714340, 0.75002146
973, 27353455, 27353983, 1.31684804, 1.45399380, -3.85714340, 0.98079723
974, 27354455, 27354979, 1.31411564, 1.45017910, -3.76190567, 0.40385768
975, 27355455, 27355978, 1.31143796, 1.44674587, -3.73015976, 0.51924562
976, 27356455, 27356978, 1.30881608, 1.44331264, -3.69841385, 0.51924562
977, 27357455, 27357982, 1.30624926, 1.43987942, -3.66666794, 0.51924562
978, 27358455, 27358982, 1.30373800, 1.43644619, -3.63492203, 0.63463354
979, 27359455, 27359978, 1.30128407, 1.43301296, -3.60317612, 0.51924562
980, 27360455, 27360983, 1.29888856, 1.42957973, -3.57143021, 0.40385768
981, 27361455, 27361981, 1.29655290, 1.42614651, -3.53968430, 0.63463354
982, 27362455, 27362979, 1.29427826, 1.42271328, -3.50793839, 0.63463354
983, 27363455, 27363979, 1.29206598, 1.41928005, -3.47618866, 0.75002146
984, 27364455, 27364983, 1.28991497, 1.41622829, -3.44444275, 0.51924562
985, 27365455, 27365975, 1.28782570, 1.41279507, -3.38095093, 0.63463354
986, 27366455, 27366978, 1.28579974, 1.40974331, -3.34920502, 0.51924562
987, 27367455, 27367978, 1.28383744, 1.40631008, -3.31745911, 0.51924562
988, 27368455, 27368976, 1.28193879, 1.40325737, -3.28571320, 0.75002146
989, 27369455, 27369982, 1.28010404, 1.40020561, -3.25396729, 0.17308187
990, 27370455, 27370978, 1.27833402, 1.39715385, -3.22222137, 0.40385768
991, 27371455, 27371977, 1.27662849, 1.39410210, -3.19047546, 0.40385768
992, 27372455, 27372977, 1.27498639, 1.39143181, -3.15872955, 0.63463354
993, 27373455, 27373975, 1.27340794, 1.38838005, -3.12698364, 0.98079723
994, 27374455, 27374979, 1.27189243, 1.38532829, -3.09523773, 0.40385768
995, 27375455, 27375975, 1.27043951, 1.38227654, -3.06349182, 0.51924562
996, 27376455, 27376977, 1.26904953, 1.37960625, -3.03174591, 0.40385768
997, 27377455, 27377974, 1.26772273, 1.37655449, -3.00000000, 0.51924562
998, 27378455, 27378976, 1.26645970, 1.37388420, -2.93650818, 0.40385768
999, 27379455, 27379976, 1.26526093, 1.37121391, -2.90476227, 0.86540931
1000, 27380455, 27380976, 1.26412654, 1.36854362, -2.87301636, 0.05769395
1001, 27381455, 27381976, 1.26305890, 1.36587334, -2.84127045, 0.40385768
1002, 27382455, 27382974, 1.26205945, 1.36320305, -2.80952454, 0.40385768
1003, 27383455, 27383973, 1.26112974, 1.36053276, -2.77777863, 0.51924562
1004, 27384455, 27384973, 1.26027155, 1.35786247, -2.74603271, 0.75002146
1005, 27385455, 27385975, 1.25948608, 1.35557365, -2.71428680, 0.51924562
1006, 27386455, 27386987, 1.25877333, 1.35290337, -2.65079498, 0.86540931
1007, 27387455, 27387983, 1.25813591, 1.35061455, -2.61904907, 0.75002146
1008, 27388455, 27388973, 1.25757742, 1.34832573, -2.58730316, 0.98079723
1009, 27389455, 27389988, 1.25710082, 1.34565544, -2.55555725, 0.28846979
1010, 27390455, 27390984, 1.25670767, 1.34336567, -2.49206161, 0.63463354
1011, 27391455, 27391982, 1.25639987, 1.34145832, -2.46031570, 0.51924562
1012, 27392455, 27392982, 1.25617909, 1.33878803, -2.42856979, 0.75002146
1013, 27393455, 27393986, 1.25604665, 1.33688068, -2.36507797, 0.63463354
1014, 27394455, 27394970, 1.25600386, 1.33497334, -2.33333206, 0.28846979
1015, 27395455, 27395983, 1.25605249, 1.33306599, -2.26984024, 0.86540931
1016, 27396455, 27396985, 1.25619149, 1.33077717, -2.23809433, 0.63463354
1017, 27397455, 27397981, 1.25641680, 1.32886982, -2.14285660, 0.75002146
1018, 27398455, 27398985, 1.25672233, 1.32696247, -2.11111069, 0.75002146
1019, 27399455, 27399971, 1.25710642, 1.32543659, -2.04761887, 0.86540931
1020, 27400455, 27400985, 1.25758111, 1.32391071, -1.98412704, 0.86540931
1021, 27401455, 27401988, 1.25814605, 1.32200336, -1.92063522, 0.75002146
1022, 27402455, 27402986, 1.25879860, 1.32047749, -1.85714340, 1.44234896
1023, 27403455, 27403984, 1.25953913, 1.31895161, -1.79365158, 0.51924562
1024, 27404455, 27404972, 1.26036620, 1.31704426, -1.76190567, 0.98079723
1025, 27405455, 27405982, 1.26127577, 1.31589985, -1.69841385, 0.75002146
1026, 27406455, 27406985, 1.26226640, 1.31437397, -1.63492203, 0.63463354
1027, 27407455, 27407985, 1.26333570, 1.31322956, -1.57143021, 0.63463354
1028, 27408455, 27408971, 1.26448214, 1.31208515, -1.50793839, 0.63463354
1029, 27409455, 27409985, 1.26570320, 1.31094074, -1.44444275, 0.75002146
1030, 27410455, 27410989, 1.26699638, 1.30979633, -1.38095093, 0.86540931
1031, 27411455, 27411984, 1.26836002, 1.30865192, -1.34920502, 0.75002146
1032, 27412455, 27412984, 1.26979065, 1.30788898, -1.25396729, 0.75002146
1033, 27413455, 27413984, 1.27128696, 1.30674458, -1.19047546, 0.86540931
1034, 27414455, 27414980, 1.27284765, 1.30560017, -1.15872955, 0.98079723
1035, 27415455, 27415986, 1.27447057, 1.30483723, -1.09523773, 0.98079723
1036, 27416455, 27416984, 1.27615368, 1.30445576, -1.03174591, 1.09618521
1037, 27417455, 27417983, 1.27789533, 1.30369282, -1.00000000, 0.98079723
1038, 27418455, 27418985, 1.27969313, 1.30292988, -0.93650818, 0.63463354
1039, 27419455, 27419985, 1.28154540, 1.30216694, -0.87301636, 0.63463354
1040, 27420455, 27420981, 1.28345060, 1.30178547, -0.77777863, 0.98079723
1041, 27421455, 27421983, 1.28540719, 1.30140400, -0.74603271, 0.86540931
1042, 27422455, 27422985, 1.28741348, 1.30102253, -0.68254089, 0.75002146
1043, 27423455, 27423979, 1.28946817, 1.30064106, -0.61904907, 0.63463354
1044, 27424455, 27424984, 1.29157019, 1.30064106, -0.52381134, 0.63463354
1045, 27425455, 27425984, 1.29371786, 1.30025959, -0.49206543, 0.51924562
1046, 27426455, 27426982, 1.29591095, 1.30025959, -0.39682770, 0.75002146
1047, 27427455, 27427980, 1.29814756, 1.30025959, -0.30158997, 0.86540931
1048, 27428455, 27428978, 1.30042708, 1.30025959, -0.26984406, 0.63463354
1049, 27429455, 27429980, 1.30274904, 1.30025959, -0.17460632, 0.28846979
1050, 27430455, 27430981, 1.30511296, 1.30025959, -0.14286041, 0.86540931
1051, 27431455, 27431985, 1.30751812, 1.30064106, -0.04762268, 0.51924562
1052, 27432455, 27432981, 1.30996442, 1.30102253, -0.01587677, 0.28846979
1053, 27433455, 27433987, 1.31245136, 1.30140400, 0.04762268, 0.51924562
1054, 27434455, 27434985, 1.31497872, 1.30178547, 0.11111450, 0.51924562
1055, 27435455, 27435981, 1.31754494, 1.30178547, 0.17460632, 0.51924562
1056, 27436455, 27436984, 1.32014787, 1.30216694, 0.20635223, 0.51924562
1057, 27437455, 27437980, 1.32278550, 1.30254841, 0.26984406, 0.63463354
1058, 27438455, 27438978, 1.32545805, 1.30292988, 0.30158997, 0.63463354
1059, 27439455, 27439984, 1.32816529, 1.30369282, 0.33333588, 0.86540931
1060, 27440455, 27440978, 1.33090615, 1.30445576, 0.36508179, 0.86540931
1061, 27441455, 27441980, 1.33367908, 1.30483723, 0.42857361, 0.75002146
1062, 27442455, 27442977, 1.33648312, 1.30521870, 0.46031952, 1.09618521
1063, 27443455, 27443983, 1.33931649, 1.30598164, 0.49206543, 0.98079723
1064, 27444455, 27444983, 1.34217870, 1.30674458, 0.52381134, 0.63463354
1065, 27445455, 27445981, 1.34506869, 1.30788898, 0.55555725, 0.86540931
1066, 27446455, 27446981, 1.34798551, 1.30827045, 0.61904907, 0.75002146
1067, 27447455, 27447978, 1.35092700, 1.30941486, 0.65079498, 0.86540931
1068, 27448455, 27448976, 1.35389268, 1.31017780, 0.71428680, 0.86540931
1069, 27449455, 27449984, 1.35688233, 1.31132221, 0.74603271, 1.09618521
1070, 27450455, 27450986, 1.35989451, 1.31208515, 0.77777863, 0.98079723
1071, 27451455, 27451980, 1.36292839, 1.31322956, 0.80952454, 0.63463354
1072, 27452455, 27452980, 1.36598325, 1.31399250, 0.87301636, 0.63463354
1073, 27453455, 27453977, 1.36905742, 1.31551838, 0.93650818, 0.51924562
1074, 27454455, 27454975, 1.37214994, 1.31666279, 0.96825409, 1.21157312
1075, 27455455, 27455991, 1.37525892, 1.31780720, 1.00000000, 1.09618521
1076, 27456455, 27456993, 1.37838173, 1.31933308, 1.03174591, 0.86540931
1077, 27457455, 27457981, 1.38151681, 1.32047749, 1.09523773, 0.63463354
1078, 27458455, 27458980, 1.38466239, 1.32162189, 1.12698364, 0.86540931
1079, 27459455, 27459980, 1.38781691, 1.32352924, 1.19047546, 0.86540931
1080, 27460455, 27460980, 1.39098036, 1.32467365, 1.25396729, 0.75002146
1081, 27461455, 27461986, 1.39414942, 1.32619953, 1.28571320, 0.86540931
1082, 27462455, 27462980, 1.39732075, 1.32772541, 1.34920502, 0.63463354
1083, 27463455, 27463980, 1.40049207, 1.32925129, 1.38095093, 0.51924562
1084, 27464455, 27464983, 1.40366137, 1.33077717, 1.44444275, 0.40385768
1085, 27465455, 27465981, 1.40682709, 1.33268452, 1.50793457, 0.75002146
1086, 27466455, 27466981, 1.40998745, 1.33421040, 1.53968048, 0.75002146
1087, 27467455, 27467977, 1.41313934, 1.33611774, 1.57142639, 0.28846979
1088, 27468455, 27468977, 1.41628027, 1.33802509, 1.60317230, 0.86540931
1089, 27469455, 27469977, 1.41940796, 1.33955097, 1.63491821, 0.75002146
1090, 27470455, 27470982, 1.42251861, 1.34183979, 1.66666412, 0.75002146
1091, 27471455, 27471990, 1.42560816, 1.34336567, 1.73015594, 0.86540931
1092, 27472455, 27472982, 1.42867219, 1.34527397, 1.76190186, 0.75002146
1093, 27473455, 27473976, 1.43170869, 1.34756279, 1.79364777, 0.75002146
1094, 27474455, 27474976, 1.43471587, 1.34947014, 1.82539368, 0.75002146
1095, 27475455, 27475987, 1.43769157, 1.35137749, 1.85713959, 0.75002146
1096, 27476455, 27476981, 1.44063270, 1.35366631, 1.88888550, 0.63463354
1097, 27477455, 27477985, 1.44353640, 1.35557365, 1.92063141, 0.51924562
1098, 27478455, 27478993, 1.44640005, 1.35748100, 1.95237732, 0.75002146
1099, 27479455, 27479983, 1.44922078, 1.35976982, 1.98412323, 0.63463354
1100, 27480455, 27480990, 1.45199442, 1.36205864, 2.01587677, 0.63463354
1101, 27481455, 27481984, 1.45471895, 1.36396599, 2.04762268, 0.63463354
1102, 27482455, 27482986, 1.45739174, 1.36663628, 2.07936859, 0.63463354
1103, 27483455, 27483984, 1.46000981, 1.36854362, 2.11111450, 0.63463354
1104, 27484455, 27484982, 1.46257126, 1.37083244, 2.14286041, 0.98079723
1105, 27485455, 27485982, 1.46507323, 1.37312126, 2.17460632, 0.75002146
1106, 27486455, 27486979, 1.46751320, 1.37541008, 2.17460632, 0.63463354
1107, 27487455, 27487977, 1.46988893, 1.37769890, 2.20635223, 0.75002146
1108, 27488455, 27488983, 1.47219908, 1.37998772, 2.20635223, 0.63463354
1109, 27489455, 27489977, 1.47444201, 1.38227654, 2.26984406, 0.63463354
1110, 27490455, 27490983, 1.47661626, 1.38494682, 2.26984406, 0.51924562
1111, 27491455, 27491981, 1.47872055, 1.38723564, 2.30158997, 0.63463354
1112, 27492455, 27492984, 1.48075247, 1.38952446, 2.33333588, 0.28846979
1113, 27493455, 27493982, 1.48270988, 1.39219475, 2.33333588, 0.40385768
1114, 27494455, 27494980, 1.48459172, 1.39448357, 2.36508179, 0.28846979
1115, 27495455, 27495980, 1.48639643, 1.39677238, 2.55555725, 0.40385768
1116, 27496455, 27496980, 1.48812270, 1.39906120, 2.42857361, 0.40385768
1117, 27497455, 27497982, 1.48976982, 1.40173149, 2.42857361, 0.17308187
1118, 27498455, 27498979, 1.49133646, 1.40440178, 2.39682770, 0.40385768
1119, 27499455, 27499981, 1.49282157, 1.40669155, 2.42857361, 0.40385768
1120, 27500455, 27500979, 1.49422514, 1.40936184, 2.42857361, 0.51924562
1121, 27501455, 27501979, 1.49554634, 1.41165066, 2.42857361, 0.28846979
1122, 27502455, 27502981, 1.49678481, 1.41393948, 2.46031952, 0.63463354
1123, 27503455, 27503982, 1.49794006, 1.41622829, 2.26984406, 0.28846979
1124, 27504455, 27504980, 1.49901319, 1.41851711, 2.39682770, 0.17308187
1125, 27505455, 27505980, 1.50000465, 1.42156887, 2.39682770, 0.17308187
1126, 27506455, 27506980, 1.50091374, 1.42385769, 2.42857361, 0.05769395
1127, 27507455, 27507980, 1.50174081, 1.42614651, 2.39682770, 0.17308187
1128, 27508455, 27508987, 1.50248432, 1.42843533, 2.39682770, 0.05769395
1129, 27509455, 27509979, 1.50314462, 1.43072414, 2.36508179, 0.05769395
1130, 27510455, 27510985, 1.50372243, 1.43301296, 2.33333588, -0.05769395
1131, 27511455, 27511979, 1.50421703, 1.43530178, 2.33333588, 0.05769395
1132, 27512455, 27512983, 1.50462770, 1.43720913, 2.33333588, 0.17308187
1133, 27513455, 27513979, 1.50495458, 1.43987942, 2.30158997, 0.05769395
1134, 27514455, 27514978, 1.50519741, 1.44178677, 2.26984406, 0.17308187
1135, 27515455, 27515980, 1.50535560, 1.44407558, 2.23809814, 0.05769395
1136, 27516455, 27516982, 1.50542903, 1.44636440, 2.20635223, 0.17308187
1137, 27517455, 27517978, 1.50541770, 1.44827175, 2.17460632, 0.05769395
1138, 27518455, 27518980, 1.50532126, 1.45017910, 2.17460632, 0.40385768
1139, 27519455, 27519978, 1.50514042, 1.45246792, 2.11111450, 0.05769395
1140, 27520455, 27520979, 1.50487483, 1.45437527, 2.07936859, -0.05769395
1141, 27521455, 27521979, 1.50452530, 1.45590115, 2.07936859, -0.17308187
1142, 27522455, 27522981, 1.50409234, 1.45818996, 2.01587677, -0.17308187
1143, 27523455, 27523995, 1.50357652, 1.45971584, 1.98412323, -0.17308187
1144, 27524455, 27524979, 1.50297832, 1.46162319, 1.95237732, -0.17308187
1145, 27525455, 27525982, 1.50229883, 1.46314907, 1.92063141, -0.05769395
1146, 27526455, 27526984, 1.50153959, 1.46505642, 1.88888550, -0.17308187
1147, 27527455, 27528000, 1.50070190, 1.46658230, 1.85713959, 0.05769395
1148, 27528455, 27528994, 1.49978793, 1.46848965, 1.88888550, -0.51924562
1149, 27529455, 27529978, 1.49879956, 1.47001648, 1.76190186, -0.40385768
1150, 27530455, 27530978, 1.49773967, 1.47154236, 1.73015594, -0.05769395
1151, 27531455, 27531983, 1.49661064, 1.47268677, 1.63491821, -0.17308187
1152, 27532455, 27532983, 1.49541426, 1.47421265, 1.60317230, -0.17308187
1153, 27533455, 27533991, 1.49415255, 1.47535706, 1.57142639, 0.17308187
1154, 27534455, 27534983, 1.49282753, 1.47688293, 1.50793457, 0.05769395
1155, 27535455, 27535989, 1.49144340, 1.47840881, 1.44444275, 0.05769395
1156, 27536455, 27536982, 1.49000359, 1.47917175, 1.31745911, -0.05769395
1157, 27537455, 27537988, 1.48851049, 1.48069763, 1.34920502, -0.05769395
1158, 27538455, 27538988, 1.48696661, 1.48184204, 1.31745911, -0.17308187
1159, 27539455, 27539992, 1.48537469, 1.48298645, 1.25396729, -0.05769395
1160, 27540455, 27540974, 1.48373771, 1.48374939, 1.22222137, -0.28846979
1161, 27541455, 27541978, 1.48205948, 1.48451233, 1.12698364, 0.05769395
1162, 27542455, 27542987, 1.48034501, 1.48565674, 1.09523773, -0.40385768
1163, 27543455, 27543989, 1.47859883, 1.48641968, 1.03174591, -0.40385768
1164, 27544455, 27544987, 1.47682452, 1.48680115, 0.93650818, -0.28846979
1165, 27545455, 27545973, 1.47502613, 1.48756409, 0.87301636, -0.51924562
1166, 27546455, 27546975, 1.47320783, 1.48794556, 0.80952454, -0.40385768
1167, 27547455, 27547985, 1.47137451, 1.48832703, 0.74603271, -0.51924562
1168, 27548455, 27548974, 1.46952927, 1.48870850, 0.68254089, -0.40385768
1169, 27549455, 27549980, 1.46767545, 1.48908997, 0.61904907, -0.17308187
1170, 27550455, 27550992, 1.46581769, 1.48947144, 0.52381134, -0.40385768
1171, 27551455, 27551990, 1.46395969, 1.48947144, 0.46031952, -0.17308187
1172, 27552455, 27552974, 1.46210492, 1.48947144, 0.36508179, -0.40385768
1173, 27553455, 27553987, 1.46025681, 1.48985291, 0.30158997, -0.51924562
1174, 27554455, 27554987, 1.45841861, 1.48947144, 0.23809814, -0.40385768
1175, 27555455, 27555985, 1.45659363, 1.48947144, 0.14286041, -0.40385768
1176, 27556455, 27556989, 1.45478582, 1.48947144, 0.07936859, -0.63463354
1177, 27557455, 27557989, 1.45299935, 1.48908997, 0.01587677, -0.05769395
1178, 27558455, 27558983, 1.45123768, 1.48870850, -0.04762268, -0.28846979
1179, 27559455, 27559984, 1.44950557, 1.48832703, -0.11111450, -0.28846979
1180, 27560455, 27560990, 1.44780743, 1.48756409, -0.14286041, -0.17308187
1181, 27561455, 27561980, 1.44614828, 1.48718262, -0.26984406, -0.40385768
1182, 27562455, 27562984, 1.44453251, 1.48641968, -0.33333588, -0.40385768
1183, 27563455, 27563986, 1.44296324, 1.48641968, -0.36508179, -0.05769395
1184, 27564455, 27564984, 1.44144356, 1.48565674, -0.46031952, -0.28846979
1185, 27565455, 27565985, 1.43997705, 1.48489380, -0.52381134, -0.05769395
1186, 27566455, 27566987, 1.43856764, 1.48413086, -0.55555725, 0.05769395
1187, 27567455, 27567983, 1.43721890, 1.48336792, -0.58730316, -0.05769395
1188, 27568455, 27568983, 1.43593514, 1.48260498, -0.65079498, -0.17308187
1189, 27569455, 27569983, 1.43472028, 1.48184204, -0.68254089, 0.17308187
1190, 27570455, 27570986, 1.43357813, 1.48069763, -0.74603271, -0.05769395
1191, 27571455, 27571984, 1.43251193, 1.47955322, -0.77777863, -0.05769395
1192, 27572455, 27572986, 1.43152356, 1.47879028, -0.80952454, -0.05769395
1193, 27573455, 27573984, 1.43061519, 1.47802734, -0.87301636, -0.05769395
1194, 27574455, 27574986, 1.42978907, 1.47688293, -0.87301636, -0.17308187
1195, 27575455, 27575982, 1.42904747, 1.47573853, -0.90476227, -0.05769395
1196, 27576455, 27576983, 1.42839289, 1.47497559, -0.96825409, -0.05769395
1197, 27577455, 27577985, 1.42782688, 1.47344971, -1.00000000, 0.05769395
1198, 27578455, 27578987, 1.42735052, 1.47230530, -1.03174591, -0.05769395
1199, 27579455, 27579981, 1.42696500, 1.47154236, -1.06349182, -0.05769395
1200, 27580455, 27580983, 1.42667127, 1.47001648, -1.06349182, -0.17308187
1201, 27581455, 27581984, 1.42647099, 1.46887207, -1.12698364, -0.17308187
1202, 27582455, 27582984, 1.42636442, 1.46772671, -1.12698364, -0.17308187
1203, 27583455, 27583984, 1.42635083, 1.46620083, -1.19047546, -0.17308187
1204, 27584455, 27584982, 1.42643046, 1.46505642, -1.19047546, -0.51924562
1205, 27585455, 27585980, 1.42660213, 1.46391201, -1.22222137, -0.51924562
1206, 27586455, 27586982, 1.42686403, 1.46238613, -1.22222137, -0.17308187
1207, 27587455, 27587983, 1.42721331, 1.46124172, -1.25396729, -0.05769395
1208, 27588455, 27588983, 1.42764711, 1.45971584, -1.28571320, -0.17308187
1209, 27589455, 27589981, 1.42816317, 1.45857143, -1.31745911, 0.05769395
1210, 27590455, 27590979, 1.42875743, 1.45666409, -1.38095093, -0.05769395
1211, 27591455, 27591979, 1.42942500, 1.45551968, -1.38095093, -0.05769395
1212, 27592455, 27592985, 1.43016148, 1.45399380, -1.38095093, 0.17308187
1213, 27593455, 27593984, 1.43096220, 1.45246792, -1.38095093, 0.05769395
1214, 27594455, 27594984, 1.43182075, 1.45132351, -1.41269684, 0.17308187
1215, 27595455, 27595982, 1.43272960, 1.44979763, -1.41269684, 0.40385768
1216, 27596455, 27596982, 1.43368173, 1.44865322, -1.41269684, 0.98079723
1217, 27597455, 27597976, 1.43467021, 1.44712734, -1.38095093, 0.51924562
1218, 27598455, 27598981, 1.43568921, 1.44598293, -1.38095093, 0.63463354
1219, 27599455, 27599983, 1.43673289, 1.44445705, -1.38095093, 0.86540931
1220, 27600455, 27600983, 1.43779397, 1.44331264, -1.34920502, 0.98079723
1221, 27601455, 27601987, 1.43886471, 1.44216824, -1.31745911, 1.09618521
1222, 27602455, 27602991, 1.43993962, 1.44102383, -1.28571320, 0.75002146
1223, 27603455, 27603984, 1.44101381, 1.44026089, -1.28571320, 0.98079723
1224, 27604455, 27604986, 1.44208348, 1.43949795, -1.22222137, 1.21157312
1225, 27605455, 27605984, 1.44314349, 1.43835354, -1.15872955, 1.09618521
1226, 27606455, 27606980, 1.44419038, 1.43759060, -1.09523773, 0.75002146
1227, 27607455, 27607994, 1.44522214, 1.43682766, -1.03174591, 0.98079723
1228, 27608455, 27608986, 1.44623637, 1.43644619, -0.96825409, 0.51924562
1229, 27609455, 27609981, 1.44723165, 1.43568325, -0.87301636, 0.63463354
1230, 27610455, 27610975, 1.44820702, 1.43530178, -0.80952454, 0.86540931
1231, 27611455, 27611985, 1.44916248, 1.43453884, -0.74603271, 0.51924562
1232, 27612455, 27612983, 1.45009804, 1.43415737, -0.68254089, 0.51924562
1233, 27613455, 27613985, 1.45101428, 1.43377590, -0.61904907, 0.40385768
1234, 27614455, 27614983, 1.45191264, 1.43377590, -0.55555725, 0.86540931
1235, 27615455, 27615978, 1.45279467, 1.43339443, -0.49206543, 0.75002146
1236, 27616455, 27616978, 1.45366395, 1.43339443, -0.42857361, 0.51924562
1237, 27617455, 27617982, 1.45452392, 1.43301296, -0.39682770, 0.40385768
1238, 27618455, 27618982, 1.45537698, 1.43301296, -0.33333588, 0.40385768
1239, 27619455, 27619980, 1.45622480, 1.43301296, -0.26984406, 0.63463354
1240, 27620455, 27620976, 1.45707083, 1.43301296, -0.20635223, 0.51924562
1241, 27621455, 27621979, 1.45791745, 1.43301296, -0.17460632, 0.75002146
1242, 27622455, 27622985, 1.45876610, 1.43301296, -0.11111450, 0.75002146
1243, 27623455, 27623983, 1.45962024, 1.43339443, -0.07936859, 0.63463354
1244, 27624455, 27624987, 1.46048224, 1.43339443, -0.01587677, 0.75002146
1245, 27625455, 27625987, 1.46135223, 1.43377590, -0.01587677, 0.17308187
1246, 27626455, 27626984, 1.46223187, 1.43377590, 0.04762268, 0.63463354
1247, 27627455, 27627988, 1.46312332, 1.43377590, 0.07936859, 0.28846979
1248, 27628455, 27628986, 1.46402764, 1.43415737, 0.11111450, 0.51924562
1249, 27629455, 27629986, 1.46494675, 1.43453884, 0.17460632, 0.28846979
1250, 27630455, 27630974, 1.46588290, 1.43492031, 0.20635223, 0.28846979
1251, 27631455, 27631981, 1.46683705, 1.43530178, 0.23809814, 0.51924562
1252, 27632455, 27632983, 1.46780944, 1.43568325, 0.26984406, 0.40385768
1253, 27633455, 27633983, 1.46880114, 1.43606472, 0.30158997, 0.86540931
1254, 27634455, 27634987, 1.46981347, 1.43644619, 0.30158997, 0.40385768
1255, 27635455, 27635979, 1.47084832, 1.43682766, 0.33333588, 0.86540931
1256, 27636455, 27636979, 1.47190690, 1.43720913, 0.33333588, 0.75002146
1257, 27637455, 27637980, 1.47298980, 1.43759060, 0.36508179, 0.63463354
1258, 27638455, 27638984, 1.47409821, 1.43835354, 0.36508179, 0.51924562
1259, 27639455, 27639986, 1.47523379, 1.43873501, 0.39682770, 0.98079723
1260, 27640455, 27640984, 1.47639751, 1.43949795, 0.39682770, 0.86540931
1261, 27641455, 27641984, 1.47759020, 1.43987942, 0.42857361, 0.51924562
1262, 27642455, 27642984, 1.47881293, 1.44026089, 0.46031952, 0.63463354
1263, 27643455, 27643987, 1.48006630, 1.44102383, 0.49206543, 0.63463354
1264, 27644455, 27644981, 1.48135018, 1.44178677, 0.52381134, 0.63463354
1265, 27645455, 27645983, 1.48266494, 1.44254971, 0.52381134, 0.63463354
1266, 27646455, 27646983, 1.48401082, 1.44331264, 0.55555725, 0.51924562
1267, 27647455, 27647981, 1.48538804, 1.44369411, 0.58730316, 0.51924562
1268, 27648455, 27648982, 1.48679686, 1.44445705, 0.61904907, 0.51924562
1269, 27649455, 27649982, 1.48823798, 1.44521999, 0.61904907, 0.63463354
1270, 27650455, 27650982, 1.48971164, 1.44598293, 0.65079498, 0.40385768
1271, 27651455, 27651982, 1.49121857, 1.44674587, 0.68254089, 0.63463354
1272, 27652455, 27652980, 1.49276006, 1.44712734, 0.71428680, 0.63463354
1273, 27653455, 27653981, 1.49433732, 1.44827175, 0.71428680, 0.86540931
1274, 27654455, 27654981, 1.49595082, 1.44903469, 0.71428680, 0.75002146
1275, 27655455, 27655981, 1.49760222, 1.44979763, 0.74603271, 0.51924562
1276, 27656455, 27656985, 1.49929285, 1.45056057, 0.74603271, 0.98079723
1277, 27657455, 27657979, 1.50102282, 1.45132351, 0.77777863, 0.63463354
1278, 27658455, 27658981, 1.50279248, 1.45246792, 0.77777863, 0.75002146
1279, 27659455, 27659986, 1.50460196, 1.45323086, 0.80952454, 0.98079723
1280, 27660455, 27660982, 1.50645125, 1.45399380, 0.80952454, 0.75002146
1281, 27661455, 27661980, 1.50833952, 1.45513821, 0.80952454, 0.63463354
1282, 27662455, 27662980, 1.51026618, 1.45590115, 0.87301636, 0.75002146
1283, 27663455, 27663978, 1.51223075, 1.45704556, 0.87301636, 0.51924562
1284, 27664455, 27664978, 1.51423252, 1.45818996, 0.90476227, 0.63463354
1285, 27665455, 27665979, 1.51627123, 1.45895290, 0.90476227, 0.75002146
1286, 27666455, 27666977, 1.51834631, 1.46009731, 0.93650818, 0.63463354
1287, 27667455, 27667979, 1.52045715, 1.46124172, 0.96825409, 0.51924562
1288, 27668455, 27668981, 1.52260339, 1.46238613, 1.00000000, 0.75002146
1289, 27669455, 27669983, 1.52478492, 1.46353054, 1.03174591, 0.63463354
1290, 27670455, 27670979, 1.52700126, 1.46467495, 1.06349182, 0.63463354
1291, 27671455, 27671980, 1.52925360, 1.46581936, 1.06349182, 0.63463354
1292, 27672455, 27672982, 1.53154349, 1.46696377, 1.09523773, 0.63463354
1293, 27673455, 27673980, 1.53387153, 1.46848965, 1.12698364, 0.63463354
1294, 27674455, 27674982, 1.53623760, 1.46963501, 1.15872955, 0.86540931
1295, 27675455, 27675976, 1.53864300, 1.47116089, 1.15872955, 0.98079723
1296, 27676455, 27676977, 1.54108858, 1.47192383, 1.19047546, 0.75002146
1297, 27677455, 27677977, 1.54357553, 1.47344971, 1.22222137, 0.51924562
1298, 27678455, 27678977, 1.54610395, 1.47497559, 1.22222137, 0.75002146
1299, 27679455, 27679977, 1.54867446, 1.47612000, 1.25396729, 0.75002146
1300, 27680455, 27680979, 1.55128777, 1.47764587, 1.28571320, 0.63463354
1301, 27681455, 27681975, 1.55394435, 1.47917175, 1.31745911, 0.51924562
1302, 27682455, 27682988, 1.55664408, 1.48069763, 1.34920502, 0.63463354
1303, 27683455, 27683976, 1.55938721, 1.48222351, 1.34920502, 0.75002146
1304, 27684455, 27684988, 1.56217468, 1.48374939, 1.38095093, 0.98079723
1305, 27685455, 27685990, 1.56500733, 1.48527527, 1.44444275, 0.63463354
1306, 27686455, 27686990, 1.56788528, 1.48680115, 1.47618866, 0.98079723
1307, 27687455, 27687979, 1.57080865, 1.48832703, 1.50793457, 0.98079723
1308, 27688455, 27688975, 1.57377791, 1.49023438, 1.53968048, 0.75002146
1309, 27689455, 27689977, 1.57679272, 1.49176025, 1.53968048, 0.75002146
1310, 27690455, 27690975, 1.57985234, 1.49328613, 1.57142639, 0.75002146
1311, 27691455, 27691975, 1.58295715, 1.49519348, 1.60317230, 0.51924562
1312, 27692455, 27692985, 1.58610666, 1.49671936, 1.60317230, 0.75002146
1313, 27693455, 27693976, 1.58930004, 1.49862671, 1.63491821, 0.51924562
1314, 27694455, 27694974, 1.59253716, 1.50015259, 1.63491821, 0.86540931
1315, 27695455, 27695990, 1.59581733, 1.50205994, 1.66666412, 0.86540931
1316, 27696455, 27696972, 1.59913874, 1.50396729, 1.69841003, 0.98079723
1317, 27697455, 27697990, 1.60250068, 1.50587463, 1.73015594, 0.75002146
1318, 27698455, 27698985, 1.60590160, 1.50778198, 1.76190186, 0.98079723
1319, 27699455, 27699989, 1.60933983, 1.50968933, 1.76190186, 0.86540931
1320, 27700455, 27700985, 1.61281478, 1.51197815, 1.82539368, 0.98079723
1321, 27701455, 27701985, 1.61632538, 1.51388550, 1.85713959, 0.63463354
1322, 27702455, 27702987, 1.61986887, 1.51579285, 1.88888550, 0.86540931
1323, 27703455, 27703985, 1.62344241, 1.51808167, 1.92063141, 0.86540931
1324, 27704455, 27704990, 1.62704408, 1.51998901, 1.95237732, 1.32696104
1325, 27705455, 27705990, 1.63067305, 1.52265930, 2.01587677, 0.75002146
1326, 27706455, 27706990, 1.63432813, 1.52456665, 2.01587677, 0.98079723
1327, 27707455, 27707986, 1.63800740, 1.52685547, 2.07936859, 0.98079723
1328, 27708455, 27708974, 1.64170921, 1.52876282, 2.11111450, 0.75002146
1329, 27709455, 27709988, 1.64543283, 1.53143406, 2.14286041, 0.86540931
1330, 27710455, 27710981, 1.64917886, 1.53372288, 2.17460632, 0.86540931
1331, 27711455, 27711983, 1.65294671, 1.53601170, 2.23809814, 0.51924562
1332, 27712455, 27712989, 1.65673590, 1.53830051, 2.26984406, 0.86540931
1333, 27713455, 27713983, 1.66054702, 1.54097080, 2.30158997, 0.86540931
1334, 27714455, 27714987, 1.66437984, 1.54364109, 2.33333588, 0.75002146
1335, 27715455, 27715984, 1.66823304, 1.54592991, 2.36508179, 0.63463354
1336, 27716455, 27716986, 1.67210591, 1.54860020, 2.42857361, 0.86540931
1337, 27717455, 27717986, 1.67599785, 1.55127048, 2.46031952, 0.86540931
1338, 27718455, 27718984, 1.67990768, 1.55394077, 2.46031952, 1.32696104
1339, 27719455, 27719986, 1.68383431, 1.55661106, 2.52381134, 0.75002146
1340, 27720455, 27720984, 1.68777692, 1.55928135, 2.55555725, 0.98079723
1341, 27721455, 27721987, 1.69173312, 1.56195164, 2.58730316, 0.51924562
1342, 27722455, 27722983, 1.69570100, 1.56462193, 2.61904907, 0.51924562
1343, 27723455, 27723981, 1.69967985, 1.56729221, 2.65079498, 0.86540931
1344, 27724455, 27724977, 1.70366740, 1.57034397, 2.68254089, 0.86540931
1345, 27725455, 27725983, 1.70766091, 1.57339573, 2.68254089, 0.98079723
1346, 27726455, 27726986, 1.71165931, 1.57606602, 2.74603271, 0.86540931
1347, 27727455, 27727980, 1.71566093, 1.57911777, 2.77777863, 0.63463354
1348, 27728455, 27728986, 1.71966410, 1.58178806, 2.77777863, 0.75002146
1349, 27729455, 27729978, 1.72366631, 1.58483982, 2.80952454, 0.98079723
1350, 27730455, 27730980, 1.72766566, 1.58789158, 2.84127045, 0.75002146
1351, 27731455, 27731976, 1.73166049, 1.59094334, 2.87301636, 0.75002146
1352, 27732455, 27732979, 1.73564970, 1.59399605, 2.90476227, 0.86540931
1353, 27733455, 27733977, 1.73963130, 1.59704781, 2.96825409, 0.75002146
1354, 27734455, 27734983, 1.74360287, 1.60048103, 3.00000000, 0.63463354
1355, 27735455, 27735985, 1.74756300, 1.60353279, 3.03174591, 0.51924562
1356, 27736455, 27736981, 1.75150979, 1.60658455, 3.09523773, 0.75002146
1357, 27737455, 27737983, 1.75544131, 1.61001778, 3.09523773, 0.75002146
1358, 27738455, 27738978, 1.75935638, 1.61345100, 3.15872955, 0.63463354
1359, 27739455, 27739984, 1.76325452, 1.61650276, 3.19047546, 0.63463354
1360, 27740455, 27740976, 1.76713443, 1.61993599, 3.22222137, 1.21157312
1361, 27741455, 27741988, 1.77099431, 1.62336922, 3.25396729, 0.75002146
1362, 27742455, 27742980, 1.77483177, 1.62680244, 3.25396729, 0.75002146
1363, 27743455, 27743974, 1.77864468, 1.63023567, 3.28571320, 0.75002146
1364, 27744455, 27744975, 1.78243113, 1.63366890, 3.28571320, 0.28846979
1365, 27745455, 27745975, 1.78618932, 1.63710213, 3.34920502, 0.63463354
1366, 27746455, 27746979, 1.78991759, 1.64053535, 3.38095093, 0.75002146
1367, 27747455, 27747979, 1.79361379, 1.64435005, 3.38095093, 0.63463354
1368, 27748455, 27748983, 1.79727590, 1.64778328, 3.41269684, 0.86540931
1369, 27749455, 27749984, 1.80090094, 1.65083504, 3.41269684, 0.98079723
1370, 27750455, 27750980, 1.80448616, 1.65426826, 3.44444275, 0.63463354
1371, 27751455, 27751980, 1.80802965, 1.65808392, 3.47618866, 0.63463354
1372, 27752455, 27752984, 1.81152916, 1.66151714, 3.47618866, 0.51924562
1373, 27753455, 27753984, 1.81498182, 1.66495037, 3.47618866, 0.40385768
1374, 27754455, 27754987, 1.81838500, 1.66876507, 3.47618866, 0.28846979
1375, 27755455, 27755979, 1.82173538, 1.67219830, 3.47618866, 0.51924562
1376, 27756455, 27756977, 1.82502949, 1.67601299, 3.50793457, 0.51924562
1377, 27757455, 27757983, 1.82826447, 1.67982769, 3.50793457, 0.40385768
1378, 27758455, 27758981, 1.83143783, 1.68287945, 3.53968048, 0.40385768
1379, 27759455, 27759987, 1.83454692, 1.68669415, 3.53968048, 0.51924562
1380, 27760455, 27760982, 1.83758891, 1.69012737, 3.53968048, 0.40385768
1381, 27761455, 27761990, 1.84056127, 1.69394207, 3.53968048, 0.40385768
1382, 27762455, 27762986, 1.84346116, 1.69775677, 3.57142639, 0.17308187
1383, 27763455, 27763982, 1.84628534, 1.70080853, 3.60317230, 0.40385768
1384, 27764455, 27764976, 1.84903014, 1.70424175, 3.57142639, 0.75002146
1385, 27765455, 27765982, 1.85169268, 1.70805645, 3.57142639, 0.51924562
1386, 27766455, 27766977, 1.85426974, 1.71148968, 3.57142639, 0.40385768
1387, 27767455, 27767977, 1.85675848, 1.71530437, 3.57142639, 0.63463354
1388, 27768455, 27768985, 1.85915649, 1.71912003, 3.57142639, 0.63463354
1389, 27769455, 27769985, 1.86146069, 1.72255325, 3.53968048, 0.40385768
1390, 27770455, 27770977, 1.86366820, 1.72598648, 3.57142639, 0.40385768
1391, 27771455, 27771986, 1.86577713, 1.72941971, 3.53968048, 0.28846979
1392, 27772455, 27772982, 1.86778474, 1.73323441, 3.57142639, 0.28846979
1393, 27773455, 27773986, 1.86968935, 1.73666763, 3.57142639, 0.05769395
1394, 27774455, 27774988, 1.87148988, 1.74010086, 3.53968048, 0.17308187
1395, 27775455, 27775988, 1.87318373, 1.74391556, 3.53968048, 0.05769395
1396, 27776455, 27776983, 1.87476933, 1.74734879, 3.53968048, 0.17308187
1397, 27777455, 27777989, 1.87624717, 1.75078201, 3.53968048, 0.40385768
1398, 27778455, 27778985, 1.87761724, 1.75421524, 3.50793457, 0.05769395
1399, 27779455, 27779987, 1.87887800, 1.75764847, 3.50793457, 0.17308187
1400, 27780455, 27780985, 1.88002896, 1.76108170, 3.47618866, -0.05769395
1401, 27781455, 27781983, 1.88107061, 1.76413345, 3.41269684, -0.05769395
1402, 27782455, 27782986, 1.88200343, 1.76756668, 3.41269684, -0.05769395
1403, 27783455, 27783984, 1.88282824, 1.77061844, 3.34920502, 0.05769395
1404, 27784455, 27784984, 1.88354540, 1.77367020, 3.47618866, 0.05769395
1405, 27785455, 27785984, 1.88415611, 1.77672195, 3.31745911, -0.05769395
1406, 27786455, 27786982, 1.88466191, 1.77977371, 3.25396729, 0.17308187
1407, 27787455, 27787984, 1.88506424, 1.78282642, 3.19047546, 0.40385768
1408, 27788455, 27788985, 1.88536441, 1.78587818, 3.12698364, 0.17308187
1409, 27789455, 27789983, 1.88556361, 1.78892994, 3.09523773, 0.17308187
1410, 27790455, 27790987, 1.88566303, 1.79160023, 3.06349182, 0.05769395
1411, 27791455, 27791989, 1.88566363, 1.79465199, 3.03174591, -0.05769395
1412, 27792455, 27792983, 1.88556802, 1.79732227, 2.80952454, 0.05769395
1413, 27793455, 27793983, 1.88538051, 1.79999256, 2.90476227, -0.05769395
1414, 27794455, 27794982, 1.88510299, 1.80304432, 2.90476227, -0.40385768
1415, 27795455, 27795986, 1.88473606, 1.80571461, 2.80952454, -0.17308187
1416, 27796455, 27796986, 1.88428164, 1.80800343, 2.80952454, -0.17308187
1417, 27797455, 27797984, 1.88374209, 1.81067371, 2.74603271, -0.05769395
1418, 27798455, 27798980, 1.88312042, 1.81334400, 2.71428680, -0.17308187
1419, 27799455, 27799981, 1.88241911, 1.81563282, 2.65079498, -0.17308187
1420, 27800455, 27800981, 1.88163972, 1.81792164, 2.58730316, -0.28846979
1421, 27801455, 27801981, 1.88078451, 1.82021046, 2.52381134, -0.40385768
1422, 27802455, 27802983, 1.87985671, 1.82249928, 2.46031952, -0.05769395
1423, 27803455, 27803979, 1.87885714, 1.82440662, 2.42857361, -0.28846979
1424, 27804455, 27804980, 1.87778628, 1.82669544, 2.36508179, -0.05769395
1425, 27805455, 27805992, 1.87664604, 1.82898426, 2.30158997, -0.17308187
1426, 27806455, 27806984, 1.87543726, 1.83051014, 2.23809814, -0.40385768
1427, 27807455, 27807978, 1.87416196, 1.83241749, 2.14286041, -0.40385768
1428, 27808455, 27808976, 1.87282169, 1.83432484, 2.11111450, -0.40385768
1429, 27809455, 27809980, 1.87141752, 1.83623219, 2.01587677, -0.28846979
1430, 27810455, 27810983, 1.86995089, 1.83813953, 1.98412323, -0.40385768
1431, 27811455, 27811981, 1.86842251, 1.83928394, 1.98412323, -0.51924562
1432, 27812455, 27812979, 1.86683297, 1.84119129, 1.82539368, -0.51924562
1433, 27813455, 27813979, 1.86518347, 1.84271717, 1.76190186, -0.51924562
1434, 27814455, 27814977, 1.86347544, 1.84386253, 1.69841003, -0.40385768
1435, 27815455, 27815977, 1.86170888, 1.84500694, 1.60317230, -0.63463354
1436, 27816455, 27816982, 1.85988379, 1.84615135, 1.53968048, -0.40385768
1437, 27817455, 27817980, 1.85800064, 1.84691429, 1.44444275, -0.75002146
1438, 27818455, 27818978, 1.85605967, 1.84805870, 1.31745911, -0.86540931
1439, 27819455, 27819978, 1.85406256, 1.84882164, 1.15872955, -0.40385768
1440, 27820455, 27820976, 1.85200953, 1.84958458, 1.12698364, -0.75002146
1441, 27821455, 27821981, 1.84990036, 1.84996605, 1.00000000, -0.28846979
1442, 27822455, 27822977, 1.84773540, 1.85034752, 0.90476227, -0.40385768
1443, 27823455, 27823975, 1.84551430, 1.85072899, 0.80952454, -0.40385768
1444, 27824455, 27824977, 1.84323680, 1.85111046, 0.68254089, -0.63463354
1445, 27825455, 27825975, 1.84090304, 1.85149193, 0.58730316, -0.40385768
1446, 27826455, 27826977, 1.83851373, 1.85187340, 0.49206543, -0.63463354
1447, 27827455, 27827976, 1.83606982, 1.85187340, 0.42857361, -0.75002146
1448, 27828455, 27828974, 1.83357131, 1.85187340, 0.33333588, -0.40385768
1449, 27829455, 27829978, 1.83101761, 1.85149193, 0.26984406, -0.05769395
1450, 27830455, 27830976, 1.82840788, 1.85149193, 0.14286041, -0.51924562
1451, 27831455, 27831974, 1.82574153, 1.85111046, 0.07936859, -0.51924562
1452, 27832455, 27832976, 1.82301891, 1.85072899, 0.01587677, -0.63463354
1453, 27833455, 27833985, 1.82024062, 1.85034752, -0.07936859, -0.28846979
1454, 27834455, 27834985, 1.81740594, 1.84996605, -0.14286041, -0.40385768
1455, 27835455, 27835987, 1.81451488, 1.84996605, -0.23809814, -0.17308187
1456, 27836455, 27836975, 1.81156731, 1.84920311, -0.26984406, -0.51924562
1457, 27837455, 27837983, 1.80856228, 1.84882164, -0.36508179, -0.63463354
1458, 27838455, 27838972, 1.80549848, 1.84805870, -0.39682770, -0.63463354
1459, 27839455, 27839974, 1.80237472, 1.84691429, -0.46031952, -0.51924562
1460, 27840455, 27840986, 1.79919124, 1.84615135, -0.52381134, -0.40385768
1461, 27841455, 27841986, 1.79594755, 1.84538841, -0.61904907, -0.17308187
1462, 27842455, 27842972, 1.79264307, 1.84424400, -0.68254089, -0.28846979
1463, 27843455, 27843984, 1.78927743, 1.84309864, -0.77777863, -0.28846979
1464, 27844455, 27844971, 1.78585124, 1.84195423, -0.87301636, -0.40385768
1465, 27845455, 27845987, 1.78236425, 1.84042835, -0.96825409, -0.51924562
1466, 27846455, 27846975, 1.77881634, 1.83928394, -1.03174591, -0.51924562
1467, 27847455, 27847987, 1.77520752, 1.83775806, -1.12698364, -0.51924562
1468, 27848455, 27848989, 1.77153754, 1.83623219, -1.22222137, -0.40385768
1469, 27849455, 27849985, 1.76780677, 1.83508778, -1.28571320, -0.51924562
1470, 27850455, 27850985, 1.76401472, 1.83318043, -1.31745911, -0.51924562
1471, 27851455, 27851984, 1.76016223, 1.83203602, -1.38095093, -0.75002146
1472, 27852455, 27852984, 1.75625014, 1.83012867, -1.44444275, -0.86540931
1473, 27853455, 27853986, 1.75227857, 1.82860279, -1.47618866, -0.17308187
1474, 27854455, 27854982, 1.74824727, 1.82669544, -1.53968430, -0.40385768
1475, 27855455, 27855986, 1.74415600, 1.82516956, -1.57143021, -0.40385768
1476, 27856455, 27856987, 1.74000514, 1.82288074, -1.63492203, -0.51924562
1477, 27857455, 27857985, 1.73579490, 1.82097340, -1.69841385, -0.40385768
1478, 27858455, 27858983, 1.73152661, 1.81944752, -1.76190567, -0.40385768
1479, 27859455, 27859987, 1.72720098, 1.81677723, -1.82539749, -0.17308187
1480, 27860455, 27860983, 1.72281790, 1.81486988, -1.85714340, -0.28846979
1481, 27861455, 27861986, 1.71837676, 1.81296253, -1.92063522, -0.51924562
1482, 27862455, 27862986, 1.71387804, 1.81029224, -1.98412704, -0.28846979
1483, 27863455, 27863986, 1.70932186, 1.80800343, -2.07936478, -0.40385768
1484, 27864455, 27864982, 1.70470798, 1.80571461, -2.14285660, -0.40385768
1485, 27865455, 27865980, 1.70003641, 1.80304432, -2.20634842, -0.28846979
1486, 27866455, 27866988, 1.69530737, 1.80075550, -2.26984024, -0.28846979
1487, 27867455, 27867983, 1.69052100, 1.79808521, -2.33333206, -0.28846979
1488, 27868455, 27868979, 1.68567729, 1.79579639, -2.36507797, -0.51924562
1489, 27869455, 27869979, 1.68077683, 1.79312611, -2.42856979, -0.40385768
1490, 27870455, 27870979, 1.67582047, 1.79045582, -2.49206161, -0.51924562
1491, 27871455, 27871983, 1.67080772, 1.78740406, -2.55555725, -0.40385768
1492, 27872455, 27872981, 1.66573870, 1.78473377, -2.58730316, -0.05769395
1493, 27873455, 27873986, 1.66061318, 1.78168201, -2.61904907, -0.28846979
1494, 27874455, 27874980, 1.65543127, 1.77901077, -2.68254089, -0.51924562
1495, 27875455, 27875982, 1.65019238, 1.77595901, -2.74603271, -0.40385768
1496, 27876455, 27876980, 1.64489627, 1.77290726, -2.84127045, -0.51924562
1497, 27877455, 27877982, 1.63954318, 1.76985550, -2.87301636, -0.63463354
1498, 27878455, 27878981, 1.63413322, 1.76680374, -2.93650818, -0.63463354
1499, 27879455, 27879981, 1.62866628, 1.76375198, -2.96825409, -0.40385768
1500, 27880455, 27880981, 1.62314343, 1.76031876, -3.03174591, -0.28846979
1501, 27881455, 27881979, 1.61756396, 1.75726700, -3.09523773, -0.28846979
1502, 27882455, 27882979, 1.61192727, 1.75383377, -3.12698364, -0.05769395
1503, 27883455, 27883983, 1.60623431, 1.75040054, -3.19047546, -0.28846979
1504, 27884455, 27884982, 1.60048521, 1.74658585, -3.25396729, -0.28846979
1505, 27885455, 27885976, 1.59468019, 1.74315262, -3.31745911, -0.28846979
1506, 27886455, 27886980, 1.58882034, 1.73933792, -3.34920502, -0.40385768
1507, 27887455, 27887984, 1.58290529, 1.73590469, -3.44444275, -0.63463354
1508, 27888455, 27888976, 1.57693601, 1.73247147, -3.50793839, -0.75002146
1509, 27889455, 27889981, 1.57091475, 1.72827530, -3.57143021, -0.63463354
1510, 27890455, 27890983, 1.56484210, 1.72446060, -3.63492203, -0.40385768
1511, 27891455, 27891977, 1.55871916, 1.72064590, -3.66666794, -0.05769395
1512, 27892455, 27892975, 1.55254674, 1.71644878, -3.73015976, -0.51924562
1513, 27893455, 27893983, 1.54632604, 1.71301556, -3.76190567, -0.17308187
1514, 27894455, 27894983, 1.54005921, 1.70881939, -3.82539749, -0.28846979
1515, 27895455, 27895974, 1.53374815, 1.70462322, -3.85714340, -0.51924562
1516, 27896455, 27896980, 1.52739596, 1.70080853, -3.92063522, -0.63463354
1517, 27897455, 27897986, 1.52100515, 1.69623089, -3.95238113, -0.63463354
1518, 27898455, 27898982, 1.51457715, 1.69203472, -4.01587296, -0.51924562
1519, 27899455, 27899978, 1.50811446, 1.68783855, -4.07936478, -0.28846979
1520, 27900455, 27900984, 1.50162101, 1.68326092, -4.11111069, -0.17308187
1521, 27901455, 27901987, 1.49510014, 1.67906475, -4.17460251, -0.28846979
1522, 27902455, 27902985, 1.48855531, 1.67410564, -4.26984024, -0.17308187
1523, 27903455, 27903979, 1.48198998, 1.66952801, -4.30158615, -0.28846979
1524, 27904455, 27904983, 1.47540736, 1.66495037, -4.36507797, -0.40385768
1525, 27905455, 27905987, 1.46881235, 1.66075420, -4.42856979, -0.51924562
1526, 27906455, 27906984, 1.46220946, 1.65617561, -4.49206161, -0.40385768
1527, 27907455, 27907984, 1.45560324, 1.65121651, -4.55555725, -0.40385768
1528, 27908455, 27908984, 1.44899797, 1.64663887, -4.58730316, -0.17308187
1529, 27909455, 27909996, 1.44239819, 1.64167976, -4.65079498, -0.17308187
1530, 27910455, 27910980, 1.43580961, 1.63672066, -4.68254089, -0.28846979
1531, 27911455, 27911981, 1.42923856, 1.63176155, -4.74603271, -0.51924562
1532, 27912455, 27912983, 1.42269123, 1.62680244, -4.77777863, -0.28846979
1533, 27913455, 27913979, 1.41617286, 1.62184334, -4.84127045, -0.05769395
1534, 27914455, 27914983, 1.40969074, 1.61650276, -4.87301636, -0.28846979
1535, 27915455, 27915981, 1.40325129, 1.61154366, -4.93650818, -0.17308187
1536, 27916455, 27916987, 1.39686143, 1.60620308, -5.00000000, -0.05769395
1537, 27917455, 27917990, 1.39052796, 1.60086250, -5.03174591, -0.17308187
1538, 27918455, 27918990, 1.38425827, 1.59590340, -5.09523773, -0.51924562
1539, 27919455, 27919986, 1.37806058, 1.59056187, -5.12698364, -0.28846979
1540, 27920455, 27920982, 1.37194192, 1.58522129, -5.15872955, -0.51924562
1541, 27921455, 27921986, 1.36590993, 1.57988071, -5.19047546, -0.17308187
1542, 27922455, 27922980, 1.35997188, 1.57454014, -5.22222137, -0.05769395
1543, 27923455, 27923975, 1.35413563, 1.56958103, -5.25396729, -0.40385768
1544, 27924455, 27924983, 1.34841013, 1.56424046, -5.28571320, -0.51924562
1545, 27925455, 27925985, 1.34280336, 1.55851841, -5.28571320, -0.05769395
1546, 27926455, 27926981, 1.33732152, 1.55317783, -5.31745911, -0.17308187
1547, 27927455, 27927981, 1.33197188, 1.54745579, -5.34920502, 0.17308187
1548, 27928455, 27928981, 1.32676172, 1.54211521, -5.38095093, 0.17308187
1549, 27929455, 27929984, 1.32169688, 1.53677464, -5.38095093, -0.17308187
1550, 27930455, 27930984, 1.31678462, 1.53105164, -5.44444275, -0.17308187
1551, 27931455, 27931982, 1.31203151, 1.52571106, -5.47618866, -0.17308187
1552, 27932455, 27932976, 1.30744195, 1.51998901, -5.47618866, -0.28846979
1553, 27933455, 27933982, 1.30301988, 1.51426697, -5.53968430, 0.28846979
1554, 27934455, 27934985, 1.29876900, 1.50892639, -5.53968430, 0.17308187
1555, 27935455, 27935985, 1.29469168, 1.50358582, -5.57143021, -0.17308187
1556, 27936455, 27936981, 1.29079008, 1.49748230, -5.57143021, -0.40385768
1557, 27937455, 27937983, 1.28706467, 1.49214172, -5.60317612, -0.05769395
1558, 27938455, 27938981, 1.28351498, 1.48641968, -5.60317612, 0.51924562
1559, 27939455, 27939986, 1.28013897, 1.48069763, -5.60317612, 0.40385768
1560, 27940455, 27940982, 1.27693403, 1.47497559, -5.66666794, -0.05769395
1561, 27941455, 27941986, 1.27389634, 1.46887207, -5.66666794, 0.17308187
1562, 27942455, 27942986, 1.27102065, 1.46353054, -5.66666794, -0.05769395
1563, 27943455, 27943980, 1.26830029, 1.45780849, -5.66666794, 0.28846979
1564, 27944455, 27944980, 1.26572716, 1.45208645, -5.69841385, 0.63463354
1565, 27945455, 27945983, 1.26329339, 1.44636440, -5.73015976, 0.40385768
1566, 27946455, 27946983, 1.26099217, 1.44064236, -5.69841385, 0.40385768
1567, 27947455, 27947981, 1.25881481, 1.43530178, -5.69841385, 0.63463354
1568, 27948455, 27948979, 1.25675333, 1.42957973, -5.69841385, 0.28846979
1569, 27949455, 27949979, 1.25479925, 1.42423916, -5.66666794, 0.75002146
1570, 27950455, 27950979, 1.25294495, 1.41889858, -5.63492203, 1.21157312
1571, 27951455, 27951978, 1.25118542, 1.41355801, -5.57143021, 1.32696104
1572, 27952455, 27952978, 1.24951482, 1.40859890, -5.50793839, 1.44234896
1573, 27953455, 27953978, 1.24792814, 1.40325737, -5.44444275, 1.09618521
1574, 27954455, 27954980, 1.24642074, 1.39829826, -5.41269684, 1.09618521
1575, 27955455, 27955982, 1.24498928, 1.39333916, -5.34920502, 1.21157312
1576, 27956455, 27956977, 1.24363184, 1.38876152, -5.22222137, 1.44234896
1577, 27957455, 27957977, 1.24234831, 1.38380241, -5.12698364, 1.67312467
1578, 27958455, 27958979, 1.24113882, 1.37922478, -5.03174591, 1.09618521
1579, 27959455, 27959981, 1.24000382, 1.37502861, -4.96825409, 1.55773675
1580, 27960455, 27960979, 1.23894572, 1.37045097, -4.84127045, 1.32696104
1581, 27961455, 27961977, 1.23796821, 1.36663628, -4.74603271, 0.86540931
1582, 27962455, 27962980, 1.23707509, 1.36205864, -4.58730316, 0.86540931
1583, 27963455, 27963976, 1.23627067, 1.35824394, -4.49206161, 1.44234896
1584, 27964455, 27964978, 1.23555934, 1.35404778, -4.39682388, 1.78851259
1585, 27965455, 27965976, 1.23494542, 1.35061455, -4.26984024, 1.67312467
1586, 27966455, 27966976, 1.23443174, 1.34679985, -4.14285660, 1.32696104
1587, 27967455, 27967980, 1.23402202, 1.34336567, -4.01587296, 1.32696104
1588, 27968455, 27968977, 1.23372138, 1.33993244, -3.92063522, 1.21157312
1589, 27969455, 27969979, 1.23353684, 1.33649921, -3.79365158, 1.78851259
1590, 27970455, 27970975, 1.23347402, 1.33344746, -3.69841385, 0.98079723
1591, 27971455, 27971989, 1.23353469, 1.33001423, -3.57143021, 1.09618521
1592, 27972455, 27972973, 1.23372006, 1.32734394, -3.47618866, 1.09618521
1593, 27973455, 27973976, 1.23403311, 1.32429218, -3.34920502, 1.09618521
1594, 27974455, 27974976, 1.23447585, 1.32162189, -3.25396729, 1.55773675
1595, 27975455, 27975976, 1.23504782, 1.31933308, -3.12698364, 1.09618521
1596, 27976455, 27976972, 1.23574769, 1.31666279, -3.00000000, 1.21157312
1597, 27977455, 27977974, 1.23657477, 1.31399250, -2.90476227, 1.21157312
1598, 27978455, 27978974, 1.23753011, 1.31170368, -2.77777863, 1.09618521
1599, 27979455, 27979975, 1.23861337, 1.30979633, -2.68254089, 1.44234896
1600, 27980455, 27980985, 1.23982275, 1.30750751, -2.58730316, 1.32696104
1601, 27981455, 27981971, 1.24115515, 1.30521870, -2.49206161, 1.32696104
1602, 27982455, 27982983, 1.24260807, 1.30331135, -2.39682388, 1.32696104
1603, 27983455, 27983983, 1.24417830, 1.30178547, -2.30158615, 1.21157312
1604, 27984455, 27984974, 1.24586320, 1.29987812, -2.17460251, 1.09618521
1605, 27985455, 27985986, 1.24766111, 1.29835224, -2.07936478, 1.09618521
1606, 27986455, 27986976, 1.24956942, 1.29682636, -1.98412704, 0.75002146
1607, 27987455, 27987984, 1.25158370, 1.29530048, -1.88888931, 0.86540931
1608, 27988455, 27988988, 1.25370133, 1.29377460, -1.76190567, 1.09618521
1609, 27989455, 27989984, 1.25592077, 1.29263020, -1.66666794, 1.09618521
1610, 27990455, 27990975, 1.25824034, 1.29186726, -1.57143021, 0.98079723
1611, 27991455, 27991971, 1.26065946, 1.29034138, -1.47618866, 1.09618521
1612, 27992455, 27992985, 1.26317656, 1.28957844, -1.38095093, 1.32696104
1613, 27993455, 27993985, 1.26579070, 1.28881550, -1.28571320, 1.21157312
1614, 27994455, 27994983, 1.26850116, 1.28805256, -1.15872955, 1.21157312
1615, 27995455, 27995971, 1.27131081, 1.28728962, -1.09523773, 1.32696104
1616, 27996455, 27996988, 1.27422094, 1.28652668, -1.00000000, 1.09618521
1617, 27997455, 27997988, 1.27723265, 1.28614521, -0.90476227, 0.86540931
1618, 27998455, 27998984, 1.28034854, 1.28614521, -0.77777863, 1.44234896
1619, 27999455, 27999986, 1.28356838, 1.28576374, -0.71428680, 1.09618521
1620, 28000455, 28000986, 1.28688955, 1.28538227, -0.58730316, 0.98079723
1621, 28001455, 28001986, 1.29031205, 1.28538227, -0.52381134, 0.98079723
1622, 28002455, 28002983, 1.29383564, 1.28538227, -0.42857361, 0.98079723
1623, 28003455, 28003971, 1.29746211, 1.28538227, -0.33333588, 1.21157312
1624, 28004455, 28004971, 1.30119598, 1.28576374, -0.26984406, 1.09618521
1625, 28005455, 28005983, 1.30503988, 1.28576374, -0.14286041, 1.44234896
1626, 28006455, 28006983, 1.30899537, 1.28614521, -0.07936859, 1.55773675
1627, 28007455, 28007989, 1.31306374, 1.28614521, 0.01587677, 1.21157312
1628, 28008455, 28008986, 1.31724513, 1.28652668, 0.07936859, 1.44234896
1629, 28009455, 28009984, 1.32154143, 1.28728962, 0.14286041, 1.09618521
1630, 28010455, 28010980, 1.32595479, 1.28805256, 0.23809814, 1.55773675
1631, 28011455, 28011984, 1.33048630, 1.28881550, 0.33333588, 1.55773675
1632, 28012455, 28012982, 1.33513689, 1.28919697, 0.39682770, 1.44234896
1633, 28013455, 28013983, 1.33990622, 1.29034138, 0.49206543, 1.55773675
1634, 28014455, 28014981, 1.34479225, 1.29148579, 0.58730316, 1.21157312
1635, 28015455, 28015981, 1.34979451, 1.29263020, 0.65079498, 1.32696104
1636, 28016455, 28016985, 1.35490918, 1.29339314, 0.74603271, 1.32696104
1637, 28017455, 28017985, 1.36013031, 1.29453754, 0.84127045, 1.32696104
1638, 28018455, 28018983, 1.36545336, 1.29568195, 0.90476227, 1.32696104
1639, 28019455, 28019984, 1.37087107, 1.29758930, 1.00000000, 1.21157312
1640, 28020455, 28020982, 1.37637794, 1.29873371, 1.09523773, 1.32696104
1641, 28021455, 28021982, 1.38197017, 1.30064106, 1.15872955, 1.21157312
1642, 28022455, 28022982, 1.38764322, 1.30216694, 1.25396729, 1.55773675
1643, 28023455, 28023978, 1.39339209, 1.30407429, 1.38095093, 1.67312467
1644, 28024455, 28024985, 1.39921188, 1.30598164, 1.47618866, 1.78851259
1645, 28025455, 28025981, 1.40509725, 1.30827045, 1.57142639, 1.67312467
1646, 28026455, 28026981, 1.41104209, 1.31017780, 1.66666412, 1.44234896
1647, 28027455, 28027979, 1.41704118, 1.31246662, 1.79364777, 1.44234896
1648, 28028455, 28028979, 1.42308831, 1.31437397, 1.85713959, 1.55773675
1649, 28029455, 28029989, 1.42917848, 1.31704426, 1.98412323, 1.21157312
1650, 28030455, 28030982, 1.43530428, 1.31971455, 2.07936859, 1.67312467
1651, 28031455, 28031986, 1.44146013, 1.32238483, 2.14286041, 1.44234896
1652, 28032455, 28032978, 1.44764018, 1.32505512, 2.26984406, 1.44234896
1653, 28033455, 28033978, 1.45384097, 1.32772541, 2.36508179, 1.32696104
1654, 28034455, 28034986, 1.46005857, 1.33039570, 2.46031952, 1.09618521
1655, 28035455, 28035978, 1.46629035, 1.33344746, 2.55555725, 1.09618521
1656, 28036455, 28036978, 1.47253597, 1.33649921, 2.65079498, 1.09618521
1657, 28037455, 28037977, 1.47879434, 1.33993244, 2.77777863, 1.09618521
1658, 28038455, 28038983, 1.48506355, 1.34298420, 2.84127045, 1.09618521
1659, 28039455, 28039981, 1.49134290, 1.34641838, 2.93650818, 1.44234896
1660, 28040455, 28040987, 1.49763203, 1.34985161, 3.03174591, 1.32696104
1661, 28041455, 28041983, 1.50393033, 1.35328484, 3.12698364, 1.21157312
1662, 28042455, 28042982, 1.51023722, 1.35709953, 3.19047546, 1.32696104
1663, 28043455, 28043974, 1.51655078, 1.36015129, 3.28571320, 1.09618521
1664, 28044455, 28044982, 1.52286983, 1.36396599, 3.34920502, 0.86540931
1665, 28045455, 28045988, 1.52919137, 1.36816216, 3.41269684, 1.09618521
1666, 28046455, 28046978, 1.53551328, 1.37197685, 3.50793457, 1.32696104
1667, 28047455, 28047982, 1.54183352, 1.37579155, 3.60317230, 1.32696104
1668, 28048455, 28048981, 1.54815090, 1.37960625, 3.66666412, 1.21157312
1669, 28049455, 28049979, 1.55446279, 1.38380241, 3.73015594, 1.32696104
1670, 28050455, 28050981, 1.56076789, 1.38799858, 3.82539368, 1.21157312
1671, 28051455, 28051987, 1.56706333, 1.39219475, 3.88888550, 1.09618521
1672, 28052455, 28052985, 1.57334661, 1.39639091, 3.95237732, 0.86540931
1673, 28053455, 28053980, 1.57961607, 1.40096855, 4.04762268, 0.98079723
1674, 28054455, 28054982, 1.58586955, 1.40554619, 4.11111450, 0.98079723
1675, 28055455, 28055988, 1.59210479, 1.40974331, 4.17460632, 1.09618521
1676, 28056455, 28056986, 1.59832036, 1.41470242, 4.23809814, 1.09618521
1677, 28057455, 28057978, 1.60451388, 1.41851711, 4.30158997, 0.86540931
1678, 28058455, 28058976, 1.61068344, 1.42347622, 4.39682770, 1.09618521
1679, 28059455, 28059979, 1.61682689, 1.42805386, 4.42857361, 0.86540931
1680, 28060455, 28060983, 1.62294185, 1.43301296, 4.49206543, 0.75002146
1681, 28061455, 28061989, 1.62902665, 1.43759060, 4.55555725, 0.63463354
1682, 28062455, 28062983, 1.63507831, 1.44293118, 4.61904907, 0.86540931
1683, 28063455, 28063985, 1.64109445, 1.44750881, 4.65079498, 1.09618521
1684, 28064455, 28064985, 1.64707315, 1.45246792, 4.84127045, 0.86540931
1685, 28065455, 28065988, 1.65301311, 1.45704556, 4.77777863, 0.63463354
1686, 28066455, 28066988, 1.65891230, 1.46238613, 4.77777863, 0.75002146
1687, 28067455, 28067992, 1.66476774, 1.46734524, 4.80952454, 0.51924562
1688, 28068455, 28068978, 1.67057717, 1.47192383, 4.84127045, 0.63463354
1689, 28069455, 28069980, 1.67633927, 1.47726440, 4.87301636, 0.75002146
1690, 28070455, 28070983, 1.68205225, 1.48260498, 4.90476227, 0.75002146
1691, 28071455, 28071989, 1.68771374, 1.48756409, 4.96825409, 1.09618521
1692, 28072455, 28072985, 1.69332170, 1.49290466, 4.84127045, 0.75002146
1693, 28073455, 28073981, 1.69887400, 1.49786377, 5.00000000, 0.75002146
1694, 28074455, 28074979, 1.70436919, 1.50320435, 5.06349182, 0.98079723
1695, 28075455, 28075985, 1.70980608, 1.50816345, 5.09523773, 0.75002146
1696, 28076455, 28076986, 1.71518207, 1.51312256, 5.12698364, 0.51924562
1697, 28077455, 28077982, 1.72049510, 1.51884460, 5.15872955, 1.09618521
1698, 28078455, 28078982, 1.72574317, 1.52380371, 5.15872955, 0.63463354
1699, 28079455, 28079984, 1.73092401, 1.52876282, 5.31745911, 0.28846979
1700, 28080455, 28080982, 1.73603475, 1.53448582, 5.28571320, 0.17308187
1701, 28081455, 28081985, 1.74107349, 1.53982639, 5.22222137, 0.51924562
1702, 28082455, 28082987, 1.74603820, 1.54478550, 5.22222137, 0.40385768
1703, 28083455, 28083987, 1.75092757, 1.55050755, 5.22222137, 0.86540931
1704, 28084455, 28084983, 1.75573850, 1.55546665, 5.25396729, 0.51924562
1705, 28085455, 28085985, 1.76046860, 1.56118870, 5.25396729, 0.28846979
1706, 28086455, 28086983, 1.76511657, 1.56614780, 5.25396729, 0.51924562
1707, 28087455, 28087980, 1.76968086, 1.57148838, 5.12698364, 0.40385768
1708, 28088455, 28088984, 1.77415884, 1.57682896, 5.15872955, 0.63463354
1709, 28089455, 28089982, 1.77854836, 1.58178806, 5.25396729, 1.09618521
1710, 28090455, 28090982, 1.78284740, 1.58712864, 5.25396729, 0.63463354
1711, 28091455, 28091980, 1.78705311, 1.59246922, 5.25396729, 0.51924562
1712, 28092455, 28092980, 1.79116428, 1.59742928, 5.25396729, 0.28846979
1713, 28093455, 28093979, 1.79517865, 1.60315132, 5.25396729, 0.40385768
1714, 28094455, 28094983, 1.79909289, 1.60811043, 5.47618866, 0.17308187
1715, 28095455, 28095977, 1.80290520, 1.61345100, 5.38095093, 0.40385768
1716, 28096455, 28096979, 1.80661416, 1.61879158, 5.28571320, 0.28846979
1717, 28097455, 28097981, 1.81021774, 1.62413216, 5.25396729, 0.17308187
1718, 28098455, 28098982, 1.81371367, 1.62909126, 5.25396729, 0.05769395
1719, 28099455, 28099980, 1.81709826, 1.63443184, 5.25396729, -0.17308187
1720, 28100455, 28100980, 1.82037008, 1.63939095, 5.25396729, 0.05769395
1721, 28101455, 28101982, 1.82352591, 1.64473152, 5.22222137, 0.05769395
1722, 28102455, 28102978, 1.82656312, 1.64969063, 4.93650818, 0.40385768
1723, 28103455, 28103983, 1.82947886, 1.65426826, 5.00000000, 0.05769395
1724, 28104455, 28104983, 1.83227146, 1.65960979, 5.09523773, 0.05769395
1725, 28105455, 28105983, 1.83493793, 1.66456890, 5.06349182, 0.05769395
1726, 28106455, 28106981, 1.83747697, 1.66952801, 5.03174591, 0.17308187
1727, 28107455, 28107979, 1.83988822, 1.67410564, 5.00000000, -0.17308187
1728, 28108455, 28108979, 1.84216928, 1.67944622, 4.96825409, 0.17308187
1729, 28109455, 28109984, 1.84431815, 1.68402386, 4.93650818, -0.05769395
1730, 28110455, 28110978, 1.84633410, 1.68898296, 4.93650818, 0.05769395
1731, 28111455, 28111980, 1.84821665, 1.69356060, 4.87301636, -0.17308187
1732, 28112455, 28112978, 1.84996617, 1.69851971, 4.84127045, 0.05769395
1733, 28113455, 28113978, 1.85158205, 1.70309734, 4.84127045, -0.05769395
1734, 28114455, 28114976, 1.85306430, 1.70729351, 4.77777863, -0.05769395
1735, 28115455, 28115977, 1.85441244, 1.71187115, 4.71428680, -0.05769395
1736, 28116455, 28116977, 1.85562730, 1.71644878, 4.68254089, -0.05769395
1737, 28117455, 28117977, 1.85670960, 1.72064590, 4.61904907, -0.28846979
1738, 28118455, 28118979, 1.85766089, 1.72522354, 4.55555725, -0.05769395
1739, 28119455, 28119977, 1.85848188, 1.72903824, 4.46031952, -0.40385768
1740, 28120455, 28120977, 1.85917401, 1.73361588, 4.42857361, -0.17308187
1741, 28121455, 28121986, 1.85974026, 1.73781204, 4.36508179, -0.28846979
1742, 28122455, 28122976, 1.86018205, 1.74200821, 4.30158997, -0.28846979
1743, 28123455, 28123980, 1.86050165, 1.74582291, 4.26984406, -0.17308187
1744, 28124455, 28124972, 1.86070037, 1.74963760, 4.20635223, -0.40385768
1745, 28125455, 28125978, 1.86078107, 1.75383377, 4.17460632, -0.05769395
1746, 28126455, 28126977, 1.86074734, 1.75764847, 4.11111450, -0.51924562
1747, 28127455, 28127977, 1.86060143, 1.76146317, 4.04762268, -0.51924562
1748, 28128455, 28128977, 1.86034715, 1.76489639, 3.95237732, -0.86540931
1749, 28129455, 28129973, 1.85998714, 1.76832962, 3.88888550, -0.75002146
1750, 28130455, 28130973, 1.85952532, 1.77176285, 3.82539368, -0.86540931
1751, 28131455, 28131972, 1.85896444, 1.77519608, 3.73015594, -0.63463354
1752, 28132455, 28132972, 1.85830843, 1.77786636, 3.60317230, -0.75002146
1753, 28133455, 28133970, 1.85756147, 1.78091812, 3.47618866, -0.51924562
1754, 28134455, 28134974, 1.85672700, 1.78397083, 3.34920502, -0.98079723
1755, 28135455, 28135982, 1.85580909, 1.78664112, 3.25396729, -0.75002146
1756, 28136455, 28136970, 1.85481155, 1.78931141, 3.12698364, -1.09618521
1757, 28137455, 28137973, 1.85374010, 1.79160023, 2.96825409, -0.63463354
1758, 28138455, 28138985, 1.85260034, 1.79427052, 2.84127045, -0.75002146
1759, 28139455, 28139971, 1.85139906, 1.79617786, 2.71428680, -0.51924562
1760, 28140455, 28140971, 1.85014021, 1.79808521, 2.61904907, -0.86540931
1761, 28141455, 28141971, 1.84882820, 1.80037403, 2.49206543, -1.32696104
1762, 28142455, 28142969, 1.84746730, 1.80228138, 2.36508179, -0.75002146
1763, 28143455, 28143986, 1.84606230, 1.80418873, 2.23809814, -1.32696104
1764, 28144455, 28144984, 1.84461629, 1.80571461, 2.14286041, -1.09618521
1765, 28145455, 28145988, 1.84313405, 1.80762196, 2.04762268, -0.86540931
1766, 28146455, 28146976, 1.84161782, 1.80914783, 1.95237732, -0.75002146
1767, 28147455, 28147988, 1.84006965, 1.81029224, 1.85713959, -0.63463354
1768, 28148455, 28148981, 1.83849227, 1.81143665, 1.73015594, -0.40385768
1769, 28149455, 28149985, 1.83688772, 1.81296253, 1.60317230, -0.17308187
1770, 28150455, 28150983, 1.83525658, 1.81334400, 1.50793457, -0.51924562
1771, 28151455, 28151985, 1.83359909, 1.81448841, 1.38095093, -0.75002146
1772, 28152455, 28152985, 1.83191490, 1.81525135, 1.28571320, -0.51924562
1773, 28153455, 28153981, 1.83020639, 1.81601429, 1.15872955, -0.40385768
1774, 28154455, 28154988, 1.82847226, 1.81639576, 1.00000000, -0.63463354
1775, 28155455, 28155984, 1.82671154, 1.81677723, 0.87301636, -0.51924562
1776, 28156455, 28156986, 1.82492316, 1.81715870, 0.77777863, -0.75002146
1777, 28157455, 28157986, 1.82310450, 1.81754017, 0.68254089, -0.63463354
1778, 28158455, 28158978, 1.82125437, 1.81792164, 0.58730316, -0.40385768
1779, 28159455, 28159982, 1.81936896, 1.81792164, 0.49206543, -0.63463354
1780, 28160455, 28160983, 1.81744516, 1.81792164, 0.36508179, -0.40385768
1781, 28161455, 28161985, 1.81547964, 1.81792164, 0.26984406, -0.28846979
1782, 28162455, 28162983, 1.81347096, 1.81792164, 0.23809814, -0.28846979
1783, 28163455, 28163983, 1.81141663, 1.81754017, 0.14286041, -0.40385768
1784, 28164455, 28164983, 1.80931389, 1.81754017, 0.04762268, -0.63463354
1785, 28165455, 28165983, 1.80715978, 1.81715870, -0.01587677, -0.51924562
1786, 28166455, 28166986, 1.80495167, 1.81677723, -0.07936859, -0.28846979
1787, 28167455, 28167982, 1.80268657, 1.81639576, -0.14286041, -0.28846979
1788, 28168455, 28168984, 1.80036259, 1.81639576, -0.17460632, -0.51924562
1789, 28169455, 28169982, 1.79797649, 1.81601429, -0.23809814, -0.40385768
1790, 28170455, 28170982, 1.79552746, 1.81525135, -0.26984406, -0.05769395
1791, 28171455, 28171982, 1.79301369, 1.81448841, -0.33333588, 0.05769395
1792, 28172455, 28172983, 1.79043257, 1.81372547, -0.42857361, -0.17308187
1793, 28173455, 28173987, 1.78778279, 1.81296253, -0.49206543, -0.17308187
1794, 28174455, 28174989, 1.78506267, 1.81219959, -0.58730316, 0.17308187
1795, 28175455, 28175981, 1.78227055, 1.81105518, -0.65079498, -0.05769395
1796, 28176455, 28176989, 1.77940488, 1.81029224, -0.71428680, -0.17308187
1797, 28177455, 28177987, 1.77646446, 1.80952930, -0.77777863, -0.17308187
1798, 28178455, 28178980, 1.77344835, 1.80876637, -0.84127045, -0.28846979
1799, 28179455, 28179990, 1.77035618, 1.80762196, -0.87301636, -0.17308187
1800, 28180455, 28180988, 1.76718771, 1.80647755, -0.87301636, -0.17308187
1801, 28181455, 28181982, 1.76394331, 1.80533314, -0.93650818, -0.28846979
1802, 28182455, 28182978, 1.76062191, 1.80418873, -0.96825409, -0.28846979
1803, 28183455, 28183987, 1.75722325, 1.80304432, -1.00000000, -0.40385768
1804, 28184455, 28184985, 1.75374675, 1.80189991, -1.06349182, -0.51924562
1805, 28185455, 28185983, 1.75019228, 1.80075550, -1.06349182, -0.28846979
1806, 28186455, 28186985, 1.74655902, 1.79961109, -1.12698364, -0.17308187
1807, 28187455, 28187987, 1.74284768, 1.79808521, -1.19047546, -0.17308187
1808, 28188455, 28188986, 1.73905921, 1.79694080, -1.22222137, -0.05769395
1809, 28189455, 28189984, 1.73519409, 1.79541492, -1.22222137, -0.28846979
1810, 28190455, 28190980, 1.73125231, 1.79388905, -1.25396729, -0.17308187
1811, 28191455, 28191982, 1.72723472, 1.79236317, -1.31745911, -0.28846979
1812, 28192455, 28192984, 1.72314131, 1.79045582, -1.34920502, -0.40385768
1813, 28193455, 28193988, 1.71897137, 1.78892994, -1.41269684, -0.17308187
1814, 28194455, 28194983, 1.71472394, 1.78740406, -1.47618866, -0.28846979
1815, 28195455, 28195985, 1.71039951, 1.78587818, -1.50793839, -0.17308187
1816, 28196455, 28196975, 1.70599806, 1.78397083, -1.53968430, -0.63463354
1817, 28197455, 28197979, 1.70152044, 1.78244495, -1.57143021, -0.05769395
1818, 28198455, 28198987, 1.69696617, 1.78091812, -1.63492203, -0.28846979
1819, 28199455, 28199983, 1.69233644, 1.77862930, -1.66666794, -0.40385768
1820, 28200455, 28200982, 1.68763280, 1.77710342, -1.73015976, -0.28846979
1821, 28201455, 28201988, 1.68285632, 1.77481461, -1.76190567, -0.40385768
1822, 28202455, 28202982, 1.67800808, 1.77252579, -1.82539749, -0.51924562
1823, 28203455, 28203986, 1.67308807, 1.77061844, -1.88888931, -0.51924562
1824, 28204455, 28204982, 1.66809630, 1.76832962, -1.95238113, -0.63463354
1825, 28205455, 28205981, 1.66303301, 1.76604080, -2.01587296, -0.63463354
1826, 28206455, 28206983, 1.65789998, 1.76375198, -2.07936478, -0.63463354
1827, 28207455, 28207979, 1.65269804, 1.76146317, -2.14285660, -0.51924562
1828, 28208455, 28208985, 1.64742827, 1.75879288, -2.20634842, -0.40385768
1829, 28209455, 28209985, 1.64209020, 1.75650406, -2.23809433, -0.63463354
1830, 28210455, 28210981, 1.63668501, 1.75383377, -2.33333206, -0.40385768
1831, 28211455, 28211984, 1.63121438, 1.75116348, -2.36507797, -0.75002146
1832, 28212455, 28212982, 1.62568069, 1.74849319, -2.46031570, -0.63463354
1833, 28213455, 28213992, 1.62008572, 1.74544144, -2.52381134, -0.40385768
1834, 28214455, 28214982, 1.61443245, 1.74238968, -2.58730316, -0.40385768
1835, 28215455, 28215974, 1.60872316, 1.73971939, -2.65079498, -0.51924562
1836, 28216455, 28216975, 1.60295892, 1.73666763, -2.74603271, -0.63463354
1837, 28217455, 28217987, 1.59714222, 1.73323441, -2.80952454, -0.63463354
1838, 28218455, 28218979, 1.59127557, 1.73018265, -2.87301636, -0.86540931
1839, 28219455, 28219981, 1.58535993, 1.72713089, -2.96825409, -0.63463354
1840, 28220455, 28220981, 1.57939923, 1.72369766, -3.03174591, -0.75002146
1841, 28221455, 28221985, 1.57339489, 1.72064590, -3.06349182, -0.17308187
1842, 28222455, 28222984, 1.56734908, 1.71721172, -3.12698364, -0.51924562
1843, 28223455, 28223984, 1.56126463, 1.71339703, -3.19047546, -0.40385768
1844, 28224455, 28224984, 1.55514312, 1.71034527, -3.22222137, -0.63463354
1845, 28225455, 28225978, 1.54898787, 1.70653057, -3.31745911, -0.63463354
1846, 28226455, 28226982, 1.54280174, 1.70271587, -3.38095093, -0.40385768
1847, 28227455, 28227982, 1.53658819, 1.69890118, -3.44444275, -0.51924562
1848, 28228455, 28228981, 1.53035069, 1.69546795, -3.53968430, -0.51924562
1849, 28229455, 28229985, 1.52409327, 1.69165325, -3.60317612, -0.51924562
1850, 28230455, 28230985, 1.51781940, 1.68745708, -3.66666794, -0.51924562
1851, 28231455, 28231985, 1.51153302, 1.68326092, -3.76190567, -0.05769395
1852, 28232455, 28232985, 1.50523818, 1.67944622, -3.82539749, -0.17308187
1853, 28233455, 28233982, 1.49893832, 1.67486858, -3.88888931, -0.40385768
1854, 28234455, 28234984, 1.49263942, 1.67067242, -3.95238113, -0.75002146
1855, 28235455, 28235986, 1.48634732, 1.66647625, -4.04761887, -0.75002146
1856, 28236455, 28236984, 1.48006511, 1.66228008, -4.11111069, -0.51924562
1857, 28237455, 28237986, 1.47379827, 1.65770245, -4.17460251, -0.40385768
1858, 28238455, 28238980, 1.46755326, 1.65350533, -4.23809433, -0.40385768
1859, 28239455, 28239981, 1.46133459, 1.64854622, -4.30158615, -0.40385768
1860, 28240455, 28240981, 1.45514727, 1.64435005, -4.36507797, -0.40385768
1861, 28241455, 28241981, 1.44899654, 1.63939095, -4.42856979, -0.63463354
1862, 28242455, 28242983, 1.44288850, 1.63519478, -4.46031570, -0.40385768
1863, 28243455, 28243983, 1.43682921, 1.63023567, -4.52381134, -0.17308187
1864, 28244455, 28244984, 1.43082452, 1.62565804, -4.58730316, -0.17308187
1865, 28245455, 28245982, 1.42488062, 1.62069893, -4.61904907, -0.28846979
1866, 28246455, 28246984, 1.41900289, 1.61573982, -4.65079498, -0.17308187
1867, 28247455, 28247986, 1.41319656, 1.61078072, -4.71428680, -0.17308187
1868, 28248455, 28248980, 1.40746748, 1.60582161, -4.77777863, -0.28846979
1869, 28249455, 28249980, 1.40181994, 1.60048103, -4.84127045, -0.75002146
1870, 28250455, 28250981, 1.39625764, 1.59590340, -4.84127045, -0.28846979
1871, 28251455, 28251983, 1.39078391, 1.59056187, -4.90476227, -0.17308187
1872, 28252455, 28252981, 1.38540041, 1.58560276, -4.93650818, -0.28846979
1873, 28253455, 28253985, 1.38010871, 1.58064365, -4.96825409, -0.05769395
1874, 28254455, 28254983, 1.37490940, 1.57568455, -5.00000000, -0.17308187
1875, 28255455, 28255983, 1.36980271, 1.57072544, -5.03174591, -0.05769395
1876, 28256455, 28256984, 1.36478901, 1.56538486, -5.06349182, -0.28846979
1877, 28257455, 28257984, 1.35986924, 1.56042576, -5.06349182, -0.17308187
1878, 28258455, 28258982, 1.35504305, 1.55470371, -5.09523773, -0.05769395
1879, 28259455, 28259982, 1.35030985, 1.54974461, -5.12698364, -0.05769395
1880, 28260455, 28260980, 1.34566998, 1.54440403, -5.15872955, -0.05769395
1881, 28261455, 28261981, 1.34112227, 1.53906345, -5.19047546, -0.05769395
1882, 28262455, 28262977, 1.33666599, 1.53372288, -5.25396729, 0.05769395
1883, 28263455, 28263979, 1.33230078, 1.52876282, -5.25396729, -0.05769395
1884, 28264455, 28264977, 1.32802558, 1.52304077, -5.28571320, 0.05769395
1885, 28265455, 28265977, 1.32383943, 1.51770020, -5.31745911, 0.17308187
1886, 28266455, 28266991, 1.31974256, 1.51235962, -5.31745911, -0.05769395
1887, 28267455, 28267977, 1.31573522, 1.50701904, -5.31745911, -0.05769395
1888, 28268455, 28268980, 1.31181931, 1.50167847, -5.34920502, -0.05769395
1889, 28269455, 28269976, 1.30799842, 1.49633789, -5.38095093, -0.05769395
1890, 28270455, 28270976, 1.30427420, 1.49061584, -5.34920502, 0.05769395
1891, 28271455, 28271986, 1.30064964, 1.48565674, -5.38095093, 0.40385768
1892, 28272455, 28272974, 1.29713058, 1.47993469, -5.38095093, 0.17308187
1893, 28273455, 28273975, 1.29372036, 1.47421265, -5.41269684, 0.17308187
1894, 28274455, 28274979, 1.29042459, 1.46887207, -5.44444275, -0.05769395
1895, 28275455, 28275979, 1.28724849, 1.46314907, -5.44444275, 0.17308187
1896, 28276455, 28276973, 1.28419781, 1.45818996, -5.47618866, 0.40385768
1897, 28277455, 28277989, 1.28127551, 1.45246792, -5.47618866, 0.51924562
1898, 28278455, 28278973, 1.27848554, 1.44712734, -5.47618866, 0.51924562
1899, 28279455, 28279972, 1.27583075, 1.44178677, -5.47618866, 0.86540931
1900, 28280455, 28280990, 1.27331531, 1.43682766, -5.44444275, 1.21157312
1901, 28281455, 28281972, 1.27094042, 1.43148708, -5.41269684, 0.51924562
1902, 28282455, 28282970, 1.26870942, 1.42652798, -5.34920502, 0.98079723
1903, 28283455, 28283982, 1.26662540, 1.42156887, -5.31745911, 1.44234896
1904, 28284455, 28284974, 1.26468945, 1.41622829, -5.28571320, 1.09618521
1905, 28285455, 28285973, 1.26290309, 1.41165066, -5.19047546, 0.86540931
1906, 28286455, 28286985, 1.26126766, 1.40669155, -5.09523773, 1.32696104
1907, 28287455, 28287985, 1.25978410, 1.40173149, -5.03174591, 1.55773675
1908, 28288455, 28288983, 1.25845253, 1.39753532, -5.00000000, 0.86540931
1909, 28289455, 28289971, 1.25727248, 1.39295769, -4.90476227, 1.32696104
1910, 28290455, 28290982, 1.25624347, 1.38876152, -4.80952454, 1.21157312
1911, 28291455, 28291986, 1.25536549, 1.38456535, -4.71428680, 1.21157312
1912, 28292455, 28292986, 1.25463903, 1.37998772, -4.58730316, 1.09618521
1913, 28293455, 28293988, 1.25406277, 1.37617302, -4.52381134, 1.44234896
1914, 28294455, 28294970, 1.25363493, 1.37235832, -4.42856979, 1.09618521
1915, 28295455, 28295970, 1.25335085, 1.36854362, -4.30158615, 1.44234896
1916, 28296455, 28296985, 1.25320899, 1.36472893, -4.17460251, 0.98079723
1917, 28297455, 28297985, 1.25320518, 1.36091423, -4.07936478, 1.21157312
1918, 28298455, 28298983, 1.25333667, 1.35748100, -3.95238113, 1.67312467
1919, 28299455, 28299983, 1.25360048, 1.35404778, -3.88888931, 2.01928854
1920, 28300455, 28300985, 1.25399375, 1.35099602, -3.76190567, 1.21157312
1921, 28301455, 28301984, 1.25451243, 1.34794426, -3.66666794, 1.21157312
1922, 28302455, 28302984, 1.25515354, 1.34489250, -3.53968430, 1.09618521
1923, 28303455, 28303984, 1.25591564, 1.34183979, -3.41269684, 1.55773675
1924, 28304455, 28304984, 1.25679612, 1.33916950, -3.31745911, 1.55773675
1925, 28305455, 28305990, 1.25779259, 1.33649921, -3.19047546, 1.78851259
1926, 28306455, 28306978, 1.25890529, 1.33421040, -3.06349182, 1.44234896
1927, 28307455, 28307983, 1.26013410, 1.33192158, -2.90476227, 1.09618521
1928, 28308455, 28308981, 1.26147830, 1.32963276, -2.80952454, 1.09618521
1929, 28309455, 28309981, 1.26293838, 1.32734394, -2.68254089, 1.21157312
1930, 28310455, 28310979, 1.26451564, 1.32543659, -2.55555725, 1.55773675
1931, 28311455, 28311983, 1.26621115, 1.32391071, -2.42856979, 1.55773675
1932, 28312455, 28312977, 1.26802671, 1.32162189, -2.26984024, 1.44234896
1933, 28313455, 28313980, 1.26996291, 1.32009602, -2.20634842, 1.67312467
1934, 28314455, 28314984, 1.27202213, 1.31857014, -2.07936478, 1.32696104
1935, 28315455, 28315988, 1.27420592, 1.31704426, -1.95238113, 1.21157312
1936, 28316455, 28316984, 1.27651715, 1.31589985, -1.82539749, 1.32696104
1937, 28317455, 28317978, 1.27895713, 1.31437397, -1.73015976, 1.09618521
1938, 28318455, 28318981, 1.28152645, 1.31361103, -1.60317612, 1.09618521
1939, 28319455, 28319981, 1.28422678, 1.31246662, -1.47618866, 1.21157312
1940, 28320455, 28320981, 1.28705835, 1.31132221, -1.38095093, 1.09618521
1941, 28321455, 28321985, 1.29002130, 1.31094074, -1.25396729, 1.21157312
1942, 28322455, 28322979, 1.29311514, 1.31017780, -1.12698364, 1.44234896
1943, 28323455, 28323982, 1.29633904, 1.30941486, -1.03174591, 1.32696104
1944, 28324455, 28324982, 1.29969192, 1.30903339, -0.93650818, 1.21157312
1945, 28325455, 28325988, 1.30317211, 1.30865192, -0.84127045, 1.32696104
1946, 28326455, 28326984, 1.30677783, 1.30827045, -0.71428680, 1.44234896
1947, 28327455, 28327984, 1.31050885, 1.30827045, -0.61904907, 1.09618521
1948, 28328455, 28328980, 1.31436276, 1.30827045, -0.52381134, 1.09618521
1949, 28329455, 28329981, 1.31833696, 1.30827045, -0.42857361, 1.21157312
1950, 28330455, 28330983, 1.32242846, 1.30827045, -0.36508179, 1.21157312
1951, 28331455, 28331979, 1.32663190, 1.30827045, -0.23809814, 1.09618521
1952, 28332455, 28332983, 1.33094406, 1.30865192, -0.11111450, 1.21157312
1953, 28333455, 28333979, 1.33535933, 1.30903339, -0.04762268, 1.09618521
1954, 28334455, 28334985, 1.33987319, 1.30941486, 0.04762268, 1.09618521
1955, 28335455, 28335984, 1.34448099, 1.31017780, 0.11111450, 1.44234896
1956, 28336455, 28336980, 1.34917760, 1.31055927, 0.20635223, 1.44234896
1957, 28337455, 28337980, 1.35395730, 1.31132221, 0.33333588, 1.32696104
1958, 28338455, 28338976, 1.35881579, 1.31170368, 0.39682770, 1.32696104
1959, 28339455, 28339982, 1.36374736, 1.31284809, 0.46031952, 1.21157312
1960, 28340455, 28340976, 1.36874902, 1.31399250, 0.52381134, 1.21157312
1961, 28341455, 28341983, 1.37381637, 1.31475544, 0.65079498, 1.44234896
1962, 28342455, 28342991, 1.37894619, 1.31589985, 0.71428680, 1.67312467
1963, 28343455, 28343985, 1.38413608, 1.31704426, 0.80952454, 1.55773675
1964, 28344455, 28344983, 1.38938498, 1.31857014, 0.96825409, 1.67312467
1965, 28345455, 28345985, 1.39469159, 1.32009602, 1.00000000, 1.44234896
1966, 28346455, 28346987, 1.40005338, 1.32162189, 1.09523773, 1.32696104
1967, 28347455, 28347980, 1.40546846, 1.32314777, 1.19047546, 1.32696104
1968, 28348455, 28348982, 1.41093504, 1.32467365, 1.28571320, 1.32696104
1969, 28349455, 28349982, 1.41645002, 1.32658100, 1.38095093, 1.32696104
1970, 28350455, 28350986, 1.42201042, 1.32848835, 1.47618866, 1.32696104
1971, 28351455, 28351982, 1.42761397, 1.33039570, 1.57142639, 1.32696104
1972, 28352455, 28352982, 1.43325841, 1.33268452, 1.60317230, 1.21157312
1973, 28353455, 28353991, 1.43894291, 1.33497334, 1.73015594, 1.32696104
1974, 28354455, 28354979, 1.44466293, 1.33726215, 1.82539368, 1.67312467
1975, 28355455, 28355981, 1.45041800, 1.33955097, 1.95237732, 1.44234896
1976, 28356455, 28356979, 1.45620513, 1.34183979, 2.07936859, 1.44234896
1977, 28357455, 28357981, 1.46202326, 1.34489250, 2.14286041, 1.32696104
1978, 28358455, 28358978, 1.46787167, 1.34756279, 2.26984406, 1.55773675
1979, 28359455, 28359978, 1.47374761, 1.35023308, 2.36508179, 1.09618521
1980, 28360455, 28360978, 1.47964752, 1.35290337, 2.42857361, 1.32696104
1981, 28361455, 28361986, 1.48556995, 1.35595512, 2.55555725, 1.32696104
1982, 28362455, 28362986, 1.49151456, 1.35900688, 2.61904907, 1.09618521
1983, 28363455, 28363981, 1.49747956, 1.36205864, 2.87301636, 1.09618521
1984, 28364455, 28364987, 1.50346279, 1.36511040, 2.80952454, 1.32696104
1985, 28365455, 28365987, 1.50946248, 1.36816216, 2.87301636, 1.21157312
1986, 28366455, 28366987, 1.51547670, 1.37159538, 2.93650818, 1.44234896
1987, 28367455, 28367981, 1.52150309, 1.37502861, 3.00000000, 1.44234896
1988, 28368455, 28368979, 1.52754045, 1.37846184, 3.25396729, 1.09618521
1989, 28369455, 28369974, 1.53358710, 1.38151360, 3.22222137, 1.09618521
1990, 28370455, 28370986, 1.53964102, 1.38532829, 3.25396729, 1.21157312
1991, 28371455, 28371982, 1.54569864, 1.38876152, 3.15872955, 1.44234896
1992, 28372455, 28372982, 1.55175924, 1.39257622, 3.34920502, 1.09618521
1993, 28373455, 28373974, 1.55781949, 1.39639091, 3.44444275, 0.86540931
1994, 28374455, 28374984, 1.56387687, 1.40058708, 3.53968048, 0.98079723
1995, 28375455, 28375985, 1.56992924, 1.40440178, 3.60317230, 1.55773675
1996, 28376455, 28376987, 1.57597387, 1.40859890, 3.53968048, 1.32696104
1997, 28377455, 28377985, 1.58200729, 1.41241360, 3.73015594, 1.21157312
1998, 28378455, 28378985, 1.58802676, 1.41660976, 3.82539368, 1.09618521
1999, 28379455, 28379981, 1.59402931, 1.42118740, 3.88888550, 1.09618521
2000, 28380455, 28380982, 1.60000944, 1.42500210, 3.98412323, 0.98079723
2001, 28381455, 28381984, 1.60596335, 1.42957973, 4.07936859, 0.75002146
2002, 28382455, 28382982, 1.61188722, 1.43377590, 4.11111450, 0.75002146
2003, 28383455, 28383984, 1.61777616, 1.43835354, 4.20635223, 0.98079723
2004, 28384455, 28384982, 1.62362576, 1.44293118, 4.23809814, 1.09618521
2005, 28385455, 28385980, 1.62943065, 1.44712734, 4.30158997, 0.98079723
2006, 28386455, 28386979, 1.63518667, 1.45208645, 4.33333588, 0.63463354
2007, 28387455, 28387981, 1.64088917, 1.45628262, 4.39682770, 0.75002146
2008, 28388455, 28388985, 1.64653349, 1.46086025, 4.42857361, 0.63463354
2009, 28389455, 28389987, 1.65211618, 1.46543789, 4.46031952, 0.98079723
2010, 28390455, 28390983, 1.65763247, 1.47039795, 4.49206543, 0.75002146
2011, 28391455, 28391983, 1.66307795, 1.47535706, 4.52381134, 0.86540931
2012, 28392455, 28392984, 1.66844738, 1.47993469, 4.55555725, 0.86540931
2013, 28393455, 28393982, 1.67373765, 1.48489380, 4.61904907, 0.63463354
2014, 28394455, 28394984, 1.67894542, 1.48985291, 4.68254089, 0.51924562
2015, 28395455, 28395982, 1.68406773, 1.49443054, 4.74603271, 0.40385768
2016, 28396455, 28396980, 1.68909824, 1.49977112, 4.77777863, 0.28846979
2017, 28397455, 28397981, 1.69403458, 1.50434875, 4.77777863, 0.86540931
2018, 28398455, 28398981, 1.69887340, 1.50930786, 4.84127045, 0.98079723
2019, 28399455, 28399983, 1.70361173, 1.51426697, 4.87301636, 0.86540931
2020, 28400455, 28400979, 1.70824671, 1.51922607, 4.87301636, 0.75002146
2021, 28401455, 28401981, 1.71277547, 1.52418518, 4.90476227, 0.40385768
2022, 28402455, 28402979, 1.71719456, 1.52876282, 4.90476227, 0.40385768
2023, 28403455, 28403984, 1.72150135, 1.53410435, 4.90476227, -0.05769395
2024, 28404455, 28404980, 1.72569287, 1.53906345, 4.90476227, 0.51924562
2025, 28405455, 28405980, 1.72976601, 1.54402256, 4.93650818, 0.51924562
2026, 28406455, 28406978, 1.73371911, 1.54936314, 4.96825409, 0.28846979
2027, 28407455, 28407978, 1.73754990, 1.55394077, 4.96825409, 0.40385768
2028, 28408455, 28408981, 1.74125588, 1.55928135, 5.00000000, 0.17308187
2029, 28409455, 28409981, 1.74483526, 1.56424046, 5.00000000, 0.28846979
2030, 28410455, 28410977, 1.74828660, 1.56919956, 5.00000000, 0.17308187
2031, 28411455, 28411975, 1.75160813, 1.57415867, 5.00000000, 0.28846979
2032, 28412455, 28412975, 1.75479805, 1.57911777, 5.00000000, 0.28846979
2033, 28413455, 28413977, 1.75785470, 1.58407688, 5.00000000, 0.40385768
2034, 28414455, 28414978, 1.76077735, 1.58903599, 4.96825409, -0.17308187
2035, 28415455, 28415976, 1.76356399, 1.59399605, 4.96825409, -0.05769395
2036, 28416455, 28416978, 1.76621282, 1.59895515, 4.93650818, 0.17308187
2037, 28417455, 28417976, 1.76872313, 1.60353279, 4.93650818, -0.05769395
2038, 28418455, 28418978, 1.77109563, 1.60887337, 4.90476227, 0.05769395
2039, 28419455, 28419974, 1.77333069, 1.61345100, 4.90476227, 0.40385768
2040, 28420455, 28420975, 1.77542889, 1.61841011, 4.87301636, 0.05769395
2041, 28421455, 28421977, 1.77739060, 1.62298775, 4.84127045, 0.17308187
2042, 28422455, 28422975, 1.77921641, 1.62794685, 4.84127045, -0.05769395
2043, 28423455, 28423975, 1.78090727, 1.63214302, 4.80952454, -0.05769395
2044, 28424455, 28424973, 1.78246701, 1.63710213, 4.77777863, -0.05769395
2045, 28425455, 28425976, 1.78389955, 1.64167976, 4.74603271, -0.17308187
2046, 28426455, 28426974, 1.78520787, 1.64587593, 4.68254089, 0.17308187
2047, 28427455, 28427974, 1.78639460, 1.65045357, 4.65079498, -0.05769395
2048, 28428455, 28428978, 1.78746426, 1.65464973, 4.58730316, -0.05769395
2049, 28429455, 28429974, 1.78842175, 1.65922832, 4.52381134, -0.17308187
2050, 28430455, 28430975, 1.78927124, 1.66342449, 4.49206543, -0.05769395
2051, 28431455, 28431973, 1.79001749, 1.66762066, 4.42857361, -0.63463354
2052, 28432455, 28432973, 1.79066670, 1.67181683, 4.36508179, -0.17308187
2053, 28433455, 28433975, 1.79122400, 1.67601299, 4.30158997, 0.05769395
2054, 28434455, 28434971, 1.79169393, 1.67982769, 4.26984406, 0.40385768
2055, 28435455, 28435985, 1.79208171, 1.68402386, 4.23809814, -0.17308187
2056, 28436455, 28436986, 1.79239619, 1.68822002, 4.17460632, -0.17308187
2057, 28437455, 28437972, 1.79264379, 1.69203472, 4.14286041, -0.40385768
2058, 28438455, 28438982, 1.79283059, 1.69546795, 4.07936859, -0.63463354
2059, 28439455, 28439986, 1.79296458, 1.69928265, 4.01587677, -0.40385768
2060, 28440455, 28440984, 1.79305303, 1.70309734, 3.92063141, -0.28846979
2061, 28441455, 28441968, 1.79310453, 1.70653057, 3.85713959, -0.51924562
2062, 28442455, 28442987, 1.79312694, 1.70996380, 3.79364777, -0.40385768
2063, 28443455, 28443969, 1.79312587, 1.71339703, 3.69841003, -0.40385768
2064, 28444455, 28444983, 1.79310882, 1.71644878, 3.60317230, -0.40385768
2065, 28445455, 28445985, 1.79308295, 1.71950150, 3.50793457, -0.51924562
2066, 28446455, 28446981, 1.79305482, 1.72255325, 3.38095093, -0.98079723
2067, 28447455, 28447981, 1.79303086, 1.72522354, 3.25396729, -0.63463354
2068, 28448455, 28448982, 1.79301727, 1.72789383, 3.15872955, -0.75002146
2069, 28449455, 28449986, 1.79301822, 1.73018265, 3.06349182, -0.86540931
2070, 28450455, 28450980, 1.79303765, 1.73247147, 2.93650818, -1.09618521
2071, 28451455, 28451982, 1.79307926, 1.73514175, 2.84127045, -0.63463354
2072, 28452455, 28452980, 1.79314375, 1.73743057, 2.71428680, -0.63463354
2073, 28453455, 28453981, 1.79323280, 1.73933792, 2.61904907, -0.86540931
2074, 28454455, 28454983, 1.79334569, 1.74162674, 2.49206543, -0.28846979
2075, 28455455, 28455979, 1.79348099, 1.74353409, 2.36508179, -0.51924562
2076, 28456455, 28456979, 1.79363668, 1.74505997, 2.26984406, -0.51924562
2077, 28457455, 28457981, 1.79380798, 1.74696732, 2.17460632, -0.51924562
2078, 28458455, 28458985, 1.79399037, 1.74887466, 2.07936859, -0.51924562
2079, 28459455, 28459986, 1.79417694, 1.75040054, 1.98412323, -0.28846979
2080, 28460455, 28460982, 1.79436278, 1.75192642, 1.88888550, -0.51924562
2081, 28461455, 28461984, 1.79454136, 1.75345230, 1.82539368, -0.17308187
2082, 28462455, 28462988, 1.79470682, 1.75497818, 1.73015594, -0.51924562
2083, 28463455, 28463984, 1.79485321, 1.75612259, 1.66666412, -0.28846979
2084, 28464455, 28464985, 1.79497266, 1.75726700, 1.57142639, -0.51924562
2085, 28465455, 28465983, 1.79505837, 1.75879288, 1.47618866, -0.40385768
2086, 28466455, 28466985, 1.79510403, 1.75955582, 1.38095093, -0.40385768
2087, 28467455, 28467983, 1.79510379, 1.76031876, 1.28571320, -0.28846979
2088, 28468455, 28468983, 1.79505074, 1.76146317, 1.22222137, -0.28846979
2089, 28469455, 28469983, 1.79493880, 1.76184464, 1.12698364, -0.40385768
2090, 28470455, 28470983, 1.79476237, 1.76298904, 1.03174591, -0.40385768
2091, 28471455, 28471984, 1.79451585, 1.76375198, 0.96825409, -0.51924562
2092, 28472455, 28472980, 1.79419386, 1.76451492, 0.90476227, -0.28846979
2093, 28473455, 28473990, 1.79379272, 1.76489639, 0.84127045, -0.05769395
2094, 28474455, 28474990, 1.79330540, 1.76527786, 0.77777863, -0.05769395
2095, 28475455, 28475980, 1.79272962, 1.76565933, 0.71428680, -0.17308187
2096, 28476455, 28476980, 1.79206073, 1.76565933, 0.61904907, -0.17308187
2097, 28477455, 28477983, 1.79129457, 1.76604080, 0.55555725, -0.05769395
2098, 28478455, 28478983, 1.79042876, 1.76604080, 0.46031952, 0.05769395
2099, 28479455, 28479979, 1.78946114, 1.76604080, 0.36508179, -0.28846979
2100, 28480455, 28480981, 1.78838933, 1.76604080, 0.26984406, -0.17308187
2101, 28481455, 28481977, 1.78721106, 1.76604080, 0.20635223, -0.40385768
2102, 28482455, 28482986, 1.78592479, 1.76604080, 0.11111450, -0.05769395
2103, 28483455, 28483990, 1.78452837, 1.76604080, 0.04762268, -0.05769395
2104, 28484455, 28484984, 1.78302038, 1.76604080, 0.04762268, -0.05769395
2105, 28485455, 28485986, 1.78139842, 1.76565933, -0.01587677, 0.05769395
2106, 28486455, 28486986, 1.77966213, 1.76565933, -0.04762268, -0.17308187
2107, 28487455, 28487984, 1.77781093, 1.76527786, -0.07936859, 0.17308187
2108, 28488455, 28488979, 1.77584398, 1.76489639, -0.07936859, -0.05769395
2109, 28489455, 28489983, 1.77376103, 1.76489639, -0.14286041, -0.05769395
2110, 28490455, 28490981, 1.77156162, 1.76489639, -0.17460632, 0.05769395
2111, 28491455, 28491977, 1.76924610, 1.76451492, -0.20635223, -0.17308187
2112, 28492455, 28492983, 1.76681376, 1.76413345, -0.23809814, -0.05769395
2113, 28493455, 28493994, 1.76426673, 1.76375198, -0.26984406, 0.05769395
2114, 28494455, 28494984, 1.76160550, 1.76337051, -0.30158997, -0.05769395
2115, 28495455, 28495980, 1.75883138, 1.76298904, -0.30158997, -0.05769395
2116, 28496455, 28496984, 1.75594461, 1.76260757, -0.33333588, -0.05769395
2117, 28497455, 28497986, 1.75294697, 1.76222610, -0.33333588, 0.17308187
2118, 28498455, 28498990, 1.74984026, 1.76184464, -0.36508179, -0.17308187
2119, 28499455, 28499983, 1.74662662, 1.76184464, -0.36508179, 0.17308187
2120, 28500455, 28500985, 1.74330795, 1.76146317, -0.36508179, -0.05769395
2121, 28501455, 28501983, 1.73988450, 1.76070023, -0.36508179, 0.05769395
2122, 28502455, 28502991, 1.73635876, 1.76031876, -0.36508179, 0.05769395
2123, 28503455, 28503985, 1.73273361, 1.75955582, -0.39682770, 0.05769395
2124, 28504455, 28504981, 1.72901225, 1.75917435, -0.42857361, 0.05769395
2125, 28505455, 28505982, 1.72519708, 1.75879288, -0.46031952, 0.05769395
2126, 28506455, 28506988, 1.72129059, 1.75802994, -0.46031952, -0.05769395
2127, 28507455, 28507984, 1.71729350, 1.75726700, -0.49206543, -0.05769395
2128, 28508455, 28508986, 1.71320879, 1.75688553, -0.52381134, 0.05769395
2129, 28509455, 28509982, 1.70903873, 1.75612259, -0.55555725, 0.05769395
2130, 28510455, 28510989, 1.70478535, 1.75574112, -0.58730316, 0.17308187
2131, 28511455, 28511981, 1.70045066, 1.75497818, -0.58730316, -0.05769395
2132, 28512455, 28512985, 1.69603634, 1.75421524, -0.61904907, 0.05769395
2133, 28513455, 28513987, 1.69154489, 1.75345230, -0.61904907, -0.17308187
2134, 28514455, 28514981, 1.68697727, 1.75268936, -0.68254089, -0.28846979
2135, 28515455, 28515984, 1.68233359, 1.75192642, -0.68254089, -0.40385768
2136, 28516455, 28516982, 1.67761779, 1.75078201, -0.71428680, -0.28846979
2137, 28517455, 28517990, 1.67283154, 1.75001907, -0.77777863, -0.63463354
2138, 28518455, 28518984, 1.66797554, 1.74887466, -0.80952454, -0.28846979
2139, 28519455, 28519988, 1.66305113, 1.74773026, -0.87301636, -0.17308187
2140, 28520455, 28520980, 1.65805984, 1.74658585, -0.93650818, -0.75002146
2141, 28521455, 28521985, 1.65300214, 1.74505997, -1.00000000, -0.86540931
2142, 28522455, 28522981, 1.64787948, 1.74391556, -1.06349182, -0.75002146
2143, 28523455, 28523981, 1.64269316, 1.74238968, -1.12698364, -0.86540931
2144, 28524455, 28524985, 1.63744366, 1.74048233, -1.22222137, -1.09618521
2145, 28525455, 28525985, 1.63213181, 1.73895645, -1.31745911, -0.86540931
2146, 28526455, 28526985, 1.62675798, 1.73666763, -1.44444275, -1.21157312
2147, 28527455, 28527988, 1.62132418, 1.73476028, -1.53968430, -1.09618521
2148, 28528455, 28528980, 1.61583185, 1.73247147, -1.63492203, -0.98079723
2149, 28529455, 28529984, 1.61028302, 1.73056412, -1.76190567, -0.98079723
2150, 28530455, 28530982, 1.60468066, 1.72827530, -1.85714340, -0.86540931
2151, 28531455, 28531980, 1.59902585, 1.72560501, -1.98412704, -0.75002146
2152, 28532455, 28532984, 1.59332001, 1.72293472, -2.07936478, -0.86540931
2153, 28533455, 28533979, 1.58756614, 1.72064590, -2.17460251, -0.75002146
2154, 28534455, 28534983, 1.58176780, 1.71797466, -2.26984024, -0.75002146
2155, 28535455, 28535983, 1.57592785, 1.71530437, -2.39682388, -0.51924562
2156, 28536455, 28536987, 1.57005024, 1.71225262, -2.52381134, -0.86540931
2157, 28537455, 28537985, 1.56413674, 1.70920086, -2.55555725, -0.98079723
2158, 28538455, 28538980, 1.55819166, 1.70653057, -2.65079498, -1.21157312
2159, 28539455, 28539984, 1.55221784, 1.70347881, -2.77777863, -1.09618521
2160, 28540455, 28540980, 1.54621947, 1.70004559, -2.84127045, -1.44234896
2161, 28541455, 28541980, 1.54020107, 1.69699383, -2.93650818, -0.98079723
2162, 28542455, 28542980, 1.53416884, 1.69356060, -3.03174591, -0.63463354
2163, 28543455, 28543977, 1.52812684, 1.68974590, -3.09523773, -0.75002146
2164, 28544455, 28544981, 1.52208102, 1.68631268, -3.15872955, -0.40385768
2165, 28545455, 28545979, 1.51603603, 1.68287945, -3.28571320, -0.51924562
2166, 28546455, 28546979, 1.51000011, 1.67906475, -3.34920502, -0.86540931
2167, 28547455, 28547977, 1.50397754, 1.67525005, -3.44444275, -0.75002146
2168, 28548455, 28548979, 1.49797571, 1.67105389, -3.53968430, -0.75002146
2169, 28549455, 28549978, 1.49200153, 1.66685772, -3.63492203, -0.63463354
2170, 28550455, 28550980, 1.48606229, 1.66304302, -3.73015976, -0.63463354
2171, 28551455, 28551986, 1.48016524, 1.65884686, -3.79365158, -0.63463354
2172, 28552455, 28552984, 1.47431839, 1.65464973, -3.88888931, -0.63463354
2173, 28553455, 28553984, 1.46853065, 1.65045357, -3.98412704, -0.51924562
2174, 28554455, 28554980, 1.46280956, 1.64587593, -4.07936478, -0.63463354
2175, 28555455, 28555983, 1.45716333, 1.64167976, -4.14285660, -0.63463354
2176, 28556455, 28556979, 1.45160019, 1.63710213, -4.20634842, -0.28846979
2177, 28557455, 28557977, 1.44612992, 1.63252449, -4.26984024, -0.40385768
2178, 28558455, 28558977, 1.44075859, 1.62832832, -4.33333206, -0.40385768
2179, 28559455, 28559979, 1.43549585, 1.62336922, -4.39682388, -0.28846979
2180, 28560455, 28560978, 1.43034887, 1.61879158, -4.46031570, -0.28846979
2181, 28561455, 28561980, 1.42532468, 1.61383247, -4.52381134, -0.17308187
2182, 28562455, 28562978, 1.42043293, 1.60887337, -4.58730316, -0.17308187
2183, 28563455, 28563978, 1.41568148, 1.60353279, -4.68254089, -0.05769395
2184, 28564455, 28564978, 1.41107893, 1.59895515, -4.74603271, -0.63463354
2185, 28565455, 28565979, 1.40663111, 1.59399605, -4.80952454, -0.05769395
2186, 28566455, 28566977, 1.40234375, 1.58903599, -4.87301636, 0.28846979
2187, 28567455, 28567979, 1.39822268, 1.58407688, -4.90476227, -0.05769395
2188, 28568455, 28568975, 1.39427483, 1.57911777, -4.93650818, -0.28846979
2189, 28569455, 28569977, 1.39050341, 1.57415867, -4.96825409, -0.28846979
2190, 28570455, 28570977, 1.38691199, 1.56881809, -4.96825409, -0.40385768
2191, 28571455, 28571980, 1.38350439, 1.56385899, -5.00000000, -0.17308187
2192, 28572455, 28572974, 1.38028240, 1.55851841, -5.00000000, -0.05769395
2193, 28573455, 28573988, 1.37724900, 1.55355930, -5.06349182, 0.28846979
2194, 28574455, 28574978, 1.37440467, 1.54821873, -5.06349182, 0.05769395
2195, 28575455, 28575976, 1.37174821, 1.54325962, -5.12698364, 0.05769395
2196, 28576455, 28576984, 1.36927724, 1.53791904, -5.12698364, -0.28846979
2197, 28577455, 28577985, 1.36698890, 1.53257847, -5.15872955, -0.17308187
2198, 28578455, 28578973, 1.36488020, 1.52761841, -5.19047546, 0.17308187
2199, 28579455, 28579971, 1.36294663, 1.52265930, -5.19047546, 0.51924562
2200, 28580455, 28580973, 1.36118054, 1.51693726, -5.19047546, 0.40385768
2201, 28581455, 28581985, 1.35957372, 1.51197815, -5.22222137, 0.28846979
2202, 28582455, 28582969, 1.35811770, 1.50663757, -5.19047546, 0.63463354
2203, 28583455, 28583976, 1.35680223, 1.50167847, -5.19047546, 0.40385768
2204, 28584455, 28584972, 1.35561574, 1.49671936, -5.19047546, 0.75002146
2205, 28585455, 28585970, 1.35454655, 1.49214172, -5.12698364, 1.21157312
2206, 28586455, 28586974, 1.35358298, 1.48680115, -5.09523773, 1.78851259
2207, 28587455, 28587972, 1.35271513, 1.48222351, -5.06349182, 1.21157312
2208, 28588455, 28588985, 1.35193491, 1.47726440, -5.06349182, 1.09618521
2209, 28589455, 28589981, 1.35123706, 1.47268677, -4.96825409, 1.44234896
2210, 28590455, 28590985, 1.35061634, 1.46848965, -4.90476227, 1.67312467
2211, 28591455, 28591983, 1.35006833, 1.46391201, -4.80952454, 1.32696104
2212, 28592455, 28592981, 1.34959006, 1.45971584, -4.71428680, 1.32696104
2213, 28593455, 28593983, 1.34918058, 1.45551968, -4.61904907, 1.90390050
2214, 28594455, 28594980, 1.34883702, 1.45208645, -4.49206161, 1.90390050
2215, 28595455, 28595968, 1.34855855, 1.44827175, -4.36507797, 1.55773675
2216, 28596455, 28596982, 1.34834588, 1.44445705, -4.23809433, 1.09618521
2217, 28597455, 28597982, 1.34819925, 1.44102383, -4.11111069, 1.44234896
2218, 28598455, 28598982, 1.34812140, 1.43759060, -3.98412704, 1.67312467
2219, 28599455, 28599984, 1.34811640, 1.43415737, -3.85714340, 0.98079723
2220, 28600455, 28600983, 1.34818769, 1.43110561, -3.73015976, 1.44234896
2221, 28601455, 28601979, 1.34834146, 1.42805386, -3.60317612, 1.32696104
2222, 28602455, 28602979, 1.34858310, 1.42500210, -3.47618866, 1.55773675
2223, 28603455, 28603977, 1.34891713, 1.42233181, -3.34920502, 1.44234896
2224, 28604455, 28604981, 1.34935093, 1.41966152, -3.25396729, 2.13467646
2225, 28605455, 28605984, 1.34989524, 1.41699123, -3.09523773, 1.09618521
2226, 28606455, 28606984, 1.35055590, 1.41470242, -3.00000000, 1.32696104
2227, 28607455, 28607980, 1.35133994, 1.41203213, -2.87301636, 0.86540931
2228, 28608455, 28608982, 1.35225248, 1.41012478, -2.74603271, 1.32696104
2229, 28609455, 28609980, 1.35330224, 1.40783596, -2.61904907, 1.09618521
2230, 28610455, 28610980, 1.35449624, 1.40592766, -2.49206161, 1.32696104
2231, 28611455, 28611984, 1.35583901, 1.40402031, -2.39682388, 1.21157312
2232, 28612455, 28612981, 1.35733616, 1.40211296, -2.26984024, 1.44234896
2233, 28613455, 28613983, 1.35899115, 1.40058708, -2.20634842, 0.98079723
2234, 28614455, 28614987, 1.36080635, 1.39867973, -2.04761887, 0.98079723
2235, 28615455, 28615985, 1.36278105, 1.39753532, -1.95238113, 0.75002146
2236, 28616455, 28616981, 1.36491513, 1.39562798, -1.85714340, 0.75002146
2237, 28617455, 28617982, 1.36720741, 1.39486504, -1.79365158, 1.09618521
2238, 28618455, 28618982, 1.36965466, 1.39333916, -1.69841385, 1.44234896
2239, 28619455, 28619990, 1.37225258, 1.39219475, -1.57143021, 1.44234896
2240, 28620455, 28620990, 1.37499797, 1.39181328, -1.44444275, 1.32696104
2241, 28621455, 28621982, 1.37788880, 1.39066887, -1.31745911, 1.32696104
2242, 28622455, 28622981, 1.38092077, 1.38990593, -1.22222137, 1.32696104
2243, 28623455, 28623979, 1.38408923, 1.38914299, -1.09523773, 1.67312467
2244, 28624455, 28624981, 1.38739276, 1.38876152, -1.00000000, 1.44234896
2245, 28625455, 28625985, 1.39082956, 1.38876152, -0.87301636, 1.44234896
2246, 28626455, 28626981, 1.39439702, 1.38838005, -0.74603271, 1.67312467
2247, 28627455, 28627985, 1.39809072, 1.38799858, -0.65079498, 1.44234896
2248, 28628455, 28628980, 1.40190852, 1.38799858, -0.55555725, 1.32696104
2249, 28629455, 28629986, 1.40584648, 1.38761711, -0.46031952, 1.32696104
2250, 28630455, 28630980, 1.40990210, 1.38799858, -0.39682770, 1.55773675
2251, 28631455, 28631984, 1.41407192, 1.38799858, -0.26984406, 1.44234896
2252, 28632455, 28632986, 1.41835141, 1.38838005, -0.17460632, 1.32696104
2253, 28633455, 28633986, 1.42273796, 1.38876152, -0.11111450, 1.32696104
2254, 28634455, 28634986, 1.42722702, 1.38876152, -0.01587677, 1.32696104
2255, 28635455, 28635979, 1.43181527, 1.38914299, 0.07936859, 1.44234896
2256, 28636455, 28636981, 1.43649983, 1.38990593, 0.14286041, 1.44234896
2257, 28637455, 28637981, 1.44127643, 1.39066887, 0.26984406, 1.32696104
2258, 28638455, 28638983, 1.44613886, 1.39143181, 0.36508179, 1.32696104
2259, 28639455, 28639983, 1.45108294, 1.39219475, 0.42857361, 1.44234896
2260, 28640455, 28640982, 1.45610237, 1.39295769, 0.52381134, 1.55773675
2261, 28641455, 28641982, 1.46118999, 1.39410210, 0.61904907, 1.44234896
2262, 28642455, 28642986, 1.46634066, 1.39524651, 0.68254089, 1.44234896
2263, 28643455, 28643986, 1.47154903, 1.39639091, 0.77777863, 1.09618521
2264, 28644455, 28644980, 1.47681153, 1.39791679, 0.87301636, 1.21157312
2265, 28645455, 28645980, 1.48212445, 1.39906120, 0.96825409, 1.67312467
2266, 28646455, 28646981, 1.48748481, 1.40096855, 1.09523773, 1.55773675
2267, 28647455, 28647981, 1.49289048, 1.40249443, 1.19047546, 1.78851259
2268, 28648455, 28648979, 1.49833786, 1.40440178, 1.28571320, 1.55773675
2269, 28649455, 28649987, 1.50382221, 1.40631008, 1.41269684, 1.67312467
2270, 28650455, 28650981, 1.50934017, 1.40821743, 1.50793457, 1.55773675
2271, 28651455, 28651989, 1.51488721, 1.41050625, 1.60317230, 1.32696104
2272, 28652455, 28652980, 1.52046013, 1.41241360, 1.73015594, 1.32696104
2273, 28653455, 28653982, 1.52605486, 1.41470242, 1.82539368, 1.44234896
2274, 28654455, 28654982, 1.53166831, 1.41699123, 1.92063141, 1.44234896
2275, 28655455, 28655982, 1.53729689, 1.41928005, 2.01587677, 1.44234896
2276, 28656455, 28656984, 1.54293847, 1.42195034, 2.11111450, 1.44234896
2277, 28657455, 28657979, 1.54859030, 1.42462063, 2.20635223, 1.55773675
2278, 28658455, 28658977, 1.55424869, 1.42767239, 2.30158997, 1.09618521
2279, 28659455, 28659977, 1.55991066, 1.43034267, 2.39682770, 1.09618521
2280, 28660455, 28660975, 1.56557381, 1.43301296, 2.49206543, 1.21157312
2281, 28661455, 28661981, 1.57123470, 1.43606472, 2.55555725, 1.32696104
2282, 28662455, 28662985, 1.57688856, 1.43911648, 2.61904907, 1.44234896
2283, 28663455, 28663980, 1.58253241, 1.44216824, 2.71428680, 1.32696104
2284, 28664455, 28664974, 1.58816254, 1.44521999, 2.80952454, 1.09618521
2285, 28665455, 28665984, 1.59377599, 1.44865322, 2.87301636, 1.21157312
2286, 28666455, 28666978, 1.59936941, 1.45208645, 2.96825409, 1.21157312
2287, 28667455, 28667984, 1.60493994, 1.45551968, 3.03174591, 1.78851259
2288, 28668455, 28668985, 1.61048520, 1.45895290, 3.12698364, 1.21157312
2289, 28669455, 28669977, 1.61600077, 1.46238613, 3.22222137, 0.98079723
2290, 28670455, 28670987, 1.62148428, 1.46581936, 3.31745911, 1.09618521
2291, 28671455, 28671991, 1.62693226, 1.46963501, 3.38095093, 1.21157312
2292, 28672455, 28672987, 1.63234365, 1.47344971, 3.44444275, 0.98079723
2293, 28673455, 28673993, 1.63771427, 1.47764587, 3.53968048, 0.86540931
2294, 28674455, 28674986, 1.64304125, 1.48146057, 3.60317230, 1.09618521
2295, 28675455, 28675986, 1.64832199, 1.48527527, 3.66666412, 1.32696104
2296, 28676455, 28676988, 1.65355372, 1.48947144, 3.76190186, 0.98079723
2297, 28677455, 28677988, 1.65873528, 1.49328613, 3.82539368, 0.75002146
2298, 28678455, 28678988, 1.66386235, 1.49748230, 3.88888550, 0.75002146
2299, 28679455, 28679988, 1.66893280, 1.50167847, 3.95237732, 0.86540931
2300, 28680455, 28680985, 1.67394364, 1.50587463, 3.98412323, 0.98079723
2301, 28681455, 28681991, 1.67889285, 1.50968933, 4.01587677, 0.86540931
2302, 28682455, 28682987, 1.68377781, 1.51426697, 4.04762268, 1.21157312
2303, 28683455, 28683985, 1.68859673, 1.51846313, 4.07936859, 0.86540931
2304, 28684455, 28684987, 1.69334912, 1.52265930, 4.11111450, 0.63463354
2305, 28685455, 28685984, 1.69803190, 1.52723694, 4.14286041, 0.86540931
2306, 28686455, 28686986, 1.70264494, 1.53181553, 4.17460632, 0.40385768
2307, 28687455, 28687982, 1.70718670, 1.53601170, 4.20635223, 0.51924562
2308, 28688455, 28688982, 1.71165609, 1.54020786, 4.23809814, 0.63463354
2309, 28689455, 28689982, 1.71605098, 1.54478550, 4.30158997, 0.51924562
2310, 28690455, 28690984, 1.72036767, 1.54898167, 4.33333588, 0.86540931
2311, 28691455, 28691981, 1.72460663, 1.55394077, 4.36508179, 0.98079723
2312, 28692455, 28692983, 1.72876644, 1.55813694, 4.36508179, 0.51924562
2313, 28693455, 28693981, 1.73284590, 1.56271458, 4.39682770, 0.40385768
2314, 28694455, 28694981, 1.73684311, 1.56729221, 4.42857361, 0.40385768
2315, 28695455, 28695979, 1.74075592, 1.57148838, 4.42857361, 0.40385768
2316, 28696455, 28696977, 1.74458218, 1.57606602, 4.42857361, 0.63463354
2317, 28697455, 28697984, 1.74831736, 1.58064365, 4.42857361, 0.86540931
2318, 28698455, 28698978, 1.75196111, 1.58483982, 4.46031952, 0.75002146
2319, 28699455, 28699978, 1.75551248, 1.58941746, 4.46031952, 0.51924562
2320, 28700455, 28700978, 1.75896955, 1.59399605, 4.46031952, 0.40385768
2321, 28701455, 28701980, 1.76232982, 1.59857368, 4.46031952, 0.05769395
2322, 28702455, 28702977, 1.76559055, 1.60315132, 4.46031952, 0.40385768
2323, 28703455, 28703977, 1.76874852, 1.60734749, 4.49206543, 0.28846979
2324, 28704455, 28704983, 1.77180195, 1.61230659, 4.49206543, 0.17308187
2325, 28705455, 28705979, 1.77474773, 1.61650276, 4.49206543, 0.28846979
2326, 28706455, 28706975, 1.77758181, 1.62108040, 4.49206543, 0.51924562
2327, 28707455, 28707978, 1.78030097, 1.62565804, 4.49206543, 0.40385768
2328, 28708455, 28708976, 1.78290188, 1.62985420, 4.49206543, 0.40385768
2329, 28709455, 28709978, 1.78538132, 1.63443184, 4.49206543, 0.17308187
2330, 28710455, 28710980, 1.78773642, 1.63862801, 4.46031952, -0.05769395
2331, 28711455, 28711976, 1.78996563, 1.64320564, 4.46031952, 0.05769395
2332, 28712455, 28712978, 1.79206669, 1.64740181, 4.42857361, 0.05769395
2333, 28713455, 28713977, 1.79403722, 1.65159798, 4.39682770, 0.05769395
2334, 28714455, 28714977, 1.79587579, 1.65579414, 4.36508179, 0.05769395
2335, 28715455, 28715979, 1.79758179, 1.66037273, 4.33333588, -0.05769395
2336, 28716455, 28716977, 1.79915547, 1.66418743, 4.30158997, -0.05769395
2337, 28717455, 28717975, 1.80059457, 1.66838360, 4.26984406, -0.17308187
2338, 28718455, 28718977, 1.80190015, 1.67257977, 4.20635223, -0.17308187
2339, 28719455, 28719978, 1.80306971, 1.67677593, 4.17460632, -0.05769395
2340, 28720455, 28720976, 1.80410326, 1.68059063, 4.14286041, -0.05769395
2341, 28721455, 28721978, 1.80499911, 1.68440533, 4.11111450, -0.17308187
2342, 28722455, 28722988, 1.80575752, 1.68860149, 4.07936859, 0.05769395
2343, 28723455, 28723978, 1.80637932, 1.69203472, 4.04762268, 0.05769395
2344, 28724455, 28724978, 1.80686891, 1.69584942, 4.01587677, -0.05769395
2345, 28725455, 28725977, 1.80722940, 1.69966412, 3.95237732, -0.17308187
2346, 28726455, 28726973, 1.80746293, 1.70347881, 3.92063141, -0.28846979
2347, 28727455, 28727973, 1.80757427, 1.70691204, 3.85713959, -0.17308187
2348, 28728455, 28728975, 1.80756927, 1.71034527, 3.79364777, 0.05769395
2349, 28729455, 28729975, 1.80745339, 1.71377850, 3.73015594, 0.17308187
2350, 28730455, 28730972, 1.80723441, 1.71759319, 3.66666412, -0.05769395
2351, 28731455, 28731974, 1.80692029, 1.72102737, 3.60317230, -0.40385768
2352, 28732455, 28732990, 1.80651677, 1.72407913, 3.57142639, -0.28846979
2353, 28733455, 28733972, 1.80603087, 1.72751236, 3.50793457, -0.28846979
2354, 28734455, 28734986, 1.80546939, 1.73056412, 3.44444275, -0.17308187
2355, 28735455, 28735983, 1.80483782, 1.73361588, 3.38095093, -0.63463354
2356, 28736455, 28736981, 1.80414379, 1.73666763, 3.31745911, -0.63463354
2357, 28737455, 28737969, 1.80339420, 1.73971939, 3.25396729, -0.98079723
2358, 28738455, 28738969, 1.80259466, 1.74238968, 3.15872955, -0.63463354
2359, 28739455, 28739985, 1.80175316, 1.74505997, 3.09523773, -0.75002146
2360, 28740455, 28740985, 1.80087686, 1.74773026, 2.96825409, -0.28846979
2361, 28741455, 28741968, 1.79997432, 1.75001907, 2.90476227, -0.86540931
2362, 28742455, 28742980, 1.79905200, 1.75192642, 2.77777863, -0.40385768
2363, 28743455, 28743968, 1.79811609, 1.75459671, 2.65079498, -0.86540931
2364, 28744455, 28744986, 1.79717255, 1.75612259, 2.52381134, -0.75002146
2365, 28745455, 28745982, 1.79622805, 1.75841141, 2.39682770, -0.63463354
2366, 28746455, 28746984, 1.79528725, 1.75993729, 2.30158997, -0.51924562
2367, 28747455, 28747981, 1.79435539, 1.76184464, 2.14286041, -0.51924562
2368, 28748455, 28748989, 1.79343569, 1.76337051, 2.04762268, -0.17308187
2369, 28749455, 28749987, 1.79253209, 1.76489639, 1.92063141, -0.63463354
2370, 28750455, 28750983, 1.79164696, 1.76604080, 1.82539368, -0.75002146
2371, 28751455, 28751985, 1.79078209, 1.76756668, 1.69841003, -0.51924562
2372, 28752455, 28752982, 1.78993833, 1.76832962, 1.60317230, -1.09618521
2373, 28753455, 28753986, 1.78911579, 1.76985550, 1.50793457, -1.44234896
2374, 28754455, 28754984, 1.78831387, 1.77099991, 1.41269684, -1.09618521
2375, 28755455, 28755982, 1.78753185, 1.77176285, 1.31745911, -0.98079723
2376, 28756455, 28756984, 1.78676748, 1.77252579, 1.22222137, -0.63463354
2377, 28757455, 28757980, 1.78601885, 1.77328873, 1.15872955, -0.51924562
2378, 28758455, 28758983, 1.78528309, 1.77405167, 1.06349182, -0.63463354
2379, 28759455, 28759983, 1.78455675, 1.77481461, 0.96825409, -0.40385768
2380, 28760455, 28760981, 1.78383589, 1.77519608, 0.87301636, -0.51924562
2381, 28761455, 28761979, 1.78311598, 1.77557755, 0.77777863, -0.40385768
2382, 28762455, 28762985, 1.78239191, 1.77595901, 0.68254089, -0.51924562
2383, 28763455, 28763984, 1.78165746, 1.77595901, 0.58730316, -0.40385768
2384, 28764455, 28764990, 1.78090656, 1.77634048, 0.52381134, -0.17308187
2385, 28765455, 28765984, 1.78013468, 1.77634048, 0.42857361, -0.28846979
2386, 28766455, 28766982, 1.77933526, 1.77634048, 0.33333588, -0.28846979
2387, 28767455, 28767986, 1.77850068, 1.77634048, 0.23809814, -0.17308187
2388, 28768455, 28768982, 1.77762544, 1.77634048, 0.17460632, -0.17308187
2389, 28769455, 28769986, 1.77670360, 1.77595901, 0.11111450, -0.17308187
2390, 28770455, 28770985, 1.77572978, 1.77557755, 0.04762268, -0.17308187
2391, 28771455, 28771989, 1.77469730, 1.77557755, -0.01587677, -0.17308187
2392, 28772455, 28772989, 1.77360034, 1.77519608, -0.11111450, -0.05769395
2393, 28773455, 28773981, 1.77243483, 1.77481461, -0.17460632, -0.05769395
2394, 28774455, 28774981, 1.77119601, 1.77405167, -0.23809814, 0.05769395
2395, 28775455, 28775987, 1.76987839, 1.77328873, -0.30158997, 0.05769395
2396, 28776455, 28776984, 1.76847935, 1.77290726, -0.39682770, -0.05769395
2397, 28777455, 28777982, 1.76699412, 1.77214432, -0.46031952, -0.17308187
2398, 28778455, 28778984, 1.76541805, 1.77176285, -0.49206543, 0.17308187
2399, 28779455, 28779984, 1.76374888, 1.77099991, -0.52381134, -0.05769395
2400, 28780455, 28780984, 1.76198316, 1.77061844, -0.58730316, 0.05769395
2401, 28781455, 28781991, 1.76011872, 1.76985550, -0.61904907, -0.40385768
2402, 28782455, 28782987, 1.75815332, 1.76909256, -0.65079498, 0.05769395
2403, 28783455, 28783985, 1.75608385, 1.76832962, -0.65079498, -0.05769395
2404, 28784455, 28784985, 1.75390780, 1.76794815, -0.65079498, 0.05769395
2405, 28785455, 28785985, 1.75162268, 1.76680374, -0.65079498, -0.17308187
2406, 28786455, 28786985, 1.74922609, 1.76604080, -0.68254089, -0.05769395
2407, 28787455, 28787984, 1.74671721, 1.76527786, -0.71428680, 0.05769395
2408, 28788455, 28788984, 1.74409425, 1.76489639, -0.71428680, 0.17308187
2409, 28789455, 28789984, 1.74135625, 1.76413345, -0.71428680, -0.05769395
2410, 28790455, 28790988, 1.73850107, 1.76298904, -0.71428680, -0.40385768
2411, 28791455, 28791986, 1.73552763, 1.76222610, -0.74603271, -0.17308187
2412, 28792455, 28792985, 1.73243558, 1.76184464, -0.74603271, -0.17308187
2413, 28793455, 28793987, 1.72922373, 1.76070023, -0.77777863, 0.05769395
2414, 28794455, 28794983, 1.72589076, 1.75993729, -0.77777863, -0.28846979
2415, 28795455, 28795985, 1.72243488, 1.75917435, -0.77777863, -0.05769395
2416, 28796455, 28796993, 1.71885729, 1.75841141, -0.80952454, -0.05769395
2417, 28797455, 28797985, 1.71515715, 1.75764847, -0.80952454, 0.05769395
2418, 28798455, 28798988, 1.71133399, 1.75650406, -0.80952454, -0.28846979
2419, 28799455, 28799984, 1.70738888, 1.75574112, -0.80952454, -0.05769395
2420, 28800455, 28800984, 1.70332193, 1.75497818, -0.84127045, -0.17308187
2421, 28801455, 28801988, 1.69913507, 1.75383377, -0.87301636, 0.17308187
2422, 28802455, 28802988, 1.69482720, 1.75268936, -0.90476227, 0.05769395
2423, 28803455, 28803988, 1.69040084, 1.75192642, -0.93650818, -0.05769395
2424, 28804455, 28804985, 1.68585587, 1.75040054, -0.96825409, -0.05769395
2425, 28805455, 28805987, 1.68119276, 1.74925613, -1.00000000, 0.17308187
2426, 28806455, 28806981, 1.67641222, 1.74849319, -1.00000000, -0.28846979
2427, 28807455, 28807979, 1.67151642, 1.74734879, -1.06349182, -0.05769395
2428, 28808455, 28808987, 1.66650653, 1.74620438, -1.06349182, -0.05769395
2429, 28809455, 28809982, 1.66138494, 1.74505997, -1.09523773, -0.05769395
2430, 28810455, 28810988, 1.65615320, 1.74391556, -1.09523773, -0.17308187
2431, 28811455, 28811982, 1.65081275, 1.74238968, -1.15872955, -0.17308187
2432, 28812455, 28812986, 1.64536548, 1.74124527, -1.19047546, -0.40385768
2433, 28813455, 28813976, 1.63981211, 1.73971939, -1.22222137, -0.51924562
2434, 28814455, 28814976, 1.63415635, 1.73819351, -1.25396729, -0.86540931
2435, 28815455, 28815985, 1.62840188, 1.73628616, -1.31745911, -0.86540931
2436, 28816455, 28816985, 1.62255061, 1.73476028, -1.38095093, -0.86540931
2437, 28817455, 28817989, 1.61660600, 1.73285294, -1.44444275, -0.86540931
2438, 28818455, 28818985, 1.61057127, 1.73094559, -1.53968430, -1.21157312
2439, 28819455, 28819979, 1.60444891, 1.72865677, -1.60317612, -1.21157312
2440, 28820455, 28820980, 1.59824300, 1.72674942, -1.69841385, -0.98079723
2441, 28821455, 28821984, 1.59195530, 1.72446060, -1.79365158, -1.09618521
2442, 28822455, 28822982, 1.58558822, 1.72179031, -1.92063522, -1.09618521
2443, 28823455, 28823982, 1.57914472, 1.71950150, -2.04761887, -0.98079723
2444, 28824455, 28824984, 1.57262874, 1.71644878, -2.17460251, -1.09618521
2445, 28825455, 28825982, 1.56604314, 1.71377850, -2.30158615, -0.98079723
2446, 28826455, 28826977, 1.55939209, 1.71072674, -2.42856979, -0.86540931
2447, 28827455, 28827985, 1.55267894, 1.70767498, -2.55555725, -0.86540931
2448, 28828455, 28828983, 1.54590845, 1.70462322, -2.65079498, -1.09618521
2449, 28829455, 28829981, 1.53908265, 1.70157146, -2.77777863, -1.78851259
2450, 28830455, 28830983, 1.53220606, 1.69851971, -2.87301636, -1.44234896
2451, 28831455, 28831981, 1.52528119, 1.69546795, -2.93650818, -1.32696104
2452, 28832455, 28832982, 1.51831245, 1.69165325, -3.03174591, -1.32696104
2453, 28833455, 28833984, 1.51130390, 1.68783855, -3.15872955, -1.21157312
2454, 28834455, 28834986, 1.50425875, 1.68402386, -3.28571320, -0.75002146
2455, 28835455, 28835982, 1.49717975, 1.68020916, -3.38095093, -0.75002146
2456, 28836455, 28836980, 1.49007165, 1.67639446, -3.47618866, -0.63463354
2457, 28837455, 28837981, 1.48293555, 1.67219830, -3.57143021, -0.98079723
2458, 28838455, 28838981, 1.47577608, 1.66800213, -3.69841385, -1.09618521
2459, 28839455, 28839981, 1.46859848, 1.66342449, -3.85714340, -0.86540931
2460, 28840455, 28840987, 1.46140766, 1.65922832, -3.95238113, -0.75002146
2461, 28841455, 28841983, 1.45420694, 1.65464973, -4.07936478, -0.86540931
2462, 28842455, 28842982, 1.44699991, 1.65045357, -4.17460251, -0.40385768
2463, 28843455, 28843980, 1.43979323, 1.64549446, -4.23809433, -0.63463354
2464, 28844455, 28844980, 1.43259084, 1.64091682, -4.33333206, -0.75002146
2465, 28845455, 28845984, 1.42539823, 1.63595772, -4.42856979, -0.51924562
2466, 28846455, 28846982, 1.41822135, 1.63099861, -4.55555725, -0.98079723
2467, 28847455, 28847980, 1.41106534, 1.62603951, -4.61904907, -0.63463354
2468, 28848455, 28848981, 1.40393567, 1.62108040, -4.71428680, -0.75002146
2469, 28849455, 28849981, 1.39683950, 1.61573982, -4.80952454, -0.51924562
2470, 28850455, 28850983, 1.38978302, 1.61039925, -4.90476227, -0.51924562
2471, 28851455, 28851979, 1.38277376, 1.60544014, -5.00000000, -0.28846979
2472, 28852455, 28852983, 1.37581968, 1.60009956, -5.06349182, -0.75002146
2473, 28853455, 28853977, 1.36892796, 1.59437752, -5.15872955, -0.63463354
2474, 28854455, 28854978, 1.36210728, 1.58903599, -5.22222137, -0.28846979
2475, 28855455, 28855978, 1.35536563, 1.58369541, -5.28571320, -0.51924562
2476, 28856455, 28856978, 1.34871042, 1.57797337, -5.34920502, -0.40385768
2477, 28857455, 28857980, 1.34215009, 1.57225132, -5.41269684, -0.40385768
2478, 28858455, 28858982, 1.33569491, 1.56691074, -5.44444275, -0.28846979
2479, 28859455, 28859978, 1.32935417, 1.56118870, -5.50793839, -0.40385768
2480, 28860455, 28860977, 1.32313740, 1.55508518, -5.53968430, -0.28846979
2481, 28861455, 28861977, 1.31705165, 1.54898167, -5.63492203, 0.17308187
2482, 28862455, 28862977, 1.31110919, 1.54287815, -5.69841385, 0.17308187
2483, 28863455, 28863973, 1.30531907, 1.53677464, -5.76190567, -0.40385768
2484, 28864455, 28864977, 1.29968917, 1.53105164, -5.82539749, -0.40385768
2485, 28865455, 28865980, 1.29422975, 1.52494812, -5.92063522, -0.17308187
2486, 28866455, 28866976, 1.28895068, 1.51884460, -5.95238113, -0.17308187
2487, 28867455, 28867978, 1.28386009, 1.51274109, -6.01587296, -0.05769395
2488, 28868455, 28868976, 1.27896476, 1.50663757, -6.07936478, 0.05769395
2489, 28869455, 28869976, 1.27426970, 1.50015259, -6.04761887, 0.05769395
2490, 28870455, 28870979, 1.26977944, 1.49404907, -6.07936478, -0.05769395
2491, 28871455, 28871977, 1.26549780, 1.48794556, -6.11111069, 0.40385768
2492, 28872455, 28872977, 1.26142454, 1.48184204, -6.14285660, -0.05769395
2493, 28873455, 28873985, 1.25756049, 1.47535706, -6.17460251, 0.17308187
2494, 28874455, 28874987, 1.25390172, 1.46887207, -6.17460251, 0.05769395
2495, 28875455, 28875975, 1.25044000, 1.46276760, -6.20634842, -0.17308187
2496, 28876455, 28876976, 1.24716675, 1.45628262, -6.20634842, 0.17308187
2497, 28877455, 28877982, 1.24407065, 1.45017910, -6.30158615, 0.51924562
2498, 28878455, 28878972, 1.24113905, 1.44369411, -6.26984024, 0.28846979
2499, 28879455, 28879982, 1.23836195, 1.43759060, -6.30158615, 0.28846979
2500, 28880455, 28880974, 1.23572636, 1.43148708, -6.30158615, 0.05769395
2501, 28881455, 28881972, 1.23322153, 1.42538357, -6.26984024, 0.51924562
2502, 28882455, 28882971, 1.23083854, 1.41928005, -6.26984024, 0.86540931
2503, 28883455, 28883969, 1.22857130, 1.41317654, -6.23809433, 0.86540931
2504, 28884455, 28884981, 1.22641456, 1.40707302, -6.20634842, 1.09618521
2505, 28885455, 28885981, 1.22436309, 1.40135002, -6.17460251, 1.21157312
2506, 28886455, 28886973, 1.22241652, 1.39524651, -6.14285660, 0.86540931
2507, 28887455, 28887974, 1.22057581, 1.38952446, -6.07936478, 1.32696104
2508, 28888455, 28888984, 1.21884012, 1.38380241, -6.01587296, 1.67312467
2509, 28889455, 28889980, 1.21721292, 1.37846184, -5.98412704, 1.21157312
2510, 28890455, 28890986, 1.21569526, 1.37273979, -5.88888931, 1.67312467
2511, 28891455, 28891972, 1.21429229, 1.36739922, -5.79365158, 0.86540931
2512, 28892455, 28892982, 1.21300781, 1.36244011, -5.69841385, 1.09618521
2513, 28893455, 28893971, 1.21184611, 1.35709953, -5.60317612, 1.55773675
2514, 28894455, 28894981, 1.21080983, 1.35252190, -5.44444275, 1.90390050
2515, 28895455, 28895981, 1.20989966, 1.34794426, -5.34920502, 1.55773675
2516, 28896455, 28896983, 1.20911801, 1.34298420, -5.22222137, 1.67312467
2517, 28897455, 28897981, 1.20846772, 1.33878803, -5.09523773, 1.55773675
2518, 28898455, 28898981, 1.20795047, 1.33421040, -4.93650818, 1.32696104
2519, 28899455, 28899981, 1.20756924, 1.33001423, -4.80952454, 0.98079723
2520, 28900455, 28900980, 1.20732653, 1.32619953, -4.68254089, 1.44234896
2521, 28901455, 28901978, 1.20722497, 1.32200336, -4.52381134, 1.67312467
2522, 28902455, 28902980, 1.20726860, 1.31818867, -4.39682388, 1.55773675
2523, 28903455, 28903978, 1.20745993, 1.31475544, -4.26984024, 1.44234896
2524, 28904455, 28904982, 1.20780170, 1.31132221, -4.11111069, 1.44234896
2525, 28905455, 28905983, 1.20829642, 1.30827045, -4.14285660, 1.55773675
2526, 28906455, 28906981, 1.20894766, 1.30483723, -3.85714340, 1.67312467
2527, 28907455, 28907981, 1.20975721, 1.30178547, -3.69841385, 1.44234896
2528, 28908455, 28908981, 1.21072721, 1.29873371, -3.57143021, 1.21157312
2529, 28909455, 28909979, 1.21185982, 1.29606342, -3.41269684, 1.09618521
2530, 28910455, 28910983, 1.21315634, 1.29339314, -3.25396729, 1.55773675
2531, 28911455, 28911982, 1.21461701, 1.29072285, -3.12698364, 1.44234896
2532, 28912455, 28912980, 1.21624219, 1.28843403, -3.00000000, 1.55773675
2533, 28913455, 28913978, 1.21803010, 1.28614521, -2.71428680, 1.44234896
2534, 28914455, 28914978, 1.21998072, 1.28385639, -2.71428680, 1.55773675
2535, 28915455, 28915978, 1.22209513, 1.28194904, -2.61904907, 1.90390050
2536, 28916455, 28916976, 1.22437239, 1.27965927, -2.49206161, 1.32696104
2537, 28917455, 28917981, 1.22681248, 1.27813339, -2.36507797, 1.55773675
2538, 28918455, 28918977, 1.22941494, 1.27660751, -2.23809433, 1.67312467
2539, 28919455, 28919979, 1.23217988, 1.27470016, -2.14285660, 1.55773675
2540, 28920455, 28920983, 1.23510516, 1.27355576, -2.01587296, 1.44234896
2541, 28921455, 28921991, 1.23818982, 1.27202988, -1.88888931, 1.78851259
2542, 28922455, 28922986, 1.24143219, 1.27088547, -1.73015976, 1.44234896
2543, 28923455, 28923982, 1.24483049, 1.26974106, -1.60317612, 1.44234896
2544, 28924455, 28924990, 1.24838257, 1.26897812, -1.47618866, 1.21157312
2545, 28925455, 28925988, 1.25208473, 1.26783371, -1.38095093, 1.44234896
2546, 28926455, 28926986, 1.25593603, 1.26745224, -1.25396729, 1.32696104
2547, 28927455, 28927981, 1.25993288, 1.26668930, -1.12698364, 1.21157312
2548, 28928455, 28928983, 1.26407290, 1.26630783, -1.00000000, 0.86540931
2549, 28929455, 28929983, 1.26835418, 1.26592636, -0.87301636, 1.32696104
2550, 28930455, 28930983, 1.27277362, 1.26592636, -0.74603271, 1.32696104
2551, 28931455, 28931985, 1.27732992, 1.26554489, -0.80952454, 1.09618521
2552, 28932455, 28932979, 1.28201985, 1.26592636, -0.58730316, 1.32696104
2553, 28933455, 28933977, 1.28683937, 1.26592636, -0.39682770, 0.75002146
2554, 28934455, 28934984, 1.29178584, 1.26630783, -0.26984406, 1.21157312
2555, 28935455, 28935986, 1.29685450, 1.26668930, -0.14286041, 1.32696104
2556, 28936455, 28936980, 1.30204046, 1.26707077, -0.04762268, 1.32696104
2557, 28937455, 28937988, 1.30733824, 1.26745224, 0.04762268, 1.32696104
2558, 28938455, 28938986, 1.31274152, 1.26783371, 0.17460632, 0.98079723
2559, 28939455, 28939984, 1.31824398, 1.26859665, 0.46031952, 1.32696104
2560, 28940455, 28940985, 1.32384074, 1.26974106, 0.42857361, 0.98079723
2561, 28941455, 28941977, 1.32952535, 1.27050400, 0.46031952, 1.55773675
2562, 28942455, 28942987, 1.33529258, 1.27126694, 0.58730316, 1.32696104
2563, 28943455, 28943983, 1.34113550, 1.27279282, 0.65079498, 1.67312467
2564, 28944455, 28944981, 1.34704721, 1.27355576, 0.77777863, 1.55773675
2565, 28945455, 28945982, 1.35302079, 1.27508163, 0.87301636, 1.55773675
2566, 28946455, 28946980, 1.35905206, 1.27660751, 0.96825409, 1.44234896
2567, 28947455, 28947986, 1.36513507, 1.27813339, 1.03174591, 1.55773675
2568, 28948455, 28948982, 1.37126470, 1.27965927, 1.15872955, 1.44234896
2569, 28949455, 28949982, 1.37743819, 1.28156757, 1.25396729, 1.44234896
2570, 28950455, 28950978, 1.38365269, 1.28347492, 1.38095093, 1.78851259
2571, 28951455, 28951981, 1.38990498, 1.28538227, 1.47618866, 1.90390050
2572, 28952455, 28952981, 1.39619136, 1.28767109, 1.57142639, 2.01928854
2573, 28953455, 28953977, 1.40250838, 1.28957844, 1.69841003, 1.67312467
2574, 28954455, 28954979, 1.40885043, 1.29224873, 1.82539368, 1.78851259
2575, 28955455, 28955981, 1.41521561, 1.29453754, 1.95237732, 1.44234896
2576, 28956455, 28956983, 1.42160058, 1.29720783, 2.04762268, 1.21157312
2577, 28957455, 28957984, 1.42800188, 1.29987812, 2.17460632, 1.44234896
2578, 28958455, 28958980, 1.43441546, 1.30292988, 2.26984406, 1.44234896
2579, 28959455, 28959984, 1.44083786, 1.30560017, 2.42857361, 1.67312467
2580, 28960455, 28960986, 1.44726551, 1.30865192, 2.52381134, 1.55773675
2581, 28961455, 28961984, 1.45369434, 1.31170368, 2.61904907, 1.44234896
2582, 28962455, 28962974, 1.46012068, 1.31475544, 2.71428680, 1.32696104
2583, 28963455, 28963983, 1.46654212, 1.31818867, 2.80952454, 1.67312467
2584, 28964455, 28964975, 1.47295487, 1.32124043, 2.93650818, 1.44234896
2585, 28965455, 28965985, 1.47935450, 1.32505512, 3.03174591, 1.44234896
2586, 28966455, 28966983, 1.48573840, 1.32848835, 3.12698364, 1.21157312
2587, 28967455, 28967983, 1.49210227, 1.33230305, 3.22222137, 1.09618521
2588, 28968455, 28968983, 1.49844253, 1.33611774, 3.31745911, 1.32696104
2589, 28969455, 28969982, 1.50475490, 1.33993244, 3.41269684, 1.44234896
2590, 28970455, 28970984, 1.51103461, 1.34412956, 3.53968048, 1.09618521
2591, 28971455, 28971984, 1.51727736, 1.34832573, 3.63491821, 1.09618521
2592, 28972455, 28972984, 1.52348077, 1.35214043, 3.73015594, 1.21157312
2593, 28973455, 28973978, 1.52964032, 1.35633659, 3.79364777, 1.32696104
2594, 28974455, 28974979, 1.53575182, 1.36053276, 3.88888550, 1.09618521
2595, 28975455, 28975985, 1.54181206, 1.36472893, 3.98412323, 0.86540931
2596, 28976455, 28976981, 1.54781687, 1.36968803, 4.04762268, 1.09618521
2597, 28977455, 28977981, 1.55376244, 1.37388420, 4.14286041, 0.98079723
2598, 28978455, 28978981, 1.55964458, 1.37846184, 4.23809814, 0.98079723
2599, 28979455, 28979981, 1.56546104, 1.38265800, 4.26984406, 0.98079723
2600, 28980455, 28980982, 1.57120717, 1.38761711, 4.33333588, 1.21157312
2601, 28981455, 28981986, 1.57687950, 1.39219475, 4.42857361, 1.09618521
2602, 28982455, 28982982, 1.58247423, 1.39677238, 4.46031952, 0.75002146
2603, 28983455, 28983982, 1.58798754, 1.40173149, 4.49206543, 0.63463354
2604, 28984455, 28984978, 1.59341645, 1.40631008, 4.58730316, 0.75002146
2605, 28985455, 28985980, 1.59875715, 1.41126919, 4.65079498, 0.63463354
2606, 28986455, 28986983, 1.60400784, 1.41622829, 4.68254089, 0.86540931
2607, 28987455, 28987981, 1.60916460, 1.42118740, 4.71428680, 0.98079723
2608, 28988455, 28988983, 1.61422348, 1.42576504, 4.77777863, 0.98079723
2609, 28989455, 28989979, 1.61917996, 1.43072414, 4.77777863, 0.75002146
2610, 28990455, 28990979, 1.62403107, 1.43568325, 4.84127045, 0.86540931
2611, 28991455, 28991984, 1.62877285, 1.44064236, 4.87301636, 0.75002146
2612, 28992455, 28992980, 1.63340187, 1.44598293, 4.87301636, 0.86540931
2613, 28993455, 28993980, 1.63791335, 1.45094204, 4.90476227, 0.86540931
2614, 28994455, 28994980, 1.64230359, 1.45551968, 4.90476227, 0.40385768
2615, 28995455, 28995976, 1.64656901, 1.46086025, 4.93650818, 0.40385768
2616, 28996455, 28996987, 1.65070617, 1.46581936, 4.96825409, 0.05769395
2617, 28997455, 28997979, 1.65471280, 1.47116089, 5.00000000, 0.51924562
2618, 28998455, 28998979, 1.65858471, 1.47612000, 5.00000000, 0.40385768
2619, 28999455, 28999981, 1.66231811, 1.48146057, 5.03174591, 0.51924562
2620, 29000455, 29000983, 1.66591179, 1.48641968, 5.06349182, 0.86540931
2621, 29001455, 29001983, 1.66936278, 1.49176025, 5.09523773, 0.40385768
2622, 29002455, 29002978, 1.67266917, 1.49671936, 5.12698364, 0.28846979
2623, 29003455, 29003980, 1.67583048, 1.50205994, 5.12698364, 0.17308187
2624, 29004455, 29004982, 1.67884564, 1.50663757, 5.09523773, 0.17308187
2625, 29005455, 29005982, 1.68171334, 1.51197815, 5.09523773, 0.28846979
2626, 29006455, 29006984, 1.68443167, 1.51693726, 5.06349182, 0.28846979
2627, 29007455, 29007980, 1.68699992, 1.52189636, 5.03174591, 0.05769395
2628, 29008455, 29008979, 1.68941748, 1.52647400, 5.03174591, 0.05769395
2629, 29009455, 29009981, 1.69168413, 1.53181553, 4.96825409, -0.28846979
2630, 29010455, 29010979, 1.69380128, 1.53639317, 4.96825409, -0.17308187
2631, 29011455, 29011979, 1.69577014, 1.54135227, 4.93650818, 0.05769395
2632, 29012455, 29012979, 1.69759297, 1.54631138, 4.90476227, 0.17308187
2633, 29013455, 29013977, 1.69927192, 1.55088902, 4.87301636, 0.28846979
2634, 29014455, 29014980, 1.70080876, 1.55546665, 4.84127045, 0.05769395
2635, 29015455, 29015980, 1.70220613, 1.56042576, 4.84127045, -0.05769395
2636, 29016455, 29016978, 1.70346677, 1.56500340, 4.77777863, 0.05769395
2637, 29017455, 29017974, 1.70459485, 1.56958103, 4.77777863, -0.28846979
2638, 29018455, 29018976, 1.70559525, 1.57415867, 4.71428680, -0.05769395
2639, 29019455, 29019975, 1.70647562, 1.57835484, 4.65079498, -0.05769395
2640, 29020455, 29020977, 1.70724237, 1.58293247, 4.61904907, 0.05769395
2641, 29021455, 29021977, 1.70789945, 1.58751011, 4.58730316, 0.17308187
2642, 29022455, 29022973, 1.70845175, 1.59132481, 4.52381134, -0.05769395
2643, 29023455, 29023973, 1.70890462, 1.59552193, 4.46031952, -0.05769395
2644, 29024455, 29024974, 1.70926166, 1.60009956, 4.39682770, -0.51924562
2645, 29025455, 29025972, 1.70952642, 1.60391426, 4.33333588, -0.51924562
2646, 29026455, 29026970, 1.70970392, 1.60811043, 4.30158997, -0.40385768
2647, 29027455, 29027972, 1.70980012, 1.61230659, 4.23809814, -0.28846979
2648, 29028455, 29028976, 1.70982134, 1.61573982, 4.17460632, -0.51924562
2649, 29029455, 29029974, 1.70977449, 1.61993599, 4.11111450, -0.51924562
2650, 29030455, 29030977, 1.70966601, 1.62336922, 4.04762268, -0.75002146
2651, 29031455, 29031987, 1.70950413, 1.62680244, 3.95237732, -0.63463354
2652, 29032455, 29032981, 1.70929658, 1.63023567, 3.85713959, -0.40385768
2653, 29033455, 29033969, 1.70905268, 1.63366890, 3.76190186, -0.75002146
2654, 29034455, 29034971, 1.70877922, 1.63672066, 3.66666412, -0.75002146
2655, 29035455, 29035983, 1.70848393, 1.63977242, 3.57142639, -0.98079723
2656, 29036455, 29036984, 1.70817363, 1.64282417, 3.44444275, -0.63463354
2657, 29037455, 29037980, 1.70785642, 1.64549446, 3.28571320, -0.86540931
2658, 29038455, 29038972, 1.70753813, 1.64778328, 3.15872955, -0.40385768
2659, 29039455, 29039984, 1.70722580, 1.65083504, 3.03174591, -0.75002146
2660, 29040455, 29040984, 1.70692444, 1.65274239, 2.93650818, -0.40385768
2661, 29041455, 29041971, 1.70664096, 1.65503120, 2.77777863, -0.86540931
2662, 29042455, 29042981, 1.70638061, 1.65732098, 2.65079498, -0.63463354
2663, 29043455, 29043969, 1.70614874, 1.65922832, 2.52381134, -0.63463354
2664, 29044455, 29044985, 1.70594966, 1.66113567, 2.42857361, -0.75002146
2665, 29045455, 29045981, 1.70578790, 1.66342449, 2.33333588, -0.86540931
2666, 29046455, 29046979, 1.70566630, 1.66533184, 2.23809814, -0.98079723
2667, 29047455, 29047978, 1.70558703, 1.66685772, 2.11111450, -1.09618521
2668, 29048455, 29048986, 1.70555091, 1.66876507, 2.01587677, -0.86540931
2669, 29049455, 29049986, 1.70555902, 1.66990948, 1.95237732, -0.75002146
2670, 29050455, 29050982, 1.70561135, 1.67143536, 1.82539368, -0.63463354
2671, 29051455, 29051982, 1.70570755, 1.67296124, 1.73015594, -0.51924562
2672, 29052455, 29052980, 1.70584500, 1.67372417, 1.63491821, -0.63463354
2673, 29053455, 29053981, 1.70602119, 1.67486858, 1.53968048, -0.51924562
2674, 29054455, 29054979, 1.70623243, 1.67601299, 1.41269684, -0.51924562
2675, 29055455, 29055983, 1.70647454, 1.67715740, 1.31745911, -0.40385768
2676, 29056455, 29056985, 1.70674133, 1.67792034, 1.25396729, -0.17308187
2677, 29057455, 29057983, 1.70702684, 1.67868328, 1.15872955, -0.17308187
2678, 29058455, 29058982, 1.70732474, 1.67982769, 1.09523773, -0.28846979
2679, 29059455, 29059986, 1.70762813, 1.68020916, 1.00000000, -0.05769395
2680, 29060455, 29060982, 1.70792997, 1.68097210, 0.90476227, -0.28846979
2681, 29061455, 29061988, 1.70822203, 1.68135357, 0.87301636, -0.17308187
2682, 29062455, 29062984, 1.70849574, 1.68211651, 0.77777863, -0.05769395
2683, 29063455, 29063980, 1.70874274, 1.68249798, 0.71428680, -0.05769395
2684, 29064455, 29064985, 1.70895505, 1.68287945, 0.65079498, -0.05769395
2685, 29065455, 29065985, 1.70912397, 1.68287945, 0.58730316, -0.05769395
2686, 29066455, 29066985, 1.70924139, 1.68287945, 0.49206543, 0.05769395
2687, 29067455, 29067983, 1.70929897, 1.68287945, 0.39682770, -0.05769395
2688, 29068455, 29068981, 1.70929027, 1.68287945, 0.33333588, -0.05769395
2689, 29069455, 29069982, 1.70920801, 1.68287945, 0.23809814, -0.05769395
2690, 29070455, 29070980, 1.70904505, 1.68287945, 0.14286041, 0.28846979
2691, 29071455, 29071984, 1.70879591, 1.68287945, 0.04762268, 0.28846979
2692, 29072455, 29072982, 1.70845389, 1.68249798, -0.01587677, 0.17308187
2693, 29073455, 29073980, 1.70801306, 1.68249798, -0.04762268, 0.40385768
2694, 29074455, 29074986, 1.70747006, 1.68211651, -0.11111450, 0.05769395
2695, 29075455, 29075981, 1.70682025, 1.68211651, -0.14286041, 0.28846979
2696, 29076455, 29076979, 1.70605910, 1.68173504, -0.14286041, 0.40385768
2697, 29077455, 29077979, 1.70518386, 1.68135357, -0.20635223, 0.40385768
2698, 29078455, 29078981, 1.70419204, 1.68097210, -0.20635223, 0.17308187
2699, 29079455, 29079977, 1.70308065, 1.68059063, -0.20635223, 0.40385768
2700, 29080455, 29080979, 1.70184672, 1.68020916, -0.23809814, 0.28846979
2701, 29081455, 29081986, 1.70048869, 1.68020916, -0.26984406, 0.40385768
2702, 29082455, 29082986, 1.69900548, 1.67982769, -0.26984406, 0.40385768
2703, 29083455, 29083982, 1.69739568, 1.67982769, -0.30158997, 0.40385768
2704, 29084455, 29084982, 1.69565773, 1.67944622, -0.30158997, 0.28846979
2705, 29085455, 29085982, 1.69379008, 1.67906475, -0.30158997, 0.28846979
2706, 29086455, 29086981, 1.69179296, 1.67868328, -0.26984406, 0.28846979
2707, 29087455, 29087983, 1.68966639, 1.67868328, -0.30158997, 0.17308187
2708, 29088455, 29088987, 1.68740928, 1.67830181, -0.30158997, 0.05769395
2709, 29089455, 29089983, 1.68502152, 1.67830181, -0.26984406, 0.28846979
2710, 29090455, 29090983, 1.68250299, 1.67792034, -0.26984406, 0.17308187
2711, 29091455, 29091986, 1.67985404, 1.67792034, -0.23809814, 0.05769395
2712, 29092455, 29092982, 1.67707598, 1.67753887, -0.23809814, 0.05769395
2713, 29093455, 29093984, 1.67416966, 1.67715740, -0.23809814, 0.05769395
2714, 29094455, 29094984, 1.67113554, 1.67715740, -0.23809814, 0.05769395
2715, 29095455, 29095982, 1.66797554, 1.67715740, -0.20635223, 0.05769395
2716, 29096455, 29096980, 1.66469121, 1.67677593, -0.20635223, -0.05769395
2717, 29097455, 29097981, 1.66128433, 1.67639446, -0.20635223, 0.05769395
2718, 29098455, 29098981, 1.65775752, 1.67639446, -0.23809814, 0.05769395
2719, 29099455, 29099985, 1.65411472, 1.67601299, -0.23809814, 0.05769395
2720, 29100455, 29100985, 1.65035856, 1.67563152, -0.26984406, 0.05769395
2721, 29101455, 29101991, 1.64649057, 1.67525005, -0.26984406, -0.17308187
2722, 29102455, 29102981, 1.64251411, 1.67486858, -0.26984406, -0.17308187
2723, 29103455, 29103988, 1.63843286, 1.67486858, -0.26984406, -0.05769395
2724, 29104455, 29104988, 1.63425112, 1.67410564, -0.30158997, -0.17308187
2725, 29105455, 29105990, 1.62997174, 1.67372417, -0.30158997, -0.17308187
2726, 29106455, 29106992, 1.62559760, 1.67372417, -0.30158997, -0.17308187
2727, 29107455, 29107986, 1.62113190, 1.67334270, -0.33333588, -0.17308187
2728, 29108455, 29108978, 1.61657691, 1.67257977, -0.36508179, -0.63463354
2729, 29109455, 29109979, 1.61193633, 1.67219830, -0.39682770, -0.40385768
2730, 29110455, 29110987, 1.60721385, 1.67143536, -0.42857361, -0.40385768
2731, 29111455, 29111977, 1.60241282, 1.67105389, -0.46031952, -0.51924562
2732, 29112455, 29112983, 1.59753597, 1.66990948, -0.52381134, -0.63463354
2733, 29113455, 29113987, 1.59258640, 1.66952801, -0.55555725, -0.63463354
2734, 29114455, 29114982, 1.58756566, 1.66876507, -0.58730316, -0.63463354
2735, 29115455, 29115980, 1.58247685, 1.66762066, -0.61904907, -0.75002146
2736, 29116455, 29116986, 1.57732296, 1.66647625, -0.71428680, -0.86540931
2737, 29117455, 29117982, 1.57210720, 1.66571331, -0.74603271, -0.98079723
2738, 29118455, 29118986, 1.56683230, 1.66418743, -0.84127045, -1.44234896
2739, 29119455, 29119987, 1.56149995, 1.66304302, -0.90476227, -1.09618521
2740, 29120455, 29120983, 1.55611300, 1.66113567, -1.00000000, -0.75002146
2741, 29121455, 29121987, 1.55067289, 1.65999126, -1.09523773, -0.98079723
2742, 29122455, 29122987, 1.54518211, 1.65770245, -1.22222137, -1.21157312
2743, 29123455, 29123987, 1.53964365, 1.65579414, -1.34920502, -1.09618521
2744, 29124455, 29124989, 1.53406012, 1.65426826, -1.47618866, -0.98079723
2745, 29125455, 29125986, 1.52843440, 1.65159798, -1.60317612, -1.21157312
2746, 29126455, 29126988, 1.52276850, 1.64930916, -1.76190567, -0.75002146
2747, 29127455, 29127984, 1.51706529, 1.64702034, -1.88888931, -0.98079723
2748, 29128455, 29128992, 1.51132798, 1.64473152, -2.01587296, -0.75002146
2749, 29129455, 29129984, 1.50555897, 1.64206123, -2.11111069, -1.09618521
2750, 29130455, 29130986, 1.49976134, 1.63939095, -2.23809433, -1.55773675
2751, 29131455, 29131985, 1.49393892, 1.63672066, -2.33333206, -1.32696104
2752, 29132455, 29132985, 1.48809469, 1.63405037, -2.39682388, -1.21157312
2753, 29133455, 29133989, 1.48223269, 1.63138008, -2.52381134, -0.86540931
2754, 29134455, 29134985, 1.47635698, 1.62832832, -2.58730316, -0.75002146
2755, 29135455, 29135981, 1.47047186, 1.62489510, -2.68254089, -0.98079723
2756, 29136455, 29136984, 1.46458042, 1.62184334, -2.77777863, -0.86540931
2757, 29137455, 29137986, 1.45868599, 1.61841011, -2.90476227, -0.86540931
2758, 29138455, 29138984, 1.45279360, 1.61459541, -3.00000000, -0.17308187
2759, 29139455, 29139984, 1.44690740, 1.61116219, -3.12698364, -0.63463354
2760, 29140455, 29140982, 1.44103229, 1.60734749, -3.22222137, -0.98079723
2761, 29141455, 29141988, 1.43517363, 1.60353279, -3.34920502, -0.98079723
2762, 29142455, 29142983, 1.42933524, 1.60009956, -3.44444275, -0.75002146
2763, 29143455, 29143987, 1.42352211, 1.59590340, -3.53968430, -0.75002146
2764, 29144455, 29144981, 1.41773999, 1.59208775, -3.63492203, -0.51924562
2765, 29145455, 29145983, 1.41199338, 1.58789158, -3.73015976, -0.51924562
2766, 29146455, 29146985, 1.40628850, 1.58407688, -3.79365158, -0.63463354
2767, 29147455, 29147986, 1.40063179, 1.57988071, -3.88888931, -0.98079723
2768, 29148455, 29148984, 1.39502788, 1.57530308, -3.95238113, -0.51924562
2769, 29149455, 29149982, 1.38948309, 1.57110691, -4.04761887, -0.51924562
2770, 29150455, 29150982, 1.38400257, 1.56691074, -4.11111069, -0.98079723
2771, 29151455, 29151980, 1.37859261, 1.56233311, -4.14285660, -0.51924562
2772, 29152455, 29152976, 1.37326145, 1.55775547, -4.20634842, -0.40385768
2773, 29153455, 29153977, 1.36801612, 1.55355930, -4.26984024, -0.51924562
2774, 29154455, 29154975, 1.36286259, 1.54898167, -4.33333206, -0.40385768
2775, 29155455, 29155977, 1.35780883, 1.54440403, -4.39682388, -0.40385768
2776, 29156455, 29156975, 1.35286200, 1.53982639, -4.42856979, -0.51924562
2777, 29157455, 29157977, 1.34803009, 1.53486729, -4.46031570, -0.05769395
2778, 29158455, 29158977, 1.34332037, 1.52990723, -4.52381134, -0.05769395
2779, 29159455, 29159974, 1.33874130, 1.52532959, -4.61904907, -0.28846979
2780, 29160455, 29160978, 1.33430147, 1.51998901, -4.68254089, 0.17308187
2781, 29161455, 29161978, 1.33000934, 1.51502991, -4.74603271, 0.05769395
2782, 29162455, 29162978, 1.32587302, 1.51007080, -4.80952454, -0.05769395
2783, 29163455, 29163976, 1.32190096, 1.50511169, -4.84127045, -0.05769395
2784, 29164455, 29164977, 1.31810009, 1.50015259, -4.90476227, -0.17308187
2785, 29165455, 29165975, 1.31447804, 1.49557495, -4.93650818, -0.05769395
2786, 29166455, 29166975, 1.31104124, 1.49023438, -4.96825409, 0.05769395
2787, 29167455, 29167975, 1.30779350, 1.48527527, -4.96825409, 0.05769395
2788, 29168455, 29168977, 1.30473638, 1.47993469, -4.96825409, -0.05769395
2789, 29169455, 29169973, 1.30187094, 1.47497559, -5.00000000, -0.05769395
2790, 29170455, 29170974, 1.29919827, 1.46963501, -5.03174591, 0.28846979
2791, 29171455, 29171980, 1.29671824, 1.46467495, -5.09523773, 0.05769395
2792, 29172455, 29172978, 1.29442799, 1.45933437, -5.09523773, 0.17308187
2793, 29173455, 29173974, 1.29232442, 1.45437527, -5.12698364, 0.17308187
2794, 29174455, 29174972, 1.29040301, 1.44941616, -5.15872955, 0.05769395
2795, 29175455, 29175975, 1.28865564, 1.44407558, -5.15872955, 0.17308187
2796, 29176455, 29176977, 1.28707254, 1.43911648, -5.15872955, 0.40385768
2797, 29177455, 29177971, 1.28564513, 1.43377590, -5.15872955, 0.28846979
2798, 29178455, 29178983, 1.28436601, 1.42881680, -5.12698364, 0.40385768
2799, 29179455, 29179983, 1.28322577, 1.42423916, -5.09523773, 1.09618521
2800, 29180455, 29180983, 1.28221285, 1.41889858, -5.09523773, 1.21157312
2801, 29181455, 29181984, 1.28131485, 1.41432095, -5.06349182, 0.98079723
2802, 29182455, 29182972, 1.28052068, 1.40936184, -5.00000000, 1.21157312
2803, 29183455, 29183980, 1.27982128, 1.40478325, -4.96825409, 1.21157312
2804, 29184455, 29184984, 1.27920902, 1.40020561, -4.90476227, 0.86540931
2805, 29185455, 29185968, 1.27867615, 1.39562798, -4.87301636, 1.09618521
2806, 29186455, 29186972, 1.27821648, 1.39143181, -4.77777863, 1.90390050
2807, 29187455, 29187983, 1.27782702, 1.38723564, -4.71428680, 2.01928854
2808, 29188455, 29188981, 1.27750456, 1.38303947, -4.58730316, 1.55773675
2809, 29189455, 29189981, 1.27724743, 1.37922478, -4.46031570, 1.21157312
2810, 29190455, 29190979, 1.27705634, 1.37579155, -4.52381134, 1.67312467
2811, 29191455, 29191969, 1.27693319, 1.37197685, -4.26984024, 1.67312467
2812, 29192455, 29192990, 1.27688217, 1.36854362, -4.14285660, 1.32696104
2813, 29193455, 29193982, 1.27690828, 1.36511040, -3.98412704, 1.09618521
2814, 29194455, 29194984, 1.27701676, 1.36167717, -3.85714340, 1.32696104
2815, 29195455, 29195978, 1.27721322, 1.35862541, -3.69841385, 2.01928854
2816, 29196455, 29196982, 1.27750361, 1.35557365, -3.57143021, 1.67312467
2817, 29197455, 29197982, 1.27789330, 1.35252190, -3.47618866, 1.67312467
2818, 29198455, 29198979, 1.27838755, 1.34985161, -3.15872955, 0.98079723
2819, 29199455, 29199983, 1.27899051, 1.34756279, -3.15872955, 1.32696104
2820, 29200455, 29200981, 1.27970564, 1.34489250, -3.06349182, 0.98079723
2821, 29201455, 29201985, 1.28053486, 1.34222126, -3.03174591, 1.32696104
2822, 29202455, 29202983, 1.28147924, 1.34031391, -2.84127045, 1.21157312
2823, 29203455, 29203983, 1.28254032, 1.33802509, -2.71428680, 1.44234896
2824, 29204455, 29204982, 1.28371906, 1.33611774, -2.58730316, 1.44234896
2825, 29205455, 29205982, 1.28501654, 1.33382893, -2.42856979, 0.75002146
2826, 29206455, 29206982, 1.28643405, 1.33230305, -2.33333206, 1.32696104
2827, 29207455, 29207986, 1.28797305, 1.33039570, -2.23809433, 0.98079723
2828, 29208455, 29208980, 1.28963363, 1.32886982, -2.11111069, 0.86540931
2829, 29209455, 29209980, 1.29141474, 1.32734394, -1.88888931, 1.09618521
2830, 29210455, 29210983, 1.29331565, 1.32619953, -1.85714340, 1.32696104
2831, 29211455, 29211979, 1.29533589, 1.32467365, -1.79365158, 1.32696104
2832, 29212455, 29212981, 1.29747534, 1.32352924, -1.69841385, 1.67312467
2833, 29213455, 29213983, 1.29973459, 1.32238483, -1.57143021, 1.44234896
2834, 29214455, 29214981, 1.30211473, 1.32124043, -1.47618866, 1.44234896
2835, 29215455, 29215979, 1.30461705, 1.32047749, -1.38095093, 1.21157312
2836, 29216455, 29216984, 1.30724442, 1.31933308, -1.28571320, 1.09618521
2837, 29217455, 29217982, 1.31000113, 1.31857014, -1.22222137, 0.98079723
2838, 29218455, 29218990, 1.31289220, 1.31818867, -1.09523773, 1.09618521
2839, 29219455, 29219982, 1.31592345, 1.31742573, -0.96825409, 1.09618521
2840, 29220455, 29220986, 1.31909955, 1.31704426, -0.90476227, 0.98079723
2841, 29221455, 29221983, 1.32242489, 1.31704426, -0.77777863, 1.32696104
2842, 29222455, 29222985, 1.32590282, 1.31666279, -0.65079498, 1.21157312
2843, 29223455, 29223979, 1.32953393, 1.31666279, -0.55555725, 1.21157312
2844, 29224455, 29224981, 1.33331716, 1.31666279, -0.46031952, 1.21157312
2845, 29225455, 29225979, 1.33725095, 1.31666279, -0.36508179, 0.86540931
2846, 29226455, 29226981, 1.34133279, 1.31704426, -0.26984406, 1.21157312
2847, 29227455, 29227988, 1.34555948, 1.31704426, -0.17460632, 0.98079723
2848, 29228455, 29228982, 1.34992743, 1.31704426, -0.07936859, 1.09618521
2849, 29229455, 29229988, 1.35443246, 1.31780720, 0.01587677, 1.09618521
2850, 29230455, 29230984, 1.35906768, 1.31818867, 0.11111450, 1.21157312
2851, 29231455, 29231978, 1.36382508, 1.31895161, 0.20635223, 1.67312467
2852, 29232455, 29232979, 1.36869681, 1.31971455, 0.26984406, 1.44234896
2853, 29233455, 29233977, 1.37367439, 1.32047749, 0.36508179, 1.67312467
2854, 29234455, 29234979, 1.37874961, 1.32124043, 0.46031952, 1.78851259
2855, 29235455, 29235975, 1.38391316, 1.32200336, 0.55555725, 1.78851259
2856, 29236455, 29236981, 1.38915718, 1.32314777, 0.61904907, 1.44234896
2857, 29237455, 29237985, 1.39447486, 1.32429218, 0.71428680, 1.21157312
2858, 29238455, 29238982, 1.39985955, 1.32543659, 0.80952454, 1.44234896
2859, 29239455, 29239982, 1.40530455, 1.32696247, 0.90476227, 1.44234896
2860, 29240455, 29240980, 1.41080308, 1.32810688, 0.96825409, 1.55773675
2861, 29241455, 29241982, 1.41635156, 1.33001423, 1.09523773, 1.32696104
2862, 29242455, 29242980, 1.42194545, 1.33115864, 1.15872955, 1.09618521
2863, 29243455, 29243980, 1.42758071, 1.33306599, 1.28571320, 1.44234896
2864, 29244455, 29244981, 1.43325353, 1.33497334, 1.38095093, 1.44234896
2865, 29245455, 29245981, 1.43895972, 1.33688068, 1.47618866, 1.55773675
2866, 29246455, 29246985, 1.44469488, 1.33878803, 1.57142639, 1.55773675
2867, 29247455, 29247989, 1.45045495, 1.34145832, 1.69841003, 1.67312467
2868, 29248455, 29248979, 1.45623481, 1.34336567, 1.79364777, 1.44234896
2869, 29249455, 29249978, 1.46202874, 1.34565544, 1.88888550, 1.44234896
2870, 29250455, 29250982, 1.46783304, 1.34832573, 2.01587677, 1.55773675
2871, 29251455, 29251986, 1.47364533, 1.35099602, 2.07936859, 1.55773675
2872, 29252455, 29252982, 1.47946346, 1.35366631, 2.20635223, 1.44234896
2873, 29253455, 29253974, 1.48528516, 1.35633659, 2.30158997, 1.21157312
2874, 29254455, 29254983, 1.49110794, 1.35938835, 2.39682770, 1.09618521
2875, 29255455, 29255981, 1.49692988, 1.36205864, 2.49206543, 1.09618521
2876, 29256455, 29256983, 1.50274861, 1.36511040, 2.61904907, 1.32696104
2877, 29257455, 29257989, 1.50856125, 1.36816216, 2.68254089, 1.44234896
2878, 29258455, 29258987, 1.51436508, 1.37159538, 2.77777863, 1.32696104
2879, 29259455, 29259979, 1.52015615, 1.37464714, 2.87301636, 1.44234896
2880, 29260455, 29260986, 1.52593076, 1.37808037, 2.96825409, 1.32696104
2881, 29261455, 29261986, 1.53168476, 1.38151360, 3.00000000, 1.44234896
2882, 29262455, 29262980, 1.53741407, 1.38494682, 3.09523773, 1.32696104
2883, 29263455, 29263982, 1.54311407, 1.38838005, 3.19047546, 0.98079723
2884, 29264455, 29264982, 1.54878056, 1.39219475, 3.25396729, 0.98079723
2885, 29265455, 29265982, 1.55441058, 1.39562798, 3.34920502, 0.86540931
2886, 29266455, 29266983, 1.56000173, 1.39944267, 3.41269684, 1.09618521
2887, 29267455, 29267985, 1.56555247, 1.40325737, 3.50793457, 0.98079723
2888, 29268455, 29268981, 1.57106054, 1.40745449, 3.57142639, 0.75002146
2889, 29269455, 29269977, 1.57652354, 1.41126919, 3.66666412, 0.98079723
2890, 29270455, 29270983, 1.58194172, 1.41508389, 3.76190186, 1.09618521
2891, 29271455, 29271982, 1.58731592, 1.41928005, 3.79364777, 0.86540931
2892, 29272455, 29272982, 1.59264553, 1.42347622, 3.85713959, 0.75002146
2893, 29273455, 29273984, 1.59792936, 1.42767239, 3.92063141, 0.63463354
2894, 29274455, 29274982, 1.60316634, 1.43186855, 3.98412323, 0.63463354
2895, 29275455, 29275982, 1.60835433, 1.43644619, 4.04762268, 0.63463354
2896, 29276455, 29276984, 1.61349082, 1.44026089, 4.07936859, 0.98079723
2897, 29277455, 29277981, 1.61857533, 1.44483852, 4.14286041, 1.09618521
2898, 29278455, 29278987, 1.62360620, 1.44941616, 4.17460632, 1.09618521
2899, 29279455, 29279979, 1.62858033, 1.45361233, 4.20635223, 0.86540931
2900, 29280455, 29280985, 1.63349581, 1.45818996, 4.23809814, 0.63463354
2901, 29281455, 29281981, 1.63835216, 1.46238613, 4.30158997, 0.75002146
2902, 29282455, 29282983, 1.64314926, 1.46696377, 4.33333588, 0.40385768
2903, 29283455, 29283982, 1.64788485, 1.47192383, 4.36508179, 0.51924562
2904, 29284455, 29284982, 1.65255642, 1.47612000, 4.39682770, 0.75002146
2905, 29285455, 29285984, 1.65716338, 1.48069763, 4.46031952, 0.75002146
2906, 29286455, 29286982, 1.66170537, 1.48565674, 4.49206543, 0.98079723
2907, 29287455, 29287980, 1.66618145, 1.49023438, 4.52381134, 0.40385768
2908, 29288455, 29288985, 1.67058980, 1.49481201, 4.55555725, 0.28846979
2909, 29289455, 29289981, 1.67492878, 1.49977112, 4.58730316, 0.51924562
2910, 29290455, 29290983, 1.67919767, 1.50396729, 4.61904907, 0.86540931
2911, 29291455, 29291983, 1.68339491, 1.50892639, 4.61904907, 0.63463354
2912, 29292455, 29292983, 1.68752015, 1.51350403, 4.65079498, 0.63463354
2913, 29293455, 29293979, 1.69157171, 1.51846313, 4.65079498, 0.28846979
2914, 29294455, 29294980, 1.69554698, 1.52304077, 4.68254089, 0.28846979
2915, 29295455, 29295984, 1.69944501, 1.52799988, 4.68254089, 0.05769395
2916, 29296455, 29296982, 1.70326471, 1.53257847, 4.71428680, -0.17308187
2917, 29297455, 29297984, 1.70700371, 1.53753757, 4.68254089, 0.51924562
2918, 29298455, 29298978, 1.71065915, 1.54173374, 4.68254089, 0.51924562
2919, 29299455, 29299979, 1.71422815, 1.54669285, 4.71428680, 0.40385768
2920, 29300455, 29300983, 1.71770704, 1.55127048, 4.71428680, 0.75002146
2921, 29301455, 29301983, 1.72109294, 1.55622959, 4.71428680, 0.17308187
2922, 29302455, 29302981, 1.72438347, 1.56118870, 4.71428680, 0.05769395
2923, 29303455, 29303979, 1.72757530, 1.56538486, 4.68254089, 0.40385768
2924, 29304455, 29304979, 1.73066485, 1.57034397, 4.68254089, 0.40385768
2925, 29305455, 29305978, 1.73365009, 1.57454014, 4.68254089, 0.28846979
2926, 29306455, 29306978, 1.73652935, 1.57911777, 4.68254089, 0.75002146
2927, 29307455, 29307976, 1.73930073, 1.58369541, 4.65079498, 0.28846979
2928, 29308455, 29308980, 1.74196279, 1.58827305, 4.61904907, -0.17308187
2929, 29309455, 29309980, 1.74451423, 1.59285069, 4.58730316, -0.17308187
2930, 29310455, 29310976, 1.74695301, 1.59704781, 4.55555725, -0.05769395
2931, 29311455, 29311977, 1.74927795, 1.60162544, 4.52381134, 0.28846979
2932, 29312455, 29312977, 1.75148702, 1.60620308, 4.49206543, 0.05769395
2933, 29313455, 29313979, 1.75357866, 1.61039925, 4.49206543, 0.05769395
2934, 29314455, 29314975, 1.75555217, 1.61497688, 4.42857361, 0.05769395
2935, 29315455, 29315973, 1.75740731, 1.61917305, 4.42857361, -0.28846979
2936, 29316455, 29316989, 1.75914335, 1.62336922, 4.39682770, 0.05769395
2937, 29317455, 29317978, 1.76076019, 1.62756538, 4.36508179, -0.17308187
2938, 29318455, 29318976, 1.76225758, 1.63138008, 4.33333588, -0.17308187
2939, 29319455, 29319980, 1.76363683, 1.63557625, 4.30158997, -0.05769395
2940, 29320455, 29320974, 1.76489937, 1.63977242, 4.23809814, -0.05769395
2941, 29321455, 29321976, 1.76604629, 1.64396858, 4.20635223, 0.05769395
2942, 29322455, 29322977, 1.76707959, 1.64778328, 4.14286041, -0.17308187
2943, 29323455, 29323975, 1.76800215, 1.65159798, 4.11111450, 0.05769395
2944, 29324455, 29324975, 1.76881695, 1.65541267, 4.04762268, -0.17308187
2945, 29325455, 29325977, 1.76952612, 1.65922832, 3.95237732, -0.28846979
2946, 29326455, 29326983, 1.77013183, 1.66304302, 3.92063141, -0.51924562
2947, 29327455, 29327972, 1.77063692, 1.66647625, 3.85713959, -0.05769395
2948, 29328455, 29328972, 1.77104509, 1.66990948, 3.79364777, -0.28846979
2949, 29329455, 29329986, 1.77136171, 1.67372417, 3.73015594, 0.05769395
2950, 29330455, 29330988, 1.77159119, 1.67715740, 3.69841003, 0.05769395
2951, 29331455, 29331972, 1.77173579, 1.68059063, 3.63491821, -0.17308187
2952, 29332455, 29332970, 1.77179968, 1.68364239, 3.60317230, -0.05769395
2953, 29333455, 29333969, 1.77178729, 1.68707561, 3.53968048, -0.28846979
2954, 29334455, 29334983, 1.77170312, 1.69050884, 3.50793457, -0.51924562
2955, 29335455, 29335969, 1.77155459, 1.69356060, 3.41269684, -0.40385768
2956, 29336455, 29336983, 1.77134788, 1.69661236, 3.38095093, -0.51924562
2957, 29337455, 29337979, 1.77108955, 1.69928265, 3.28571320, -0.51924562
2958, 29338455, 29338979, 1.77078605, 1.70233440, 3.19047546, -0.28846979
2959, 29339455, 29339984, 1.77044404, 1.70500469, 3.15872955, -0.51924562
2960, 29340455, 29340990, 1.77007091, 1.70767498, 3.06349182, -0.40385768
2961, 29341455, 29341990, 1.76967359, 1.71034527, 2.96825409, -0.51924562
2962, 29342455, 29342982, 1.76925755, 1.71301556, 2.87301636, -0.28846979
2963, 29343455, 29343978, 1.76882827, 1.71530437, 2.77777863, -0.51924562
2964, 29344455, 29344979, 1.76839209, 1.71721172, 2.68254089, -0.63463354
2965, 29345455, 29345985, 1.76795423, 1.71950150, 2.58730316, -0.28846979
2966, 29346455, 29346983, 1.76751971, 1.72140884, 2.49206543, -0.63463354
2967, 29347455, 29347985, 1.76709235, 1.72331619, 2.36508179, -0.75002146
2968, 29348455, 29348977, 1.76667571, 1.72522354, 2.23809814, -0.63463354
2969, 29349455, 29349977, 1.76627266, 1.72674942, 2.14286041, -0.75002146
2970, 29350455, 29350982, 1.76588500, 1.72865677, 2.01587677, -0.51924562
2971, 29351455, 29351986, 1.76551390, 1.72980118, 1.92063141, -0.28846979
2972, 29352455, 29352986, 1.76516044, 1.73132706, 1.79364777, -0.51924562
2973, 29353455, 29353982, 1.76482260, 1.73247147, 1.69841003, -0.75002146
2974, 29354455, 29354990, 1.76449668, 1.73361588, 1.60317230, -0.75002146
2975, 29355455, 29355981, 1.76417947, 1.73476028, 1.47618866, -0.51924562
2976, 29356455, 29356983, 1.76386690, 1.73590469, 1.41269684, -0.40385768
2977, 29357455, 29357981, 1.76355410, 1.73704910, 1.31745911, -0.51924562
2978, 29358455, 29358979, 1.76323545, 1.73781204, 1.22222137, -0.86540931
2979, 29359455, 29359983, 1.76290464, 1.73895645, 1.19047546, -0.40385768
2980, 29360455, 29360985, 1.76255655, 1.73933792, 1.09523773, -0.28846979
2981, 29361455, 29361986, 1.76218629, 1.74048233, 1.03174591, -0.28846979
2982, 29362455, 29362980, 1.76178849, 1.74124527, 0.96825409, -0.28846979
2983, 29363455, 29363986, 1.76135802, 1.74200821, 0.90476227, -0.28846979
2984, 29364455, 29364980, 1.76089132, 1.74238968, 0.84127045, -0.28846979
2985, 29365455, 29365984, 1.76038480, 1.74277115, 0.77777863, -0.05769395
2986, 29366455, 29366984, 1.75983548, 1.74315262, 0.71428680, -0.05769395
2987, 29367455, 29367981, 1.75924170, 1.74353409, 0.65079498, -0.05769395
2988, 29368455, 29368981, 1.75860143, 1.74391556, 0.58730316, -0.05769395
2989, 29369455, 29369991, 1.75791264, 1.74391556, 0.49206543, 0.05769395
2990, 29370455, 29370989, 1.75717378, 1.74429703, 0.42857361, -0.28846979
2991, 29371455, 29371981, 1.75638390, 1.74429703, 0.36508179, -0.05769395
2992, 29372455, 29372980, 1.75554240, 1.74429703, 0.26984406, 0.05769395
2993, 29373455, 29373986, 1.75464869, 1.74429703, 0.23809814, -0.05769395
2994, 29374455, 29374982, 1.75370181, 1.74391556, 0.17460632, 0.05769395
2995, 29375455, 29375990, 1.75270104, 1.74353409, 0.07936859, -0.17308187
2996, 29376455, 29376982, 1.75164473, 1.74315262, 0.01587677, 0.17308187
2997, 29377455, 29377986, 1.75053191, 1.74277115, -0.07936859, -0.05769395
2998, 29378455, 29378979, 1.74936211, 1.74238968, -0.14286041, 0.05769395
2999, 29379455, 29379985, 1.74813426, 1.74238968, -0.20635223, 0.05769395
3000, 29380455, 29380987, 1.74684799, 1.74200821, -0.23809814, -0.05769395
3001, 29381455, 29381979, 1.74550271, 1.74162674, -0.30158997, -0.05769395
3002, 29382455, 29382993, 1.74409592, 1.74124527, -0.36508179, -0.05769395
3003, 29383455, 29383988, 1.74262559, 1.74048233, -0.36508179, -0.17308187
3004, 29384455, 29384988, 1.74109030, 1.74010086, -0.39682770, 0.05769395
3005, 29385455, 29385992, 1.73948824, 1.73933792, -0.42857361, 0.05769395
3006, 29386455, 29386978, 1.73781633, 1.73895645, -0.46031952, 0.05769395
3007, 29387455, 29387982, 1.73607183, 1.73857498, -0.46031952, -0.05769395
3008, 29388455, 29388988, 1.73425233, 1.73781204, -0.49206543, 0.05769395
3009, 29389455, 29389985, 1.73235583, 1.73743057, -0.52381134, 0.05769395
3010, 29390455, 29390987, 1.73037958, 1.73666763, -0.52381134, 0.28846979
3011, 29391455, 29391983, 1.72832060, 1.73590469, -0.55555725, 0.05769395
3012, 29392455, 29392987, 1.72617686, 1.73552322, -0.55555725, 0.05769395
3013, 29393455, 29393987, 1.72394538, 1.73476028, -0.58730316, 0.28846979
3014, 29394455, 29394984, 1.72162330, 1.73437881, -0.61904907, -0.05769395
3015, 29395455, 29395990, 1.71920872, 1.73361588, -0.58730316, 0.17308187
3016, 29396455, 29396984, 1.71670043, 1.73285294, -0.61904907, -0.17308187
3017, 29397455, 29397988, 1.71409762, 1.73247147, -0.61904907, -0.28846979
3018, 29398455, 29398988, 1.71139836, 1.73209000, -0.58730316, -0.17308187
3019, 29399455, 29399980, 1.70860243, 1.73132706, -0.61904907, 0.28846979
3020, 29400455, 29400987, 1.70571101, 1.73056412, -0.61904907, -0.05769395
3021, 29401455, 29401987, 1.70272398, 1.72980118, -0.61904907, -0.05769395
3022, 29402455, 29402981, 1.69964099, 1.72903824, -0.61904907, -0.05769395
3023, 29403455, 29403983, 1.69646239, 1.72865677, -0.65079498, -0.05769395
3024, 29404455, 29404981, 1.69318986, 1.72789383, -0.65079498, -0.05769395
3025, 29405455, 29405983, 1.68982470, 1.72674942, -0.68254089, 0.05769395
3026, 29406455, 29406984, 1.68636847, 1.72598648, -0.71428680, -0.05769395
3027, 29407455, 29407978, 1.68282235, 1.72560501, -0.74603271, 0.05769395
3028, 29408455, 29408988, 1.67918909, 1.72484207, -0.74603271, 0.05769395
3029, 29409455, 29409984, 1.67547143, 1.72407913, -0.74603271, 0.05769395
3030, 29410455, 29410984, 1.67167151, 1.72293472, -0.77777863, -0.05769395
3031, 29411455, 29411985, 1.66779101, 1.72255325, -0.77777863, -0.05769395
3032, 29412455, 29412989, 1.66383290, 1.72140884, -0.80952454, 0.05769395
3033, 29413455, 29413983, 1.65979958, 1.72026443, -0.77777863, -0.05769395
3034, 29414455, 29414985, 1.65569329, 1.71950150, -0.80952454, -0.05769395
3035, 29415455, 29415979, 1.65151703, 1.71873760, -0.84127045, -0.28846979
3036, 29416455, 29416987, 1.64727271, 1.71759319, -0.87301636, -0.28846979
3037, 29417455, 29417982, 1.64296186, 1.71644878, -0.90476227, -0.17308187
3038, 29418455, 29418982, 1.63858604, 1.71568584, -0.93650818, -0.05769395
3039, 29419455, 29419984, 1.63414705, 1.71454144, -0.96825409, -0.40385768
3040, 29420455, 29420986, 1.62964678, 1.71339703, -0.96825409, -0.40385768
3041, 29421455, 29421984, 1.62508750, 1.71225262, -1.03174591, -0.28846979
3042, 29422455, 29422983, 1.62047136, 1.71072674, -1.03174591, -0.40385768
3043, 29423455, 29423989, 1.61579978, 1.70958233, -1.09523773, -0.63463354
3044, 29424455, 29424985, 1.61107349, 1.70805645, -1.15872955, -0.63463354
3045, 29425455, 29425983, 1.60629356, 1.70691204, -1.19047546, -0.75002146
3046, 29426455, 29426981, 1.60146141, 1.70500469, -1.25396729, -0.86540931
3047, 29427455, 29427985, 1.59657919, 1.70347881, -1.31745911, -0.98079723
3048, 29428455, 29428984, 1.59164822, 1.70157146, -1.41269684, -1.09618521
3049, 29429455, 29429984, 1.58666945, 1.69966412, -1.50793839, -0.63463354
3050, 29430455, 29430984, 1.58164573, 1.69813824, -1.57143021, -0.51924562
3051, 29431455, 29431982, 1.57657969, 1.69584942, -1.63492203, -0.75002146
3052, 29432455, 29432982, 1.57147360, 1.69356060, -1.73015976, -0.75002146
3053, 29433455, 29433986, 1.56632900, 1.69165325, -1.82539749, -0.86540931
3054, 29434455, 29434983, 1.56114876, 1.68898296, -1.92063522, -0.86540931
3055, 29435455, 29435981, 1.55593610, 1.68669415, -2.04761887, -0.86540931
3056, 29436455, 29436981, 1.55069351, 1.68402386, -2.11111069, -0.51924562
3057, 29437455, 29437981, 1.54542387, 1.68135357, -2.20634842, -0.63463354
3058, 29438455, 29438981, 1.54013073, 1.67868328, -2.33333206, -0.63463354
3059, 29439455, 29439978, 1.53481746, 1.67601299, -2.42856979, -0.63463354
3060, 29440455, 29440980, 1.52948809, 1.67296124, -2.52381134, -0.98079723
3061, 29441455, 29441978, 1.52414739, 1.66952801, -2.61904907, -1.09618521
3062, 29442455, 29442980, 1.51879954, 1.66647625, -2.74603271, -0.86540931
3063, 29443455, 29443980, 1.51344979, 1.66342449, -2.80952454, -0.63463354
3064, 29444455, 29444981, 1.50810564, 1.66037273, -2.90476227, -0.75002146
3065, 29445455, 29445983, 1.50277305, 1.65693951, -3.00000000, -0.86540931
3066, 29446455, 29446981, 1.49745834, 1.65350533, -3.09523773, -0.63463354
3067, 29447455, 29447983, 1.49216819, 1.65007210, -3.15872955, -0.51924562
3068, 29448455, 29448983, 1.48691082, 1.64663887, -3.25396729, -0.75002146
3069, 29449455, 29449981, 1.48169398, 1.64282417, -3.31745911, -0.51924562
3070, 29450455, 29450980, 1.47652495, 1.63900948, -3.38095093, -0.75002146
3071, 29451455, 29451986, 1.47141147, 1.63519478, -3.44444275, -0.63463354
3072, 29452455, 29452984, 1.46636379, 1.63138008, -3.53968430, -0.75002146
3073, 29453455, 29453980, 1.46139145, 1.62756538, -3.60317612, -0.51924562
3074, 29454455, 29454984, 1.45650375, 1.62375069, -3.66666794, -0.51924562
3075, 29455455, 29455978, 1.45171237, 1.61993599, -3.73015976, -0.28846979
3076, 29456455, 29456983, 1.44702959, 1.61573982, -3.79365158, -0.28846979
3077, 29457455, 29457983, 1.44246876, 1.61154366, -3.85714340, -0.40385768
3078, 29458455, 29458991, 1.43804145, 1.60734749, -3.92063522, -0.28846979
3079, 29459455, 29459979, 1.43376064, 1.60353279, -3.95238113, -0.28846979
3080, 29460455, 29460985, 1.42963827, 1.59933662, -3.98412704, -0.40385768
3081, 29461455, 29461979, 1.42568636, 1.59514046, -4.01587296, -0.40385768
3082, 29462455, 29462982, 1.42191565, 1.59094334, -4.07936478, -0.17308187
3083, 29463455, 29463984, 1.41833556, 1.58674717, -4.11111069, 0.17308187
3084, 29464455, 29464978, 1.41495395, 1.58216953, -4.17460251, -0.17308187
3085, 29465455, 29465976, 1.41177750, 1.57797337, -4.20634842, -0.28846979
3086, 29466455, 29466976, 1.40880919, 1.57301426, -4.26984024, -0.17308187
3087, 29467455, 29467979, 1.40604949, 1.56843662, -4.33333206, -0.40385768
3088, 29468455, 29468979, 1.40349746, 1.56424046, -4.39682388, -0.05769395
3089, 29469455, 29469973, 1.40114701, 1.55928135, -4.42856979, 0.05769395
3090, 29470455, 29470971, 1.39898777, 1.55470371, -4.49206161, 0.28846979
3091, 29471455, 29471987, 1.39700973, 1.55050755, -4.52381134, 0.17308187
3092, 29472455, 29472975, 1.39519894, 1.54554844, -4.58730316, 0.05769395
3093, 29473455, 29473988, 1.39353943, 1.54097080, -4.58730316, 0.17308187
3094, 29474455, 29474988, 1.39201343, 1.53601170, -4.77777863, 0.28846979
3095, 29475455, 29475974, 1.39060450, 1.53143406, -4.65079498, 0.17308187
3096, 29476455, 29476970, 1.38929987, 1.52647400, -4.65079498, 0.40385768
3097, 29477455, 29477970, 1.38808918, 1.52227783, -4.68254089, 0.28846979
3098, 29478455, 29478985, 1.38696146, 1.51731873, -4.68254089, 0.75002146
3099, 29479455, 29479973, 1.38590801, 1.51274109, -4.68254089, 0.75002146
3100, 29480455, 29480971, 1.38492250, 1.50816345, -4.68254089, 0.98079723
3101, 29481455, 29481969, 1.38399935, 1.50358582, -4.65079498, 1.32696104
3102, 29482455, 29482969, 1.38313460, 1.49977112, -4.46031570, 0.63463354
3103, 29483455, 29483987, 1.38232577, 1.49519348, -4.55555725, 0.98079723
3104, 29484455, 29484982, 1.38157272, 1.49099731, -4.52381134, 1.44234896
3105, 29485455, 29485986, 1.38087595, 1.48680115, -4.49206161, 1.55773675
3106, 29486455, 29486986, 1.38023663, 1.48298645, -4.39682388, 1.09618521
3107, 29487455, 29487982, 1.37965739, 1.47879028, -4.33333206, 0.98079723
3108, 29488455, 29488984, 1.37914181, 1.47535706, -4.23809433, 1.44234896
3109, 29489455, 29489983, 1.37869418, 1.47154236, -4.17460251, 1.55773675
3110, 29490455, 29490983, 1.37831831, 1.46810818, -4.04761887, 0.98079723
3111, 29491455, 29491985, 1.37801850, 1.46467495, -3.95238113, 1.32696104
3112, 29492455, 29492987, 1.37779868, 1.46124172, -3.92063522, 1.21157312
3113, 29493455, 29493983, 1.37766218, 1.45818996, -3.73015976, 1.67312467
3114, 29494455, 29494985, 1.37761176, 1.45513821, -3.63492203, 1.67312467
3115, 29495455, 29495986, 1.37764895, 1.45208645, -3.50793839, 1.44234896
3116, 29496455, 29496982, 1.37777543, 1.44941616, -3.38095093, 1.32696104
3117, 29497455, 29497982, 1.37799382, 1.44674587, -3.25396729, 1.09618521
3118, 29498455, 29498982, 1.37830532, 1.44369411, -3.12698364, 1.09618521
3119, 29499455, 29499984, 1.37870991, 1.44140530, -3.03174591, 1.44234896
3120, 29500455, 29500980, 1.37920785, 1.43911648, -2.84127045, 1.32696104
3121, 29501455, 29501981, 1.37979937, 1.43682766, -2.77777863, 1.67312467
3122, 29502455, 29502985, 1.38048542, 1.43415737, -2.68254089, 0.98079723
3123, 29503455, 29503983, 1.38126707, 1.43225002, -2.58730316, 0.86540931
3124, 29504455, 29504985, 1.38214588, 1.43034267, -2.49206161, 0.86540931
3125, 29505455, 29505981, 1.38312387, 1.42843533, -2.36507797, 0.86540931
3126, 29506455, 29506979, 1.38420200, 1.42690945, -2.26984024, 1.21157312
3127, 29507455, 29507980, 1.38538396, 1.42500210, -2.14285660, 1.32696104
3128, 29508455, 29508984, 1.38667357, 1.42347622, -2.01587296, 1.09618521
3129, 29509455, 29509986, 1.38807392, 1.42195034, -1.92063522, 1.32696104
3130, 29510455, 29510980, 1.38958728, 1.42080593, -1.82539749, 1.21157312
3131, 29511455, 29511982, 1.39121628, 1.41928005, -1.73015976, 1.21157312
3132, 29512455, 29512981, 1.39296317, 1.41851711, -1.60317612, 0.98079723
3133, 29513455, 29513985, 1.39482939, 1.41737270, -1.53968430, 0.98079723
3134, 29514455, 29514985, 1.39681745, 1.41622829, -1.41269684, 1.09618521
3135, 29515455, 29515983, 1.39893019, 1.41508389, -1.34920502, 1.32696104
3136, 29516455, 29516983, 1.40116954, 1.41470242, -1.25396729, 0.98079723
3137, 29517455, 29517980, 1.40353608, 1.41355801, -1.15872955, 1.09618521
3138, 29518455, 29518980, 1.40603089, 1.41279507, -1.06349182, 0.98079723
3139, 29519455, 29519982, 1.40865421, 1.41241360, -1.00000000, 0.98079723
3140, 29520455, 29520980, 1.41140437, 1.41203213, -0.90476227, 0.86540931
3141, 29521455, 29521984, 1.41427815, 1.41165066, -0.77777863, 0.86540931
3142, 29522455, 29522980, 1.41727304, 1.41126919, -0.71428680, 0.86540931
3143, 29523455, 29523985, 1.42038715, 1.41126919, -0.61904907, 0.86540931
3144, 29524455, 29524985, 1.42361820, 1.41088772, -0.55555725, 0.98079723
3145, 29525455, 29525977, 1.42696369, 1.41088772, -0.46031952, 0.98079723
3146, 29526455, 29526979, 1.43042219, 1.41088772, -0.36508179, 0.86540931
3147, 29527455, 29527981, 1.43399203, 1.41088772, -0.26984406, 0.98079723
3148, 29528455, 29528983, 1.43767107, 1.41126919, -0.20635223, 0.86540931
3149, 29529455, 29529984, 1.44145679, 1.41165066, -0.11111450, 0.86540931
3150, 29530455, 29530986, 1.44534433, 1.41203213, -0.04762268, 1.09618521
3151, 29531455, 29531986, 1.44932759, 1.41203213, 0.04762268, 0.98079723
3152, 29532455, 29532982, 1.45340180, 1.41241360, 0.14286041, 0.98079723
3153, 29533455, 29533982, 1.45756292, 1.41317654, 0.20635223, 0.98079723
3154, 29534455, 29534976, 1.46180546, 1.41393948, 0.26984406, 1.44234896
3155, 29535455, 29535985, 1.46612394, 1.41470242, 0.36508179, 1.21157312
3156, 29536455, 29536983, 1.47051358, 1.41546535, 0.42857361, 1.32696104
3157, 29537455, 29537977, 1.47496903, 1.41622829, 0.52381134, 1.55773675
3158, 29538455, 29538989, 1.47948611, 1.41737270, 0.61904907, 1.44234896
3159, 29539455, 29539979, 1.48406231, 1.41851711, 0.68254089, 1.67312467
3160, 29540455, 29540981, 1.48869574, 1.41966152, 0.74603271, 1.44234896
3161, 29541455, 29541981, 1.49338472, 1.42080593, 0.84127045, 1.44234896
3162, 29542455, 29542982, 1.49812806, 1.42195034, 0.93650818, 1.67312467
3163, 29543455, 29543986, 1.50292361, 1.42385769, 1.03174591, 1.44234896
3164, 29544455, 29544988, 1.50776875, 1.42500210, 1.12698364, 1.44234896
3165, 29545455, 29545986, 1.51266193, 1.42690945, 1.19047546, 1.32696104
3166, 29546455, 29546988, 1.51760018, 1.42843533, 1.28571320, 1.21157312
3167, 29547455, 29547981, 1.52258039, 1.43034267, 1.34920502, 1.09618521
3168, 29548455, 29548979, 1.52759957, 1.43186855, 1.44444275, 1.32696104
3169, 29549455, 29549985, 1.53265393, 1.43377590, 1.53968048, 1.32696104
3170, 29550455, 29550977, 1.53773987, 1.43606472, 1.63491821, 1.44234896
3171, 29551455, 29551977, 1.54285324, 1.43797207, 1.69841003, 1.44234896
3172, 29552455, 29552979, 1.54799032, 1.44026089, 1.79364777, 1.32696104
3173, 29553455, 29553984, 1.55314767, 1.44254971, 1.88888550, 1.32696104
3174, 29554455, 29554988, 1.55832219, 1.44483852, 1.98412323, 1.21157312
3175, 29555455, 29555986, 1.56351054, 1.44712734, 2.07936859, 0.98079723
3176, 29556455, 29556984, 1.56870937, 1.44979763, 2.14286041, 1.09618521
3177, 29557455, 29557978, 1.57391620, 1.45246792, 2.20635223, 1.32696104
3178, 29558455, 29558980, 1.57912779, 1.45513821, 2.30158997, 1.67312467
3179, 29559455, 29559983, 1.58434165, 1.45780849, 2.39682770, 1.21157312
3180, 29560455, 29560985, 1.58955503, 1.46086025, 2.46031952, 1.09618521
3181, 29561455, 29561981, 1.59476566, 1.46353054, 2.55555725, 0.98079723
3182, 29562455, 29562987, 1.59997249, 1.46658230, 2.61904907, 0.75002146
3183, 29563455, 29563989, 1.60517299, 1.46925354, 2.68254089, 1.21157312
3184, 29564455, 29564984, 1.61036456, 1.47268677, 2.74603271, 1.32696104
3185, 29565455, 29565986, 1.61554515, 1.47573853, 2.80952454, 1.21157312
3186, 29566455, 29566986, 1.62071311, 1.47879028, 2.90476227, 1.09618521
3187, 29567455, 29567986, 1.62586677, 1.48260498, 2.93650818, 1.55773675
3188, 29568455, 29568988, 1.63100398, 1.48565674, 3.03174591, 1.09618521
3189, 29569455, 29569984, 1.63612211, 1.48947144, 3.12698364, 1.21157312
3190, 29570455, 29570985, 1.64121890, 1.49290466, 3.19047546, 0.98079723
3191, 29571455, 29571987, 1.64629245, 1.49633789, 3.25396729, 0.75002146
3192, 29572455, 29572985, 1.65134072, 1.49977112, 3.31745911, 0.86540931
3193, 29573455, 29573985, 1.65636134, 1.50358582, 3.38095093, 1.09618521
3194, 29574455, 29574983, 1.66135132, 1.50701904, 3.44444275, 0.75002146
3195, 29575455, 29575985, 1.66630745, 1.51083374, 3.50793457, 0.98079723
3196, 29576455, 29576992, 1.67122662, 1.51464844, 3.53968048, 0.86540931
3197, 29577455, 29577984, 1.67610610, 1.51846313, 3.57142639, 1.09618521
3198, 29578455, 29578984, 1.68094301, 1.52265930, 3.63491821, 0.75002146
3199, 29579455, 29579984, 1.68573415, 1.52609253, 3.69841003, 0.75002146
3200, 29580455, 29580984, 1.69047725, 1.53028870, 3.73015594, 0.28846979
3201, 29581455, 29581987, 1.69516826, 1.53410435, 3.76190186, 0.86540931
3202, 29582455, 29582987, 1.69980383, 1.53791904, 3.82539368, 0.75002146
3203, 29583455, 29583985, 1.70438170, 1.54211521, 3.88888550, 0.75002146
3204, 29584455, 29584985, 1.70889902, 1.54631138, 3.88888550, 0.63463354
3205, 29585455, 29585987, 1.71335292, 1.55050755, 3.92063141, 0.75002146
3206, 29586455, 29586987, 1.71773994, 1.55432224, 3.95237732, 1.21157312
3207, 29587455, 29587986, 1.72205758, 1.55851841, 3.98412323, 0.86540931
3208, 29588455, 29588982, 1.72630405, 1.56271458, 4.04762268, 0.51924562
3209, 29589455, 29589984, 1.73047733, 1.56691074, 4.07936859, 0.86540931
3210, 29590455, 29590980, 1.73457432, 1.57110691, 4.07936859, 0.75002146
3211, 29591455, 29591980, 1.73859429, 1.57530308, 4.07936859, 0.86540931
3212, 29592455, 29592981, 1.74253500, 1.57949924, 4.14286041, 0.75002146
3213, 29593455, 29593981, 1.74639404, 1.58407688, 4.17460632, 0.75002146
3214, 29594455, 29594981, 1.75016963, 1.58789158, 4.17460632, 0.51924562
3215, 29595455, 29595979, 1.75385988, 1.59246922, 4.20635223, 0.51924562
3216, 29596455, 29596977, 1.75746250, 1.59704781, 4.20635223, 0.51924562
3217, 29597455, 29597979, 1.76097608, 1.60086250, 4.20635223, 0.75002146
3218, 29598455, 29598976, 1.76439905, 1.60544014, 4.23809814, 0.28846979
3219, 29599455, 29599980, 1.76772928, 1.60963631, 4.26984406, 0.40385768
3220, 29600455, 29600978, 1.77096450, 1.61421394, 4.26984406, 0.40385768
3221, 29601455, 29601976, 1.77410221, 1.61879158, 4.30158997, 0.63463354
3222, 29602455, 29602978, 1.77713943, 1.62260628, 4.33333588, 0.17308187
3223, 29603455, 29603974, 1.78007388, 1.62718391, 4.33333588, 0.28846979
3224, 29604455, 29604975, 1.78290272, 1.63138008, 4.33333588, 0.40385768
3225, 29605455, 29605977, 1.78562427, 1.63557625, 4.33333588, 0.63463354
3226, 29606455, 29606979, 1.78823745, 1.64015388, 4.33333588, 0.17308187
3227, 29607455, 29607975, 1.79073918, 1.64435005, 4.30158997, 0.05769395
3228, 29608455, 29608977, 1.79312682, 1.64816475, 4.26984406, 0.05769395
3229, 29609455, 29609978, 1.79539812, 1.65236092, 4.26984406, 0.17308187
3230, 29610455, 29610978, 1.79755104, 1.65693951, 4.23809814, 0.17308187
3231, 29611455, 29611978, 1.79958391, 1.66075420, 4.20635223, 0.17308187
3232, 29612455, 29612978, 1.80149651, 1.66495037, 4.17460632, 0.17308187
3233, 29613455, 29613976, 1.80328715, 1.66876507, 4.17460632, -0.05769395
3234, 29614455, 29614977, 1.80495346, 1.67296124, 4.11111450, -0.17308187
3235, 29615455, 29615977, 1.80649543, 1.67715740, 4.11111450, -0.05769395
3236, 29616455, 29616977, 1.80791211, 1.68097210, 4.07936859, -0.05769395
3237, 29617455, 29617977, 1.80920315, 1.68478680, 4.04762268, 0.05769395
3238, 29618455, 29618977, 1.81036794, 1.68860149, 3.98412323, 0.17308187
3239, 29619455, 29619977, 1.81140661, 1.69203472, 3.95237732, -0.05769395
3240, 29620455, 29620976, 1.81232047, 1.69623089, 3.92063141, -0.17308187
3241, 29621455, 29621988, 1.81311071, 1.69966412, 3.88888550, 0.05769395
3242, 29622455, 29622986, 1.81377792, 1.70347881, 3.82539368, -0.28846979
3243, 29623455, 29623984, 1.81432188, 1.70691204, 3.79364777, -0.17308187
3244, 29624455, 29624974, 1.81474578, 1.71034527, 3.73015594, -0.05769395
3245, 29625455, 29625984, 1.81505311, 1.71377850, 3.66666412, -0.05769395
3246, 29626455, 29626985, 1.81524515, 1.71721172, 3.63491821, -0.17308187
3247, 29627455, 29627981, 1.81532431, 1.72064590, 3.60317230, -0.40385768
3248, 29628455, 29628985, 1.81529415, 1.72407913, 3.53968048, 0.05769395
3249, 29629455, 29629987, 1.81515884, 1.72751236, 3.47618866, -0.05769395
3250, 29630455, 29630989, 1.81492293, 1.73056412, 3.44444275, -0.17308187
3251, 29631455, 29631983, 1.81458986, 1.73361588, 3.38095093, -0.40385768
3252, 29632455, 29632984, 1.81416476, 1.73666763, 3.31745911, -0.51924562
3253, 29633455, 29633984, 1.81365371, 1.73971939, 3.28571320, -0.17308187
3254, 29634455, 29634982, 1.81306136, 1.74277115, 3.22222137, -0.40385768
3255, 29635455, 29635984, 1.81239378, 1.74544144, 3.12698364, -0.17308187
3256, 29636455, 29636980, 1.81165612, 1.74849319, 3.09523773, -0.51924562
3257, 29637455, 29637968, 1.81085563, 1.75116348, 3.06349182, -0.28846979
3258, 29638455, 29638967, 1.80999851, 1.75383377, 2.96825409, -0.75002146
3259, 29639455, 29639983, 1.80909157, 1.75612259, 2.90476227, -0.75002146
3260, 29640455, 29640983, 1.80814028, 1.75879288, 2.80952454, -0.51924562
3261, 29641455, 29641969, 1.80714941, 1.76108170, 2.71428680, -0.63463354
3262, 29642455, 29642987, 1.80612576, 1.76298904, 2.58730316, -0.51924562
3263, 29643455, 29643981, 1.80507481, 1.76489639, 2.52381134, -0.63463354
3264, 29644455, 29644980, 1.80400288, 1.76718521, 2.39682770, -0.75002146
3265, 29645455, 29645980, 1.80291700, 1.76871109, 2.30158997, -0.98079723
3266, 29646455, 29646978, 1.80182338, 1.77061844, 2.17460632, -1.09618521
3267, 29647455, 29647986, 1.80072677, 1.77214432, 2.07936859, -0.75002146
3268, 29648455, 29648980, 1.79963207, 1.77367020, 1.95237732, -0.51924562
3269, 29649455, 29649981, 1.79854465, 1.77519608, 1.82539368, -0.63463354
3270, 29650455, 29650985, 1.79746878, 1.77634048, 1.73015594, -0.75002146
3271, 29651455, 29651983, 1.79640746, 1.77748489, 1.60317230, -0.63463354
3272, 29652455, 29652983, 1.79536307, 1.77824783, 1.50793457, -0.63463354
3273, 29653455, 29653981, 1.79433715, 1.77939224, 1.41269684, -0.28846979
3274, 29654455, 29654981, 1.79333127, 1.78015518, 1.28571320, -0.51924562
3275, 29655455, 29655982, 1.79234684, 1.78091812, 1.19047546, -0.40385768
3276, 29656455, 29656984, 1.79138422, 1.78168201, 1.09523773, -0.28846979
3277, 29657455, 29657986, 1.79044163, 1.78244495, 1.00000000, -0.63463354
3278, 29658455, 29658984, 1.78951788, 1.78282642, 0.90476227, -0.63463354
3279, 29659455, 29659982, 1.78861189, 1.78320789, 0.77777863, -0.51924562
3280, 29660455, 29660980, 1.78772128, 1.78397083, 0.71428680, -0.51924562
3281, 29661455, 29661981, 1.78684247, 1.78397083, 0.61904907, -0.63463354
3282, 29662455, 29662979, 1.78597283, 1.78435230, 0.55555725, -0.63463354
3283, 29663455, 29663985, 1.78510857, 1.78435230, 0.49206543, -0.51924562
3284, 29664455, 29664979, 1.78424573, 1.78473377, 0.42857361, -0.51924562
3285, 29665455, 29665979, 1.78337944, 1.78473377, 0.36508179, -0.40385768
3286, 29666455, 29666980, 1.78250515, 1.78473377, 0.30158997, -0.40385768
3287, 29667455, 29667982, 1.78161800, 1.78473377, 0.23809814, -0.17308187
3288, 29668455, 29668982, 1.78071320, 1.78473377, 0.17460632, -0.05769395
3289, 29669455, 29669980, 1.77978694, 1.78435230, 0.11111450, -0.28846979
3290, 29670455, 29670982, 1.77883399, 1.78397083, 0.04762268, 0.05769395
3291, 29671455, 29671982, 1.77785015, 1.78397083, -0.01587677, 0.05769395
3292, 29672455, 29672980, 1.77683151, 1.78358936, -0.11111450, -0.17308187
3293, 29673455, 29673983, 1.77577460, 1.78282642, -0.17460632, -0.05769395
3294, 29674455, 29674979, 1.77467418, 1.78244495, -0.23809814, 0.28846979
3295, 29675455, 29675987, 1.77352607, 1.78168201, -0.30158997, 0.05769395
3296, 29676455, 29676977, 1.77232766, 1.78130054, -0.36508179, -0.28846979
3297, 29677455, 29677979, 1.77107561, 1.78091812, -0.42857361, 0.28846979
3298, 29678455, 29678986, 1.76976681, 1.78015518, -0.49206543, 0.51924562
3299, 29679455, 29679986, 1.76839745, 1.77939224, -0.52381134, -0.05769395
3300, 29680455, 29680986, 1.76696551, 1.77862930, -0.58730316, 0.05769395
3301, 29681455, 29681984, 1.76546848, 1.77786636, -0.58730316, 0.05769395
3302, 29682455, 29682978, 1.76390386, 1.77748489, -0.61904907, -0.05769395
3303, 29683455, 29683983, 1.76226985, 1.77672195, -0.65079498, 0.05769395
3304, 29684455, 29684979, 1.76056397, 1.77557755, -0.68254089, 0.05769395
3305, 29685455, 29685983, 1.75878322, 1.77519608, -0.71428680, -0.05769395
3306, 29686455, 29686983, 1.75692523, 1.77443314, -0.71428680, 0.05769395
3307, 29687455, 29687987, 1.75498855, 1.77328873, -0.77777863, 0.17308187
3308, 29688455, 29688989, 1.75297201, 1.77252579, -0.77777863, 0.17308187
3309, 29689455, 29689982, 1.75087440, 1.77176285, -0.77777863, 0.17308187
3310, 29690455, 29690990, 1.74869502, 1.77099991, -0.80952454, -0.17308187
3311, 29691455, 29691990, 1.74643230, 1.76985550, -0.80952454, -0.05769395
3312, 29692455, 29692988, 1.74408484, 1.76909256, -0.84127045, -0.40385768
3313, 29693455, 29693988, 1.74165189, 1.76794815, -0.84127045, -0.05769395
3314, 29694455, 29694982, 1.73913276, 1.76756668, -0.87301636, 0.05769395
3315, 29695455, 29695981, 1.73652637, 1.76680374, -0.84127045, -0.17308187
3316, 29696455, 29696987, 1.73383331, 1.76565933, -0.84127045, -0.05769395
3317, 29697455, 29697979, 1.73105502, 1.76489639, -0.87301636, -0.40385768
3318, 29698455, 29698979, 1.72819149, 1.76413345, -0.87301636, -0.40385768
3319, 29699455, 29699985, 1.72524226, 1.76298904, -0.87301636, 0.05769395
3320, 29700455, 29700981, 1.72220874, 1.76184464, -0.87301636, -0.05769395
3321, 29701455, 29701982, 1.71909058, 1.76108170, -0.90476227, -0.05769395
3322, 29702455, 29702982, 1.71588838, 1.76031876, -0.90476227, -0.17308187
3323, 29703455, 29703980, 1.71260309, 1.75917435, -0.93650818, -0.05769395
3324, 29704455, 29704988, 1.70923591, 1.75841141, -0.96825409, -0.17308187
3325, 29705455, 29705986, 1.70578814, 1.75688553, -0.96825409, 0.05769395
3326, 29706455, 29706989, 1.70226085, 1.75574112, -1.00000000, -0.05769395
3327, 29707455, 29707987, 1.69865525, 1.75497818, -1.03174591, 0.05769395
3328, 29708455, 29708987, 1.69497311, 1.75383377, -1.06349182, -0.05769395
3329, 29709455, 29709985, 1.69121480, 1.75230789, -1.06349182, -0.05769395
3330, 29710455, 29710987, 1.68738174, 1.75154495, -1.06349182, 0.05769395
3331, 29711455, 29711990, 1.68347442, 1.75040054, -1.09523773, -0.05769395
3332, 29712455, 29712984, 1.67949402, 1.74887466, -1.12698364, 0.40385768
3333, 29713455, 29713986, 1.67544067, 1.74811172, -1.15872955, 0.17308187
3334, 29714455, 29714984, 1.67131519, 1.74658585, -1.15872955, -0.17308187
3335, 29715455, 29715988, 1.66711855, 1.74505997, -1.19047546, -0.05769395
3336, 29716455, 29716980, 1.66285110, 1.74391556, -1.22222137, 0.05769395
3337, 29717455, 29717985, 1.65851271, 1.74277115, -1.22222137, 0.05769395
3338, 29718455, 29718981, 1.65410388, 1.74162674, -1.22222137, -0.05769395
3339, 29719455, 29719989, 1.64962590, 1.74010086, -1.25396729, -0.17308187
3340, 29720455, 29720983, 1.64507914, 1.73895645, -1.28571320, -0.28846979
3341, 29721455, 29721985, 1.64046502, 1.73704910, -1.31745911, -0.28846979
3342, 29722455, 29722979, 1.63578486, 1.73590469, -1.34920502, -0.40385768
3343, 29723455, 29723986, 1.63104057, 1.73399734, -1.38095093, -0.40385768
3344, 29724455, 29724982, 1.62623274, 1.73247147, -1.41269684, -0.40385768
3345, 29725455, 29725982, 1.62136221, 1.73056412, -1.47618866, -0.86540931
3346, 29726455, 29726982, 1.61643040, 1.72865677, -1.57143021, -0.86540931
3347, 29727455, 29727980, 1.61143816, 1.72674942, -1.63492203, -0.51924562
3348, 29728455, 29728981, 1.60638583, 1.72484207, -1.69841385, -0.75002146
3349, 29729455, 29729985, 1.60127461, 1.72255325, -1.73015976, -0.63463354
3350, 29730455, 29730983, 1.59610617, 1.72026443, -1.85714340, -0.86540931
3351, 29731455, 29731983, 1.59088242, 1.71835613, -1.92063522, -0.98079723
3352, 29732455, 29732983, 1.58560622, 1.71606731, -2.01587296, -0.63463354
3353, 29733455, 29733981, 1.58027875, 1.71339703, -2.11111069, -0.86540931
3354, 29734455, 29734982, 1.57490253, 1.71072674, -2.14285660, -0.40385768
3355, 29735455, 29735984, 1.56947899, 1.70805645, -2.26984024, -0.63463354
3356, 29736455, 29736978, 1.56400871, 1.70538616, -2.36507797, -0.63463354
3357, 29737455, 29737980, 1.55849385, 1.70233440, -2.46031570, -1.21157312
3358, 29738455, 29738980, 1.55293691, 1.69966412, -2.52381134, -0.75002146
3359, 29739455, 29739983, 1.54733944, 1.69661236, -2.61904907, -0.98079723
3360, 29740455, 29740977, 1.54170454, 1.69356060, -2.71428680, -0.75002146
3361, 29741455, 29741977, 1.53603530, 1.69012737, -2.80952454, -0.75002146
3362, 29742455, 29742979, 1.53033352, 1.68669415, -2.90476227, -0.63463354
3363, 29743455, 29743977, 1.52460289, 1.68326092, -3.00000000, -0.28846979
3364, 29744455, 29744977, 1.51884556, 1.67982769, -3.09523773, -0.51924562
3365, 29745455, 29745978, 1.51306486, 1.67677593, -3.19047546, -0.51924562
3366, 29746455, 29746976, 1.50726402, 1.67296124, -3.25396729, -0.75002146
3367, 29747455, 29747978, 1.50144541, 1.66914654, -3.34920502, -1.09618521
3368, 29748455, 29748978, 1.49561179, 1.66533184, -3.41269684, -0.63463354
3369, 29749455, 29749978, 1.48976707, 1.66151714, -3.50793839, -0.75002146
3370, 29750455, 29750982, 1.48391557, 1.65732098, -3.57143021, -0.75002146
3371, 29751455, 29751983, 1.47806239, 1.65388680, -3.63492203, -0.75002146
3372, 29752455, 29752979, 1.47221053, 1.64969063, -3.73015976, -0.28846979
3373, 29753455, 29753981, 1.46636534, 1.64549446, -3.82539749, -0.63463354
3374, 29754455, 29754985, 1.46053100, 1.64129829, -3.88888931, -0.40385768
3375, 29755455, 29755979, 1.45471275, 1.63710213, -3.98412704, -0.75002146
3376, 29756455, 29756980, 1.44891560, 1.63252449, -4.04761887, -0.51924562
3377, 29757455, 29757980, 1.44314539, 1.62832832, -4.11111069, -0.51924562
3378, 29758455, 29758980, 1.43740857, 1.62375069, -4.17460251, -0.51924562
3379, 29759455, 29759978, 1.43171036, 1.61955452, -4.23809433, -0.17308187
3380, 29760455, 29760978, 1.42605817, 1.61497688, -4.26984024, -0.40385768
3381, 29761455, 29761976, 1.42045784, 1.61039925, -4.33333206, -0.28846979
3382, 29762455, 29762987, 1.41491652, 1.60582161, -4.39682388, -0.28846979
3383, 29763455, 29763975, 1.40944171, 1.60124397, -4.42856979, -0.51924562
3384, 29764455, 29764975, 1.40404141, 1.59666634, -4.49206161, -0.51924562
3385, 29765455, 29765973, 1.39872289, 1.59170628, -4.52381134, -0.28846979
3386, 29766455, 29766975, 1.39349699, 1.58712864, -4.58730316, -0.28846979
3387, 29767455, 29767975, 1.38837290, 1.58216953, -4.61904907, -0.17308187
3388, 29768455, 29768976, 1.38336217, 1.57721043, -4.68254089, -0.05769395
3389, 29769455, 29769978, 1.37847793, 1.57186985, -4.71428680, -0.05769395
3390, 29770455, 29770974, 1.37373066, 1.56729221, -4.80952454, -0.51924562
3391, 29771455, 29771984, 1.36913395, 1.56195164, -4.87301636, -0.40385768
3392, 29772455, 29772976, 1.36470425, 1.55699253, -4.90476227, -0.17308187
3393, 29773455, 29773987, 1.36045825, 1.55165195, -4.96825409, 0.05769395
3394, 29774455, 29774973, 1.35641038, 1.54669285, -5.00000000, 0.05769395
3395, 29775455, 29775985, 1.35257864, 1.54135227, -5.06349182, -0.05769395
3396, 29776455, 29776987, 1.34897757, 1.53639317, -5.09523773, 0.05769395
3397, 29777455, 29777983, 1.34562218, 1.53105164, -5.12698364, -0.05769395
3398, 29778455, 29778974, 1.34252572, 1.52571106, -5.15872955, 0.05769395
3399, 29779455, 29779982, 1.33970249, 1.52037048, -5.15872955, 0.40385768
3400, 29780455, 29780970, 1.33716512, 1.51541138, -5.19047546, 0.17308187
3401, 29781455, 29781984, 1.33492029, 1.51007080, -5.22222137, 0.17308187
3402, 29782455, 29782984, 1.33296895, 1.50511169, -5.22222137, 0.17308187
3403, 29783455, 29783972, 1.33130741, 1.49977112, -5.25396729, 0.05769395
3404, 29784455, 29784981, 1.32992566, 1.49443054, -5.22222137, 0.05769395
3405, 29785455, 29785981, 1.32880783, 1.48947144, -5.38095093, 0.40385768
3406, 29786455, 29786983, 1.32793045, 1.48413086, -5.22222137, 0.51924562
3407, 29787455, 29787983, 1.32726896, 1.47879028, -5.22222137, 0.86540931
3408, 29788455, 29788979, 1.32679105, 1.47383118, -5.25396729, 1.09618521
3409, 29789455, 29789979, 1.32646668, 1.46887207, -5.19047546, 1.21157312
3410, 29790455, 29790984, 1.32626522, 1.46391201, -5.15872955, 0.86540931
3411, 29791455, 29791982, 1.32615840, 1.45895290, -5.12698364, 1.21157312
3412, 29792455, 29792984, 1.32611787, 1.45475674, -5.09523773, 1.90390050
3413, 29793455, 29793984, 1.32611811, 1.44979763, -4.84127045, 1.32696104
3414, 29794455, 29794978, 1.32613838, 1.44560146, -4.90476227, 1.32696104
3415, 29795455, 29795982, 1.32616019, 1.44102383, -4.80952454, 1.44234896
3416, 29796455, 29796979, 1.32616758, 1.43682766, -4.71428680, 1.55773675
3417, 29797455, 29797983, 1.32614934, 1.43301296, -4.61904907, 0.86540931
3418, 29798455, 29798983, 1.32609928, 1.42919827, -4.49206161, 1.09618521
3419, 29799455, 29799981, 1.32601309, 1.42538357, -4.36507797, 1.55773675
3420, 29800455, 29800977, 1.32589090, 1.42156887, -4.23809433, 2.01928854
3421, 29801455, 29801984, 1.32573438, 1.41851711, -4.11111069, 1.55773675
3422, 29802455, 29802982, 1.32554686, 1.41508389, -3.98412704, 1.55773675
3423, 29803455, 29803978, 1.32533491, 1.41165066, -3.85714340, 1.21157312
3424, 29804455, 29804982, 1.32510436, 1.40859890, -3.69841385, 1.55773675
3425, 29805455, 29805978, 1.32486475, 1.40554619, -3.57143021, 1.21157312
3426, 29806455, 29806979, 1.32462645, 1.40249443, -3.44444275, 1.44234896
3427, 29807455, 29807981, 1.32440031, 1.39982414, -3.31745911, 0.75002146
3428, 29808455, 29808981, 1.32419682, 1.39753532, -3.19047546, 1.32696104
3429, 29809455, 29809983, 1.32402527, 1.39486504, -3.06349182, 0.86540931
3430, 29810455, 29810981, 1.32389665, 1.39219475, -2.93650818, 1.21157312
3431, 29811455, 29811979, 1.32381976, 1.39028740, -2.80952454, 1.21157312
3432, 29812455, 29812978, 1.32380378, 1.38799858, -2.71428680, 1.32696104
3433, 29813455, 29813978, 1.32385898, 1.38570976, -2.58730316, 0.98079723
3434, 29814455, 29814978, 1.32399285, 1.38418388, -2.46031570, 1.09618521
3435, 29815455, 29815978, 1.32421243, 1.38189507, -2.33333206, 0.98079723
3436, 29816455, 29816980, 1.32452261, 1.38036919, -2.23809433, 0.98079723
3437, 29817455, 29817976, 1.32492948, 1.37846184, -2.14285660, 0.86540931
3438, 29818455, 29818979, 1.32543528, 1.37693596, -2.04761887, 1.09618521
3439, 29819455, 29819981, 1.32604456, 1.37579155, -1.95238113, 1.09618521
3440, 29820455, 29820981, 1.32676136, 1.37388420, -1.85714340, 0.98079723
3441, 29821455, 29821987, 1.32758892, 1.37273979, -1.76190567, 0.86540931
3442, 29822455, 29822981, 1.32853055, 1.37121391, -1.66666794, 1.32696104
3443, 29823455, 29823987, 1.32958913, 1.37006950, -1.63492203, 1.44234896
3444, 29824455, 29824982, 1.33076823, 1.36930656, -1.50793839, 0.86540931
3445, 29825455, 29825986, 1.33207405, 1.36778069, -1.41269684, 0.63463354
3446, 29826455, 29826990, 1.33351123, 1.36663628, -1.34920502, 0.51924562
3447, 29827455, 29827984, 1.33508742, 1.36625481, -1.28571320, 0.63463354
3448, 29828455, 29828980, 1.33680904, 1.36511040, -1.15872955, 0.86540931
3449, 29829455, 29829985, 1.33868253, 1.36434746, -1.09523773, 0.75002146
3450, 29830455, 29830985, 1.34071279, 1.36358452, -1.03174591, 0.28846979
3451, 29831455, 29831983, 1.34290409, 1.36320305, -0.93650818, 0.75002146
3452, 29832455, 29832981, 1.34526050, 1.36282158, -0.87301636, 0.75002146
3453, 29833455, 29833975, 1.34778357, 1.36244011, -0.80952454, 0.51924562
3454, 29834455, 29834986, 1.35047448, 1.36167717, -0.71428680, 0.75002146
3455, 29835455, 29835980, 1.35333467, 1.36167717, -0.65079498, 0.75002146
3456, 29836455, 29836980, 1.35636425, 1.36129570, -0.58730316, 0.75002146
3457, 29837455, 29837980, 1.35955942, 1.36129570, -0.49206543, 0.75002146
3458, 29838455, 29838982, 1.36291528, 1.36129570, -0.39682770, 0.86540931
3459, 29839455, 29839980, 1.36642730, 1.36129570, -0.30158997, 0.86540931
3460, 29840455, 29840985, 1.37008882, 1.36129570, -0.23809814, 0.63463354
3461, 29841455, 29841981, 1.37389183, 1.36129570, -0.17460632, 0.86540931
3462, 29842455, 29842993, 1.37782860, 1.36167717, -0.04762268, 0.75002146
3463, 29843455, 29843993, 1.38189256, 1.36205864, -0.01587677, 0.75002146
3464, 29844455, 29844981, 1.38607621, 1.36244011, 0.01587677, 0.75002146
3465, 29845455, 29845985, 1.39037120, 1.36282158, 0.07936859, 0.98079723
3466, 29846455, 29846982, 1.39476895, 1.36320305, 0.14286041, 0.86540931
3467, 29847455, 29847980, 1.39926219, 1.36358452, 0.20635223, 1.09618521
3468, 29848455, 29848982, 1.40384173, 1.36434746, 0.26984406, 1.09618521
3469, 29849455, 29849986, 1.40849650, 1.36511040, 0.36508179, 0.98079723
3470, 29850455, 29850982, 1.41321790, 1.36587334, 0.42857361, 1.32696104
3471, 29851455, 29851989, 1.41799569, 1.36663628, 0.52381134, 1.09618521
3472, 29852455, 29852989, 1.42282200, 1.36778069, 0.61904907, 1.09618521
3473, 29853455, 29853979, 1.42768800, 1.36892509, 0.68254089, 1.32696104
3474, 29854455, 29854985, 1.43258691, 1.37006950, 0.74603271, 1.55773675
3475, 29855455, 29855989, 1.43751407, 1.37121391, 0.87301636, 1.55773675
3476, 29856455, 29856985, 1.44246435, 1.37273979, 0.93650818, 1.67312467
3477, 29857455, 29857984, 1.44743419, 1.37388420, 1.00000000, 1.55773675
3478, 29858455, 29858988, 1.45242214, 1.37579155, 1.09523773, 1.32696104
3479, 29859455, 29859980, 1.45742512, 1.37693596, 1.19047546, 1.32696104
3480, 29860455, 29860988, 1.46244049, 1.37846184, 1.28571320, 1.09618521
3481, 29861455, 29861982, 1.46746683, 1.38036919, 1.34920502, 1.09618521
3482, 29862455, 29862980, 1.47250342, 1.38227654, 1.44444275, 1.21157312
3483, 29863455, 29863987, 1.47754788, 1.38418388, 1.50793457, 1.09618521
3484, 29864455, 29864981, 1.48259974, 1.38609123, 1.60317230, 1.21157312
3485, 29865455, 29865983, 1.48765814, 1.38838005, 1.69841003, 1.44234896
3486, 29866455, 29866985, 1.49272060, 1.39028740, 1.76190186, 1.44234896
3487, 29867455, 29867983, 1.49778581, 1.39257622, 1.85713959, 1.09618521
3488, 29868455, 29868990, 1.50285304, 1.39486504, 1.95237732, 1.21157312
3489, 29869455, 29869986, 1.50792098, 1.39715385, 2.01587677, 1.09618521
3490, 29870455, 29870982, 1.51298833, 1.39944267, 2.07936859, 1.09618521
3491, 29871455, 29871982, 1.51805282, 1.40211296, 2.11111450, 1.32696104
3492, 29872455, 29872982, 1.52311170, 1.40478325, 2.23809814, 0.98079723
3493, 29873455, 29873980, 1.52816188, 1.40745449, 2.33333588, 0.98079723
3494, 29874455, 29874983, 1.53320014, 1.41012478, 2.42857361, 1.21157312
3495, 29875455, 29875983, 1.53822076, 1.41279507, 2.49206543, 1.21157312
3496, 29876455, 29876985, 1.54322028, 1.41584682, 2.58730316, 1.09618521
3497, 29877455, 29877981, 1.54819441, 1.41889858, 2.61904907, 1.21157312
3498, 29878455, 29878979, 1.55313861, 1.42156887, 2.71428680, 1.09618521
3499, 29879455, 29879980, 1.55805016, 1.42462063, 2.77777863, 1.09618521
3500, 29880455, 29880982, 1.56292498, 1.42805386, 2.87301636, 0.98079723
3501, 29881455, 29881980, 1.56776023, 1.43110561, 2.90476227, 0.86540931
3502, 29882455, 29882982, 1.57255220, 1.43453884, 2.96825409, 0.86540931
3503, 29883455, 29883980, 1.57729924, 1.43759060, 3.03174591, 1.09618521
3504, 29884455, 29884982, 1.58199966, 1.44102383, 3.06349182, 0.98079723
3505, 29885455, 29885983, 1.58665168, 1.44445705, 3.12698364, 0.86540931
3506, 29886455, 29886979, 1.59125292, 1.44789028, 3.19047546, 0.86540931
3507, 29887455, 29887981, 1.59580231, 1.45170498, 3.25396729, 1.09618521
3508, 29888455, 29888977, 1.60029948, 1.45513821, 3.31745911, 0.86540931
3509, 29889455, 29889979, 1.60474336, 1.45895290, 3.34920502, 0.98079723
3510, 29890455, 29890979, 1.60913360, 1.46238613, 3.41269684, 0.86540931
3511, 29891455, 29891984, 1.61347008, 1.46581936, 3.44444275, 0.86540931
3512, 29892455, 29892986, 1.61775208, 1.46963501, 3.50793457, 0.86540931
3513, 29893455, 29893982, 1.62197793, 1.47344971, 3.53968048, 0.63463354
3514, 29894455, 29894982, 1.62614834, 1.47726440, 3.57142639, 0.63463354
3515, 29895455, 29895980, 1.63026333, 1.48107910, 3.60317230, 0.75002146
3516, 29896455, 29896981, 1.63432276, 1.48489380, 3.66666412, 0.98079723
3517, 29897455, 29897983, 1.63832784, 1.48870850, 3.69841003, 0.51924562
3518, 29898455, 29898979, 1.64227748, 1.49252319, 3.73015594, 0.75002146
3519, 29899455, 29899983, 1.64617264, 1.49633789, 3.76190186, 0.40385768
3520, 29900455, 29900979, 1.65001404, 1.50015259, 3.79364777, 0.51924562
3521, 29901455, 29901980, 1.65380144, 1.50396729, 3.79364777, 0.75002146
3522, 29902455, 29902984, 1.65753520, 1.50816345, 3.85713959, 0.63463354
3523, 29903455, 29903980, 1.66121507, 1.51197815, 3.85713959, 0.28846979
3524, 29904455, 29904982, 1.66484189, 1.51579285, 3.85713959, 0.51924562
3525, 29905455, 29905986, 1.66841555, 1.51960754, 3.85713959, 0.98079723
3526, 29906455, 29906982, 1.67193615, 1.52342224, 3.85713959, 0.40385768
3527, 29907455, 29907983, 1.67540324, 1.52761841, 3.85713959, 0.51924562
3528, 29908455, 29908979, 1.67881620, 1.53143406, 3.88888550, 0.51924562
3529, 29909455, 29909979, 1.68217468, 1.53524876, 3.88888550, 0.51924562
3530, 29910455, 29910983, 1.68547821, 1.53944492, 3.88888550, 0.40385768
3531, 29911455, 29911981, 1.68872619, 1.54325962, 3.88888550, 0.51924562
3532, 29912455, 29912979, 1.69191694, 1.54745579, 3.92063141, 0.40385768
3533, 29913455, 29913990, 1.69504857, 1.55088902, 3.88888550, 0.75002146
3534, 29914455, 29914980, 1.69811976, 1.55508518, 3.88888550, 0.51924562
3535, 29915455, 29915980, 1.70112753, 1.55889988, 3.88888550, 0.51924562
3536, 29916455, 29916974, 1.70406997, 1.56309605, 3.92063141, 0.40385768
3537, 29917455, 29917974, 1.70694351, 1.56691074, 3.92063141, 0.28846979
3538, 29918455, 29918984, 1.70974743, 1.57072544, 3.88888550, 0.28846979
3539, 29919455, 29919975, 1.71247852, 1.57454014, 3.88888550, 0.28846979
3540, 29920455, 29920973, 1.71513426, 1.57835484, 3.88888550, 0.28846979
3541, 29921455, 29921987, 1.71771252, 1.58216953, 3.88888550, 0.17308187
3542, 29922455, 29922983, 1.72021174, 1.58598423, 3.88888550, 0.28846979
3543, 29923455, 29923975, 1.72263038, 1.58979893, 3.85713959, 0.17308187
3544, 29924455, 29924974, 1.72496653, 1.59399605, 3.82539368, 0.17308187
3545, 29925455, 29925972, 1.72721875, 1.59742928, 3.82539368, -0.05769395
3546, 29926455, 29926972, 1.72938502, 1.60124397, 3.82539368, 0.17308187
3547, 29927455, 29927986, 1.73146522, 1.60505867, 3.79364777, 0.17308187
3548, 29928455, 29928988, 1.73345768, 1.60887337, 3.79364777, 0.17308187
3549, 29929455, 29929987, 1.73536146, 1.61268806, 3.76190186, 0.17308187
3550, 29930455, 29930971, 1.73717523, 1.61573982, 3.76190186, 0.17308187
3551, 29931455, 29931983, 1.73889685, 1.61993599, 3.76190186, 0.17308187
3552, 29932455, 29932985, 1.74052489, 1.62336922, 3.69841003, 0.05769395
3553, 29933455, 29933983, 1.74205923, 1.62680244, 3.69841003, -0.05769395
3554, 29934455, 29934987, 1.74349964, 1.63023567, 3.63491821, 0.05769395
3555, 29935455, 29935988, 1.74484622, 1.63366890, 3.57142639, -0.05769395
3556, 29936455, 29936988, 1.74609923, 1.63710213, 3.53968048, -0.28846979
3557, 29937455, 29937986, 1.74725831, 1.64053535, 3.50793457, -0.05769395
3558, 29938455, 29938986, 1.74832225, 1.64396858, 3.47618866, -0.05769395
3559, 29939455, 29939986, 1.74929130, 1.64702034, 3.41269684, 0.05769395
3560, 29940455, 29940986, 1.75016510, 1.65045357, 3.38095093, -0.17308187
3561, 29941455, 29941985, 1.75094414, 1.65350533, 3.31745911, -0.05769395
3562, 29942455, 29942983, 1.75162899, 1.65655804, 3.28571320, -0.05769395
3563, 29943455, 29943983, 1.75222099, 1.65960979, 3.25396729, -0.05769395
3564, 29944455, 29944985, 1.75272119, 1.66266155, 3.19047546, -0.17308187
3565, 29945455, 29945985, 1.75313163, 1.66571331, 3.15872955, -0.17308187
3566, 29946455, 29946982, 1.75345409, 1.66876507, 3.09523773, -0.17308187
3567, 29947455, 29947982, 1.75368977, 1.67143536, 3.06349182, -0.28846979
3568, 29948455, 29948982, 1.75383985, 1.67410564, 3.00000000, -0.17308187
3569, 29949455, 29949988, 1.75390649, 1.67715740, 2.96825409, -0.17308187
3570, 29950455, 29950988, 1.75389171, 1.67982769, 2.90476227, -0.05769395
3571, 29951455, 29951980, 1.75379813, 1.68249798, 2.84127045, -0.28846979
3572, 29952455, 29952987, 1.75362670, 1.68516827, 2.80952454, -0.05769395
3573, 29953455, 29953979, 1.75337946, 1.68783855, 2.77777863, -0.40385768
3574, 29954455, 29954981, 1.75306070, 1.69012737, 2.71428680, 0.05769395
3575, 29955455, 29955983, 1.75267267, 1.69241619, 2.65079498, -0.17308187
3576, 29956455, 29956981, 1.75221825, 1.69508648, 2.58730316, -0.17308187
3577, 29957455, 29957985, 1.75170100, 1.69737530, 2.55555725, -0.28846979
3578, 29958455, 29958984, 1.75112474, 1.69928265, 2.49206543, -0.40385768
3579, 29959455, 29959980, 1.75049388, 1.70157146, 2.42857361, -0.17308187
3580, 29960455, 29960978, 1.74981213, 1.70347881, 2.33333588, -0.28846979
3581, 29961455, 29961984, 1.74908328, 1.70576763, 2.26984406, -0.28846979
3582, 29962455, 29962978, 1.74831009, 1.70729351, 2.17460632, -0.28846979
3583, 29963455, 29963980, 1.74749804, 1.70958233, 2.11111450, -0.40385768
3584, 29964455, 29964987, 1.74664748, 1.71110821, 2.04762268, -0.51924562
3585, 29965455, 29965989, 1.74576187, 1.71301556, 1.95237732, -0.28846979
3586, 29966455, 29966987, 1.74484205, 1.71454144, 1.92063141, -0.28846979
3587, 29967455, 29967985, 1.74388933, 1.71606731, 1.82539368, -0.86540931
3588, 29968455, 29968983, 1.74290526, 1.71721172, 1.73015594, -0.40385768
3589, 29969455, 29969982, 1.74189115, 1.71873760, 1.63491821, -0.51924562
3590, 29970455, 29970986, 1.74084783, 1.71988297, 1.57142639, -0.63463354
3591, 29971455, 29971986, 1.73977602, 1.72102737, 1.47618866, -0.51924562
3592, 29972455, 29972978, 1.73867667, 1.72217178, 1.38095093, -0.75002146
3593, 29973455, 29973978, 1.73754942, 1.72293472, 1.28571320, -0.40385768
3594, 29974455, 29974985, 1.73639476, 1.72369766, 1.19047546, -0.51924562
3595, 29975455, 29975985, 1.73521185, 1.72446060, 1.09523773, -0.17308187
3596, 29976455, 29976979, 1.73400080, 1.72522354, 1.00000000, -0.40385768
3597, 29977455, 29977977, 1.73276198, 1.72560501, 0.90476227, -0.51924562
3598, 29978455, 29978981, 1.73149610, 1.72598648, 0.80952454, -0.51924562
3599, 29979455, 29979981, 1.73020124, 1.72636795, 0.71428680, -0.28846979
3600, 29980455, 29980982, 1.72887719, 1.72674942, 0.61904907, -0.28846979
3601, 29981455, 29981990, 1.72752237, 1.72713089, 0.52381134, -0.28846979
3602, 29982455, 29982992, 1.72613609, 1.72713089, 0.46031952, -0.17308187
3603, 29983455, 29983984, 1.72471762, 1.72713089, 0.36508179, -0.28846979
3604, 29984455, 29984984, 1.72326565, 1.72713089, 0.26984406, -0.28846979
3605, 29985455, 29985982, 1.72177792, 1.72713089, 0.20635223, -0.28846979
3606, 29986455, 29986981, 1.72025263, 1.72674942, 0.11111450, -0.28846979
3607, 29987455, 29987993, 1.71868885, 1.72674942, 0.04762268, -0.17308187
3608, 29988455, 29988983, 1.71708643, 1.72636795, -0.01587677, -0.28846979
3609, 29989455, 29989981, 1.71544409, 1.72636795, -0.07936859, -0.17308187
3610, 29990455, 29990985, 1.71376014, 1.72598648, -0.11111450, -0.17308187
3611, 29991455, 29991981, 1.71203244, 1.72560501, -0.17460632, -0.28846979
3612, 29992455, 29992982, 1.71025872, 1.72560501, -0.20635223, -0.05769395
3613, 29993455, 29993984, 1.70843697, 1.72484207, -0.26984406, -0.05769395
3614, 29994455, 29994986, 1.70656729, 1.72407913, -0.30158997, 0.05769395
3615, 29995455, 29995982, 1.70464742, 1.72369766, -0.36508179, 0.05769395
3616, 29996455, 29996980, 1.70267689, 1.72293472, -0.42857361, -0.05769395
3617, 29997455, 29997985, 1.70065212, 1.72255325, -0.49206543, 0.28846979
3618, 29998455, 29998979, 1.69857097, 1.72179031, -0.52381134, -0.05769395
3619, 29999455, 29999985, 1.69643188, 1.72102737, -0.58730316, 0.05769395
3620, 30000455, 30000989, 1.69423294, 1.72026443, -0.61904907, 0.17308187
3621, 30001455, 30001987, 1.69197130, 1.71950150, -0.65079498, 0.17308187
3622, 30002455, 30002992, 1.68964577, 1.71912003, -0.68254089, 0.28846979
3623, 30003455, 30003986, 1.68725312, 1.71797466, -0.68254089, 0.28846979
3624, 30004455, 30004984, 1.68479121, 1.71721172, -0.71428680, -0.05769395
3625, 30005455, 30005986, 1.68225753, 1.71644878, -0.74603271, -0.17308187
3626, 30006455, 30006988, 1.67964935, 1.71568584, -0.77777863, -0.05769395
3627, 30007455, 30007982, 1.67696464, 1.71454144, -0.77777863, -0.05769395
3628, 30008455, 30008981, 1.67420161, 1.71377850, -0.80952454, -0.05769395
3629, 30009455, 30009989, 1.67135751, 1.71301556, -0.84127045, -0.05769395
3630, 30010455, 30010987, 1.66842997, 1.71187115, -0.87301636, -0.05769395
3631, 30011455, 30011985, 1.66541851, 1.71072674, -0.90476227, -0.05769395
3632, 30012455, 30012989, 1.66232336, 1.70996380, -0.93650818, -0.05769395
3633, 30013455, 30013983, 1.65914178, 1.70881939, -0.96825409, -0.05769395
3634, 30014455, 30014988, 1.65587330, 1.70767498, -0.96825409, -0.05769395
3635, 30015455, 30015984, 1.65251577, 1.70653057, -1.00000000, -0.17308187
3636, 30016455, 30016986, 1.64906895, 1.70576763, -1.03174591, -0.05769395
3637, 30017455, 30017986, 1.64553308, 1.70424175, -1.03174591, -0.05769395
3638, 30018455, 30018984, 1.64191043, 1.70347881, -1.06349182, -0.28846979
3639, 30019455, 30019983, 1.63820112, 1.70233440, -1.06349182, -0.51924562
3640, 30020455, 30020985, 1.63440681, 1.70080853, -1.09523773, -0.05769395
3641, 30021455, 30021981, 1.63052845, 1.69966412, -1.15872955, -0.40385768
3642, 30022455, 30022983, 1.62656832, 1.69851971, -1.19047546, -0.05769395
3643, 30023455, 30023985, 1.62252808, 1.69699383, -1.22222137, -0.28846979
3644, 30024455, 30024986, 1.61840940, 1.69546795, -1.25396729, -0.51924562
3645, 30025455, 30025982, 1.61421537, 1.69432354, -1.28571320, -0.28846979
3646, 30026455, 30026984, 1.60994792, 1.69241619, -1.31745911, -0.28846979
3647, 30027455, 30027984, 1.60561073, 1.69127178, -1.38095093, -0.40385768
3648, 30028455, 30028984, 1.60120559, 1.68936443, -1.41269684, -0.17308187
3649, 30029455, 30029982, 1.59673488, 1.68783855, -1.44444275, -0.51924562
3650, 30030455, 30030983, 1.59220219, 1.68593121, -1.47618866, -0.51924562
3651, 30031455, 30031983, 1.58760822, 1.68440533, -1.53968430, -0.51924562
3652, 30032455, 30032983, 1.58295536, 1.68287945, -1.60317612, -0.40385768
3653, 30033455, 30033981, 1.57824516, 1.68059063, -1.66666794, -0.51924562
3654, 30034455, 30034983, 1.57348073, 1.67868328, -1.76190567, -0.63463354
3655, 30035455, 30035979, 1.56866324, 1.67677593, -1.79365158, -0.63463354
3656, 30036455, 30036980, 1.56379473, 1.67448711, -1.85714340, -0.63463354
3657, 30037455, 30037984, 1.55887604, 1.67219830, -1.95238113, -0.75002146
3658, 30038455, 30038986, 1.55390811, 1.66990948, -2.01587296, -0.98079723
3659, 30039455, 30039980, 1.54889286, 1.66762066, -2.07936478, -0.51924562
3660, 30040455, 30040978, 1.54383111, 1.66533184, -2.17460251, -0.51924562
3661, 30041455, 30041979, 1.53872478, 1.66266155, -2.20634842, -0.75002146
3662, 30042455, 30042979, 1.53357327, 1.66037273, -2.26984024, -0.51924562
3663, 30043455, 30043983, 1.52837706, 1.65732098, -2.36507797, -0.63463354
3664, 30044455, 30044983, 1.52313602, 1.65464973, -2.46031570, -0.75002146
3665, 30045455, 30045983, 1.51785088, 1.65197945, -2.52381134, -0.75002146
3666, 30046455, 30046979, 1.51252222, 1.64892769, -2.58730316, -0.63463354
3667, 30047455, 30047979, 1.50715065, 1.64625740, -2.65079498, -0.63463354
3668, 30048455, 30048980, 1.50173748, 1.64320564, -2.80952454, -0.51924562
3669, 30049455, 30049982, 1.49628460, 1.64015388, -2.84127045, -0.86540931
3670, 30050455, 30050982, 1.49079442, 1.63672066, -2.90476227, -0.98079723
3671, 30051455, 30051978, 1.48526812, 1.63366890, -2.96825409, -0.63463354
3672, 30052455, 30052980, 1.47970796, 1.63023567, -3.03174591, -0.28846979
3673, 30053455, 30053978, 1.47411525, 1.62642097, -3.19047546, -0.51924562
3674, 30054455, 30054979, 1.46849191, 1.62298775, -3.22222137, -0.75002146
3675, 30055455, 30055979, 1.46284127, 1.61993599, -3.28571320, -0.40385768
3676, 30056455, 30056979, 1.45716572, 1.61573982, -3.28571320, -0.51924562
3677, 30057455, 30057979, 1.45146656, 1.61230659, -3.44444275, -0.63463354
3678, 30058455, 30058977, 1.44574773, 1.60849190, -3.50793839, -0.40385768
3679, 30059455, 30059982, 1.44001257, 1.60467720, -3.66666794, -0.17308187
3680, 30060455, 30060988, 1.43426490, 1.60048103, -3.69841385, -0.98079723
3681, 30061455, 30061976, 1.42850900, 1.59704781, -3.63492203, -0.63463354
3682, 30062455, 30062982, 1.42275012, 1.59285069, -3.79365158, -0.28846979
3683, 30063455, 30063980, 1.41699171, 1.58865452, -3.85714340, -0.40385768
3684, 30064455, 30064982, 1.41123879, 1.58445835, -3.92063522, -0.05769395
3685, 30065455, 30065990, 1.40549922, 1.58064365, -3.95238113, -0.40385768
3686, 30066455, 30066979, 1.39977682, 1.57644749, -4.01587296, -0.40385768
3687, 30067455, 30067977, 1.39407909, 1.57225132, -3.98412704, -0.51924562
3688, 30068455, 30068981, 1.38841283, 1.56767368, -4.04761887, -0.40385768
3689, 30069455, 30069995, 1.38278544, 1.56347752, -4.14285660, -0.17308187
3690, 30070455, 30070977, 1.37720394, 1.55928135, -4.17460251, -0.17308187
3691, 30071455, 30071974, 1.37167776, 1.55470371, -4.20634842, 0.05769395
3692, 30072455, 30072976, 1.36621571, 1.55050755, -4.26984024, -0.17308187
3693, 30073455, 30073982, 1.36082494, 1.54554844, -4.33333206, -0.28846979
3694, 30074455, 30074970, 1.35551775, 1.54097080, -4.39682388, -0.40385768
3695, 30075455, 30075980, 1.35030472, 1.53639317, -4.42856979, -0.28846979
3696, 30076455, 30076986, 1.34519851, 1.53181553, -4.49206161, -0.17308187
3697, 30077455, 30077971, 1.34021115, 1.52723694, -4.68254089, -0.17308187
3698, 30078455, 30078983, 1.33535814, 1.52265930, -4.61904907, 0.05769395
3699, 30079455, 30079971, 1.33065331, 1.51808167, -4.61904907, -0.17308187
3700, 30080455, 30080983, 1.32611430, 1.51312256, -4.65079498, -0.28846979
3701, 30081455, 30081983, 1.32176280, 1.50854492, -4.68254089, -0.28846979
3702, 30082455, 30082981, 1.31761384, 1.50358582, -4.68254089, -0.51924562
3703, 30083455, 30083984, 1.31368852, 1.49900818, -4.74603271, -0.28846979
3704, 30084455, 30084982, 1.31000781, 1.49404907, -4.74603271, -0.05769395
3705, 30085455, 30085984, 1.30659115, 1.48908997, -4.61904907, 0.05769395
3706, 30086455, 30086980, 1.30345488, 1.48413086, -4.77777863, -0.05769395
3707, 30087455, 30087980, 1.30061734, 1.47917175, -4.84127045, -0.05769395
3708, 30088455, 30088968, 1.29809153, 1.47421265, -4.87301636, -0.17308187
3709, 30089455, 30089983, 1.29588509, 1.46925354, -4.90476227, 0.28846979
3710, 30090455, 30090983, 1.29399931, 1.46429348, -4.93650818, -0.17308187
3711, 30091455, 30091983, 1.29243135, 1.45895290, -4.96825409, -0.05769395
3712, 30092455, 30092979, 1.29117179, 1.45437527, -4.96825409, 0.28846979
3713, 30093455, 30093979, 1.29020393, 1.44941616, -5.00000000, 0.17308187
3714, 30094455, 30094981, 1.28950644, 1.44445705, -4.96825409, 0.05769395
3715, 30095455, 30095988, 1.28905785, 1.43949795, -5.00000000, 0.17308187
3716, 30096455, 30096986, 1.28882873, 1.43453884, -4.96825409, 0.05769395
3717, 30097455, 30097980, 1.28879249, 1.42957973, -5.00000000, 0.40385768
3718, 30098455, 30098982, 1.28891957, 1.42462063, -4.96825409, 0.98079723
3719, 30099455, 30099980, 1.28918588, 1.42004299, -4.93650818, 1.21157312
3720, 30100455, 30100983, 1.28956330, 1.41508389, -4.90476227, 1.32696104
3721, 30101455, 30101981, 1.29003310, 1.41050625, -4.87301636, 1.21157312
3722, 30102455, 30102979, 1.29057384, 1.40592766, -4.84127045, 1.55773675
3723, 30103455, 30103979, 1.29117310, 1.40173149, -4.77777863, 1.32696104
3724, 30104455, 30104983, 1.29181778, 1.39753532, -4.68254089, 1.09618521
3725, 30105455, 30105983, 1.29250133, 1.39333916, -4.58730316, 1.44234896
3726, 30106455, 30106978, 1.29321992, 1.38952446, -4.46031570, 1.67312467
3727, 30107455, 30107978, 1.29397035, 1.38570976, -4.36507797, 2.01928854
3728, 30108455, 30108978, 1.29475236, 1.38189507, -4.23809433, 1.44234896
3729, 30109455, 30109982, 1.29556966, 1.37846184, -4.07936478, 1.21157312
3730, 30110455, 30110978, 1.29642582, 1.37541008, -3.92063522, 1.78851259
3731, 30111455, 30111986, 1.29732490, 1.37235832, -3.76190567, 1.67312467
3732, 30112455, 30112979, 1.29826987, 1.36930656, -3.63492203, 1.44234896
3733, 30113455, 30113979, 1.29926634, 1.36625481, -3.50793839, 1.55773675
3734, 30114455, 30114977, 1.30031562, 1.36358452, -3.34920502, 1.44234896
3735, 30115455, 30115979, 1.30142081, 1.36053276, -3.22222137, 1.55773675
3736, 30116455, 30116981, 1.30258453, 1.35824394, -3.06349182, 1.78851259
3737, 30117455, 30117975, 1.30381310, 1.35595512, -2.90476227, 1.67312467
3738, 30118455, 30118982, 1.30510974, 1.35404778, -2.77777863, 1.78851259
3739, 30119455, 30119976, 1.30647683, 1.35175896, -2.61904907, 1.44234896
3740, 30120455, 30120976, 1.30791819, 1.34985161, -2.49206161, 1.09618521
3741, 30121455, 30121978, 1.30943704, 1.34832573, -2.33333206, 1.32696104
3742, 30122455, 30122976, 1.31103623, 1.34641838, -2.20634842, 0.98079723
3743, 30123455, 30123983, 1.31271935, 1.34527397, -2.04761887, 1.09618521
3744, 30124455, 30124987, 1.31449199, 1.34374714, -1.92063522, 1.32696104
3745, 30125455, 30125991, 1.31636012, 1.34222126, -1.79365158, 1.32696104
3746, 30126455, 30126989, 1.31832969, 1.34107685, -1.63492203, 1.32696104
3747, 30127455, 30127989, 1.32040417, 1.33993244, -1.53968430, 1.32696104
3748, 30128455, 30128982, 1.32259011, 1.33878803, -1.41269684, 1.55773675
3749, 30129455, 30129984, 1.32489121, 1.33840656, -1.31745911, 1.09618521
3750, 30130455, 30130982, 1.32731032, 1.33764362, -1.19047546, 1.44234896
3751, 30131455, 30131976, 1.32985103, 1.33688068, -1.09523773, 1.44234896
3752, 30132455, 30132984, 1.33251548, 1.33649921, -0.96825409, 1.21157312
3753, 30133455, 30133980, 1.33530545, 1.33611774, -0.87301636, 1.09618521
3754, 30134455, 30134983, 1.33822203, 1.33573627, -0.77777863, 0.86540931
3755, 30135455, 30135983, 1.34126413, 1.33573627, -0.61904907, 0.86540931
3756, 30136455, 30136987, 1.34442949, 1.33535480, -0.52381134, 0.75002146
3757, 30137455, 30137991, 1.34771538, 1.33535480, -0.42857361, 0.63463354
3758, 30138455, 30138981, 1.35112154, 1.33535480, -0.36508179, 0.63463354
3759, 30139455, 30139981, 1.35464466, 1.33535480, -0.26984406, 1.44234896
3760, 30140455, 30140982, 1.35828245, 1.33573627, -0.17460632, 0.75002146
3761, 30141455, 30141986, 1.36203265, 1.33573627, -0.11111450, 1.09618521
3762, 30142455, 30142982, 1.36589396, 1.33611774, -0.01587677, 0.98079723
3763, 30143455, 30143980, 1.36986530, 1.33611774, 0.04762268, 2.25006437
3764, 30144455, 30144980, 1.37394285, 1.33688068, 0.14286041, 0.86540931
3765, 30145455, 30145984, 1.37812328, 1.33764362, 0.23809814, 0.98079723
3766, 30146455, 30146989, 1.38240373, 1.33840656, 0.33333588, 1.55773675
3767, 30147455, 30147987, 1.38677931, 1.33878803, 0.39682770, 1.44234896
3768, 30148455, 30148983, 1.39124596, 1.33955097, 0.46031952, 1.44234896
3769, 30149455, 30149977, 1.39580226, 1.34069538, 0.55555725, 2.25006437
3770, 30150455, 30150989, 1.40044308, 1.34183979, 0.65079498, 0.86540931
3771, 30151455, 30151988, 1.40516448, 1.34298420, 0.77777863, 0.98079723
3772, 30152455, 30152976, 1.40996194, 1.34412956, 0.84127045, 2.48084021
3773, 30153455, 30153988, 1.41483223, 1.34527397, 0.90476227, 0.98079723
3774, 30154455, 30154986, 1.41976905, 1.34718132, 1.03174591, 0.98079723
3775, 30155455, 30155982, 1.42476630, 1.34832573, 1.12698364, 2.36545229
3776, 30156455, 30156987, 1.42982018, 1.35023308, 1.22222137, 1.32696104
3777, 30157455, 30157985, 1.43492615, 1.35175896, 1.31745911, 0.98079723
3778, 30158455, 30158985, 1.44007957, 1.35366631, 1.41269684, 1.55773675
3779, 30159455, 30159989, 1.44527638, 1.35519218, 1.47618866, 2.48084021
3780, 30160455, 30160987, 1.45051444, 1.35709953, 1.57142639, 0.63463354
3781, 30161455, 30161979, 1.45578992, 1.35938835, 1.66666412, 1.09618521
3782, 30162455, 30162984, 1.46109951, 1.36167717, 1.73015594, 1.90390050
3783, 30163455, 30163986, 1.46644080, 1.36358452, 1.82539368, 0.75002146
3784, 30164455, 30164990, 1.47180974, 1.36625481, 1.95237732, 0.86540931
3785, 30165455, 30165986, 1.47720432, 1.36854362, 2.04762268, 1.09618521
3786, 30166455, 30166982, 1.48261940, 1.37083244, 2.11111450, 1.44234896
3787, 30167455, 30167982, 1.48805249, 1.37350273, 2.23809814, 2.36545229
3788, 30168455, 30168985, 1.49350071, 1.37617302, 2.30158997, 0.63463354
3789, 30169455, 30169981, 1.49895966, 1.37884331, 2.39682770, 1.21157312
3790, 30170455, 30170983, 1.50442564, 1.38151360, 2.49206543, 1.44234896
3791, 30171455, 30171983, 1.50989556, 1.38494682, 2.55555725, 1.55773675
3792, 30172455, 30172983, 1.51536584, 1.38761711, 2.61904907, 1.55773675
3793, 30173455, 30173986, 1.52083194, 1.39066887, 2.71428680, 0.98079723
3794, 30174455, 30174980, 1.52629030, 1.39372063, 2.80952454, 0.98079723
3795, 30175455, 30175980, 1.53173625, 1.39715385, 2.87301636, 1.55773675
3796, 30176455, 30176980, 1.53716695, 1.40058708, 2.93650818, 0.51924562
3797, 30177455, 30177986, 1.54258001, 1.40363884, 3.03174591, 0.98079723
3798, 30178455, 30178981, 1.54797232, 1.40707302, 3.12698364, 2.01928854
3799, 30179455, 30179979, 1.55334234, 1.41088772, 3.15872955, 0.75002146
3800, 30180455, 30180979, 1.55868638, 1.41432095, 3.28571320, 2.01928854
3801, 30181455, 30181983, 1.56400299, 1.41813564, 3.34920502, 0.51924562
3802, 30182455, 30182979, 1.56928861, 1.42156887, 3.41269684, 0.51924562
3803, 30183455, 30183983, 1.57454002, 1.42538357, 3.50793457, 0.75002146
3804, 30184455, 30184978, 1.57975471, 1.42919827, 3.57142639, 1.44234896
3805, 30185455, 30185980, 1.58492863, 1.43339443, 3.60317230, -0.05769395
3806, 30186455, 30186978, 1.59005880, 1.43682766, 3.66666412, 0.75002146
3807, 30187455, 30187982, 1.59514320, 1.44102383, 3.73015594, 0.86540931
3808, 30188455, 30188978, 1.60017920, 1.44483852, 3.79364777, 0.98079723
3809, 30189455, 30189976, 1.60516548, 1.44903469, 3.82539368, 0.86540931
3810, 30190455, 30190981, 1.61009872, 1.45284939, 3.85713959, 0.63463354
3811, 30191455, 30191979, 1.61497700, 1.45704556, 3.88888550, 0.40385768
3812, 30192455, 30192977, 1.61980021, 1.46124172, 3.92063141, 0.28846979
3813, 30193455, 30193987, 1.62456715, 1.46543789, 3.98412323, 0.75002146
3814, 30194455, 30194983, 1.62927401, 1.46925354, 3.98412323, 0.51924562
3815, 30195455, 30195982, 1.63392079, 1.47344971, 4.01587677, 0.51924562
3816, 30196455, 30196982, 1.63850570, 1.47764587, 4.04762268, 0.63463354
3817, 30197455, 30197982, 1.64302909, 1.48184204, 4.07936859, 0.63463354
3818, 30198455, 30198990, 1.64748979, 1.48603821, 4.11111450, 0.28846979
3819, 30199455, 30199980, 1.65188658, 1.49023438, 4.14286041, 0.17308187
3820, 30200455, 30200980, 1.65621758, 1.49443054, 4.17460632, 1.09618521
3821, 30201455, 30201983, 1.66048300, 1.49900818, 4.17460632, 0.05769395
3822, 30202455, 30202977, 1.66468275, 1.50320435, 4.20635223, 0.40385768
3823, 30203455, 30203983, 1.66881609, 1.50740051, 4.20635223, 0.51924562
3824, 30204455, 30204977, 1.67288172, 1.51159668, 4.20635223, 0.40385768
3825, 30205455, 30205975, 1.67688012, 1.51579285, 4.20635223, 0.40385768
3826, 30206455, 30206975, 1.68080997, 1.51998901, 4.23809814, 0.86540931
3827, 30207455, 30207976, 1.68467128, 1.52456665, 4.23809814, 0.28846979
3828, 30208455, 30208996, 1.68846416, 1.52876282, 4.23809814, 0.17308187
3829, 30209455, 30209976, 1.69218612, 1.53295994, 4.23809814, 0.05769395
3830, 30210455, 30210974, 1.69583642, 1.53715611, 4.23809814, 0.98079723
3831, 30211455, 30211976, 1.69941425, 1.54135227, 4.26984406, 0.17308187
3832, 30212455, 30212986, 1.70291841, 1.54592991, 4.23809814, 0.28846979
3833, 30213455, 30213979, 1.70634627, 1.55012608, 4.26984406, 0.05769395
3834, 30214455, 30214977, 1.70969701, 1.55432224, 4.26984406, 1.09618521
3835, 30215455, 30215975, 1.71296811, 1.55851841, 4.26984406, -0.17308187
3836, 30216455, 30216977, 1.71615958, 1.56309605, 4.26984406, -0.05769395
3837, 30217455, 30217989, 1.71926856, 1.56729221, 4.26984406, -0.05769395
3838, 30218455, 30218986, 1.72229242, 1.57110691, 4.26984406, -0.17308187
3839, 30219455, 30219970, 1.72522926, 1.57568455, 4.23809814, 0.40385768
3840, 30220455, 30220970, 1.72807693, 1.57988071, 4.23809814, 0.51924562
3841, 30221455, 30221978, 1.73083472, 1.58407688, 4.17460632, 0.17308187
3842, 30222455, 30222976, 1.73349953, 1.58789158, 4.17460632, -0.17308187
3843, 30223455, 30223987, 1.73606825, 1.59208775, 4.14286041, 0.05769395
3844, 30224455, 30224975, 1.73854005, 1.59628487, 4.14286041, 0.05769395
3845, 30225455, 30225987, 1.74091339, 1.60048103, 4.11111450, -0.05769395
3846, 30226455, 30226987, 1.74318552, 1.60429573, 4.07936859, -0.17308187
3847, 30227455, 30227985, 1.74535453, 1.60849190, 4.07936859, 0.05769395
3848, 30228455, 30228991, 1.74742126, 1.61230659, 4.07936859, 0.17308187
3849, 30229455, 30229986, 1.74938321, 1.61612129, 4.04762268, 0.28846979
3850, 30230455, 30230988, 1.75124264, 1.61993599, 4.04762268, -0.05769395
3851, 30231455, 30231988, 1.75299835, 1.62413216, 4.01587677, -0.05769395
3852, 30232455, 30232986, 1.75465178, 1.62794685, 3.98412323, -0.05769395
3853, 30233455, 30233984, 1.75620317, 1.63138008, 3.92063141, -0.05769395
3854, 30234455, 30234986, 1.75765276, 1.63519478, 3.88888550, 0.05769395
3855, 30235455, 30235979, 1.75900042, 1.63862801, 3.82539368, -0.28846979
3856, 30236455, 30236983, 1.76024592, 1.64244270, 3.76190186, -0.05769395
3857, 30237455, 30237985, 1.76138961, 1.64587593, 3.73015594, 0.05769395
3858, 30238455, 30238985, 1.76243174, 1.64930916, 3.66666412, 0.05769395
3859, 30239455, 30239983, 1.76337385, 1.65312386, 3.63491821, -0.05769395
3860, 30240455, 30240985, 1.76421797, 1.65617561, 3.57142639, -0.17308187
3861, 30241455, 30241982, 1.76496565, 1.65960979, 3.53968048, -0.17308187
3862, 30242455, 30242988, 1.76561773, 1.66304302, 3.47618866, -0.28846979
3863, 30243455, 30243982, 1.76617646, 1.66647625, 3.44444275, -0.28846979
3864, 30244455, 30244982, 1.76664400, 1.66952801, 3.38095093, 0.17308187
3865, 30245455, 30245986, 1.76702332, 1.67257977, 3.31745911, 0.05769395
3866, 30246455, 30246982, 1.76731646, 1.67563152, 3.28571320, 0.05769395
3867, 30247455, 30247983, 1.76752615, 1.67868328, 3.25396729, 0.28846979
3868, 30248455, 30248983, 1.76765561, 1.68173504, 3.22222137, -0.05769395
3869, 30249455, 30249985, 1.76770782, 1.68478680, 3.15872955, -0.05769395
3870, 30250455, 30250981, 1.76768827, 1.68745708, 3.09523773, -0.17308187
3871, 30251455, 30251985, 1.76760077, 1.69050884, 3.03174591, -0.17308187
3872, 30252455, 30252981, 1.76744783, 1.69317913, 3.00000000, -0.28846979
3873, 30253455, 30253980, 1.76723397, 1.69584942, 2.93650818, -0.28846979
3874, 30254455, 30254984, 1.76696181, 1.69851971, 2.87301636, -0.17308187
3875, 30255455, 30255980, 1.76663625, 1.70080853, 2.80952454, -0.17308187
3876, 30256455, 30256978, 1.76626039, 1.70347881, 2.71428680, -0.40385768
3877, 30257455, 30257984, 1.76583815, 1.70614910, 2.65079498, -0.40385768
3878, 30258455, 30258983, 1.76537454, 1.70805645, 2.58730316, 0.05769395
3879, 30259455, 30259989, 1.76487339, 1.71034527, 2.55555725, -0.17308187
3880, 30260455, 30260979, 1.76433718, 1.71301556, 2.46031952, -0.17308187
3881, 30261455, 30261985, 1.76377201, 1.71492290, 2.36508179, -0.28846979
3882, 30262455, 30262983, 1.76318169, 1.71683025, 2.33333588, -0.40385768
3883, 30263455, 30263986, 1.76257122, 1.71912003, 2.23809814, -0.51924562
3884, 30264455, 30264984, 1.76194358, 1.72064590, 2.17460632, -0.75002146
3885, 30265455, 30265978, 1.76130211, 1.72255325, 2.11111450, -0.63463354
3886, 30266455, 30266990, 1.76065052, 1.72407913, 2.01587677, -0.51924562
3887, 30267455, 30267986, 1.75999117, 1.72560501, 1.92063141, -0.40385768
3888, 30268455, 30268980, 1.75932837, 1.72713089, 1.85713959, -0.75002146
3889, 30269455, 30269985, 1.75866437, 1.72865677, 1.73015594, -0.51924562
3890, 30270455, 30270987, 1.75800073, 1.72980118, 1.63491821, -0.75002146
3891, 30271455, 30271983, 1.75733793, 1.73094559, 1.57142639, -0.51924562
3892, 30272455, 30272983, 1.75667751, 1.73247147, 1.47618866, -0.40385768
3893, 30273455, 30273983, 1.75601995, 1.73323441, 1.34920502, -0.63463354
3894, 30274455, 30274991, 1.75536656, 1.73399734, 1.25396729, -0.40385768
3895, 30275455, 30275984, 1.75471652, 1.73514175, 1.19047546, -0.40385768
3896, 30276455, 30276986, 1.75406921, 1.73590469, 1.09523773, -0.86540931
3897, 30277455, 30277984, 1.75342572, 1.73628616, 1.00000000, -0.40385768
3898, 30278455, 30278986, 1.75278556, 1.73704910, 0.93650818, -0.51924562
3899, 30279455, 30279982, 1.75214696, 1.73781204, 0.87301636, -0.28846979
3900, 30280455, 30280989, 1.75150895, 1.73819351, 0.74603271, -0.40385768
3901, 30281455, 30281981, 1.75087023, 1.73857498, 0.71428680, -0.40385768
3902, 30282455, 30282991, 1.75022864, 1.73895645, 0.65079498, -0.28846979
3903, 30283455, 30283979, 1.74958324, 1.73895645, 0.55555725, -0.28846979
3904, 30284455, 30284989, 1.74893117, 1.73933792, 0.49206543, -0.17308187
3905, 30285455, 30285985, 1.74826992, 1.73971939, 0.42857361, -0.28846979
3906, 30286455, 30286980, 1.74759638, 1.73971939, 0.36508179, -0.28846979
3907, 30287455, 30287980, 1.74690855, 1.73971939, 0.26984406, -0.40385768
3908, 30288455, 30288990, 1.74620402, 1.73971939, 0.23809814, -0.28846979
3909, 30289455, 30289986, 1.74547970, 1.73971939, 0.17460632, -0.17308187
3910, 30290455, 30290990, 1.74473202, 1.73933792, 0.07936859, -0.28846979
3911, 30291455, 30291993, 1.74395871, 1.73933792, 0.04762268, -0.17308187
3912, 30292455, 30292993, 1.74315596, 1.73895645, -0.04762268, -0.28846979
3913, 30293455, 30293989, 1.74232101, 1.73895645, -0.07936859, -0.17308187
3914, 30294455, 30294985, 1.74145031, 1.73895645, -0.14286041, 0.05769395
3915, 30295455, 30295987, 1.74053979, 1.73857498, -0.17460632, -0.40385768
3916, 30296455, 30296977, 1.73958433, 1.73819351, -0.20635223, -0.28846979
3917, 30297455, 30297982, 1.73858130, 1.73781204, -0.23809814, -0.28846979
3918, 30298455, 30298982, 1.73752522, 1.73743057, -0.26984406, -0.28846979
3919, 30299455, 30299980, 1.73641264, 1.73666763, -0.33333588, -0.28846979
3920, 30300455, 30300980, 1.73524070, 1.73628616, -0.33333588, -0.05769395
3921, 30301455, 30301982, 1.73400366, 1.73590469, -0.39682770, -0.40385768
3922, 30302455, 30302986, 1.73269951, 1.73552322, -0.42857361, 0.05769395
3923, 30303455, 30303977, 1.73132432, 1.73514175, -0.42857361, -0.40385768
3924, 30304455, 30304985, 1.72987425, 1.73437881, -0.46031952, 0.17308187
3925, 30305455, 30305985, 1.72834539, 1.73399734, -0.49206543, -0.17308187
3926, 30306455, 30306985, 1.72673523, 1.73323441, -0.49206543, 0.17308187
3927, 30307455, 30307989, 1.72504056, 1.73285294, -0.49206543, 0.17308187
3928, 30308455, 30308988, 1.72325969, 1.73247147, -0.52381134, 0.17308187
3929, 30309455, 30309984, 1.72139060, 1.73170853, -0.55555725, 0.17308187
3930, 30310455, 30310982, 1.71943176, 1.73132706, -0.55555725, -0.05769395
3931, 30311455, 30311982, 1.71738255, 1.73056412, -0.55555725, -0.05769395
3932, 30312455, 30312982, 1.71524119, 1.72980118, -0.58730316, 0.05769395
3933, 30313455, 30313984, 1.71300733, 1.72903824, -0.61904907, 0.17308187
3934, 30314455, 30314989, 1.71068001, 1.72865677, -0.58730316, 0.05769395
3935, 30315455, 30315987, 1.70825970, 1.72789383, -0.58730316, 0.17308187
3936, 30316455, 30316987, 1.70574546, 1.72751236, -0.61904907, 0.05769395
3937, 30317455, 30317985, 1.70313716, 1.72674942, -0.61904907, 0.05769395
3938, 30318455, 30318987, 1.70043540, 1.72598648, -0.61904907, 0.05769395
3939, 30319455, 30319983, 1.69764030, 1.72560501, -0.65079498, 0.17308187
3940, 30320455, 30320986, 1.69475245, 1.72484207, -0.65079498, 0.05769395
3941, 30321455, 30321986, 1.69177234, 1.72407913, -0.65079498, 0.05769395
3942, 30322455, 30322986, 1.68870044, 1.72331619, -0.68254089, 0.05769395
3943, 30323455, 30323986, 1.68553650, 1.72255325, -0.68254089, 0.17308187
3944, 30324455, 30324984, 1.68228090, 1.72179031, -0.71428680, -0.05769395
3945, 30325455, 30325989, 1.67893445, 1.72102737, -0.74603271, 0.05769395
3946, 30326455, 30326983, 1.67549801, 1.71988297, -0.74603271, 0.05769395
3947, 30327455, 30327985, 1.67197192, 1.71950150, -0.77777863, 0.05769395
3948, 30328455, 30328985, 1.66835809, 1.71835613, -0.77777863, -0.05769395
3949, 30329455, 30329981, 1.66465545, 1.71759319, -0.80952454, 0.05769395
3950, 30330455, 30330981, 1.66086483, 1.71644878, -0.84127045, -0.28846979
3951, 30331455, 30331984, 1.65698814, 1.71606731, -0.87301636, -0.05769395
3952, 30332455, 30332982, 1.65302551, 1.71492290, -0.87301636, -0.28846979
3953, 30333455, 30333982, 1.64897835, 1.71377850, -0.87301636, -0.17308187
3954, 30334455, 30334986, 1.64484751, 1.71301556, -0.90476227, -0.17308187
3955, 30335455, 30335982, 1.64063418, 1.71187115, -0.93650818, -0.17308187
3956, 30336455, 30336979, 1.63633776, 1.71072674, -0.96825409, -0.28846979
3957, 30337455, 30337983, 1.63195968, 1.70996380, -0.96825409, -0.17308187
3958, 30338455, 30338983, 1.62749922, 1.70843792, -1.03174591, -0.28846979
3959, 30339455, 30339981, 1.62295771, 1.70729351, -1.06349182, -0.51924562
3960, 30340455, 30340983, 1.61833537, 1.70614910, -1.09523773, -0.40385768
3961, 30341455, 30341979, 1.61363328, 1.70462322, -1.15872955, -0.40385768
3962, 30342455, 30342978, 1.60885084, 1.70347881, -1.19047546, -0.40385768
3963, 30343455, 30343980, 1.60398877, 1.70195293, -1.22222137, -0.75002146
3964, 30344455, 30344978, 1.59904730, 1.70042706, -1.28571320, -1.09618521
3965, 30345455, 30345978, 1.59402859, 1.69851971, -1.34920502, -0.75002146
3966, 30346455, 30346980, 1.58893406, 1.69699383, -1.41269684, -0.86540931
3967, 30347455, 30347978, 1.58376288, 1.69546795, -1.47618866, -0.86540931
3968, 30348455, 30348979, 1.57851779, 1.69317913, -1.57143021, -0.75002146
3969, 30349455, 30349979, 1.57320130, 1.69127178, -1.66666794, -0.86540931
3970, 30350455, 30350977, 1.56781387, 1.68898296, -1.73015976, -0.86540931
3971, 30351455, 30351975, 1.56235719, 1.68669415, -1.85714340, -0.75002146
3972, 30352455, 30352979, 1.55683291, 1.68440533, -1.95238113, -0.98079723
3973, 30353455, 30353976, 1.55124223, 1.68211651, -2.07936478, -0.98079723
3974, 30354455, 30354974, 1.54558563, 1.67944622, -2.14285660, -0.86540931
3975, 30355455, 30355974, 1.53986609, 1.67677593, -2.23809433, -0.63463354
3976, 30356455, 30356976, 1.53408515, 1.67372417, -2.33333206, -0.98079723
3977, 30357455, 30357974, 1.52824473, 1.67105389, -2.42856979, -0.51924562
3978, 30358455, 30358975, 1.52234900, 1.66800213, -2.55555725, -0.98079723
3979, 30359455, 30359975, 1.51639891, 1.66533184, -2.65079498, -0.75002146
3980, 30360455, 30360975, 1.51039708, 1.66189861, -2.80952454, -0.63463354
3981, 30361455, 30361993, 1.50434852, 1.65884686, -2.84127045, -0.75002146
3982, 30362455, 30362979, 1.49825597, 1.65541267, -2.93650818, -0.75002146
3983, 30363455, 30363989, 1.49212277, 1.65197945, -3.03174591, -0.98079723
3984, 30364455, 30364978, 1.48595309, 1.64854622, -3.12698364, -0.63463354
3985, 30365455, 30365986, 1.47975123, 1.64511299, -3.22222137, -0.86540931
3986, 30366455, 30366990, 1.47352123, 1.64167976, -3.28571320, -0.75002146
3987, 30367455, 30367978, 1.46726525, 1.63786507, -3.38095093, -0.63463354
3988, 30368455, 30368988, 1.46099019, 1.63405037, -3.38095093, -0.98079723
3989, 30369455, 30369976, 1.45470071, 1.63023567, -3.57143021, -0.86540931
3990, 30370455, 30370987, 1.44840109, 1.62603951, -3.63492203, -0.75002146
3991, 30371455, 30371985, 1.44209599, 1.62222481, -3.69841385, -0.75002146
3992, 30372455, 30372987, 1.43579102, 1.61802864, -3.79365158, -0.51924562
3993, 30373455, 30373989, 1.42949128, 1.61383247, -3.92063522, -0.63463354
3994, 30374455, 30374977, 1.42320156, 1.60963631, -3.98412704, -0.63463354
3995, 30375455, 30375975, 1.41692650, 1.60544014, -4.04761887, -0.51924562
3996, 30376455, 30376972, 1.41067135, 1.60086250, -4.14285660, -0.75002146
3997, 30377455, 30377972, 1.40443933, 1.59628487, -4.17460251, -0.63463354
3998, 30378455, 30378984, 1.39823401, 1.59170628, -4.26984024, -0.40385768
3999, 30379455, 30379974, 1.39206064, 1.58751011, -4.36507797, -0.40385768
4000, 30380455, 30380970, 1.38592219, 1.58255100, -4.42856979, -0.75002146
4001, 30381455, 30381981, 1.37982392, 1.57797337, -4.46031570, -0.51924562
4002, 30382455, 30382983, 1.37376988, 1.57301426, -4.55555725, -0.51924562
4003, 30383455, 30383985, 1.36776245, 1.56805515, -4.58730316, -0.63463354
4004, 30384455, 30384985, 1.36180401, 1.56347752, -4.65079498, -0.75002146
4005, 30385455, 30385979, 1.35589850, 1.55851841, -4.68254089, -0.40385768
4006, 30386455, 30386981, 1.35004938, 1.55394077, -4.77777863, -0.17308187
4007, 30387455, 30387982, 1.34425974, 1.54860020, -4.80952454, -0.63463354
4008, 30388455, 30388980, 1.33853221, 1.54364109, -4.87301636, -0.40385768
4009, 30389455, 30389984, 1.33286929, 1.53830051, -4.90476227, -0.40385768
4010, 30390455, 30390984, 1.32727456, 1.53334141, -4.96825409, -0.17308187
4011, 30391455, 30391986, 1.32175183, 1.52761841, -5.06349182, -0.17308187
4012, 30392455, 30392982, 1.31630504, 1.52227783, -5.12698364, -0.05769395
4013, 30393455, 30393979, 1.31093860, 1.51655579, -5.22222137, -0.05769395
4014, 30394455, 30394981, 1.30565846, 1.51121521, -5.25396729, -0.17308187
4015, 30395455, 30395987, 1.30047131, 1.50587463, -5.31745911, -0.17308187
4016, 30396455, 30396981, 1.29538357, 1.50053406, -5.38095093, -0.28846979
4017, 30397455, 30397981, 1.29040539, 1.49519348, -5.44444275, -0.28846979
4018, 30398455, 30398986, 1.28554559, 1.48985291, -5.44444275, 0.17308187
4019, 30399455, 30399984, 1.28081429, 1.48413086, -5.44444275, -0.05769395
4020, 30400455, 30400980, 1.27622497, 1.47840881, -5.44444275, -0.28846979
4021, 30401455, 30401982, 1.27179241, 1.47306824, -5.44444275, 0.05769395
4022, 30402455, 30402982, 1.26752996, 1.46772671, -5.44444275, -0.17308187
4023, 30403455, 30403981, 1.26345301, 1.46200466, -5.50793839, 0.05769395
4024, 30404455, 30404981, 1.25957727, 1.45628262, -5.50793839, 0.05769395
4025, 30405455, 30405981, 1.25592196, 1.45094204, -5.53968430, -0.05769395
4026, 30406455, 30406983, 1.25250602, 1.44521999, -5.53968430, 0.05769395
4027, 30407455, 30407983, 1.24934542, 1.43987942, -5.60317612, -0.17308187
4028, 30408455, 30408981, 1.24645734, 1.43415737, -5.60317612, -0.05769395
4029, 30409455, 30409988, 1.24385405, 1.42881680, -5.60317612, 0.17308187
4030, 30410455, 30410982, 1.24154651, 1.42347622, -5.60317612, 0.17308187
4031, 30411455, 30411980, 1.23954594, 1.41813564, -5.53968430, 0.63463354
4032, 30412455, 30412978, 1.23786294, 1.41203213, -5.53968430, 0.17308187
4033, 30413455, 30413976, 1.23650515, 1.40669155, -5.50793839, 0.63463354
4034, 30414455, 30414976, 1.23547971, 1.40135002, -5.50793839, 0.40385768
4035, 30415455, 30415985, 1.23478532, 1.39600945, -5.47618866, 0.40385768
4036, 30416455, 30416977, 1.23441803, 1.39066887, -5.44444275, 0.98079723
4037, 30417455, 30417989, 1.23436809, 1.38532829, -5.41269684, 0.98079723
4038, 30418455, 30418983, 1.23462033, 1.38036919, -5.38095093, 0.98079723
4039, 30419455, 30419983, 1.23515403, 1.37579155, -5.34920502, 1.21157312
4040, 30420455, 30420978, 1.23594368, 1.37045097, -5.25396729, 1.44234896
4041, 30421455, 30421984, 1.23695421, 1.36587334, -5.19047546, 1.55773675
4042, 30422455, 30422980, 1.23815274, 1.36129570, -5.09523773, 1.32696104
4043, 30423455, 30423980, 1.23950160, 1.35671806, -4.96825409, 2.01928854
4044, 30424455, 30424976, 1.24096775, 1.35252190, -4.87301636, 2.13467646
4045, 30425455, 30425982, 1.24252033, 1.34832573, -4.74603271, 1.55773675
4046, 30426455, 30426987, 1.24413681, 1.34412956, -4.61904907, 1.44234896
4047, 30427455, 30427981, 1.24579728, 1.34069538, -4.46031570, 1.78851259
4048, 30428455, 30428981, 1.24748731, 1.33688068, -4.30158615, 1.90390050
4049, 30429455, 30429983, 1.24919486, 1.33344746, -4.17460251, 1.78851259
4050, 30430455, 30430985, 1.25091255, 1.33001423, -3.98412704, 1.55773675
4051, 30431455, 30431982, 1.25263631, 1.32696247, -3.82539749, 1.90390050
4052, 30432455, 30432988, 1.25436437, 1.32391071, -3.66666794, 2.01928854
4053, 30433455, 30433982, 1.25609612, 1.32124043, -3.50793839, 1.90390050
4054, 30434455, 30434982, 1.25783551, 1.31857014, -3.31745911, 1.44234896
4055, 30435455, 30435980, 1.25958633, 1.31628132, -3.15872955, 1.67312467
4056, 30436455, 30436978, 1.26135302, 1.31399250, -3.00000000, 1.21157312
4057, 30437455, 30437981, 1.26314056, 1.31132221, -2.80952454, 1.32696104
4058, 30438455, 30438979, 1.26495516, 1.30941486, -2.65079498, 1.67312467
4059, 30439455, 30439977, 1.26680064, 1.30788898, -2.49206161, 1.55773675
4060, 30440455, 30440979, 1.26868069, 1.30598164, -2.33333206, 1.44234896
4061, 30441455, 30441981, 1.27059984, 1.30445576, -2.20634842, 1.67312467
4062, 30442455, 30442979, 1.27256429, 1.30292988, -2.04761887, 1.55773675
4063, 30443455, 30443978, 1.27457893, 1.30178547, -1.88888931, 1.32696104
4064, 30444455, 30444978, 1.27665067, 1.30025959, -1.76190567, 0.86540931
4065, 30445455, 30445982, 1.27878642, 1.29911518, -1.63492203, 1.32696104
4066, 30446455, 30446978, 1.28099227, 1.29835224, -1.50793839, 1.09618521
4067, 30447455, 30447980, 1.28327763, 1.29758930, -1.38095093, 0.63463354
4068, 30448455, 30448979, 1.28565133, 1.29682636, -1.22222137, 0.75002146
4069, 30449455, 30449987, 1.28812158, 1.29606342, -1.09523773, 0.86540931
4070, 30450455, 30450981, 1.29069293, 1.29530048, -1.00000000, 0.86540931
4071, 30451455, 30451985, 1.29337180, 1.29530048, -0.87301636, 0.75002146
4072, 30452455, 30452987, 1.29616523, 1.29491901, -0.74603271, 0.86540931
4073, 30453455, 30453979, 1.29908204, 1.29491901, -0.61904907, 0.98079723
4074, 30454455, 30454988, 1.30213404, 1.29453754, -0.52381134, 0.86540931
4075, 30455455, 30455988, 1.30533159, 1.29453754, -0.42857361, 0.98079723
4076, 30456455, 30456988, 1.30868614, 1.29453754, -0.33333588, 0.86540931
4077, 30457455, 30457990, 1.31220555, 1.29453754, -0.26984406, 1.09618521
4078, 30458455, 30458984, 1.31589544, 1.29491901, -0.14286041, 0.98079723
4079, 30459455, 30459985, 1.31976032, 1.29491901, -0.07936859, 0.98079723
4080, 30460455, 30460987, 1.32380450, 1.29530048, -0.01587677, 0.86540931
4081, 30461455, 30461983, 1.32802820, 1.29568195, 0.07936859, 0.86540931
4082, 30462455, 30462983, 1.33243191, 1.29644489, 0.14286041, 0.75002146
4083, 30463455, 30463981, 1.33701396, 1.29682636, 0.23809814, 0.86540931
4084, 30464455, 30464983, 1.34177232, 1.29758930, 0.30158997, 0.86540931
4085, 30465455, 30465984, 1.34670377, 1.29835224, 0.42857361, 1.32696104
4086, 30466455, 30466988, 1.35180104, 1.29911518, 0.49206543, 0.98079723
4087, 30467455, 30467984, 1.35705543, 1.30025959, 0.58730316, 1.21157312
4088, 30468455, 30468988, 1.36245584, 1.30178547, 0.68254089, 0.86540931
4089, 30469455, 30469982, 1.36798871, 1.30254841, 0.77777863, 1.44234896
4090, 30470455, 30470980, 1.37363946, 1.30407429, 0.90476227, 1.09618521
4091, 30471455, 30471985, 1.37939286, 1.30521870, 1.00000000, 1.55773675
4092, 30472455, 30472983, 1.38523650, 1.30674458, 1.09523773, 1.67312467
4093, 30473455, 30473983, 1.39115727, 1.30827045, 1.15872955, 1.44234896
4094, 30474455, 30474983, 1.39714456, 1.31017780, 1.25396729, 1.44234896
4095, 30475455, 30475983, 1.40318847, 1.31170368, 1.38095093, 1.32696104
4096, 30476455, 30476982, 1.40928006, 1.31399250, 1.44444275, 1.21157312
4097, 30477455, 30477984, 1.41540980, 1.31589985, 1.53968048, 1.55773675
4098, 30478455, 30478986, 1.42157018, 1.31780720, 1.63491821, 1.67312467
4099, 30479455, 30479980, 1.42775369, 1.32009602, 1.76190186, 1.67312467
4100, 30480455, 30480980, 1.43395472, 1.32238483, 1.85713959, 1.67312467
4101, 30481455, 30481984, 1.44016731, 1.32467365, 1.95237732, 1.67312467
4102, 30482455, 30482983, 1.44638538, 1.32696247, 2.04762268, 1.55773675
4103, 30483455, 30483979, 1.45260608, 1.33001423, 2.14286041, 1.32696104
4104, 30484455, 30484977, 1.45882547, 1.33268452, 2.26984406, 1.44234896
4105, 30485455, 30485977, 1.46504116, 1.33535480, 2.39682770, 1.44234896
4106, 30486455, 30486979, 1.47125041, 1.33840656, 2.49206543, 1.44234896
4107, 30487455, 30487978, 1.47745407, 1.34145832, 2.58730316, 1.21157312
4108, 30488455, 30488978, 1.48365128, 1.34451103, 2.68254089, 1.21157312
4109, 30489455, 30489978, 1.48984003, 1.34756279, 2.80952454, 1.44234896
4110, 30490455, 30490978, 1.49602032, 1.35099602, 2.93650818, 1.44234896
4111, 30491455, 30491976, 1.50219274, 1.35404778, 3.00000000, 1.67312467
4112, 30492455, 30492978, 1.50835669, 1.35748100, 3.09523773, 1.32696104
4113, 30493455, 30493979, 1.51451099, 1.36129570, 3.19047546, 1.09618521
4114, 30494455, 30494977, 1.52065384, 1.36472893, 3.25396729, 1.21157312
4115, 30495455, 30495977, 1.52678025, 1.36854362, 3.34920502, 1.44234896
4116, 30496455, 30496977, 1.53288591, 1.37235832, 3.41269684, 1.21157312
4117, 30497455, 30497975, 1.53896582, 1.37579155, 3.47618866, 1.21157312
4118, 30498455, 30498982, 1.54501545, 1.37960625, 3.53968048, 1.09618521
4119, 30499455, 30499978, 1.55102921, 1.38380241, 3.63491821, 1.44234896
4120, 30500455, 30500974, 1.55700183, 1.38799858, 3.69841003, 1.67312467
4121, 30501455, 30501978, 1.56292951, 1.39219475, 3.76190186, 1.09618521
4122, 30502455, 30502974, 1.56880832, 1.39600945, 3.85713959, 1.09618521
4123, 30503455, 30503976, 1.57463455, 1.40058708, 3.95237732, 0.75002146
4124, 30504455, 30504975, 1.58040583, 1.40478325, 4.01587677, 0.75002146
4125, 30505455, 30505987, 1.58611953, 1.40936184, 4.07936859, 1.09618521
4126, 30506455, 30506977, 1.59177291, 1.41355801, 4.14286041, 0.75002146
4127, 30507455, 30507975, 1.59736383, 1.41813564, 4.23809814, 0.63463354
4128, 30508455, 30508971, 1.60289001, 1.42233181, 4.26984406, 1.09618521
4129, 30509455, 30509971, 1.60835004, 1.42729092, 4.33333588, 0.86540931
4130, 30510455, 30510974, 1.61374104, 1.43148708, 4.39682770, 0.51924562
4131, 30511455, 30511972, 1.61906111, 1.43644619, 4.42857361, 0.86540931
4132, 30512455, 30512976, 1.62430823, 1.44064236, 4.49206543, 0.98079723
4133, 30513455, 30513982, 1.62948191, 1.44560146, 4.52381134, 0.86540931
4134, 30514455, 30514972, 1.63457942, 1.45017910, 4.55555725, 1.09618521
4135, 30515455, 30515970, 1.63960016, 1.45513821, 4.58730316, 0.75002146
4136, 30516455, 30516971, 1.64454257, 1.45971584, 4.61904907, 0.86540931
4137, 30517455, 30517985, 1.64940596, 1.46467495, 4.65079498, 0.75002146
4138, 30518455, 30518985, 1.65419042, 1.46925354, 4.71428680, 0.75002146
4139, 30519455, 30519973, 1.65889513, 1.47459412, 4.74603271, 0.63463354
4140, 30520455, 30520973, 1.66352105, 1.47917175, 4.74603271, 0.63463354
4141, 30521455, 30521986, 1.66806662, 1.48413086, 4.80952454, 0.63463354
4142, 30522455, 30522988, 1.67253184, 1.48947144, 4.84127045, 0.75002146
4143, 30523455, 30523982, 1.67691731, 1.49404907, 4.87301636, 0.51924562
4144, 30524455, 30524970, 1.68122351, 1.49938965, 4.90476227, 0.40385768
4145, 30525455, 30525970, 1.68545020, 1.50396729, 4.90476227, 0.40385768
4146, 30526455, 30526983, 1.68959677, 1.50930786, 4.93650818, 0.51924562
4147, 30527455, 30527991, 1.69366264, 1.51388550, 4.90476227, 0.63463354
4148, 30528455, 30528983, 1.69764757, 1.51922607, 4.93650818, 0.98079723
4149, 30529455, 30529983, 1.70155120, 1.52380371, 4.96825409, 0.51924562
4150, 30530455, 30530983, 1.70537221, 1.52876282, 4.93650818, 0.28846979
4151, 30531455, 30531985, 1.70911026, 1.53410435, 4.93650818, 0.17308187
4152, 30532455, 30532988, 1.71276581, 1.53868198, 4.93650818, 0.17308187
4153, 30533455, 30533994, 1.71633804, 1.54402256, 4.93650818, 0.17308187
4154, 30534455, 30534986, 1.71982563, 1.54860020, 4.93650818, 0.05769395
4155, 30535455, 30535980, 1.72322762, 1.55394077, 4.93650818, 0.28846979
4156, 30536455, 30536988, 1.72654164, 1.55851841, 4.93650818, 0.17308187
4157, 30537455, 30537982, 1.72976589, 1.56347752, 4.90476227, 0.40385768
4158, 30538455, 30538984, 1.73289728, 1.56843662, 4.93650818, 0.28846979
4159, 30539455, 30539979, 1.73593485, 1.57339573, 4.90476227, 0.05769395
4160, 30540455, 30540981, 1.73887527, 1.57797337, 4.90476227, 0.17308187
4161, 30541455, 30541981, 1.74171615, 1.58255100, 4.84127045, 0.17308187
4162, 30542455, 30542987, 1.74445498, 1.58712864, 4.80952454, -0.05769395
4163, 30543455, 30543983, 1.74708974, 1.59170628, 4.74603271, 0.17308187
4164, 30544455, 30544982, 1.74961865, 1.59666634, 4.74603271, 0.28846979
4165, 30545455, 30545982, 1.75203991, 1.60086250, 4.68254089, -0.05769395
4166, 30546455, 30546980, 1.75435221, 1.60544014, 4.61904907, -0.28846979
4167, 30547455, 30547984, 1.75655353, 1.61001778, 4.61904907, 0.05769395
4168, 30548455, 30548984, 1.75864363, 1.61459541, 4.55555725, -0.17308187
4169, 30549455, 30549978, 1.76062131, 1.61917305, 4.55555725, -0.05769395
4170, 30550455, 30550982, 1.76248443, 1.62336922, 4.52381134, -0.17308187
4171, 30551455, 30551981, 1.76423264, 1.62756538, 4.49206543, -0.05769395
4172, 30552455, 30552983, 1.76586580, 1.63176155, 4.42857361, -0.17308187
4173, 30553455, 30553981, 1.76738358, 1.63595772, 4.39682770, -0.51924562
4174, 30554455, 30554981, 1.76878655, 1.64015388, 4.36508179, -0.28846979
4175, 30555455, 30555977, 1.77007401, 1.64435005, 4.26984406, -0.28846979
4176, 30556455, 30556981, 1.77124596, 1.64816475, 4.23809814, -0.17308187
4177, 30557455, 30557982, 1.77230287, 1.65236092, 4.17460632, -0.05769395
4178, 30558455, 30558986, 1.77324557, 1.65617561, 4.11111450, -0.05769395
4179, 30559455, 30559984, 1.77407479, 1.65999126, 4.04762268, -0.17308187
4180, 30560455, 30560984, 1.77479124, 1.66380596, 4.01587677, -0.05769395
4181, 30561455, 30561978, 1.77539587, 1.66762066, 3.95237732, -0.28846979
4182, 30562455, 30562978, 1.77589071, 1.67143536, 3.88888550, -0.28846979
4183, 30563455, 30563979, 1.77627802, 1.67525005, 3.85713959, -0.17308187
4184, 30564455, 30564979, 1.77655995, 1.67868328, 3.82539368, -0.05769395
4185, 30565455, 30565981, 1.77673960, 1.68249798, 3.76190186, -0.28846979
4186, 30566455, 30566975, 1.77682078, 1.68593121, 3.69841003, -0.28846979
4187, 30567455, 30567979, 1.77680719, 1.68898296, 3.63491821, -0.17308187
4188, 30568455, 30568979, 1.77670145, 1.69203472, 3.57142639, -0.40385768
4189, 30569455, 30569978, 1.77650845, 1.69546795, 3.50793457, -0.51924562
4190, 30570455, 30570986, 1.77623320, 1.69851971, 3.44444275, -0.63463354
4191, 30571455, 30571980, 1.77587974, 1.70157146, 3.34920502, -0.75002146
4192, 30572455, 30572980, 1.77545285, 1.70424175, 3.25396729, -0.75002146
4193, 30573455, 30573974, 1.77495968, 1.70691204, 3.15872955, -0.75002146
4194, 30574455, 30574984, 1.77440572, 1.70996380, 3.06349182, -0.51924562
4195, 30575455, 30575981, 1.77379680, 1.71263409, 2.96825409, -0.40385768
4196, 30576455, 30576989, 1.77313972, 1.71492290, 2.87301636, -0.63463354
4197, 30577455, 30577981, 1.77244234, 1.71721172, 2.77777863, -0.86540931
4198, 30578455, 30578983, 1.77171242, 1.71950150, 2.65079498, -0.63463354
4199, 30579455, 30579985, 1.77095664, 1.72179031, 2.55555725, -0.75002146
4200, 30580455, 30580979, 1.77018249, 1.72369766, 2.42857361, -0.75002146
4201, 30581455, 30581980, 1.76939607, 1.72560501, 2.33333588, -0.63463354
4202, 30582455, 30582980, 1.76860297, 1.72713089, 2.20635223, -0.75002146
4203, 30583455, 30583980, 1.76780927, 1.72865677, 2.11111450, -0.63463354
4204, 30584455, 30584990, 1.76702213, 1.73056412, 1.98412323, -0.51924562
4205, 30585455, 30585978, 1.76624572, 1.73209000, 1.88888550, -0.40385768
4206, 30586455, 30586990, 1.76548445, 1.73323441, 1.79364777, -0.40385768
4207, 30587455, 30587989, 1.76474226, 1.73476028, 1.66666412, -0.63463354
4208, 30588455, 30588987, 1.76402128, 1.73590469, 1.60317230, -0.98079723
4209, 30589455, 30589983, 1.76332355, 1.73704910, 1.47618866, -0.86540931
4210, 30590455, 30590977, 1.76265121, 1.73857498, 1.38095093, -0.75002146
4211, 30591455, 30591979, 1.76200557, 1.73895645, 1.31745911, -0.28846979
4212, 30592455, 30592985, 1.76138639, 1.74010086, 1.22222137, -0.40385768
4213, 30593455, 30593980, 1.76079285, 1.74086380, 1.12698364, -0.17308187
4214, 30594455, 30594984, 1.76022291, 1.74162674, 1.06349182, -0.28846979
4215, 30595455, 30595988, 1.75967419, 1.74238968, 0.96825409, -0.40385768
4216, 30596455, 30596986, 1.75914514, 1.74277115, 0.87301636, -0.28846979
4217, 30597455, 30597986, 1.75863171, 1.74315262, 0.77777863, -0.17308187
4218, 30598455, 30598988, 1.75813055, 1.74353409, 0.71428680, -0.17308187
4219, 30599455, 30599989, 1.75763726, 1.74391556, 0.61904907, -0.17308187
4220, 30600455, 30600987, 1.75714660, 1.74429703, 0.52381134, 0.05769395
4221, 30601455, 30601989, 1.75665355, 1.74429703, 0.46031952, -0.17308187
4222, 30602455, 30602987, 1.75615227, 1.74467850, 0.39682770, 0.05769395
4223, 30603455, 30603983, 1.75563872, 1.74467850, 0.30158997, -0.05769395
4224, 30604455, 30604990, 1.75510812, 1.74467850, 0.23809814, -0.05769395
4225, 30605455, 30605986, 1.75455689, 1.74505997, 0.20635223, -0.05769395
4226, 30606455, 30606990, 1.75398040, 1.74467850, 0.14286041, 0.05769395
4227, 30607455, 30607988, 1.75337362, 1.74429703, 0.07936859, -0.05769395
4228, 30608455, 30608988, 1.75273263, 1.74429703, 0.01587677, 0.05769395
4229, 30609455, 30609986, 1.75205398, 1.74353409, -0.04762268, 0.17308187
4230, 30610455, 30610987, 1.75133288, 1.74315262, -0.14286041, 0.17308187
4231, 30611455, 30611985, 1.75056541, 1.74277115, -0.20635223, 0.05769395
4232, 30612455, 30612987, 1.74974823, 1.74238968, -0.23809814, 0.05769395
4233, 30613455, 30613987, 1.74887836, 1.74200821, -0.33333588, 0.05769395
4234, 30614455, 30614987, 1.74795258, 1.74162674, -0.36508179, 0.05769395
4235, 30615455, 30615983, 1.74696863, 1.74124527, -0.42857361, 0.05769395
4236, 30616455, 30616986, 1.74592435, 1.74048233, -0.46031952, 0.05769395
4237, 30617455, 30617986, 1.74481750, 1.73971939, -0.46031952, -0.05769395
4238, 30618455, 30618990, 1.74364626, 1.73933792, -0.49206543, 0.05769395
4239, 30619455, 30619986, 1.74240839, 1.73895645, -0.52381134, 0.05769395
4240, 30620455, 30620986, 1.74110115, 1.73819351, -0.55555725, 0.17308187
4241, 30621455, 30621985, 1.73972142, 1.73743057, -0.55555725, -0.05769395
4242, 30622455, 30622985, 1.73826611, 1.73666763, -0.65079498, -0.17308187
4243, 30623455, 30623983, 1.73673284, 1.73590469, -0.61904907, 0.17308187
4244, 30624455, 30624985, 1.73512030, 1.73590469, -0.61904907, 0.05769395
4245, 30625455, 30625985, 1.73342681, 1.73514175, -0.61904907, 0.05769395
4246, 30626455, 30626984, 1.73165059, 1.73437881, -0.65079498, 0.17308187
4247, 30627455, 30627986, 1.72979128, 1.73361588, -0.65079498, 0.17308187
4248, 30628455, 30628988, 1.72784770, 1.73285294, -0.65079498, -0.05769395
4249, 30629455, 30629982, 1.72581851, 1.73247147, -0.68254089, 0.05769395
4250, 30630455, 30630980, 1.72370243, 1.73170853, -0.61904907, -0.28846979
4251, 30631455, 30631982, 1.72150040, 1.73094559, -0.68254089, 0.05769395
4252, 30632455, 30632983, 1.71921229, 1.73018265, -0.65079498, -0.17308187
4253, 30633455, 30633981, 1.71683812, 1.72941971, -0.65079498, 0.05769395
4254, 30634455, 30634983, 1.71437800, 1.72865677, -0.84127045, -0.05769395
4255, 30635455, 30635981, 1.71183348, 1.72827530, -0.74603271, 0.05769395
4256, 30636455, 30636981, 1.70920515, 1.72751236, -0.71428680, 0.05769395
4257, 30637455, 30637983, 1.70649338, 1.72674942, -0.71428680, 0.05769395
4258, 30638455, 30638980, 1.70369947, 1.72598648, -0.71428680, -0.05769395
4259, 30639455, 30639980, 1.70082510, 1.72560501, -0.68254089, -0.05769395
4260, 30640455, 30640982, 1.69787252, 1.72484207, -0.71428680, -0.05769395
4261, 30641455, 30641980, 1.69484246, 1.72407913, -0.74603271, -0.05769395
4262, 30642455, 30642980, 1.69173717, 1.72331619, -0.55555725, 0.05769395
4263, 30643455, 30643978, 1.68855798, 1.72255325, -0.65079498, 0.17308187
4264, 30644455, 30644979, 1.68530655, 1.72217178, -0.68254089, 0.05769395
4265, 30645455, 30645981, 1.68198419, 1.72140884, -0.68254089, -0.05769395
4266, 30646455, 30646979, 1.67859268, 1.72064590, -0.68254089, -0.05769395
4267, 30647455, 30647979, 1.67513514, 1.71950150, -0.68254089, 0.05769395
4268, 30648455, 30648977, 1.67161274, 1.71912003, -0.71428680, 0.17308187
4269, 30649455, 30649980, 1.66802621, 1.71797466, -0.74603271, 0.17308187
4270, 30650455, 30650976, 1.66437614, 1.71721172, -0.77777863, -0.28846979
4271, 30651455, 30651978, 1.66066229, 1.71644878, -0.77777863, 0.05769395
4272, 30652455, 30652978, 1.65688550, 1.71568584, -0.80952454, -0.05769395
4273, 30653455, 30653980, 1.65304625, 1.71492290, -0.80952454, 0.17308187
4274, 30654455, 30654977, 1.64914501, 1.71377850, -0.84127045, -0.17308187
4275, 30655455, 30655981, 1.64518249, 1.71301556, -0.87301636, 0.05769395
4276, 30656455, 30656987, 1.64115858, 1.71187115, -0.87301636, 0.28846979
4277, 30657455, 30657979, 1.63707292, 1.71072674, -0.90476227, -0.05769395
4278, 30658455, 30658977, 1.63292611, 1.70996380, -0.93650818, -0.05769395
4279, 30659455, 30659977, 1.62871683, 1.70881939, -0.96825409, -0.17308187
4280, 30660455, 30660978, 1.62444615, 1.70729351, -1.00000000, -0.17308187
4281, 30661455, 30661988, 1.62011540, 1.70653057, -1.03174591, -0.28846979
4282, 30662455, 30662986, 1.61572397, 1.70500469, -1.09523773, -0.28846979
4283, 30663455, 30663984, 1.61127114, 1.70347881, -1.12698364, -0.28846979
4284, 30664455, 30664978, 1.60675716, 1.70233440, -1.15872955, -0.51924562
4285, 30665455, 30665974, 1.60218334, 1.70080853, -1.22222137, -0.51924562
4286, 30666455, 30666987, 1.59755087, 1.69966412, -1.28571320, -0.86540931
4287, 30667455, 30667983, 1.59286058, 1.69813824, -1.31745911, -1.09618521
4288, 30668455, 30668983, 1.58811390, 1.69623089, -1.38095093, -0.98079723
4289, 30669455, 30669971, 1.58331132, 1.69470501, -1.44444275, -0.86540931
4290, 30670455, 30670973, 1.57845426, 1.69241619, -1.53968430, -0.98079723
4291, 30671455, 30671973, 1.57354438, 1.69050884, -1.63492203, -0.75002146
4292, 30672455, 30672987, 1.56858289, 1.68860149, -1.73015976, -0.75002146
4293, 30673455, 30673984, 1.56357300, 1.68631268, -1.79365158, -0.98079723
4294, 30674455, 30674988, 1.55851734, 1.68402386, -1.88888931, -0.75002146
4295, 30675455, 30675986, 1.55341768, 1.68173504, -2.01587296, -0.40385768
4296, 30676455, 30676984, 1.54827464, 1.67944622, -2.07936478, -0.63463354
4297, 30677455, 30677986, 1.54308975, 1.67677593, -2.17460251, -0.63463354
4298, 30678455, 30678979, 1.53786647, 1.67372417, -2.26984024, -0.63463354
4299, 30679455, 30679983, 1.53260791, 1.67105389, -2.39682388, -0.98079723
4300, 30680455, 30680983, 1.52731800, 1.66838360, -2.49206161, -1.09618521
4301, 30681455, 30681985, 1.52200115, 1.66533184, -2.58730316, -0.75002146
4302, 30682455, 30682985, 1.51666093, 1.66228008, -2.65079498, -0.75002146
4303, 30683455, 30683985, 1.51130140, 1.65922832, -2.74603271, -0.63463354
4304, 30684455, 30684984, 1.50592744, 1.65617561, -2.87301636, -0.63463354
4305, 30685455, 30685988, 1.50054455, 1.65274239, -2.96825409, -0.51924562
4306, 30686455, 30686988, 1.49515569, 1.64930916, -3.03174591, -0.28846979
4307, 30687455, 30687986, 1.48976493, 1.64587593, -3.12698364, -0.63463354
4308, 30688455, 30688988, 1.48437667, 1.64244270, -3.19047546, -0.28846979
4309, 30689455, 30689987, 1.47899461, 1.63862801, -3.28571320, -0.40385768
4310, 30690455, 30690987, 1.47362328, 1.63519478, -3.38095093, -0.63463354
4311, 30691455, 30691983, 1.46826792, 1.63138008, -3.44444275, -0.63463354
4312, 30692455, 30692987, 1.46293354, 1.62756538, -3.53968430, -0.63463354
4313, 30693455, 30693987, 1.45762432, 1.62375069, -3.60317612, -0.51924562
4314, 30694455, 30694983, 1.45234466, 1.61993599, -3.66666794, -0.05769395
4315, 30695455, 30695984, 1.44709885, 1.61573982, -3.73015976, -0.28846979
4316, 30696455, 30696990, 1.44189310, 1.61192513, -3.79365158, -0.28846979
4317, 30697455, 30697986, 1.43673348, 1.60772896, -3.85714340, -0.28846979
4318, 30698455, 30698986, 1.43162596, 1.60353279, -3.88888931, -0.51924562
4319, 30699455, 30699984, 1.42657864, 1.59971809, -3.95238113, -0.98079723
4320, 30700455, 30700988, 1.42160165, 1.59552193, -3.98412704, -0.63463354
4321, 30701455, 30701983, 1.41670561, 1.59132481, -4.04761887, -0.28846979
4322, 30702455, 30702987, 1.41190350, 1.58712864, -4.07936478, 0.05769395
4323, 30703455, 30703985, 1.40721011, 1.58255100, -4.14285660, 0.17308187
4324, 30704455, 30704983, 1.40264320, 1.57797337, -4.20634842, -0.05769395
4325, 30705455, 30705981, 1.39821994, 1.57377720, -4.26984024, 0.05769395
4326, 30706455, 30706981, 1.39396214, 1.56881809, -4.33333206, -0.17308187
4327, 30707455, 30707982, 1.38989115, 1.56424046, -4.39682388, -0.51924562
4328, 30708455, 30708982, 1.38602924, 1.56004429, -4.42856979, -0.17308187
4329, 30709455, 30709986, 1.38239992, 1.55546665, -4.52381134, -0.05769395
4330, 30710455, 30710986, 1.37902558, 1.55050755, -4.52381134, -0.17308187
4331, 30711455, 30711980, 1.37592769, 1.54592991, -4.55555725, -0.05769395
4332, 30712455, 30712980, 1.37312329, 1.54097080, -4.61904907, 0.17308187
4333, 30713455, 30713981, 1.37062633, 1.53639317, -4.61904907, 0.05769395
4334, 30714455, 30714985, 1.36844647, 1.53181553, -4.65079498, -0.40385768
4335, 30715455, 30715979, 1.36658931, 1.52685547, -4.68254089, -0.17308187
4336, 30716455, 30716981, 1.36505461, 1.52227783, -4.71428680, 0.05769395
4337, 30717455, 30717987, 1.36383510, 1.51731873, -4.74603271, 0.17308187
4338, 30718455, 30718980, 1.36291611, 1.51274109, -4.77777863, 0.17308187
4339, 30719455, 30719982, 1.36227715, 1.50778198, -4.77777863, 0.28846979
4340, 30720455, 30720978, 1.36188924, 1.50320435, -4.77777863, 0.17308187
4341, 30721455, 30721974, 1.36171901, 1.49824524, -4.77777863, 0.40385768
4342, 30722455, 30722980, 1.36173224, 1.49328613, -4.77777863, 0.51924562
4343, 30723455, 30723978, 1.36189878, 1.48908997, -4.74603271, 0.75002146
4344, 30724455, 30724975, 1.36218703, 1.48413086, -4.74603271, 0.86540931
4345, 30725455, 30725979, 1.36257291, 1.47955322, -4.74603271, 0.86540931
4346, 30726455, 30726981, 1.36303508, 1.47535706, -4.71428680, 1.44234896
4347, 30727455, 30727973, 1.36355829, 1.47116089, -4.65079498, 1.44234896
4348, 30728455, 30728983, 1.36412764, 1.46658230, -4.58730316, 0.98079723
4349, 30729455, 30729988, 1.36473322, 1.46238613, -4.52381134, 1.09618521
4350, 30730455, 30730980, 1.36536837, 1.45895290, -4.39682388, 1.78851259
4351, 30731455, 30731978, 1.36603069, 1.45513821, -4.33333206, 2.01928854
4352, 30732455, 30732978, 1.36672044, 1.45132351, -4.23809433, 1.90390050
4353, 30733455, 30733982, 1.36744046, 1.44750881, -4.11111069, 1.78851259
4354, 30734455, 30734980, 1.36819482, 1.44445705, -3.95238113, 1.21157312
4355, 30735455, 30735983, 1.36898887, 1.44102383, -3.82539749, 1.55773675
4356, 30736455, 30736981, 1.36982608, 1.43797207, -3.66666794, 2.01928854
4357, 30737455, 30737977, 1.37070978, 1.43492031, -3.53968430, 2.01928854
4358, 30738455, 30738979, 1.37164462, 1.43225002, -3.38095093, 1.55773675
4359, 30739455, 30739983, 1.37263453, 1.42957973, -3.25396729, 1.21157312
4360, 30740455, 30740975, 1.37368202, 1.42729092, -3.09523773, 1.44234896
4361, 30741455, 30741982, 1.37479126, 1.42462063, -2.93650818, 1.67312467
4362, 30742455, 30742988, 1.37596607, 1.42233181, -2.80952454, 1.55773675
4363, 30743455, 30743984, 1.37721062, 1.42042446, -2.68254089, 1.67312467
4364, 30744455, 30744974, 1.37853026, 1.41851711, -2.52381134, 1.32696104
4365, 30745455, 30745986, 1.37992907, 1.41660976, -2.39682388, 1.21157312
4366, 30746455, 30746985, 1.38141048, 1.41508389, -2.23809433, 1.44234896
4367, 30747455, 30747975, 1.38297749, 1.41355801, -2.11111069, 1.09618521
4368, 30748455, 30748985, 1.38463426, 1.41203213, -1.95238113, 0.98079723
4369, 30749455, 30749983, 1.38638496, 1.41088772, -1.85714340, 1.09618521
4370, 30750455, 30750987, 1.38823307, 1.40936184, -1.73015976, 1.09618521
4371, 30751455, 30751981, 1.39018190, 1.40859890, -1.60317612, 0.98079723
4372, 30752455, 30752984, 1.39223504, 1.40745449, -1.47618866, 0.86540931
4373, 30753455, 30753982, 1.39439416, 1.40631008, -1.38095093, 1.21157312
4374, 30754455, 30754980, 1.39666140, 1.40554619, -1.25396729, 1.44234896
4375, 30755455, 30755988, 1.39903855, 1.40516472, -1.12698364, 1.44234896
4376, 30756455, 30756982, 1.40152609, 1.40440178, -1.03174591, 1.55773675
4377, 30757455, 30757983, 1.40412641, 1.40363884, -0.96825409, 1.21157312
4378, 30758455, 30758985, 1.40683973, 1.40325737, -0.84127045, 0.86540931
4379, 30759455, 30759985, 1.40966678, 1.40287590, -0.74603271, 0.98079723
4380, 30760455, 30760981, 1.41260648, 1.40249443, -0.65079498, 0.75002146
4381, 30761455, 30761983, 1.41565800, 1.40249443, -0.55555725, 0.98079723
4382, 30762455, 30762981, 1.41881919, 1.40211296, -0.49206543, 0.86540931
4383, 30763455, 30763984, 1.42208838, 1.40211296, -0.39682770, 1.09618521
4384, 30764455, 30764986, 1.42546296, 1.40211296, -0.33333588, 0.63463354
4385, 30765455, 30765982, 1.42894053, 1.40249443, -0.20635223, 1.21157312
4386, 30766455, 30766986, 1.43251920, 1.40249443, -0.14286041, 0.86540931
4387, 30767455, 30767986, 1.43619621, 1.40287590, -0.04762268, 1.32696104
4388, 30768455, 30768985, 1.43997061, 1.40325737, 0.01587677, 1.09618521
4389, 30769455, 30769985, 1.44383991, 1.40402031, 0.11111450, 1.21157312
4390, 30770455, 30770983, 1.44780028, 1.40440178, 0.17460632, 1.32696104
4391, 30771455, 30771985, 1.45184767, 1.40516472, 0.26984406, 1.32696104
4392, 30772455, 30772981, 1.45597792, 1.40554619, 0.36508179, 1.21157312
4393, 30773455, 30773979, 1.46018612, 1.40669155, 0.42857361, 1.21157312
4394, 30774455, 30774984, 1.46446931, 1.40745449, 0.52381134, 1.21157312
4395, 30775455, 30775986, 1.46882319, 1.40859890, 0.61904907, 1.09618521
4396, 30776455, 30776984, 1.47324336, 1.40936184, 0.71428680, 1.21157312
4397, 30777455, 30777984, 1.47772348, 1.41050625, 0.77777863, 1.32696104
4398, 30778455, 30778982, 1.48225737, 1.41203213, 0.84127045, 1.21157312
4399, 30779455, 30779980, 1.48683953, 1.41279507, 0.93650818, 1.09618521
4400, 30780455, 30780983, 1.49146414, 1.41432095, 1.00000000, 1.09618521
4401, 30781455, 30781987, 1.49612629, 1.41584682, 1.09523773, 1.55773675
4402, 30782455, 30782981, 1.50082064, 1.41737270, 1.15872955, 1.09618521
4403, 30783455, 30783981, 1.50554097, 1.41889858, 1.22222137, 1.55773675
4404, 30784455, 30784981, 1.51028216, 1.42080593, 1.31745911, 1.44234896
4405, 30785455, 30785979, 1.51503861, 1.42233181, 1.41269684, 1.55773675
4406, 30786455, 30786982, 1.51980734, 1.42462063, 1.50793457, 1.21157312
4407, 30787455, 30787980, 1.52458560, 1.42614651, 1.60317230, 1.21157312
4408, 30788455, 30788980, 1.52936971, 1.42805386, 1.66666412, 1.09618521
4409, 30789455, 30789982, 1.53415740, 1.43034267, 1.76190186, 1.09618521
4410, 30790455, 30790978, 1.53894734, 1.43263149, 1.82539368, 1.32696104
4411, 30791455, 30791981, 1.54373932, 1.43492031, 1.92063141, 1.09618521
4412, 30792455, 30792979, 1.54853177, 1.43720913, 2.01587677, 1.44234896
4413, 30793455, 30793979, 1.55332351, 1.43987942, 2.07936859, 1.32696104
4414, 30794455, 30794979, 1.55811405, 1.44216824, 2.17460632, 1.09618521
4415, 30795455, 30795977, 1.56290245, 1.44483852, 2.23809814, 1.09618521
4416, 30796455, 30796974, 1.56768715, 1.44750881, 2.33333588, 1.32696104
4417, 30797455, 30797978, 1.57246614, 1.45017910, 2.39682770, 1.32696104
4418, 30798455, 30798976, 1.57723784, 1.45284939, 2.49206543, 1.21157312
4419, 30799455, 30799974, 1.58200049, 1.45551968, 2.55555725, 1.32696104
4420, 30800455, 30800976, 1.58675075, 1.45895290, 2.65079498, 1.09618521
4421, 30801455, 30801978, 1.59148538, 1.46200466, 2.71428680, 0.98079723
4422, 30802455, 30802979, 1.59620142, 1.46505642, 2.77777863, 0.86540931
4423, 30803455, 30803981, 1.60089564, 1.46810818, 2.84127045, 0.86540931
4424, 30804455, 30804977, 1.60556483, 1.47116089, 2.90476227, 0.98079723
4425, 30805455, 30805979, 1.61020565, 1.47459412, 2.96825409, 0.75002146
4426, 30806455, 30806979, 1.61481512, 1.47764587, 3.03174591, 0.86540931
4427, 30807455, 30807977, 1.61939037, 1.48107910, 3.09523773, 0.86540931
4428, 30808455, 30808978, 1.62392902, 1.48413086, 3.15872955, 0.98079723
4429, 30809455, 30809976, 1.62842882, 1.48756409, 3.19047546, 1.21157312
4430, 30810455, 30810978, 1.63288713, 1.49099731, 3.22222137, 0.86540931
4431, 30811455, 30811976, 1.63730061, 1.49443054, 3.28571320, 0.86540931
4432, 30812455, 30812978, 1.64166617, 1.49824524, 3.34920502, 0.75002146
4433, 30813455, 30813989, 1.64597988, 1.50167847, 3.38095093, 0.86540931
4434, 30814455, 30814975, 1.65023851, 1.50549316, 3.41269684, 0.75002146
4435, 30815455, 30815975, 1.65443885, 1.50892639, 3.44444275, 0.98079723
4436, 30816455, 30816977, 1.65857840, 1.51274109, 3.47618866, 0.75002146
4437, 30817455, 30817973, 1.66265452, 1.51579285, 3.50793457, 0.63463354
4438, 30818455, 30818977, 1.66666520, 1.51960754, 3.53968048, 1.21157312
4439, 30819455, 30819974, 1.67060804, 1.52342224, 3.60317230, 0.51924562
4440, 30820455, 30820974, 1.67448056, 1.52723694, 3.60317230, 0.51924562
4441, 30821455, 30821986, 1.67828119, 1.53105164, 3.63491821, 0.63463354
4442, 30822455, 30822972, 1.68200827, 1.53486729, 3.66666412, 0.28846979
4443, 30823455, 30823976, 1.68565965, 1.53868198, 3.69841003, 0.28846979
4444, 30824455, 30824985, 1.68923461, 1.54249668, 3.73015594, 0.75002146
4445, 30825455, 30825985, 1.69273221, 1.54631138, 3.76190186, 0.51924562
4446, 30826455, 30826987, 1.69615102, 1.55050755, 3.76190186, 0.51924562
4447, 30827455, 30827983, 1.69948983, 1.55394077, 3.79364777, 0.75002146
4448, 30828455, 30828983, 1.70274687, 1.55775547, 3.79364777, 0.63463354
4449, 30829455, 30829987, 1.70592093, 1.56195164, 3.82539368, 0.40385768
4450, 30830455, 30830982, 1.70901072, 1.56576633, 3.85713959, 0.28846979
4451, 30831455, 30831982, 1.71201456, 1.56958103, 3.82539368, 0.63463354
4452, 30832455, 30832980, 1.71493065, 1.57339573, 3.82539368, 0.40385768
4453, 30833455, 30833980, 1.71775651, 1.57759190, 3.85713959, 0.40385768
4454, 30834455, 30834980, 1.72048986, 1.58102512, 3.85713959, 0.86540931
4455, 30835455, 30835980, 1.72312844, 1.58483982, 3.85713959, 0.75002146
4456, 30836455, 30836981, 1.72567034, 1.58903599, 3.85713959, 0.17308187
4457, 30837455, 30837979, 1.72811341, 1.59285069, 3.85713959, 0.28846979
4458, 30838455, 30838983, 1.73045599, 1.59666634, 3.85713959, 0.17308187
4459, 30839455, 30839983, 1.73269546, 1.60048103, 3.85713959, 0.28846979
4460, 30840455, 30840981, 1.73483002, 1.60429573, 3.85713959, 0.17308187
4461, 30841455, 30841984, 1.73685837, 1.60849190, 3.82539368, 0.17308187
4462, 30842455, 30842988, 1.73877823, 1.61230659, 3.85713959, 0.05769395
4463, 30843455, 30843984, 1.74058878, 1.61573982, 3.85713959, 0.05769395
4464, 30844455, 30844980, 1.74228895, 1.61993599, 3.82539368, 0.40385768
4465, 30845455, 30845982, 1.74387813, 1.62298775, 3.79364777, 0.17308187
4466, 30846455, 30846982, 1.74535608, 1.62680244, 3.79364777, 0.05769395
4467, 30847455, 30847989, 1.74672306, 1.63061714, 3.73015594, 0.05769395
4468, 30848455, 30848981, 1.74797845, 1.63405037, 3.69841003, -0.17308187
4469, 30849455, 30849983, 1.74912226, 1.63786507, 3.69841003, -0.17308187
4470, 30850455, 30850981, 1.75015604, 1.64129829, 3.63491821, 0.05769395
4471, 30851455, 30851987, 1.75108194, 1.64473152, 3.60317230, 0.05769395
4472, 30852455, 30852992, 1.75190103, 1.64778328, 3.53968048, 0.28846979
4473, 30853455, 30853980, 1.75261521, 1.65083504, 3.50793457, 0.05769395
4474, 30854455, 30854986, 1.75322688, 1.65426826, 3.44444275, -0.05769395
4475, 30855455, 30855990, 1.75373816, 1.65770245, 3.41269684, -0.05769395
4476, 30856455, 30856990, 1.75415182, 1.66075420, 3.38095093, -0.17308187
4477, 30857455, 30857982, 1.75447130, 1.66380596, 3.28571320, -0.05769395
4478, 30858455, 30858979, 1.75469971, 1.66685772, 3.25396729, 0.17308187
4479, 30859455, 30859979, 1.75484014, 1.66990948, 3.22222137, -0.05769395
4480, 30860455, 30860983, 1.75489473, 1.67334270, 3.15872955, -0.17308187
4481, 30861455, 30861985, 1.75486743, 1.67639446, 3.15872955, 0.05769395
4482, 30862455, 30862983, 1.75476277, 1.67906475, 3.09523773, 0.05769395
4483, 30863455, 30863986, 1.75458527, 1.68211651, 3.03174591, 0.28846979
4484, 30864455, 30864978, 1.75433862, 1.68478680, 3.00000000, -0.28846979
4485, 30865455, 30865992, 1.75402725, 1.68745708, 2.93650818, -0.05769395
4486, 30866455, 30866984, 1.75365543, 1.69012737, 2.87301636, -0.05769395
4487, 30867455, 30867986, 1.75322759, 1.69279766, 2.80952454, -0.17308187
4488, 30868455, 30868982, 1.75274909, 1.69546795, 2.77777863, -0.05769395
4489, 30869455, 30869983, 1.75222552, 1.69775677, 2.71428680, -0.05769395
4490, 30870455, 30870987, 1.75166285, 1.70042706, 2.65079498, -0.17308187
4491, 30871455, 30871983, 1.75106692, 1.70233440, 2.58730316, -0.17308187
4492, 30872455, 30872983, 1.75044334, 1.70462322, 2.52381134, -0.40385768
4493, 30873455, 30873979, 1.74979734, 1.70691204, 2.46031952, -0.51924562
4494, 30874455, 30874981, 1.74913406, 1.70881939, 2.39682770, -0.40385768
4495, 30875455, 30875980, 1.74845743, 1.71072674, 2.30158997, -0.51924562
4496, 30876455, 30876986, 1.74777234, 1.71301556, 2.23809814, -0.51924562
4497, 30877455, 30877988, 1.74708414, 1.71454144, 2.14286041, -0.63463354
4498, 30878455, 30878980, 1.74639595, 1.71644878, 2.04762268, -0.28846979
4499, 30879455, 30879984, 1.74571145, 1.71797466, 1.98412323, -0.28846979
4500, 30880455, 30880980, 1.74503374, 1.71950150, 1.88888550, -0.51924562
4501, 30881455, 30881989, 1.74436474, 1.72102737, 1.79364777, -0.86540931
4502, 30882455, 30882979, 1.74370658, 1.72255325, 1.69841003, -0.63463354
4503, 30883455, 30883979, 1.74306083, 1.72331619, 1.60317230, -0.51924562
4504, 30884455, 30884991, 1.74242878, 1.72484207, 1.50793457, -0.63463354
4505, 30885455, 30885983, 1.74181139, 1.72560501, 1.41269684, -0.63463354
4506, 30886455, 30886988, 1.74120891, 1.72636795, 1.31745911, -0.40385768
4507, 30887455, 30887978, 1.74062240, 1.72751236, 1.19047546, -0.28846979
4508, 30888455, 30888978, 1.74005318, 1.72827530, 1.12698364, -0.28846979
4509, 30889455, 30889990, 1.73950183, 1.72865677, 1.03174591, -0.40385768
4510, 30890455, 30890986, 1.73896742, 1.72941971, 0.93650818, -0.17308187
4511, 30891455, 30891987, 1.73844874, 1.72980118, 0.84127045, -0.63463354
4512, 30892455, 30892989, 1.73794544, 1.73056412, 0.77777863, -0.40385768
4513, 30893455, 30893977, 1.73745739, 1.73094559, 0.68254089, -0.51924562
4514, 30894455, 30894979, 1.73698246, 1.73132706, 0.61904907, -0.17308187
4515, 30895455, 30895983, 1.73651910, 1.73170853, 0.55555725, -0.28846979
4516, 30896455, 30896989, 1.73606539, 1.73209000, 0.46031952, -0.17308187
4517, 30897455, 30897990, 1.73561907, 1.73209000, 0.39682770, -0.05769395
4518, 30898455, 30898980, 1.73517764, 1.73209000, 0.33333588, 0.05769395
4519, 30899455, 30899984, 1.73473883, 1.73209000, 0.26984406, -0.17308187
4520, 30900455, 30900986, 1.73429942, 1.73209000, 0.20635223, -0.05769395
4521, 30901455, 30901988, 1.73385656, 1.73209000, 0.14286041, -0.40385768
4522, 30902455, 30902982, 1.73340821, 1.73170853, 0.07936859, 0.05769395
4523, 30903455, 30903989, 1.73295105, 1.73170853, 0.01587677, -0.05769395
4524, 30904455, 30904989, 1.73248088, 1.73132706, -0.04762268, -0.17308187
4525, 30905455, 30905987, 1.73199415, 1.73056412, -0.11111450, 0.05769395
4526, 30906455, 30906987, 1.73148775, 1.73018265, -0.20635223, -0.17308187
4527, 30907455, 30907983, 1.73095775, 1.72980118, -0.23809814, -0.28846979
4528, 30908455, 30908988, 1.73039949, 1.72903824, -0.33333588, -0.05769395
4529, 30909455, 30909984, 1.72980845, 1.72865677, -0.36508179, -0.05769395
4530, 30910455, 30910982, 1.72918057, 1.72827530, -0.42857361, -0.05769395
4531, 30911455, 30911986, 1.72851086, 1.72789383, -0.46031952, -0.05769395
4532, 30912455, 30912986, 1.72779524, 1.72713089, -0.49206543, 0.05769395
4533, 30913455, 30913988, 1.72702992, 1.72674942, -0.49206543, -0.05769395
4534, 30914455, 30914985, 1.72621000, 1.72598648, -0.52381134, 0.05769395
4535, 30915455, 30915987, 1.72533023, 1.72560501, -0.55555725, 0.17308187
4536, 30916455, 30916985, 1.72438657, 1.72484207, -0.55555725, 0.17308187
4537, 30917455, 30917987, 1.72337592, 1.72407913, -0.58730316, 0.17308187
4538, 30918455, 30918983, 1.72229421, 1.72331619, -0.58730316, 0.40385768
4539, 30919455, 30919986, 1.72113788, 1.72255325, -0.58730316, 0.17308187
4540, 30920455, 30920986, 1.71990299, 1.72255325, -0.61904907, 0.17308187
4541, 30921455, 30921984, 1.71858573, 1.72179031, -0.65079498, 0.17308187
4542, 30922455, 30922984, 1.71718276, 1.72102737, -0.65079498, 0.40385768
4543, 30923455, 30923982, 1.71569121, 1.72026443, -0.65079498, 0.28846979
4544, 30924455, 30924980, 1.71410823, 1.71950150, -0.65079498, 0.63463354
4545, 30925455, 30925981, 1.71243191, 1.71912003, -0.65079498, 0.28846979
4546, 30926455, 30926983, 1.71066093, 1.71835613, -0.65079498, 0.05769395
4547, 30927455, 30927981, 1.70879340, 1.71797466, -0.65079498, 0.40385768
4548, 30928455, 30928979, 1.70682764, 1.71721172, -0.65079498, 0.63463354
4549, 30929455, 30929979, 1.70476294, 1.71644878, -0.61904907, 0.28846979
4550, 30930455, 30930981, 1.70259774, 1.71644878, -0.61904907, 0.51924562
4551, 30931455, 30931982, 1.70033133, 1.71568584, -0.61904907, 0.28846979
4552, 30932455, 30932984, 1.69796419, 1.71492290, -0.61904907, 0.51924562
4553, 30933455, 30933982, 1.69549584, 1.71415997, -0.58730316, 0.05769395
4554, 30934455, 30934980, 1.69292498, 1.71377850, -0.58730316, 0.17308187
4555, 30935455, 30935982, 1.69025290, 1.71339703, -0.58730316, 0.17308187
4556, 30936455, 30936981, 1.68748033, 1.71263409, -0.58730316, -0.05769395
4557, 30937455, 30937983, 1.68460703, 1.71225262, -0.58730316, -0.05769395
4558, 30938455, 30938983, 1.68163288, 1.71148968, -0.58730316, 0.05769395
4559, 30939455, 30939979, 1.67855811, 1.71072674, -0.61904907, 0.17308187
4560, 30940455, 30940981, 1.67538345, 1.71034527, -0.58730316, 0.05769395
4561, 30941455, 30941981, 1.67210889, 1.70996380, -0.58730316, 0.05769395
4562, 30942455, 30942984, 1.66873491, 1.70920086, -0.61904907, -0.05769395
4563, 30943455, 30943982, 1.66526091, 1.70843792, -0.61904907, -0.05769395
4564, 30944455, 30944980, 1.66168690, 1.70767498, -0.61904907, 0.05769395
4565, 30945455, 30945980, 1.65801382, 1.70691204, -0.65079498, -0.05769395
4566, 30946455, 30946982, 1.65424252, 1.70614910, -0.65079498, 0.05769395
4567, 30947455, 30947979, 1.65037322, 1.70538616, -0.65079498, 0.05769395
4568, 30948455, 30948977, 1.64640617, 1.70462322, -0.71428680, -0.28846979
4569, 30949455, 30949975, 1.64234173, 1.70386028, -0.74603271, -0.28846979
4570, 30950455, 30950975, 1.63817990, 1.70309734, -0.74603271, -0.40385768
4571, 30951455, 30951977, 1.63392150, 1.70233440, -0.77777863, -0.40385768
4572, 30952455, 30952979, 1.62956715, 1.70118999, -0.77777863, -0.17308187
4573, 30953455, 30953980, 1.62511802, 1.70080853, -0.80952454, -0.17308187
4574, 30954455, 30954990, 1.62057543, 1.69966412, -0.84127045, -0.17308187
4575, 30955455, 30955990, 1.61593997, 1.69851971, -0.84127045, -0.17308187
4576, 30956455, 30956974, 1.61121213, 1.69775677, -0.84127045, -0.28846979
4577, 30957455, 30957976, 1.60639322, 1.69661236, -0.90476227, -0.51924562
4578, 30958455, 30958976, 1.60148382, 1.69546795, -0.93650818, -0.51924562
4579, 30959455, 30959975, 1.59648538, 1.69394207, -1.00000000, -0.75002146
4580, 30960455, 30960975, 1.59139967, 1.69241619, -1.06349182, -0.86540931
4581, 30961455, 30961975, 1.58622921, 1.69127178, -1.12698364, -0.98079723
4582, 30962455, 30962973, 1.58097649, 1.68936443, -1.22222137, -0.98079723
4583, 30963455, 30963973, 1.57564402, 1.68783855, -1.31745911, -1.09618521
4584, 30964455, 30964988, 1.57023430, 1.68593121, -1.44444275, -0.98079723
4585, 30965455, 30965994, 1.56475008, 1.68402386, -1.50793839, -0.98079723
4586, 30966455, 30966986, 1.55919373, 1.68211651, -1.63492203, -0.98079723
4587, 30967455, 30967972, 1.55356789, 1.67982769, -1.73015976, -1.09618521
4588, 30968455, 30968986, 1.54787576, 1.67753887, -1.85714340, -0.75002146
4589, 30969455, 30969972, 1.54212046, 1.67486858, -1.98412704, -0.86540931
4590, 30970455, 30970989, 1.53630638, 1.67257977, -2.07936478, -0.86540931
4591, 30971455, 30971981, 1.53043687, 1.66952801, -2.20634842, -0.75002146
4592, 30972455, 30972969, 1.52451599, 1.66685772, -2.30158615, -1.32696104
4593, 30973455, 30973987, 1.51854765, 1.66418743, -2.46031570, -0.75002146
4594, 30974455, 30974983, 1.51253653, 1.66113567, -2.55555725, -0.86540931
4595, 30975455, 30975987, 1.50648665, 1.65846539, -2.61904907, -1.09618521
4596, 30976455, 30976988, 1.50040233, 1.65541267, -2.71428680, -1.32696104
4597, 30977455, 30977986, 1.49428964, 1.65236092, -2.80952454, -0.98079723
4598, 30978455, 30978988, 1.48815310, 1.64930916, -2.90476227, -0.63463354
4599, 30979455, 30979970, 1.48199761, 1.64587593, -2.96825409, -0.75002146
4600, 30980455, 30980990, 1.47582901, 1.64244270, -3.03174591, -0.75002146
4601, 30981455, 30981985, 1.46965241, 1.63862801, -3.12698364, -1.09618521
4602, 30982455, 30982977, 1.46347284, 1.63519478, -3.22222137, -0.98079723
4603, 30983455, 30983987, 1.45729709, 1.63138008, -3.34920502, -0.75002146
4604, 30984455, 30984985, 1.45113099, 1.62756538, -3.44444275, -0.63463354
4605, 30985455, 30985991, 1.44497991, 1.62336922, -3.57143021, -0.86540931
4606, 30986455, 30986990, 1.43885088, 1.61955452, -3.63492203, -0.40385768
4607, 30987455, 30987984, 1.43275106, 1.61535835, -3.76190567, -0.51924562
4608, 30988455, 30988990, 1.42668724, 1.61116219, -3.88888931, -0.63463354
4609, 30989455, 30989990, 1.42066729, 1.60658455, -3.95238113, -0.98079723
4610, 30990455, 30990990, 1.41470075, 1.60276985, -4.01587296, -0.51924562
4611, 30991455, 30991982, 1.40879774, 1.59819221, -4.11111069, -0.51924562
4612, 30992455, 30992985, 1.40296853, 1.59399605, -4.17460251, -0.63463354
4613, 30993455, 30993985, 1.39722443, 1.58903599, -4.23809433, -0.17308187
4614, 30994455, 30994981, 1.39157832, 1.58445835, -4.33333206, -0.51924562
4615, 30995455, 30995981, 1.38604391, 1.58026218, -4.39682388, -0.63463354
4616, 30996455, 30996981, 1.38063836, 1.57530308, -4.42856979, -0.51924562
4617, 30997455, 30997983, 1.37537777, 1.57072544, -4.49206161, -0.28846979
4618, 30998455, 30998988, 1.37027931, 1.56614780, -4.55555725, -0.40385768
4619, 30999455, 30999984, 1.36536014, 1.56157017, -4.61904907, -0.51924562
4620, 31000455, 31000982, 1.36063814, 1.55661106, -4.65079498, -0.17308187
4621, 31001455, 31001982, 1.35613167, 1.55127048, -4.71428680, -0.40385768
4622, 31002455, 31002980, 1.35186124, 1.54631138, -4.80952454, -0.17308187
4623, 31003455, 31003980, 1.34784627, 1.54097080, -4.84127045, -0.40385768
4624, 31004455, 31004983, 1.34410763, 1.53601170, -4.93650818, -0.17308187
4625, 31005455, 31005979, 1.34066796, 1.53105164, -4.96825409, -0.17308187
4626, 31006455, 31006981, 1.33755136, 1.52571106, -5.03174591, -0.05769395
4627, 31007455, 31007987, 1.33478439, 1.52075195, -5.06349182, 0.05769395
4628, 31008455, 31008981, 1.33238947, 1.51579285, -5.06349182, 0.17308187
4629, 31009455, 31009982, 1.33038664, 1.51045227, -5.09523773, -0.05769395
4630, 31010455, 31010980, 1.32879078, 1.50549316, -5.09523773, 0.05769395
4631, 31011455, 31011980, 1.32761014, 1.50015259, -5.09523773, -0.05769395
4632, 31012455, 31012988, 1.32684505, 1.49519348, -5.09523773, -0.17308187
4633, 31013455, 31013980, 1.32648468, 1.49023438, -5.12698364, 0.17308187
4634, 31014455, 31014983, 1.32650995, 1.48489380, -5.12698364, 0.28846979
4635, 31015455, 31015979, 1.32689071, 1.47955322, -5.15872955, 0.05769395
4636, 31016455, 31016983, 1.32758737, 1.47459412, -5.15872955, 0.40385768
4637, 31017455, 31017985, 1.32855415, 1.46925354, -5.19047546, 0.40385768
4638, 31018455, 31018977, 1.32974505, 1.46429348, -5.15872955, 0.63463354
4639, 31019455, 31019979, 1.33111370, 1.45933437, -5.15872955, 0.98079723
4640, 31020455, 31020974, 1.33261323, 1.45475674, -5.12698364, 1.44234896
4641, 31021455, 31021982, 1.33420396, 1.44979763, -5.06349182, 1.44234896
4642, 31022455, 31022984, 1.33584929, 1.44521999, -5.00000000, 1.09618521
4643, 31023455, 31023980, 1.33751786, 1.44064236, -4.90476227, 1.67312467
4644, 31024455, 31024982, 1.33918345, 1.43682766, -4.80952454, 1.78851259
4645, 31025455, 31025980, 1.34082484, 1.43263149, -4.68254089, 1.44234896
4646, 31026455, 31026983, 1.34242451, 1.42843533, -4.58730316, 1.32696104
4647, 31027455, 31027981, 1.34396970, 1.42462063, -4.42856979, 2.01928854
4648, 31028455, 31028977, 1.34545147, 1.42118740, -4.26984024, 2.25006437
4649, 31029455, 31029981, 1.34686601, 1.41775417, -4.14285660, 1.67312467
4650, 31030455, 31030987, 1.34821522, 1.41432095, -3.98412704, 2.13467646
4651, 31031455, 31031977, 1.34950352, 1.41126919, -3.82539749, 1.44234896
4652, 31032455, 31032984, 1.35073781, 1.40821743, -3.66666794, 1.90390050
4653, 31033455, 31033982, 1.35192728, 1.40554619, -3.50793839, 1.55773675
4654, 31034455, 31034980, 1.35308099, 1.40287590, -3.31745911, 1.90390050
4655, 31035455, 31035976, 1.35420787, 1.40020561, -3.15872955, 1.55773675
4656, 31036455, 31036978, 1.35531461, 1.39829826, -3.00000000, 1.44234896
4657, 31037455, 31037981, 1.35640764, 1.39562798, -2.84127045, 0.86540931
4658, 31038455, 31038977, 1.35749269, 1.39372063, -2.68254089, 1.44234896
4659, 31039455, 31039979, 1.35857582, 1.39219475, -2.49206161, 1.44234896
4660, 31040455, 31040981, 1.35966325, 1.39028740, -2.33333206, 1.44234896
4661, 31041455, 31041975, 1.36076021, 1.38876152, -2.17460251, 1.21157312
4662, 31042455, 31042990, 1.36187315, 1.38723564, -2.01587296, 1.44234896
4663, 31043455, 31043978, 1.36300910, 1.38609123, -1.88888931, 1.44234896
4664, 31044455, 31044982, 1.36417449, 1.38494682, -1.76190567, 1.32696104
4665, 31045455, 31045984, 1.36537397, 1.38380241, -1.60317612, 1.32696104
4666, 31046455, 31046976, 1.36661255, 1.38265800, -1.47618866, 0.98079723
4667, 31047455, 31047982, 1.36789608, 1.38189507, -1.34920502, 1.44234896
4668, 31048455, 31048985, 1.36922967, 1.38151360, -1.22222137, 0.98079723
4669, 31049455, 31049977, 1.37061906, 1.38075066, -1.09523773, 0.86540931
4670, 31050455, 31050989, 1.37207019, 1.37998772, -1.00000000, 1.09618521
4671, 31051455, 31051985, 1.37358725, 1.37960625, -0.90476227, 0.86540931
4672, 31052455, 31052985, 1.37517416, 1.37922478, -0.77777863, 0.75002146
4673, 31053455, 31053983, 1.37683547, 1.37884331, -0.68254089, 0.86540931
4674, 31054455, 31054988, 1.37857544, 1.37846184, -0.58730316, 0.86540931
4675, 31055455, 31055988, 1.38040042, 1.37846184, -0.49206543, 0.75002146
4676, 31056455, 31056984, 1.38231611, 1.37846184, -0.39682770, 0.75002146
4677, 31057455, 31057986, 1.38433039, 1.37846184, -0.30158997, 0.63463354
4678, 31058455, 31058984, 1.38645101, 1.37846184, -0.23809814, 0.75002146
4679, 31059455, 31059985, 1.38868535, 1.37846184, -0.17460632, 0.75002146
4680, 31060455, 31060987, 1.39104033, 1.37884331, -0.07936859, 0.75002146
4681, 31061455, 31061991, 1.39352250, 1.37922478, -0.01587677, 0.63463354
4682, 31062455, 31062987, 1.39613771, 1.37960625, 0.07936859, 0.75002146
4683, 31063455, 31063981, 1.39889228, 1.37998772, 0.11111450, 0.75002146
4684, 31064455, 31064981, 1.40178978, 1.38036919, 0.17460632, 0.75002146
4685, 31065455, 31065984, 1.40483212, 1.38075066, 0.20635223, 0.75002146
4686, 31066455, 31066982, 1.40801978, 1.38151360, 0.26984406, 0.86540931
4687, 31067455, 31067982, 1.41135156, 1.38151360, 0.33333588, 0.86540931
4688, 31068455, 31068982, 1.41482472, 1.38227654, 0.36508179, 0.86540931
4689, 31069455, 31069982, 1.41843438, 1.38303947, 0.42857361, 0.98079723
4690, 31070455, 31070982, 1.42217362, 1.38380241, 0.49206543, 0.86540931
4691, 31071455, 31071981, 1.42603528, 1.38456535, 0.52381134, 0.86540931
4692, 31072455, 31072985, 1.43001127, 1.38532829, 0.58730316, 0.51924562
4693, 31073455, 31073979, 1.43409240, 1.38609123, 0.65079498, 0.75002146
4694, 31074455, 31074981, 1.43826962, 1.38723564, 0.68254089, 0.86540931
4695, 31075455, 31075983, 1.44253623, 1.38838005, 0.74603271, 1.21157312
4696, 31076455, 31076980, 1.44688439, 1.38914299, 0.77777863, 0.98079723
4697, 31077455, 31077980, 1.45130587, 1.39028740, 0.84127045, 0.98079723
4698, 31078455, 31078982, 1.45579362, 1.39143181, 0.90476227, 0.98079723
4699, 31079455, 31079982, 1.46034145, 1.39257622, 0.96825409, 1.09618521
4700, 31080455, 31080984, 1.46494389, 1.39410210, 1.03174591, 1.21157312
4701, 31081455, 31081981, 1.46959567, 1.39524651, 1.06349182, 0.98079723
4702, 31082455, 31082979, 1.47429216, 1.39677238, 1.12698364, 0.75002146
4703, 31083455, 31083979, 1.47902787, 1.39829826, 1.22222137, 0.98079723
4704, 31084455, 31084979, 1.48379886, 1.39982414, 1.28571320, 1.09618521
4705, 31085455, 31085979, 1.48860443, 1.40173149, 1.31745911, 1.44234896
4706, 31086455, 31086977, 1.49344444, 1.40325737, 1.44444275, 1.55773675
4707, 31087455, 31087978, 1.49831820, 1.40554619, 1.47618866, 0.98079723
4708, 31088455, 31088980, 1.50322449, 1.40707302, 1.60317230, 1.32696104
4709, 31089455, 31089980, 1.50816286, 1.40936184, 1.66666412, 1.32696104
4710, 31090455, 31090984, 1.51313150, 1.41126919, 1.79364777, 1.32696104
4711, 31091455, 31091978, 1.51812959, 1.41355801, 1.82539368, 1.21157312
4712, 31092455, 31092984, 1.52315629, 1.41546535, 1.88888550, 1.32696104
4713, 31093455, 31093979, 1.52820969, 1.41813564, 1.98412323, 1.09618521
4714, 31094455, 31094979, 1.53328609, 1.42042446, 2.04762268, 1.21157312
4715, 31095455, 31095975, 1.53838241, 1.42271328, 2.14286041, 1.09618521
4716, 31096455, 31096973, 1.54349446, 1.42538357, 2.20635223, 0.98079723
4717, 31097455, 31097973, 1.54861677, 1.42767239, 2.26984406, 0.98079723
4718, 31098455, 31098973, 1.55374384, 1.43072414, 2.33333588, 0.86540931
4719, 31099455, 31099976, 1.55887091, 1.43339443, 2.39682770, 0.75002146
4720, 31100455, 31100986, 1.56399250, 1.43644619, 2.49206543, 0.86540931
4721, 31101455, 31101986, 1.56910408, 1.43911648, 2.58730316, 1.09618521
4722, 31102455, 31102972, 1.57420099, 1.44216824, 2.61904907, 1.44234896
4723, 31103455, 31103972, 1.57927763, 1.44483852, 2.71428680, 1.32696104
4724, 31104455, 31104975, 1.58433044, 1.44789028, 2.77777863, 1.21157312
4725, 31105455, 31105973, 1.58935595, 1.45132351, 2.87301636, 0.98079723
4726, 31106455, 31106971, 1.59435141, 1.45437527, 2.93650818, 0.86540931
4727, 31107455, 31107975, 1.59931326, 1.45780849, 3.00000000, 0.98079723
4728, 31108455, 31108973, 1.60423863, 1.46124172, 3.06349182, 0.86540931
4729, 31109455, 31109987, 1.60912514, 1.46467495, 3.09523773, 0.98079723
4730, 31110455, 31110978, 1.61397195, 1.46810818, 3.19047546, 0.75002146
4731, 31111455, 31111976, 1.61877787, 1.47154236, 3.25396729, 0.63463354
4732, 31112455, 31112976, 1.62354159, 1.47535706, 3.31745911, 0.98079723
4733, 31113455, 31113976, 1.62826300, 1.47840881, 3.34920502, 0.75002146
4734, 31114455, 31114976, 1.63294160, 1.48260498, 3.41269684, 1.32696104
4735, 31115455, 31115979, 1.63757575, 1.48603821, 3.47618866, 0.86540931
4736, 31116455, 31116977, 1.64216554, 1.48985291, 3.53968048, 0.86540931
4737, 31117455, 31117987, 1.64671206, 1.49328613, 3.60317230, 0.63463354
4738, 31118455, 31118973, 1.65121615, 1.49748230, 3.63491821, 0.86540931
4739, 31119455, 31119991, 1.65567887, 1.50129700, 3.66666412, 0.40385768
4740, 31120455, 31120983, 1.66010177, 1.50511169, 3.73015594, 0.98079723
4741, 31121455, 31121974, 1.66448724, 1.50892639, 3.76190186, 0.86540931
4742, 31122455, 31122990, 1.66883647, 1.51274109, 3.79364777, 0.98079723
4743, 31123455, 31123984, 1.67314911, 1.51655579, 3.79364777, 0.86540931
4744, 31124455, 31124986, 1.67742479, 1.52075195, 3.82539368, 0.63463354
4745, 31125455, 31125992, 1.68166327, 1.52494812, 3.85713959, 0.63463354
4746, 31126455, 31126984, 1.68586314, 1.52876282, 3.88888550, 0.28846979
4747, 31127455, 31127985, 1.69002223, 1.53257847, 3.92063141, 0.28846979
4748, 31128455, 31128987, 1.69413829, 1.53677464, 3.92063141, 0.75002146
4749, 31129455, 31129987, 1.69820917, 1.54097080, 3.95237732, 0.75002146
4750, 31130455, 31130993, 1.70223320, 1.54478550, 3.98412323, 0.75002146
4751, 31131455, 31131985, 1.70620775, 1.54898167, 4.01587677, 0.63463354
4752, 31132455, 31132989, 1.71012962, 1.55317783, 4.04762268, 0.51924562
4753, 31133455, 31133986, 1.71399605, 1.55737400, 4.04762268, 0.28846979
4754, 31134455, 31134988, 1.71780431, 1.56157017, 4.07936859, 0.40385768
4755, 31135455, 31135988, 1.72155190, 1.56576633, 4.07936859, 0.28846979
4756, 31136455, 31136984, 1.72523367, 1.56996250, 4.07936859, 0.51924562
4757, 31137455, 31137980, 1.72884429, 1.57415867, 4.07936859, 0.51924562
4758, 31138455, 31138980, 1.73237967, 1.57797337, 4.07936859, 0.63463354
4759, 31139455, 31139983, 1.73583579, 1.58216953, 4.07936859, 0.75002146
4760, 31140455, 31140985, 1.73920858, 1.58636570, 4.07936859, 0.51924562
4761, 31141455, 31141985, 1.74249387, 1.59056187, 4.11111450, 0.17308187
4762, 31142455, 31142983, 1.74568689, 1.59437752, 4.07936859, 0.17308187
4763, 31143455, 31143981, 1.74878359, 1.59857368, 4.11111450, 0.28846979
4764, 31144455, 31144986, 1.75177944, 1.60276985, 4.11111450, 0.17308187
4765, 31145455, 31145986, 1.75467050, 1.60696602, 4.11111450, 0.28846979
4766, 31146455, 31146986, 1.75745261, 1.61116219, 4.11111450, 0.17308187
4767, 31147455, 31147986, 1.76012146, 1.61535835, 4.11111450, 0.28846979
4768, 31148455, 31148986, 1.76267207, 1.61955452, 4.11111450, 0.28846979
4769, 31149455, 31149984, 1.76509964, 1.62336922, 4.11111450, 0.05769395
4770, 31150455, 31150987, 1.76740134, 1.62756538, 4.11111450, 0.05769395
4771, 31151455, 31151983, 1.76957273, 1.63138008, 4.07936859, -0.17308187
4772, 31152455, 31152981, 1.77160954, 1.63519478, 4.07936859, 0.28846979
4773, 31153455, 31153983, 1.77350903, 1.63939095, 4.04762268, -0.17308187
4774, 31154455, 31154985, 1.77526975, 1.64320564, 4.04762268, 0.05769395
4775, 31155455, 31155981, 1.77689075, 1.64740181, 3.98412323, 0.17308187
4776, 31156455, 31156984, 1.77836931, 1.65083504, 3.95237732, 0.05769395
4777, 31157455, 31157986, 1.77970481, 1.65464973, 3.95237732, -0.17308187
4778, 31158455, 31158986, 1.78089678, 1.65846539, 3.92063141, -0.05769395
4779, 31159455, 31159980, 1.78194535, 1.66228008, 3.88888550, -0.17308187
4780, 31160455, 31160980, 1.78285074, 1.66609478, 3.79364777, -0.28846979
4781, 31161455, 31161981, 1.78361404, 1.66952801, 3.76190186, 0.05769395
4782, 31162455, 31162987, 1.78423679, 1.67334270, 3.73015594, -0.17308187
4783, 31163455, 31163977, 1.78472173, 1.67715740, 3.73015594, 0.17308187
4784, 31164455, 31164983, 1.78507137, 1.68020916, 3.69841003, 0.17308187
4785, 31165455, 31165989, 1.78528774, 1.68402386, 3.63491821, -0.17308187
4786, 31166455, 31166978, 1.78537512, 1.68707561, 3.57142639, 0.05769395
4787, 31167455, 31167986, 1.78533745, 1.69050884, 3.53968048, -0.17308187
4788, 31168455, 31168982, 1.78517902, 1.69394207, 3.50793457, -0.28846979
4789, 31169455, 31169986, 1.78490412, 1.69737530, 3.47618866, 0.05769395
4790, 31170455, 31170980, 1.78451598, 1.70042706, 3.41269684, -0.40385768
4791, 31171455, 31171978, 1.78401971, 1.70347881, 3.34920502, 0.17308187
4792, 31172455, 31172983, 1.78342021, 1.70653057, 3.34920502, -0.17308187
4793, 31173455, 31173977, 1.78272092, 1.70958233, 3.25396729, -0.05769395
4794, 31174455, 31174981, 1.78192770, 1.71225262, 3.15872955, 0.05769395
4795, 31175455, 31175979, 1.78104687, 1.71530437, 3.12698364, -0.40385768
4796, 31176455, 31176981, 1.78008521, 1.71797466, 3.03174591, -0.40385768
4797, 31177455, 31177979, 1.77904844, 1.72064590, 2.96825409, -0.40385768
4798, 31178455, 31178988, 1.77794266, 1.72331619, 2.87301636, -0.51924562
4799, 31179455, 31179980, 1.77677453, 1.72560501, 2.80952454, -0.63463354
4800, 31180455, 31180980, 1.77555025, 1.72827530, 2.65079498, -0.75002146
4801, 31181455, 31181984, 1.77427554, 1.73018265, 2.61904907, -0.75002146
4802, 31182455, 31182984, 1.77295649, 1.73247147, 2.55555725, -0.63463354
4803, 31183455, 31183978, 1.77159917, 1.73437881, 2.42857361, -0.75002146
4804, 31184455, 31184977, 1.77020895, 1.73628616, 2.33333588, -0.75002146
4805, 31185455, 31185981, 1.76879168, 1.73819351, 2.23809814, -0.98079723
4806, 31186455, 31186983, 1.76735306, 1.73971939, 2.11111450, -0.86540931
4807, 31187455, 31187985, 1.76589882, 1.74124527, 1.98412323, -0.63463354
4808, 31188455, 31188989, 1.76443470, 1.74238968, 1.85713959, -0.75002146
4809, 31189455, 31189984, 1.76296413, 1.74391556, 1.73015594, -0.63463354
4810, 31190455, 31190978, 1.76149094, 1.74505997, 1.63491821, -0.40385768
4811, 31191455, 31191980, 1.76001859, 1.74582291, 1.50793457, -0.40385768
4812, 31192455, 31192988, 1.75854969, 1.74696732, 1.38095093, -0.28846979
4813, 31193455, 31193982, 1.75708699, 1.74811172, 1.28571320, -0.86540931
4814, 31194455, 31194985, 1.75563359, 1.74887466, 1.19047546, -1.21157312
4815, 31195455, 31195983, 1.75419044, 1.74963760, 1.12698364, -0.75002146
4816, 31196455, 31196987, 1.75275850, 1.75040054, 1.03174591, -0.86540931
4817, 31197455, 31197985, 1.75133622, 1.75078201, 0.93650818, -0.75002146
4818, 31198455, 31198987, 1.74992228, 1.75116348, 0.80952454, -0.63463354
4819, 31199455, 31199987, 1.74851513, 1.75154495, 0.71428680, -0.63463354
4820, 31200455, 31200984, 1.74711454, 1.75192642, 0.65079498, -0.40385768
4821, 31201455, 31201990, 1.74572003, 1.75192642, 0.52381134, -0.17308187
4822, 31202455, 31202982, 1.74432921, 1.75192642, 0.42857361, -0.40385768
4823, 31203455, 31203986, 1.74294043, 1.75192642, 0.33333588, -0.28846979
4824, 31204455, 31204982, 1.74155223, 1.75192642, 0.26984406, -0.17308187
4825, 31205455, 31205978, 1.74016237, 1.75192642, 0.14286041, -0.40385768
4826, 31206455, 31206987, 1.73876786, 1.75192642, 0.07936859, 0.05769395
4827, 31207455, 31207983, 1.73736548, 1.75116348, 0.01587677, -0.28846979
4828, 31208455, 31208987, 1.73595190, 1.75116348, -0.04762268, -0.17308187
4829, 31209455, 31209983, 1.73452330, 1.75116348, -0.07936859, -0.28846979
4830, 31210455, 31210983, 1.73307657, 1.75078201, -0.17460632, -0.17308187
4831, 31211455, 31211990, 1.73160827, 1.75040054, -0.20635223, 0.17308187
4832, 31212455, 31212986, 1.73011374, 1.74963760, -0.23809814, -0.05769395
4833, 31213455, 31213988, 1.72859001, 1.74925613, -0.30158997, 0.05769395
4834, 31214455, 31214984, 1.72703516, 1.74849319, -0.36508179, -0.05769395
4835, 31215455, 31215982, 1.72544682, 1.74773026, -0.39682770, -0.17308187
4836, 31216455, 31216986, 1.72382343, 1.74696732, -0.52381134, 0.05769395
4837, 31217455, 31217987, 1.72216308, 1.74620438, -0.58730316, -0.05769395
4838, 31218455, 31218987, 1.72046280, 1.74505997, -0.61904907, 0.17308187
4839, 31219455, 31219985, 1.71872067, 1.74467850, -0.71428680, -0.17308187
4840, 31220455, 31220983, 1.71693397, 1.74391556, -0.74603271, 0.05769395
4841, 31221455, 31221981, 1.71510124, 1.74315262, -0.77777863, -0.17308187
4842, 31222455, 31222981, 1.71322048, 1.74238968, -0.77777863, -0.05769395
4843, 31223455, 31223984, 1.71128964, 1.74162674, -0.80952454, -0.17308187
4844, 31224455, 31224984, 1.70930755, 1.74048233, -0.80952454, 0.05769395
4845, 31225455, 31225984, 1.70727241, 1.73933792, -0.84127045, 0.05769395
4846, 31226455, 31226982, 1.70518243, 1.73857498, -0.87301636, -0.17308187
4847, 31227455, 31227982, 1.70303595, 1.73743057, -0.90476227, -0.17308187
4848, 31228455, 31228984, 1.70083117, 1.73628616, -0.93650818, 0.05769395
4849, 31229455, 31229983, 1.69856775, 1.73552322, -0.96825409, -0.05769395
4850, 31230455, 31230983, 1.69624364, 1.73437881, -1.00000000, -0.28846979
4851, 31231455, 31231985, 1.69385624, 1.73323441, -1.03174591, -0.40385768
4852, 31232455, 31232983, 1.69140351, 1.73209000, -1.03174591, -0.17308187
4853, 31233455, 31233981, 1.68888378, 1.73094559, -1.06349182, -0.05769395
4854, 31234455, 31234980, 1.68629479, 1.72980118, -1.09523773, -0.17308187
4855, 31235455, 31235978, 1.68363404, 1.72865677, -1.09523773, -0.28846979
4856, 31236455, 31236982, 1.68089974, 1.72751236, -1.12698364, -0.05769395
4857, 31237455, 31237980, 1.67808962, 1.72636795, -1.12698364, -0.17308187
4858, 31238455, 31238980, 1.67520142, 1.72522354, -1.12698364, -0.05769395
4859, 31239455, 31239981, 1.67223346, 1.72369766, -1.15872955, 0.05769395
4860, 31240455, 31240979, 1.66918468, 1.72255325, -1.19047546, 0.05769395
4861, 31241455, 31241983, 1.66605473, 1.72102737, -1.19047546, -0.17308187
4862, 31242455, 31242979, 1.66284251, 1.71950150, -1.22222137, 0.28846979
4863, 31243455, 31243981, 1.65954828, 1.71835613, -1.25396729, 0.17308187
4864, 31244455, 31244975, 1.65617239, 1.71683025, -1.31745911, 0.28846979
4865, 31245455, 31245978, 1.65271401, 1.71568584, -1.34920502, 0.05769395
4866, 31246455, 31246980, 1.64917278, 1.71415997, -1.38095093, -0.05769395
4867, 31247455, 31247978, 1.64554882, 1.71301556, -1.41269684, 0.05769395
4868, 31248455, 31248990, 1.64184284, 1.71110821, -1.41269684, -0.17308187
4869, 31249455, 31249980, 1.63805580, 1.70996380, -1.44444275, -0.05769395
4870, 31250455, 31250978, 1.63419008, 1.70805645, -1.44444275, -0.17308187
4871, 31251455, 31251979, 1.63024747, 1.70691204, -1.47618866, -0.17308187
4872, 31252455, 31252975, 1.62622929, 1.70500469, -1.47618866, -0.28846979
4873, 31253455, 31253979, 1.62213755, 1.70347881, -1.50793839, -0.40385768
4874, 31254455, 31254975, 1.61797416, 1.70157146, -1.53968430, -0.86540931
4875, 31255455, 31255973, 1.61374140, 1.70004559, -1.57143021, -0.63463354
4876, 31256455, 31256974, 1.60944235, 1.69851971, -1.60317612, -0.28846979
4877, 31257455, 31257976, 1.60507917, 1.69661236, -1.60317612, -0.28846979
4878, 31258455, 31258984, 1.60065401, 1.69508648, -1.63492203, -0.40385768
4879, 31259455, 31259984, 1.59616947, 1.69317913, -1.69841385, -0.28846979
4880, 31260455, 31260972, 1.59162807, 1.69127178, -1.73015976, -0.40385768
4881, 31261455, 31261973, 1.58703208, 1.68898296, -1.76190567, -0.40385768
4882, 31262455, 31262975, 1.58238447, 1.68745708, -1.79365158, -0.17308187
4883, 31263455, 31263975, 1.57768774, 1.68554974, -1.85714340, -0.40385768
4884, 31264455, 31264985, 1.57294416, 1.68287945, -1.92063522, -0.28846979
4885, 31265455, 31265973, 1.56815457, 1.68097210, -1.95238113, -0.28846979
4886, 31266455, 31266985, 1.56332099, 1.67868328, -2.01587296, -0.40385768
4887, 31267455, 31267986, 1.55844450, 1.67639446, -2.07936478, -0.40385768
4888, 31268455, 31268980, 1.55352533, 1.67372417, -2.14285660, -0.75002146
4889, 31269455, 31269982, 1.54856420, 1.67143536, -2.20634842, -0.63463354
4890, 31270455, 31270970, 1.54356134, 1.66876507, -2.26984024, -0.75002146
4891, 31271455, 31271974, 1.53851748, 1.66609478, -2.36507797, -0.63463354
4892, 31272455, 31272982, 1.53343344, 1.66342449, -2.42856979, -0.86540931
4893, 31273455, 31273981, 1.52831042, 1.66075420, -2.49206161, -0.63463354
4894, 31274455, 31274973, 1.52314949, 1.65770245, -2.55555725, -0.63463354
4895, 31275455, 31275973, 1.51795137, 1.65503120, -2.61904907, -0.51924562
4896, 31276455, 31276989, 1.51271617, 1.65197945, -2.68254089, -0.63463354
4897, 31277455, 31277987, 1.50744379, 1.64892769, -2.77777863, -0.40385768
4898, 31278455, 31278987, 1.50213468, 1.64587593, -2.84127045, -0.63463354
4899, 31279455, 31279986, 1.49678957, 1.64282417, -2.87301636, -0.51924562
4900, 31280455, 31280986, 1.49140894, 1.63939095, -2.96825409, -0.86540931
4901, 31281455, 31281990, 1.48599446, 1.63633919, -3.03174591, -0.63463354
4902, 31282455, 31282988, 1.48054612, 1.63290596, -3.09523773, -0.75002146
4903, 31283455, 31283982, 1.47506464, 1.62909126, -3.19047546, -0.86540931
4904, 31284455, 31284983, 1.46955180, 1.62603951, -3.25396729, -0.51924562
4905, 31285455, 31285983, 1.46401072, 1.62222481, -3.31745911, -0.63463354
4906, 31286455, 31286983, 1.45844412, 1.61841011, -3.38095093, -0.63463354
4907, 31287455, 31287987, 1.45285416, 1.61459541, -3.47618866, -0.28846979
4908, 31288455, 31288991, 1.44724500, 1.61078072, -3.53968430, -0.40385768
4909, 31289455, 31289985, 1.44162059, 1.60658455, -3.63492203, -0.51924562
4910, 31290455, 31290986, 1.43598354, 1.60315132, -3.69841385, -0.40385768
4911, 31291455, 31291986, 1.43034017, 1.59895515, -3.79365158, -0.28846979
4912, 31292455, 31292986, 1.42469788, 1.59475899, -3.82539749, -0.28846979
4913, 31293455, 31293990, 1.41906273, 1.59056187, -3.88888931, -0.17308187
4914, 31294455, 31294984, 1.41344285, 1.58674717, -3.98412704, -0.40385768
4915, 31295455, 31295986, 1.40784812, 1.58255100, -4.01587296, -0.17308187
4916, 31296455, 31296983, 1.40229130, 1.57797337, -4.07936478, -0.40385768
4917, 31297455, 31297983, 1.39678657, 1.57415867, -4.11111069, -0.51924562
4918, 31298455, 31298985, 1.39134693, 1.56996250, -4.14285660, -0.28846979
4919, 31299455, 31299987, 1.38598645, 1.56538486, -4.14285660, -0.63463354
4920, 31300455, 31300983, 1.38072014, 1.56118870, -4.20634842, -0.17308187
4921, 31301455, 31301986, 1.37556553, 1.55661106, -4.26984024, 0.05769395
4922, 31302455, 31302978, 1.37053919, 1.55203342, -4.30158615, 0.28846979
4923, 31303455, 31303980, 1.36566222, 1.54745579, -4.30158615, -0.05769395
4924, 31304455, 31304980, 1.36095476, 1.54325962, -4.36507797, -0.17308187
4925, 31305455, 31305988, 1.35644162, 1.53830051, -4.42856979, -0.05769395
4926, 31306455, 31306978, 1.35214806, 1.53410435, -4.46031570, -0.17308187
4927, 31307455, 31307978, 1.34810436, 1.52914429, -4.49206161, -0.05769395
4928, 31308455, 31308981, 1.34434044, 1.52494812, -4.52381134, -0.05769395
4929, 31309455, 31309979, 1.34089124, 1.51998901, -4.55555725, 0.05769395
4930, 31310455, 31310979, 1.33779454, 1.51541138, -4.58730316, 0.05769395
4931, 31311455, 31311983, 1.33508337, 1.51083374, -4.61904907, -0.05769395
4932, 31312455, 31312983, 1.33278835, 1.50625610, -4.61904907, -0.05769395
4933, 31313455, 31313981, 1.33092952, 1.50167847, -4.65079498, -0.05769395
4934, 31314455, 31314976, 1.32951558, 1.49671936, -4.65079498, -0.28846979
4935, 31315455, 31315982, 1.32854640, 1.49214172, -4.65079498, -0.05769395
4936, 31316455, 31316982, 1.32801473, 1.48756409, -4.68254089, 0.17308187
4937, 31317455, 31317978, 1.32790411, 1.48298645, -4.71428680, 0.17308187
4938, 31318455, 31318976, 1.32818198, 1.47802734, -4.68254089, 0.05769395
4939, 31319455, 31319983, 1.32880235, 1.47306824, -4.71428680, 0.05769395
4940, 31320455, 31320981, 1.32970178, 1.46848965, -4.74603271, 0.28846979
4941, 31321455, 31321983, 1.33081305, 1.46353054, -4.74603271, 0.40385768
4942, 31322455, 31322983, 1.33208108, 1.45895290, -4.74603271, 0.86540931
4943, 31323455, 31323979, 1.33345377, 1.45475674, -4.71428680, 1.09618521
4944, 31324455, 31324980, 1.33489072, 1.45017910, -4.68254089, 0.86540931
4945, 31325455, 31325982, 1.33635306, 1.44598293, -4.61904907, 1.21157312
4946, 31326455, 31326982, 1.33781183, 1.44178677, -4.55555725, 1.44234896
4947, 31327455, 31327986, 1.33924305, 1.43759060, -4.49206161, 1.90390050
4948, 31328455, 31328984, 1.34062934, 1.43377590, -4.39682388, 1.55773675
4949, 31329455, 31329982, 1.34195709, 1.42996120, -4.26984024, 1.44234896
4950, 31330455, 31330978, 1.34321845, 1.42652798, -4.17460251, 1.67312467
4951, 31331455, 31331979, 1.34440875, 1.42309475, -4.04761887, 1.90390050
4952, 31332455, 31332979, 1.34552610, 1.41966152, -3.92063522, 2.01928854
4953, 31333455, 31333981, 1.34657013, 1.41660976, -3.79365158, 1.44234896
4954, 31334455, 31334981, 1.34754384, 1.41317654, -3.66666794, 1.44234896
4955, 31335455, 31335981, 1.34845138, 1.41050625, -3.53968430, 1.44234896
4956, 31336455, 31336982, 1.34929776, 1.40783596, -3.34920502, 1.55773675
4957, 31337455, 31337984, 1.35008979, 1.40554619, -3.19047546, 1.67312467
4958, 31338455, 31338980, 1.35083485, 1.40287590, -3.03174591, 1.44234896
4959, 31339455, 31339986, 1.35153830, 1.40058708, -2.90476227, 1.32696104
4960, 31340455, 31340978, 1.35220647, 1.39829826, -2.77777863, 1.32696104
4961, 31341455, 31341980, 1.35284507, 1.39639091, -2.65079498, 1.09618521
4962, 31342455, 31342981, 1.35345948, 1.39448357, -2.49206161, 1.21157312
4963, 31343455, 31343981, 1.35405493, 1.39257622, -2.33333206, 1.55773675
4964, 31344455, 31344983, 1.35463703, 1.39105034, -2.17460251, 1.21157312
4965, 31345455, 31345985, 1.35521066, 1.38952446, -2.07936478, 1.21157312
4966, 31346455, 31346979, 1.35577941, 1.38838005, -1.95238113, 1.78851259
4967, 31347455, 31347989, 1.35634601, 1.38685417, -1.82539749, 0.98079723
4968, 31348455, 31348984, 1.35691297, 1.38532829, -1.66666794, 0.98079723
4969, 31349455, 31349986, 1.35748267, 1.38456535, -1.57143021, 0.75002146
4970, 31350455, 31350984, 1.35805666, 1.38342094, -1.47618866, 0.75002146
4971, 31351455, 31351986, 1.35863519, 1.38227654, -1.34920502, 0.98079723
4972, 31352455, 31352982, 1.35921836, 1.38151360, -1.25396729, 0.86540931
4973, 31353455, 31353985, 1.35980773, 1.38075066, -1.15872955, 0.63463354
4974, 31354455, 31354979, 1.36040437, 1.37998772, -1.06349182, 0.75002146
4975, 31355455, 31355985, 1.36100960, 1.37922478, -0.96825409, 0.63463354
4976, 31356455, 31356983, 1.36162603, 1.37846184, -0.90476227, 0.51924562
4977, 31357455, 31357983, 1.36225700, 1.37846184, -0.80952454, 0.63463354
4978, 31358455, 31358983, 1.36290658, 1.37769890, -0.74603271, 0.75002146
4979, 31359455, 31359980, 1.36357844, 1.37731743, -0.71428680, 0.63463354
4980, 31360455, 31360986, 1.36427701, 1.37693596, -0.61904907, 0.63463354
4981, 31361455, 31361986, 1.36500537, 1.37655449, -0.58730316, 0.51924562
4982, 31362455, 31362984, 1.36576831, 1.37617302, -0.52381134, 0.63463354
4983, 31363455, 31363980, 1.36657095, 1.37617302, -0.46031952, 0.63463354
4984, 31364455, 31364982, 1.36741805, 1.37579155, -0.42857361, 0.63463354
4985, 31365455, 31365983, 1.36831164, 1.37579155, -0.33333588, 0.51924562
4986, 31366455, 31366983, 1.36925673, 1.37579155, -0.26984406, 0.40385768
4987, 31367455, 31367983, 1.37025774, 1.37579155, -0.23809814, 0.40385768
4988, 31368455, 31368981, 1.37131870, 1.37579155, -0.20635223, 0.40385768
4989, 31369455, 31369981, 1.37244415, 1.37579155, -0.14286041, 0.40385768
4990, 31370455, 31370984, 1.37363768, 1.37579155, -0.07936859, 0.40385768
4991, 31371455, 31371984, 1.37490630, 1.37579155, -0.07936859, 0.28846979
4992, 31372455, 31372986, 1.37625480, 1.37617302, -0.01587677, 0.28846979
4993, 31373455, 31373982, 1.37768900, 1.37617302, 0.01587677, 0.40385768
4994, 31374455, 31374982, 1.37921321, 1.37655449, 0.04762268, 0.28846979
4995, 31375455, 31375980, 1.38083243, 1.37693596, 0.11111450, 0.28846979
4996, 31376455, 31376985, 1.38255119, 1.37693596, 0.14286041, 0.40385768
4997, 31377455, 31377981, 1.38437271, 1.37731743, 0.14286041, 0.40385768
4998, 31378455, 31378981, 1.38630044, 1.37769890, 0.17460632, 0.51924562
4999, 31379455, 31379981, 1.38833785, 1.37769890, 0.17460632, 0.28846979
5000, 31380455, 31380981, 1.39048588, 1.37808037, 0.20635223, 0.40385768
5001, 31381455, 31381984, 1.39274585, 1.37846184, 0.20635223, 0.51924562
5002, 31382455, 31382982, 1.39511704, 1.37846184, 0.20635223, 0.51924562
5003, 31383455, 31383980, 1.39759886, 1.37884331, 0.23809814, 0.63463354
5004, 31384455, 31384980, 1.40018892, 1.37922478, 0.26984406, 0.63463354
5005, 31385455, 31385980, 1.40288341, 1.37960625, 0.26984406, 0.75002146
5006, 31386455, 31386980, 1.40567863, 1.38036919, 0.30158997, 0.51924562
5007, 31387455, 31387977, 1.40856957, 1.38075066, 0.33333588, 0.51924562
5008, 31388455, 31388979, 1.41155124, 1.38151360, 0.36508179, 0.51924562
5009, 31389455, 31389977, 1.41461778, 1.38189507, 0.39682770, 0.75002146
5010, 31390455, 31390979, 1.41776145, 1.38265800, 0.42857361, 0.98079723
5011, 31391455, 31391979, 1.42097652, 1.38342094, 0.49206543, 0.98079723
5012, 31392455, 31392977, 1.42425656, 1.38418388, 0.52381134, 0.75002146
5013, 31393455, 31393976, 1.42759585, 1.38494682, 0.58730316, 1.21157312
5014, 31394455, 31394978, 1.43098903, 1.38570976, 0.61904907, 0.98079723
5015, 31395455, 31395976, 1.43443108, 1.38647270, 0.68254089, 0.98079723
5016, 31396455, 31396978, 1.43791747, 1.38761711, 0.74603271, 1.09618521
5017, 31397455, 31397976, 1.44144356, 1.38876152, 0.80952454, 1.32696104
5018, 31398455, 31398977, 1.44500566, 1.38952446, 0.84127045, 1.09618521
5019, 31399455, 31399975, 1.44860113, 1.39066887, 0.90476227, 0.75002146
5020, 31400455, 31400977, 1.45222795, 1.39219475, 0.90476227, 0.98079723
5021, 31401455, 31401977, 1.45588410, 1.39295769, 0.96825409, 0.98079723
5022, 31402455, 31402977, 1.45956814, 1.39448357, 1.03174591, 0.86540931
5023, 31403455, 31403977, 1.46327806, 1.39562798, 1.06349182, 0.86540931
5024, 31404455, 31404974, 1.46701217, 1.39715385, 1.12698364, 0.86540931
5025, 31405455, 31405976, 1.47076905, 1.39829826, 1.19047546, 0.98079723
5026, 31406455, 31406978, 1.47454786, 1.40020561, 1.25396729, 0.86540931
5027, 31407455, 31407986, 1.47834754, 1.40173149, 1.31745911, 1.09618521
5028, 31408455, 31408972, 1.48216736, 1.40325737, 1.38095093, 0.86540931
5029, 31409455, 31409973, 1.48600614, 1.40516472, 1.44444275, 1.21157312
5030, 31410455, 31410975, 1.48986268, 1.40707302, 1.50793457, 1.21157312
5031, 31411455, 31411983, 1.49373674, 1.40898037, 1.57142639, 0.86540931
5032, 31412455, 31412983, 1.49762893, 1.41088772, 1.66666412, 0.98079723
5033, 31413455, 31413973, 1.50153625, 1.41241360, 1.69841003, 0.98079723
5034, 31414455, 31414985, 1.50545740, 1.41470242, 1.76190186, 1.21157312
5035, 31415455, 31415976, 1.50939143, 1.41660976, 1.79364777, 0.86540931
5036, 31416455, 31416988, 1.51333749, 1.41889858, 1.85713959, 0.63463354
5037, 31417455, 31417986, 1.51729202, 1.42118740, 1.92063141, 1.09618521
5038, 31418455, 31418986, 1.52125168, 1.42347622, 1.95237732, 1.21157312
5039, 31419455, 31419970, 1.52521396, 1.42538357, 2.04762268, 0.86540931
5040, 31420455, 31420974, 1.52917624, 1.42767239, 2.07936859, 0.86540931
5041, 31421455, 31421979, 1.53313601, 1.43034267, 2.14286041, 0.75002146
5042, 31422455, 31422983, 1.53709006, 1.43263149, 2.20635223, 0.63463354
5043, 31423455, 31423983, 1.54103494, 1.43492031, 2.23809814, 0.75002146
5044, 31424455, 31424983, 1.54496825, 1.43720913, 2.26984406, 0.86540931
5045, 31425455, 31425981, 1.54888582, 1.44026089, 2.30158997, 1.09618521
5046, 31426455, 31426984, 1.55278552, 1.44254971, 2.36508179, 0.86540931
5047, 31427455, 31427982, 1.55666459, 1.44521999, 2.42857361, 0.63463354
5048, 31428455, 31428980, 1.56052053, 1.44789028, 2.42857361, 0.75002146
5049, 31429455, 31429984, 1.56435049, 1.45017910, 2.49206543, 0.86540931
5050, 31430455, 31430988, 1.56815100, 1.45284939, 2.52381134, 0.51924562
5051, 31431455, 31431976, 1.57191932, 1.45551968, 2.55555725, 0.98079723
5052, 31432455, 31432985, 1.57565308, 1.45857143, 2.58730316, 0.98079723
5053, 31433455, 31433981, 1.57935011, 1.46124172, 2.65079498, 0.75002146
5054, 31434455, 31434983, 1.58300817, 1.46429348, 2.65079498, 0.63463354
5055, 31435455, 31435987, 1.58662474, 1.46696377, 2.68254089, 0.63463354
5056, 31436455, 31436987, 1.59019744, 1.46963501, 2.71428680, 0.98079723
5057, 31437455, 31437986, 1.59372437, 1.47268677, 2.77777863, 0.75002146
5058, 31438455, 31438982, 1.59720397, 1.47573853, 2.77777863, 0.75002146
5059, 31439455, 31439984, 1.60063326, 1.47840881, 2.80952454, 0.63463354
5060, 31440455, 31440982, 1.60401011, 1.48184204, 2.84127045, 0.98079723
5061, 31441455, 31441986, 1.60733199, 1.48489380, 2.90476227, 0.51924562
5062, 31442455, 31442988, 1.61059511, 1.48794556, 2.93650818, 0.98079723
5063, 31443455, 31443983, 1.61379719, 1.49099731, 2.96825409, 0.86540931
5064, 31444455, 31444985, 1.61693525, 1.49404907, 2.96825409, 0.75002146
5065, 31445455, 31445985, 1.62000549, 1.49710083, 3.00000000, 0.75002146
5066, 31446455, 31446987, 1.62300479, 1.50015259, 3.03174591, 0.17308187
5067, 31447455, 31447985, 1.62592876, 1.50358582, 3.06349182, 0.63463354
5068, 31448455, 31448982, 1.62877309, 1.50663757, 3.09523773, 0.63463354
5069, 31449455, 31449988, 1.63153541, 1.50968933, 3.09523773, 0.75002146
5070, 31450455, 31450986, 1.63421094, 1.51274109, 3.09523773, 0.63463354
5071, 31451455, 31451990, 1.63679469, 1.51579285, 3.12698364, 0.75002146
5072, 31452455, 31452980, 1.63928330, 1.51922607, 3.12698364, 1.21157312
5073, 31453455, 31453980, 1.64167225, 1.52265930, 3.12698364, 0.28846979
5074, 31454455, 31454985, 1.64395761, 1.52571106, 3.15872955, 0.63463354
5075, 31455455, 31455983, 1.64613688, 1.52876282, 3.15872955, 0.17308187
5076, 31456455, 31456983, 1.64820576, 1.53181553, 3.15872955, 0.40385768
5077, 31457455, 31457985, 1.65016115, 1.53524876, 3.19047546, 0.63463354
5078, 31458455, 31458981, 1.65199995, 1.53830051, 3.19047546, 0.40385768
5079, 31459455, 31459983, 1.65371907, 1.54173374, 3.19047546, 0.17308187
5080, 31460455, 31460980, 1.65531409, 1.54478550, 3.22222137, 0.28846979
5081, 31461455, 31461980, 1.65678298, 1.54783726, 3.19047546, 0.40385768
5082, 31462455, 31462980, 1.65812421, 1.55127048, 3.25396729, 0.28846979
5083, 31463455, 31463986, 1.65933526, 1.55432224, 3.19047546, 0.17308187
5084, 31464455, 31464982, 1.66041255, 1.55775547, 3.15872955, 0.17308187
5085, 31465455, 31465990, 1.66135335, 1.56080723, 3.31745911, -0.05769395
5086, 31466455, 31466985, 1.66215706, 1.56385899, 3.15872955, -0.05769395
5087, 31467455, 31467985, 1.66282272, 1.56652927, 3.12698364, -0.05769395
5088, 31468455, 31468979, 1.66335011, 1.56958103, 3.06349182, -0.05769395
5089, 31469455, 31469977, 1.66373861, 1.57225132, 3.03174591, -0.05769395
5090, 31470455, 31470981, 1.66398799, 1.57530308, 2.93650818, 0.05769395
5091, 31471455, 31471985, 1.66410065, 1.57797337, 2.93650818, 0.17308187
5092, 31472455, 31472992, 1.66407776, 1.58064365, 2.93650818, -0.05769395
5093, 31473455, 31473982, 1.66392052, 1.58369541, 2.71428680, -0.17308187
5094, 31474455, 31474982, 1.66363072, 1.58636570, 2.77777863, 0.05769395
5095, 31475455, 31475978, 1.66320956, 1.58865452, 2.77777863, -0.28846979
5096, 31476455, 31476982, 1.66266036, 1.59132481, 2.77777863, -0.17308187
5097, 31477455, 31477986, 1.66198611, 1.59399605, 2.71428680, -0.17308187
5098, 31478455, 31478979, 1.66118944, 1.59666634, 2.65079498, -0.28846979
5099, 31479455, 31479989, 1.66027451, 1.59895515, 2.65079498, -0.51924562
5100, 31480455, 31480977, 1.65924478, 1.60124397, 2.58730316, -0.40385768
5101, 31481455, 31481977, 1.65810478, 1.60353279, 2.52381134, -0.28846979
5102, 31482455, 31482981, 1.65685904, 1.60620308, 2.49206543, -0.40385768
5103, 31483455, 31483990, 1.65551317, 1.60849190, 2.46031952, 0.05769395
5104, 31484455, 31484980, 1.65407205, 1.61039925, 2.39682770, 0.17308187
5105, 31485455, 31485980, 1.65254021, 1.61268806, 2.33333588, -0.05769395
5106, 31486455, 31486990, 1.65092480, 1.61459541, 2.30158997, -0.05769395
5107, 31487455, 31487978, 1.64923203, 1.61650276, 2.23809814, -0.17308187
5108, 31488455, 31488983, 1.64747155, 1.61879158, 2.17460632, -0.05769395
5109, 31489455, 31489975, 1.64564955, 1.62031746, 2.30158997, -0.75002146
5110, 31490455, 31490989, 1.64377403, 1.62260628, 2.11111450, -0.51924562
5111, 31491455, 31491987, 1.64185429, 1.62413216, 2.01587677, -0.63463354
5112, 31492455, 31492983, 1.63989913, 1.62565804, 1.92063141, -0.63463354
5113, 31493455, 31493985, 1.63791823, 1.62680244, 1.85713959, -0.75002146
5114, 31494455, 31494982, 1.63592124, 1.62832832, 1.76190186, -0.75002146
5115, 31495455, 31495984, 1.63391757, 1.62947273, 1.66666412, -0.63463354
5116, 31496455, 31496988, 1.63191545, 1.63061714, 1.53968048, -0.63463354
5117, 31497455, 31497988, 1.62992513, 1.63138008, 1.25396729, -0.75002146
5118, 31498455, 31498988, 1.62795627, 1.63252449, 1.25396729, -0.98079723
5119, 31499455, 31499982, 1.62601852, 1.63328743, 1.15872955, -0.75002146
5120, 31500455, 31500987, 1.62411952, 1.63405037, 1.09523773, -0.98079723
5121, 31501455, 31501981, 1.62226915, 1.63443184, 0.96825409, -0.40385768
5122, 31502455, 31502981, 1.62047660, 1.63519478, 0.87301636, -0.51924562
5123, 31503455, 31503987, 1.61875165, 1.63519478, 0.80952454, -0.40385768
5124, 31504455, 31504985, 1.61710382, 1.63557625, 0.71428680, -0.98079723
5125, 31505455, 31505987, 1.61554050, 1.63595772, 0.61904907, -0.86540931
5126, 31506455, 31506986, 1.61407018, 1.63595772, 0.52381134, -0.51924562
5127, 31507455, 31507988, 1.61269796, 1.63633919, 0.46031952, -0.63463354
5128, 31508455, 31508986, 1.61142969, 1.63633919, 0.36508179, -0.40385768
5129, 31509455, 31509984, 1.61027014, 1.63633919, 0.26984406, -0.51924562
5130, 31510455, 31510986, 1.60922182, 1.63595772, 0.17460632, -0.28846979
5131, 31511455, 31511981, 1.60828555, 1.63595772, 0.11111450, -0.40385768
5132, 31512455, 31512987, 1.60745943, 1.63557625, 0.04762268, -0.51924562
5133, 31513455, 31513991, 1.60674202, 1.63519478, -0.04762268, -0.17308187
5134, 31514455, 31514989, 1.60613000, 1.63519478, -0.07936859, -0.51924562
5135, 31515455, 31515985, 1.60561752, 1.63481331, -0.17460632, -0.40385768
5136, 31516455, 31516985, 1.60519898, 1.63443184, -0.20635223, -0.17308187
5137, 31517455, 31517984, 1.60486794, 1.63405037, -0.26984406, -0.40385768
5138, 31518455, 31518984, 1.60461569, 1.63366890, -0.30158997, -0.40385768
5139, 31519455, 31519982, 1.60443223, 1.63328743, -0.33333588, -0.75002146
5140, 31520455, 31520984, 1.60430908, 1.63290596, -0.36508179, -0.28846979
5141, 31521455, 31521982, 1.60423577, 1.63214302, -0.36508179, -0.75002146
5142, 31522455, 31522981, 1.60420144, 1.63176155, -0.42857361, -0.51924562
5143, 31523455, 31523983, 1.60419834, 1.63099861, -0.46031952, -0.40385768
5144, 31524455, 31524983, 1.60421872, 1.63023567, -0.52381134, -0.28846979
5145, 31525455, 31525981, 1.60425317, 1.62909126, -0.58730316, -0.40385768
5146, 31526455, 31526985, 1.60429192, 1.62832832, -0.65079498, -0.17308187
5147, 31527455, 31527983, 1.60432792, 1.62718391, -0.71428680, -0.28846979
5148, 31528455, 31528982, 1.60435319, 1.62642097, -0.77777863, -0.28846979
5149, 31529455, 31529984, 1.60436010, 1.62565804, -0.84127045, -0.17308187
5150, 31530455, 31530984, 1.60434294, 1.62451363, -0.87301636, -0.05769395
5151, 31531455, 31531986, 1.60429668, 1.62336922, -0.93650818, -0.17308187
5152, 31532455, 31532982, 1.60421479, 1.62260628, -0.93650818, -0.05769395
5153, 31533455, 31533983, 1.60409451, 1.62146187, -0.93650818, 0.17308187
5154, 31534455, 31534987, 1.60393107, 1.62031746, -1.00000000, 0.17308187
5155, 31535455, 31535983, 1.60371959, 1.61917305, -1.03174591, -0.17308187
5156, 31536455, 31536985, 1.60345745, 1.61802864, -1.06349182, -0.05769395
5157, 31537455, 31537981, 1.60314226, 1.61688423, -1.06349182, -0.05769395
5158, 31538455, 31538979, 1.60277128, 1.61573982, -1.09523773, 0.28846979
5159, 31539455, 31539982, 1.60234094, 1.61459541, -1.12698364, 0.05769395
5160, 31540455, 31540980, 1.60184836, 1.61345100, -1.15872955, 0.40385768
5161, 31541455, 31541982, 1.60129201, 1.61230659, -1.15872955, 0.28846979
5162, 31542455, 31542980, 1.60066926, 1.61116219, -1.15872955, 0.40385768
5163, 31543455, 31543978, 1.59997714, 1.60963631, -1.15872955, 0.40385768
5164, 31544455, 31544978, 1.59921527, 1.60887337, -1.15872955, 0.51924562
5165, 31545455, 31545977, 1.59838128, 1.60772896, -1.12698364, 0.40385768
5166, 31546455, 31546977, 1.59747410, 1.60658455, -1.12698364, 0.40385768
5167, 31547455, 31547979, 1.59648955, 1.60582161, -1.12698364, 0.63463354
5168, 31548455, 31548979, 1.59542727, 1.60467720, -1.09523773, 0.63463354
5169, 31549455, 31549981, 1.59428632, 1.60353279, -1.09523773, 0.40385768
5170, 31550455, 31550978, 1.59306538, 1.60315132, -1.06349182, 0.75002146
5171, 31551455, 31551978, 1.59176517, 1.60200691, -1.03174591, 0.75002146
5172, 31552455, 31552980, 1.59038556, 1.60086250, -1.00000000, 0.05769395
5173, 31553455, 31553988, 1.58892429, 1.60048103, -0.96825409, 0.40385768
5174, 31554455, 31554978, 1.58738184, 1.59971809, -0.96825409, 0.05769395
5175, 31555455, 31555974, 1.58575916, 1.59857368, -0.90476227, 0.40385768
5176, 31556455, 31556987, 1.58405578, 1.59781075, -0.87301636, 0.28846979
5177, 31557455, 31557979, 1.58227253, 1.59704781, -0.84127045, -0.05769395
5178, 31558455, 31558979, 1.58040988, 1.59704781, -0.80952454, 0.40385768
5179, 31559455, 31559975, 1.57846606, 1.59628487, -0.77777863, 0.28846979
5180, 31560455, 31560977, 1.57644081, 1.59552193, -0.74603271, 0.17308187
5181, 31561455, 31561988, 1.57433665, 1.59475899, -0.71428680, 0.28846979
5182, 31562455, 31562994, 1.57215405, 1.59437752, -0.68254089, 0.05769395
5183, 31563455, 31563990, 1.56989467, 1.59399605, -0.65079498, 0.17308187
5184, 31564455, 31564986, 1.56755900, 1.59361362, -0.61904907, 0.05769395
5185, 31565455, 31565992, 1.56514800, 1.59285069, -0.61904907, 0.17308187
5186, 31566455, 31566990, 1.56266356, 1.59208775, -0.58730316, 0.05769395
5187, 31567455, 31567975, 1.56010520, 1.59170628, -0.58730316, 0.05769395
5188, 31568455, 31568975, 1.55747449, 1.59094334, -0.55555725, -0.05769395
5189, 31569455, 31569989, 1.55477250, 1.59056187, -0.52381134, -0.05769395
5190, 31570455, 31570989, 1.55199909, 1.59018040, -0.52381134, -0.05769395
5191, 31571455, 31571991, 1.54915345, 1.58979893, -0.52381134, -0.05769395
5192, 31572455, 31572973, 1.54623806, 1.58903599, -0.52381134, -0.05769395
5193, 31573455, 31573986, 1.54325128, 1.58865452, -0.52381134, -0.05769395
5194, 31574455, 31574988, 1.54019523, 1.58827305, -0.52381134, -0.05769395
5195, 31575455, 31575992, 1.53706992, 1.58751011, -0.52381134, -0.28846979
5196, 31576455, 31576992, 1.53387511, 1.58712864, -0.55555725, 0.05769395
5197, 31577455, 31577988, 1.53061092, 1.58636570, -0.55555725, -0.17308187
5198, 31578455, 31578985, 1.52727830, 1.58560276, -0.58730316, 0.05769395
5199, 31579455, 31579983, 1.52387798, 1.58483982, -0.61904907, 0.28846979
5200, 31580455, 31580985, 1.52041018, 1.58407688, -0.61904907, 0.28846979
5201, 31581455, 31581989, 1.51687574, 1.58369541, -0.65079498, 0.17308187
5202, 31582455, 31582985, 1.51327384, 1.58293247, -0.68254089, 0.28846979
5203, 31583455, 31583987, 1.50960553, 1.58178806, -0.68254089, 0.05769395
5204, 31584455, 31584990, 1.50587213, 1.58102512, -0.71428680, 0.17308187
5205, 31585455, 31585990, 1.50207448, 1.58026218, -0.74603271, -0.05769395
5206, 31586455, 31586986, 1.49821401, 1.57911777, -0.77777863, -0.17308187
5207, 31587455, 31587986, 1.49429059, 1.57835484, -0.80952454, -0.28846979
5208, 31588455, 31588986, 1.49030781, 1.57759190, -0.84127045, -0.28846979
5209, 31589455, 31589987, 1.48626614, 1.57644749, -0.87301636, -0.40385768
5210, 31590455, 31590985, 1.48216653, 1.57492161, -0.93650818, -0.40385768
5211, 31591455, 31591991, 1.47801113, 1.57377720, -1.00000000, -0.63463354
5212, 31592455, 31592985, 1.47380292, 1.57263279, -1.06349182, -0.63463354
5213, 31593455, 31593983, 1.46954560, 1.57072544, -1.12698364, -0.63463354
5214, 31594455, 31594985, 1.46523929, 1.56958103, -1.19047546, -0.98079723
5215, 31595455, 31595986, 1.46088731, 1.56767368, -1.25396729, -0.75002146
5216, 31596455, 31596986, 1.45649362, 1.56652927, -1.34920502, -0.86540931
5217, 31597455, 31597984, 1.45206141, 1.56424046, -1.44444275, -0.98079723
5218, 31598455, 31598986, 1.44759393, 1.56271458, -1.50793839, -0.86540931
5219, 31599455, 31599984, 1.44309461, 1.56080723, -1.60317612, -0.75002146
5220, 31600455, 31600980, 1.43856847, 1.55851841, -1.66666794, -0.98079723
5221, 31601455, 31601979, 1.43402112, 1.55661106, -1.76190567, -0.75002146
5222, 31602455, 31602987, 1.42945850, 1.55394077, -1.88888931, -0.51924562
5223, 31603455, 31603983, 1.42488790, 1.55165195, -1.98412704, -0.75002146
5224, 31604455, 31604981, 1.42031813, 1.54936314, -2.07936478, -0.17308187
5225, 31605455, 31605981, 1.41575718, 1.54707432, -2.14285660, -0.28846979
5226, 31606455, 31606978, 1.41121542, 1.54402256, -2.26984024, -0.51924562
5227, 31607455, 31607976, 1.40670347, 1.54135227, -2.36507797, -0.51924562
5228, 31608455, 31608982, 1.40223527, 1.53868198, -2.46031570, -0.51924562
5229, 31609455, 31609978, 1.39782226, 1.53563023, -2.52381134, -0.63463354
5230, 31610455, 31610976, 1.39348018, 1.53295994, -2.61904907, -0.63463354
5231, 31611455, 31611976, 1.38922691, 1.52990723, -2.68254089, -0.63463354
5232, 31612455, 31612975, 1.38507926, 1.52685547, -2.77777863, -0.51924562
5233, 31613455, 31613983, 1.38105559, 1.52380371, -2.84127045, -0.63463354
5234, 31614455, 31614983, 1.37717378, 1.52037048, -2.90476227, -0.05769395
5235, 31615455, 31615977, 1.37345600, 1.51731873, -2.96825409, -0.51924562
5236, 31616455, 31616983, 1.36991930, 1.51388550, -3.03174591, -0.51924562
5237, 31617455, 31617979, 1.36658752, 1.51083374, -3.12698364, -0.40385768
5238, 31618455, 31618990, 1.36348736, 1.50740051, -3.12698364, -0.63463354
5239, 31619455, 31619976, 1.36064088, 1.50396729, -3.19047546, -0.40385768
5240, 31620455, 31620974, 1.35806906, 1.50053406, -3.22222137, -0.40385768
5241, 31621455, 31621980, 1.35580015, 1.49710083, -3.28571320, -0.75002146
5242, 31622455, 31622978, 1.35385418, 1.49366760, -3.31745911, -0.28846979
5243, 31623455, 31623978, 1.35224664, 1.49023438, -3.34920502, -0.28846979
5244, 31624455, 31624981, 1.35099268, 1.48680115, -3.41269684, 0.17308187
5245, 31625455, 31625983, 1.35010386, 1.48298645, -3.41269684, 0.05769395
5246, 31626455, 31626981, 1.34959078, 1.47955322, -3.47618866, -0.17308187
5247, 31627455, 31627981, 1.34945655, 1.47612000, -3.47618866, -0.05769395
5248, 31628455, 31628981, 1.34969831, 1.47268677, -3.50793839, -0.17308187
5249, 31629455, 31629983, 1.35030329, 1.46925354, -3.53968430, -0.05769395
5250, 31630455, 31630982, 1.35124874, 1.46543789, -3.53968430, 0.05769395
5251, 31631455, 31631984, 1.35250354, 1.46238613, -3.53968430, -0.05769395
5252, 31632455, 31632982, 1.35401094, 1.45857143, -3.53968430, 0.17308187
5253, 31633455, 31633980, 1.35571110, 1.45475674, -3.57143021, 0.28846979
5254, 31634455, 31634980, 1.35754037, 1.45094204, -3.57143021, 0.28846979
5255, 31635455, 31635977, 1.35944581, 1.44750881, -3.60317612, 0.28846979
5256, 31636455, 31636981, 1.36138785, 1.44369411, -3.60317612, 0.51924562
5257, 31637455, 31637983, 1.36332893, 1.44026089, -3.60317612, 0.63463354
5258, 31638455, 31638979, 1.36524236, 1.43682766, -3.60317612, 0.98079723
5259, 31639455, 31639983, 1.36710560, 1.43377590, -3.60317612, 0.75002146
5260, 31640455, 31640980, 1.36890173, 1.43072414, -3.53968430, 0.86540931
5261, 31641455, 31641984, 1.37061810, 1.42767239, -3.47618866, 1.21157312
5262, 31642455, 31642976, 1.37225115, 1.42462063, -3.38095093, 1.90390050
5263, 31643455, 31643980, 1.37379861, 1.42156887, -3.28571320, 2.01928854
5264, 31644455, 31644984, 1.37526417, 1.41851711, -3.19047546, 1.78851259
5265, 31645455, 31645984, 1.37665272, 1.41622829, -3.12698364, 1.44234896
5266, 31646455, 31646985, 1.37797117, 1.41393948, -3.00000000, 1.44234896
5267, 31647455, 31647987, 1.37922931, 1.41165066, -2.84127045, 1.21157312
5268, 31648455, 31648979, 1.38043451, 1.40936184, -2.74603271, 1.67312467
5269, 31649455, 31649983, 1.38159478, 1.40745449, -2.58730316, 1.55773675
5270, 31650455, 31650983, 1.38271642, 1.40554619, -2.46031570, 1.21157312
5271, 31651455, 31651985, 1.38380468, 1.40402031, -2.30158615, 1.55773675
5272, 31652455, 31652982, 1.38486683, 1.40249443, -2.14285660, 1.44234896
5273, 31653455, 31653986, 1.38590765, 1.40135002, -2.01587296, 1.21157312
5274, 31654455, 31654984, 1.38693190, 1.39982414, -1.85714340, 0.98079723
5275, 31655455, 31655982, 1.38794434, 1.39867973, -1.73015976, 1.09618521
5276, 31656455, 31656984, 1.38894868, 1.39791679, -1.60317612, 0.86540931
5277, 31657455, 31657980, 1.38994861, 1.39677238, -1.47618866, 0.86540931
5278, 31658455, 31658981, 1.39094937, 1.39600945, -1.34920502, 0.86540931
5279, 31659455, 31659983, 1.39195538, 1.39524651, -1.22222137, 0.86540931
5280, 31660455, 31660981, 1.39297068, 1.39486504, -1.09523773, 0.75002146
5281, 31661455, 31661981, 1.39400232, 1.39410210, -0.96825409, 0.86540931
5282, 31662455, 31662981, 1.39505458, 1.39333916, -0.87301636, 0.86540931
5283, 31663455, 31663982, 1.39613390, 1.39295769, -0.77777863, 1.09618521
5284, 31664455, 31664980, 1.39724422, 1.39257622, -0.68254089, 0.63463354
5285, 31665455, 31665984, 1.39839041, 1.39257622, -0.58730316, 0.63463354
5286, 31666455, 31666988, 1.39957869, 1.39219475, -0.49206543, 0.40385768
5287, 31667455, 31667982, 1.40081525, 1.39219475, -0.42857361, 0.51924562
5288, 31668455, 31668984, 1.40210485, 1.39219475, -0.36508179, 0.51924562
5289, 31669455, 31669983, 1.40345597, 1.39219475, -0.26984406, 0.51924562
5290, 31670455, 31670983, 1.40487409, 1.39219475, -0.20635223, 0.63463354
5291, 31671455, 31671987, 1.40636754, 1.39219475, -0.14286041, 0.63463354
5292, 31672455, 31672985, 1.40794301, 1.39219475, -0.11111450, 0.51924562
5293, 31673455, 31673981, 1.40960658, 1.39219475, -0.07936859, 0.51924562
5294, 31674455, 31674982, 1.41136730, 1.39257622, -0.01587677, 0.28846979
5295, 31675455, 31675984, 1.41323352, 1.39257622, 0.01587677, 0.75002146
5296, 31676455, 31676984, 1.41521323, 1.39295769, 0.04762268, 0.63463354
5297, 31677455, 31677982, 1.41731155, 1.39333916, 0.07936859, 0.75002146
5298, 31678455, 31678980, 1.41953635, 1.39333916, 0.11111450, 0.86540931
5299, 31679455, 31679982, 1.42189109, 1.39372063, 0.14286041, 0.86540931
5300, 31680455, 31680979, 1.42438042, 1.39448357, 0.17460632, 0.86540931
5301, 31681455, 31681979, 1.42700613, 1.39486504, 0.23809814, 0.63463354
5302, 31682455, 31682979, 1.42976868, 1.39524651, 0.26984406, 0.86540931
5303, 31683455, 31683977, 1.43266714, 1.39562798, 0.33333588, 0.75002146
5304, 31684455, 31684977, 1.43569720, 1.39639091, 0.33333588, 0.75002146
5305, 31685455, 31685977, 1.43885231, 1.39677238, 0.39682770, 0.75002146
5306, 31686455, 31686980, 1.44212687, 1.39753532, 0.46031952, 0.75002146
5307, 31687455, 31687982, 1.44551313, 1.39829826, 0.49206543, 0.98079723
5308, 31688455, 31688976, 1.44900417, 1.39906120, 0.55555725, 0.86540931
5309, 31689455, 31689978, 1.45258951, 1.39982414, 0.61904907, 0.98079723
5310, 31690455, 31690976, 1.45626080, 1.40096855, 0.68254089, 0.98079723
5311, 31691455, 31691977, 1.46000957, 1.40173149, 0.71428680, 0.63463354
5312, 31692455, 31692977, 1.46382856, 1.40287590, 0.80952454, 1.21157312
5313, 31693455, 31693977, 1.46770585, 1.40440178, 0.84127045, 1.32696104
5314, 31694455, 31694977, 1.47163534, 1.40554619, 0.93650818, 1.09618521
5315, 31695455, 31695989, 1.47560894, 1.40669155, 1.00000000, 1.09618521
5316, 31696455, 31696975, 1.47962070, 1.40821743, 1.06349182, 1.21157312
5317, 31697455, 31697978, 1.48366678, 1.40936184, 1.12698364, 1.09618521
5318, 31698455, 31698988, 1.48773944, 1.41088772, 1.15872955, 1.09618521
5319, 31699455, 31699976, 1.49183440, 1.41203213, 1.22222137, 0.86540931
5320, 31700455, 31700974, 1.49594867, 1.41393948, 1.28571320, 0.98079723
5321, 31701455, 31701980, 1.50008047, 1.41546535, 1.34920502, 1.09618521
5322, 31702455, 31702976, 1.50422955, 1.41737270, 1.41269684, 1.09618521
5323, 31703455, 31703987, 1.50839400, 1.41889858, 1.47618866, 1.21157312
5324, 31704455, 31704977, 1.51257241, 1.42080593, 1.53968048, 1.44234896
5325, 31705455, 31705973, 1.51676452, 1.42271328, 1.60317230, 1.09618521
5326, 31706455, 31706985, 1.52097070, 1.42462063, 1.69841003, 0.98079723
5327, 31707455, 31707975, 1.52519023, 1.42690945, 1.76190186, 0.98079723
5328, 31708455, 31708972, 1.52942240, 1.42881680, 1.82539368, 1.09618521
5329, 31709455, 31709974, 1.53366613, 1.43072414, 1.88888550, 0.86540931
5330, 31710455, 31710976, 1.53791952, 1.43339443, 1.95237732, 0.86540931
5331, 31711455, 31711988, 1.54217911, 1.43568325, 1.98412323, 0.98079723
5332, 31712455, 31712984, 1.54644489, 1.43797207, 2.07936859, 1.21157312
5333, 31713455, 31713987, 1.55071211, 1.44026089, 2.14286041, 1.09618521
5334, 31714455, 31714981, 1.55497837, 1.44293118, 2.17460632, 1.09618521
5335, 31715455, 31715969, 1.55924141, 1.44521999, 2.23809814, 1.09618521
5336, 31716455, 31716989, 1.56349862, 1.44789028, 2.30158997, 0.98079723
5337, 31717455, 31717983, 1.56774807, 1.45056057, 2.36508179, 0.98079723
5338, 31718455, 31718983, 1.57198572, 1.45323086, 2.42857361, 0.98079723
5339, 31719455, 31719982, 1.57621145, 1.45590115, 2.49206543, 0.86540931
5340, 31720455, 31720984, 1.58042121, 1.45895290, 2.55555725, 1.09618521
5341, 31721455, 31721970, 1.58461297, 1.46162319, 2.61904907, 0.75002146
5342, 31722455, 31722982, 1.58878481, 1.46467495, 2.68254089, 0.75002146
5343, 31723455, 31723974, 1.59293699, 1.46734524, 2.71428680, 0.86540931
5344, 31724455, 31724984, 1.59706974, 1.47039795, 2.74603271, 0.86540931
5345, 31725455, 31725983, 1.60118151, 1.47344971, 2.80952454, 0.51924562
5346, 31726455, 31726983, 1.60527003, 1.47612000, 2.84127045, 0.75002146
5347, 31727455, 31727989, 1.60933483, 1.47917175, 2.90476227, 0.63463354
5348, 31728455, 31728989, 1.61337674, 1.48260498, 2.96825409, 1.09618521
5349, 31729455, 31729987, 1.61739564, 1.48603821, 2.96825409, 1.21157312
5350, 31730455, 31730985, 1.62138987, 1.48908997, 3.00000000, 0.86540931
5351, 31731455, 31731988, 1.62536097, 1.49214172, 3.03174591, 0.98079723
5352, 31732455, 31732986, 1.62930691, 1.49557495, 3.09523773, 0.40385768
5353, 31733455, 31733982, 1.63322937, 1.49862671, 3.09523773, 0.75002146
5354, 31734455, 31734988, 1.63712549, 1.50167847, 3.15872955, 0.86540931
5355, 31735455, 31735984, 1.64099383, 1.50511169, 3.15872955, 0.51924562
5356, 31736455, 31736987, 1.64483511, 1.50854492, 3.19047546, 0.75002146
5357, 31737455, 31737985, 1.64864910, 1.51159668, 3.22222137, 0.51924562
5358, 31738455, 31738987, 1.65243471, 1.51502991, 3.22222137, 0.86540931
5359, 31739455, 31739983, 1.65619254, 1.51846313, 3.25396729, 0.63463354
5360, 31740455, 31740983, 1.65992093, 1.52189636, 3.25396729, 0.51924562
5361, 31741455, 31741994, 1.66362011, 1.52532959, 3.28571320, 0.63463354
5362, 31742455, 31742984, 1.66728902, 1.52876282, 3.28571320, 0.51924562
5363, 31743455, 31743986, 1.67092681, 1.53181553, 3.31745911, 0.51924562
5364, 31744455, 31744982, 1.67453170, 1.53563023, 3.34920502, 0.63463354
5365, 31745455, 31745984, 1.67810321, 1.53906345, 3.38095093, 0.40385768
5366, 31746455, 31746982, 1.68164027, 1.54249668, 3.41269684, 0.51924562
5367, 31747455, 31747985, 1.68514240, 1.54592991, 3.41269684, 0.63463354
5368, 31748455, 31748987, 1.68860817, 1.54936314, 3.41269684, 0.63463354
5369, 31749455, 31749983, 1.69203460, 1.55317783, 3.44444275, 0.51924562
5370, 31750455, 31750983, 1.69542038, 1.55661106, 3.47618866, 0.40385768
5371, 31751455, 31751983, 1.69876432, 1.56004429, 3.47618866, 0.40385768
5372, 31752455, 31752979, 1.70206141, 1.56347752, 3.66666412, 0.51924562
5373, 31753455, 31753988, 1.70530915, 1.56729221, 3.50793457, 0.28846979
5374, 31754455, 31754976, 1.70850408, 1.57072544, 3.50793457, 0.51924562
5375, 31755455, 31755982, 1.71164310, 1.57415867, 3.47618866, 0.51924562
5376, 31756455, 31756982, 1.71472192, 1.57759190, 3.50793457, 0.40385768
5377, 31757455, 31757980, 1.71773767, 1.58064365, 3.47618866, 0.51924562
5378, 31758455, 31758985, 1.72068667, 1.58407688, 3.53968048, 0.75002146
5379, 31759455, 31759975, 1.72356749, 1.58789158, 3.47618866, 0.40385768
5380, 31760455, 31760981, 1.72637701, 1.59132481, 3.31745911, 0.51924562
5381, 31761455, 31761981, 1.72911263, 1.59475899, 3.41269684, 0.40385768
5382, 31762455, 31762975, 1.73177218, 1.59819221, 3.44444275, 0.63463354
5383, 31763455, 31763981, 1.73435271, 1.60162544, 3.60317230, 0.51924562
5384, 31764455, 31764978, 1.73685336, 1.60505867, 3.47618866, 0.28846979
5385, 31765455, 31765980, 1.73927128, 1.60887337, 3.47618866, 0.40385768
5386, 31766455, 31766986, 1.74160588, 1.61230659, 3.38095093, 0.51924562
5387, 31767455, 31767984, 1.74385428, 1.61573982, 3.41269684, 0.51924562
5388, 31768455, 31768978, 1.74601507, 1.61917305, 3.44444275, 0.51924562
5389, 31769455, 31769984, 1.74808931, 1.62260628, 3.53968048, 0.05769395
5390, 31770455, 31770985, 1.75007534, 1.62603951, 3.44444275, 0.40385768
5391, 31771455, 31771987, 1.75197351, 1.62947273, 3.25396729, 0.05769395
5392, 31772455, 31772981, 1.75378108, 1.63252449, 3.38095093, 0.51924562
5393, 31773455, 31773981, 1.75549769, 1.63595772, 3.47618866, 0.17308187
5394, 31774455, 31774979, 1.75712359, 1.63939095, 3.41269684, 0.05769395
5395, 31775455, 31775984, 1.75865746, 1.64282417, 3.41269684, 0.28846979
5396, 31776455, 31776980, 1.76010013, 1.64587593, 3.34920502, 0.28846979
5397, 31777455, 31777984, 1.76145160, 1.64930916, 3.25396729, 0.28846979
5398, 31778455, 31778986, 1.76271021, 1.65236092, 3.38095093, 0.28846979
5399, 31779455, 31779978, 1.76387477, 1.65541267, 3.31745911, 0.28846979
5400, 31780455, 31780982, 1.76494575, 1.65884686, 3.28571320, 0.17308187
5401, 31781455, 31781981, 1.76592290, 1.66189861, 3.15872955, -0.05769395
5402, 31782455, 31782981, 1.76680577, 1.66495037, 3.19047546, -0.17308187
5403, 31783455, 31783977, 1.76759398, 1.66762066, 3.15872955, -0.05769395
5404, 31784455, 31784983, 1.76828861, 1.67067242, 3.12698364, -0.17308187
5405, 31785455, 31785977, 1.76888776, 1.67372417, 3.09523773, 0.05769395
5406, 31786455, 31786987, 1.76939189, 1.67677593, 3.00000000, -0.05769395
5407, 31787455, 31787991, 1.76980209, 1.67982769, 2.96825409, 0.05769395
5408, 31788455, 31788986, 1.77011907, 1.68249798, 2.93650818, -0.17308187
5409, 31789455, 31789988, 1.77034068, 1.68516827, 2.90476227, 0.05769395
5410, 31790455, 31790976, 1.77046895, 1.68783855, 2.84127045, 0.05769395
5411, 31791455, 31791988, 1.77050400, 1.69050884, 2.80952454, -0.05769395
5412, 31792455, 31792980, 1.77044809, 1.69279766, 2.77777863, 0.05769395
5413, 31793455, 31793981, 1.77030337, 1.69546795, 2.71428680, -0.05769395
5414, 31794455, 31794983, 1.77007222, 1.69813824, 2.68254089, -0.40385768
5415, 31795455, 31795987, 1.76975822, 1.70042706, 2.61904907, -0.40385768
5416, 31796455, 31796985, 1.76936400, 1.70271587, 2.58730316, -0.40385768
5417, 31797455, 31797983, 1.76889098, 1.70500469, 2.52381134, -0.28846979
5418, 31798455, 31798980, 1.76834285, 1.70729351, 2.46031952, -0.05769395
5419, 31799455, 31799982, 1.76772189, 1.70958233, 2.42857361, -0.17308187
5420, 31800455, 31800984, 1.76703179, 1.71148968, 2.36508179, -0.05769395
5421, 31801455, 31801984, 1.76627684, 1.71377850, 2.30158997, -0.05769395
5422, 31802455, 31802984, 1.76546252, 1.71606731, 2.23809814, -0.05769395
5423, 31803455, 31803980, 1.76459289, 1.71797466, 2.17460632, 0.05769395
5424, 31804455, 31804983, 1.76367307, 1.71950150, 2.14286041, -0.05769395
5425, 31805455, 31805989, 1.76271093, 1.72179031, 2.07936859, -0.05769395
5426, 31806455, 31806987, 1.76170945, 1.72331619, 2.04762268, -0.17308187
5427, 31807455, 31807989, 1.76067245, 1.72522354, 1.95237732, -0.17308187
5428, 31808455, 31808983, 1.75960302, 1.72674942, 1.92063141, -0.28846979
5429, 31809455, 31809985, 1.75850737, 1.72827530, 1.85713959, -0.17308187
5430, 31810455, 31810986, 1.75739014, 1.72980118, 1.79364777, -0.17308187
5431, 31811455, 31811984, 1.75625503, 1.73132706, 1.73015594, -0.17308187
5432, 31812455, 31812982, 1.75510645, 1.73247147, 1.63491821, -0.28846979
5433, 31813455, 31813986, 1.75394642, 1.73399734, 1.57142639, -0.75002146
5434, 31814455, 31814982, 1.75277781, 1.73514175, 1.47618866, -0.86540931
5435, 31815455, 31815983, 1.75160205, 1.73590469, 1.41269684, -0.51924562
5436, 31816455, 31816983, 1.75041914, 1.73704910, 1.34920502, -0.51924562
5437, 31817455, 31817983, 1.74922729, 1.73819351, 1.25396729, -0.63463354
5438, 31818455, 31818981, 1.74802613, 1.73895645, 1.19047546, -0.63463354
5439, 31819455, 31819983, 1.74681306, 1.73933792, 1.09523773, -0.51924562
5440, 31820455, 31820987, 1.74558640, 1.74010086, 1.00000000, -0.51924562
5441, 31821455, 31821982, 1.74434257, 1.74086380, 0.90476227, -0.40385768
5442, 31822455, 31822982, 1.74307895, 1.74124527, 0.80952454, -0.40385768
5443, 31823455, 31823980, 1.74179101, 1.74162674, 0.71428680, -0.51924562
5444, 31824455, 31824982, 1.74047577, 1.74200821, 0.61904907, -0.40385768
5445, 31825455, 31825982, 1.73912907, 1.74238968, 0.55555725, -0.28846979
5446, 31826455, 31826979, 1.73774850, 1.74238968, 0.46031952, -0.40385768
5447, 31827455, 31827981, 1.73633015, 1.74238968, 0.39682770, -0.40385768
5448, 31828455, 31828985, 1.73487067, 1.74238968, 0.30158997, -0.28846979
5449, 31829455, 31829979, 1.73336828, 1.74238968, 0.26984406, -0.28846979
5450, 31830455, 31830981, 1.73182213, 1.74238968, 0.17460632, -0.17308187
5451, 31831455, 31831979, 1.73022902, 1.74238968, 0.11111450, -0.28846979
5452, 31832455, 31832980, 1.72858822, 1.74200821, 0.04762268, -0.28846979
5453, 31833455, 31833980, 1.72689736, 1.74162674, -0.01587677, -0.28846979
5454, 31834455, 31834980, 1.72515607, 1.74124527, -0.11111450, -0.17308187
5455, 31835455, 31835980, 1.72336447, 1.74086380, -0.17460632, -0.28846979
5456, 31836455, 31836976, 1.72152197, 1.74048233, -0.23809814, -0.28846979
5457, 31837455, 31837978, 1.71962976, 1.73971939, -0.30158997, -0.17308187
5458, 31838455, 31838979, 1.71768880, 1.73933792, -0.36508179, -0.28846979
5459, 31839455, 31839983, 1.71569884, 1.73895645, -0.36508179, -0.17308187
5460, 31840455, 31840977, 1.71365988, 1.73857498, -0.42857361, -0.28846979
5461, 31841455, 31841977, 1.71157205, 1.73781204, -0.46031952, 0.05769395
5462, 31842455, 31842981, 1.70943594, 1.73704910, -0.49206543, -0.28846979
5463, 31843455, 31843990, 1.70725048, 1.73628616, -0.52381134, -0.28846979
5464, 31844455, 31844988, 1.70501709, 1.73590469, -0.55555725, -0.28846979
5465, 31845455, 31845980, 1.70273554, 1.73514175, -0.58730316, -0.17308187
5466, 31846455, 31846976, 1.70040500, 1.73437881, -0.61904907, -0.40385768
5467, 31847455, 31847978, 1.69802654, 1.73361588, -0.68254089, -0.17308187
5468, 31848455, 31848978, 1.69559944, 1.73285294, -0.68254089, -0.28846979
5469, 31849455, 31849977, 1.69312537, 1.73209000, -0.71428680, -0.28846979
5470, 31850455, 31850987, 1.69060409, 1.73132706, -0.77777863, -0.51924562
5471, 31851455, 31851977, 1.68803370, 1.73018265, -0.77777863, -0.17308187
5472, 31852455, 31852975, 1.68541443, 1.72903824, -0.80952454, -0.05769395
5473, 31853455, 31853975, 1.68274522, 1.72827530, -0.87301636, -0.17308187
5474, 31854455, 31854977, 1.68002605, 1.72751236, -0.90476227, -0.05769395
5475, 31855455, 31855976, 1.67725563, 1.72636795, -0.90476227, -0.17308187
5476, 31856455, 31856976, 1.67443538, 1.72560501, -0.90476227, -0.05769395
5477, 31857455, 31857974, 1.67156291, 1.72446060, -0.96825409, -0.17308187
5478, 31858455, 31858976, 1.66863680, 1.72331619, -0.96825409, -0.17308187
5479, 31859455, 31859976, 1.66565740, 1.72217178, -1.00000000, -0.28846979
5480, 31860455, 31860977, 1.66262221, 1.72102737, -1.03174591, -0.05769395
5481, 31861455, 31861989, 1.65953135, 1.71950150, -1.06349182, -0.17308187
5482, 31862455, 31862989, 1.65638399, 1.71873760, -1.09523773, 0.05769395
5483, 31863455, 31863973, 1.65317988, 1.71721172, -1.09523773, -0.17308187
5484, 31864455, 31864985, 1.64991784, 1.71606731, -1.15872955, -0.28846979
5485, 31865455, 31865983, 1.64659667, 1.71454144, -1.19047546, -0.40385768
5486, 31866455, 31866985, 1.64321780, 1.71339703, -1.22222137, -0.17308187
5487, 31867455, 31867970, 1.63978016, 1.71187115, -1.28571320, -0.28846979
5488, 31868455, 31868986, 1.63628387, 1.71034527, -1.31745911, -0.17308187
5489, 31869455, 31869988, 1.63273048, 1.70881939, -1.34920502, -0.40385768
5490, 31870455, 31870986, 1.62912118, 1.70691204, -1.41269684, -0.51924562
5491, 31871455, 31871984, 1.62545621, 1.70538616, -1.47618866, -0.63463354
5492, 31872455, 31872985, 1.62173712, 1.70386028, -1.47618866, -0.28846979
5493, 31873455, 31873983, 1.61796558, 1.70195293, -1.57143021, -0.63463354
5494, 31874455, 31874969, 1.61414206, 1.70042706, -1.60317612, -0.51924562
5495, 31875455, 31875981, 1.61026812, 1.69851971, -1.66666794, -0.75002146
5496, 31876455, 31876983, 1.60634506, 1.69661236, -1.69841385, -0.40385768
5497, 31877455, 31877985, 1.60237372, 1.69470501, -1.76190567, -0.51924562
5498, 31878455, 31878990, 1.59835672, 1.69241619, -1.82539749, -0.51924562
5499, 31879455, 31879986, 1.59429431, 1.69050884, -1.85714340, -0.51924562
5500, 31880455, 31880986, 1.59018791, 1.68860149, -1.92063522, -0.40385768
5501, 31881455, 31881984, 1.58603883, 1.68593121, -1.98412704, -0.40385768
5502, 31882455, 31882986, 1.58184803, 1.68364239, -2.01587296, -0.40385768
5503, 31883455, 31883985, 1.57761657, 1.68173504, -2.07936478, -0.40385768
5504, 31884455, 31884981, 1.57334542, 1.67944622, -2.14285660, -0.40385768
5505, 31885455, 31885983, 1.56903458, 1.67677593, -2.20634842, -0.51924562
5506, 31886455, 31886983, 1.56468666, 1.67410564, -2.26984024, -0.51924562
5507, 31887455, 31887981, 1.56030142, 1.67143536, -2.33333206, -0.28846979
5508, 31888455, 31888979, 1.55587983, 1.66914654, -2.39682388, -0.40385768
5509, 31889455, 31889980, 1.55142093, 1.66647625, -2.46031570, -0.51924562
5510, 31890455, 31890986, 1.54692483, 1.66342449, -2.52381134, -0.40385768
5511, 31891455, 31891982, 1.54239142, 1.66075420, -2.58730316, -0.40385768
5512, 31892455, 31892986, 1.53782177, 1.65770245, -2.65079498, -0.40385768
5513, 31893455, 31893982, 1.53321457, 1.65503120, -2.68254089, -0.28846979
5514, 31894455, 31894984, 1.52856982, 1.65197945, -2.71428680, -0.63463354
5515, 31895455, 31895985, 1.52388644, 1.64930916, -2.80952454, 0.05769395
5516, 31896455, 31896987, 1.51916456, 1.64625740, -2.80952454, -0.17308187
5517, 31897455, 31897987, 1.51440287, 1.64320564, -2.87301636, -0.28846979
5518, 31898455, 31898983, 1.50960124, 1.63977242, -2.90476227, -0.51924562
5519, 31899455, 31899989, 1.50476086, 1.63672066, -2.96825409, -0.28846979
5520, 31900455, 31900992, 1.49988174, 1.63366890, -3.03174591, -0.05769395
5521, 31901455, 31901988, 1.49496341, 1.63023567, -3.09523773, -0.28846979
5522, 31902455, 31902980, 1.49000621, 1.62680244, -3.12698364, -0.28846979
5523, 31903455, 31903984, 1.48501050, 1.62336922, -3.19047546, -0.17308187
5524, 31904455, 31904984, 1.47997820, 1.61993599, -3.25396729, -0.05769395
5525, 31905455, 31905982, 1.47491062, 1.61650276, -3.28571320, 0.05769395
5526, 31906455, 31906981, 1.46980798, 1.61306953, -3.31745911, -0.28846979
5527, 31907455, 31907983, 1.46467125, 1.60963631, -3.38095093, -0.17308187
5528, 31908455, 31908989, 1.45950341, 1.60620308, -3.41269684, 0.05769395
5529, 31909455, 31909979, 1.45430636, 1.60238838, -3.44444275, -0.63463354
5530, 31910455, 31910989, 1.44908357, 1.59895515, -3.47618866, -0.40385768
5531, 31911455, 31911993, 1.44383681, 1.59514046, -3.53968430, -0.28846979
5532, 31912455, 31912990, 1.43856812, 1.59132481, -3.57143021, -0.28846979
5533, 31913455, 31913988, 1.43328059, 1.58751011, -3.60317612, 0.05769395
5534, 31914455, 31914986, 1.42797875, 1.58407688, -3.63492203, -0.05769395
5535, 31915455, 31915986, 1.42266655, 1.58026218, -3.66666794, -0.28846979
5536, 31916455, 31916982, 1.41734719, 1.57644749, -3.69841385, -0.28846979
5537, 31917455, 31917983, 1.41202319, 1.57263279, -3.73015976, -0.28846979
5538, 31918455, 31918987, 1.40669847, 1.56881809, -3.76190567, -0.17308187
5539, 31919455, 31919987, 1.40137720, 1.56462193, -3.79365158, -0.51924562
5540, 31920455, 31920977, 1.39606249, 1.56118870, -3.79365158, -0.17308187
5541, 31921455, 31921981, 1.39075637, 1.55699253, -3.82539749, -0.17308187
5542, 31922455, 31922977, 1.38546228, 1.55317783, -3.88888931, -0.28846979
5543, 31923455, 31923986, 1.38018429, 1.54860020, -3.92063522, -0.17308187
5544, 31924455, 31924988, 1.37492609, 1.54440403, -3.95238113, -0.05769395
5545, 31925455, 31925980, 1.36969090, 1.54097080, -3.98412704, -0.28846979
5546, 31926455, 31926980, 1.36448359, 1.53677464, -4.01587296, -0.17308187
5547, 31927455, 31927982, 1.35930848, 1.53219700, -4.04761887, -0.17308187
5548, 31928455, 31928983, 1.35417104, 1.52838135, -4.04761887, -0.17308187
5549, 31929455, 31929979, 1.34907603, 1.52418518, -4.11111069, -0.28846979
5550, 31930455, 31930989, 1.34402835, 1.51960754, -4.11111069, -0.40385768
5551, 31931455, 31931981, 1.33903360, 1.51579285, -4.14285660, -0.05769395
5552, 31932455, 31932989, 1.33409774, 1.51121521, -4.17460251, -0.05769395
5553, 31933455, 31933979, 1.32922900, 1.50701904, -4.17460251, -0.17308187
5554, 31934455, 31934977, 1.32443643, 1.50282288, -4.20634842, -0.40385768
5555, 31935455, 31935988, 1.31973195, 1.49862671, -4.20634842, -0.17308187
5556, 31936455, 31936984, 1.31512952, 1.49404907, -4.26984024, -0.28846979
5557, 31937455, 31937974, 1.31064773, 1.49023438, -4.30158615, -0.28846979
5558, 31938455, 31938982, 1.30630720, 1.48527527, -4.30158615, 0.05769395
5559, 31939455, 31939978, 1.30212891, 1.48107910, -4.30158615, 0.17308187
5560, 31940455, 31940983, 1.29813766, 1.47650146, -4.33333206, -0.05769395
5561, 31941455, 31941983, 1.29435813, 1.47192383, -4.39682388, -0.28846979
5562, 31942455, 31942979, 1.29081810, 1.46772671, -4.39682388, -0.51924562
5563, 31943455, 31943981, 1.28754139, 1.46314907, -4.42856979, -0.28846979
5564, 31944455, 31944977, 1.28455424, 1.45895290, -4.46031570, 0.05769395
5565, 31945455, 31945977, 1.28187919, 1.45399380, -4.46031570, 0.28846979
5566, 31946455, 31946982, 1.27953780, 1.44941616, -4.49206161, -0.05769395
5567, 31947455, 31947984, 1.27754545, 1.44521999, -4.49206161, 0.05769395
5568, 31948455, 31948990, 1.27591479, 1.44064236, -4.46031570, 0.05769395
5569, 31949455, 31949980, 1.27464616, 1.43644619, -4.46031570, -0.05769395
5570, 31950455, 31950980, 1.27373707, 1.43186855, -4.46031570, -0.05769395
5571, 31951455, 31951982, 1.27318025, 1.42767239, -4.49206161, -0.17308187
5572, 31952455, 31952983, 1.27296019, 1.42309475, -4.46031570, -0.05769395
5573, 31953455, 31953985, 1.27305114, 1.41851711, -4.46031570, 0.05769395
5574, 31954455, 31954981, 1.27342272, 1.41393948, -4.46031570, 0.28846979
5575, 31955455, 31955979, 1.27403605, 1.40936184, -4.46031570, 0.28846979
5576, 31956455, 31956981, 1.27485752, 1.40516472, -4.46031570, 0.28846979
5577, 31957455, 31957982, 1.27585459, 1.40096855, -4.49206161, 0.40385768
5578, 31958455, 31958980, 1.27700031, 1.39639091, -4.46031570, 0.51924562
5579, 31959455, 31959984, 1.27826822, 1.39219475, -4.46031570, 0.98079723
5580, 31960455, 31960980, 1.27963829, 1.38799858, -4.42856979, 1.44234896
5581, 31961455, 31961984, 1.28109086, 1.38418388, -4.39682388, 0.86540931
5582, 31962455, 31962978, 1.28261125, 1.37998772, -4.30158615, 1.55773675
5583, 31963455, 31963979, 1.28418756, 1.37617302, -4.23809433, 1.67312467
5584, 31964455, 31964985, 1.28581238, 1.37273979, -4.14285660, 1.55773675
5585, 31965455, 31965983, 1.28747773, 1.36930656, -4.04761887, 1.32696104
5586, 31966455, 31966983, 1.28918195, 1.36587334, -3.95238113, 1.44234896
5587, 31967455, 31967979, 1.29092598, 1.36244011, -3.82539749, 1.21157312
5588, 31968455, 31968980, 1.29271197, 1.35938835, -3.69841385, 1.90390050
5589, 31969455, 31969978, 1.29454184, 1.35671806, -3.53968430, 1.78851259
5590, 31970455, 31970980, 1.29641771, 1.35404778, -3.41269684, 2.13467646
5591, 31971455, 31971978, 1.29834270, 1.35099602, -3.25396729, 1.67312467
5592, 31972455, 31972980, 1.30032027, 1.34870720, -3.12698364, 1.67312467
5593, 31973455, 31973976, 1.30235052, 1.34641838, -2.96825409, 1.55773675
5594, 31974455, 31974977, 1.30443478, 1.34451103, -2.80952454, 1.55773675
5595, 31975455, 31975981, 1.30657291, 1.34222126, -2.65079498, 1.67312467
5596, 31976455, 31976979, 1.30876541, 1.34069538, -2.46031570, 1.44234896
5597, 31977455, 31977977, 1.31101036, 1.33878803, -2.33333206, 1.67312467
5598, 31978455, 31978977, 1.31330764, 1.33726215, -2.17460251, 1.90390050
5599, 31979455, 31979979, 1.31565523, 1.33611774, -2.01587296, 1.55773675
5600, 31980455, 31980978, 1.31805265, 1.33497334, -1.88888931, 1.44234896
5601, 31981455, 31981978, 1.32049859, 1.33344746, -1.69841385, 1.32696104
5602, 31982455, 31982982, 1.32299232, 1.33306599, -1.57143021, 1.44234896
5603, 31983455, 31983978, 1.32553256, 1.33192158, -1.41269684, 1.21157312
5604, 31984455, 31984976, 1.32811916, 1.33115864, -1.25396729, 1.09618521
5605, 31985455, 31985983, 1.33075297, 1.33077717, -1.12698364, 0.86540931
5606, 31986455, 31986983, 1.33343422, 1.33039570, -0.96825409, 0.75002146
5607, 31987455, 31987977, 1.33616614, 1.33001423, -0.84127045, 0.86540931
5608, 31988455, 31988977, 1.33895242, 1.33001423, -0.71428680, 0.63463354
5609, 31989455, 31989975, 1.34179437, 1.32963276, -0.61904907, 0.86540931
5610, 31990455, 31990975, 1.34469533, 1.32963276, -0.49206543, 0.63463354
5611, 31991455, 31991975, 1.34765685, 1.32963276, -0.39682770, 0.75002146
5612, 31992455, 31992980, 1.35068345, 1.32963276, -0.30158997, 0.63463354
5613, 31993455, 31993978, 1.35377598, 1.33001423, -0.20635223, 0.75002146
5614, 31994455, 31994978, 1.35693634, 1.33001423, -0.14286041, 0.86540931
5615, 31995455, 31995976, 1.36016548, 1.33001423, -0.04762268, 0.75002146
5616, 31996455, 31996978, 1.36346579, 1.33077717, 0.04762268, 0.98079723
5617, 31997455, 31997975, 1.36683893, 1.33115864, 0.14286041, 1.09618521
5618, 31998455, 31998975, 1.37028575, 1.33192158, 0.20635223, 0.86540931
5619, 31999455, 31999975, 1.37380815, 1.33230305, 0.26984406, 0.75002146
5620, 32000455, 32000975, 1.37740636, 1.33306599, 0.36508179, 0.98079723
5621, 32001455, 32001975, 1.38108075, 1.33382893, 0.42857361, 1.21157312
5622, 32002455, 32002975, 1.38483155, 1.33459187, 0.52381134, 1.21157312
5623, 32003455, 32003986, 1.38865960, 1.33573627, 0.58730316, 0.98079723
5624, 32004455, 32004986, 1.39256537, 1.33649921, 0.68254089, 0.86540931
5625, 32005455, 32005976, 1.39654946, 1.33802509, 0.74603271, 1.32696104
5626, 32006455, 32006972, 1.40061045, 1.33878803, 0.84127045, 1.32696104
5627, 32007455, 32007974, 1.40474892, 1.34031391, 0.90476227, 1.32696104
5628, 32008455, 32008974, 1.40896201, 1.34183979, 1.00000000, 1.21157312
5629, 32009455, 32009973, 1.41324794, 1.34298420, 1.09523773, 1.21157312
5630, 32010455, 32010971, 1.41760480, 1.34451103, 1.12698364, 1.32696104
5631, 32011455, 32011971, 1.42203033, 1.34603691, 1.19047546, 1.09618521
5632, 32012455, 32012983, 1.42652118, 1.34756279, 1.28571320, 1.21157312
5633, 32013455, 32013971, 1.43107438, 1.34908867, 1.34920502, 1.32696104
5634, 32014455, 32014982, 1.43568575, 1.35099602, 1.41269684, 1.21157312
5635, 32015455, 32015984, 1.44035137, 1.35290337, 1.50793457, 1.09618521
5636, 32016455, 32016986, 1.44506741, 1.35442924, 1.57142639, 1.32696104
5637, 32017455, 32017982, 1.44982827, 1.35671806, 1.63491821, 1.09618521
5638, 32018455, 32018970, 1.45463049, 1.35862541, 1.73015594, 0.98079723
5639, 32019455, 32019984, 1.45947111, 1.36053276, 1.79364777, 0.98079723
5640, 32020455, 32020981, 1.46434629, 1.36320305, 1.85713959, 0.98079723
5641, 32021455, 32021991, 1.46925366, 1.36511040, 1.92063141, 1.09618521
5642, 32022455, 32022985, 1.47419024, 1.36739922, 2.01587677, 1.09618521
5643, 32023455, 32023981, 1.47915292, 1.36968803, 2.07936859, 1.44234896
5644, 32024455, 32024985, 1.48413956, 1.37273979, 2.14286041, 1.21157312
5645, 32025455, 32025982, 1.48914766, 1.37502861, 2.39682770, 1.21157312
5646, 32026455, 32026982, 1.49417436, 1.37769890, 2.33333588, 1.21157312
5647, 32027455, 32027984, 1.49921679, 1.38036919, 2.36508179, 1.32696104
5648, 32028455, 32028982, 1.50427222, 1.38303947, 2.46031952, 1.21157312
5649, 32029455, 32029982, 1.50933981, 1.38570976, 2.49206543, 1.09618521
5650, 32030455, 32030980, 1.51441801, 1.38876152, 2.74603271, 1.21157312
5651, 32031455, 32031983, 1.51950359, 1.39181328, 2.68254089, 0.98079723
5652, 32032455, 32032981, 1.52459383, 1.39486504, 2.71428680, 0.98079723
5653, 32033455, 32033979, 1.52968383, 1.39791679, 2.61904907, 1.09618521
5654, 32034455, 32034979, 1.53476965, 1.40096855, 2.80952454, 1.21157312
5655, 32035455, 32035979, 1.53984892, 1.40440178, 2.90476227, 1.09618521
5656, 32036455, 32036981, 1.54491687, 1.40745449, 3.00000000, 0.86540931
5657, 32037455, 32037986, 1.54996836, 1.41088772, 3.06349182, 0.98079723
5658, 32038455, 32038982, 1.55499983, 1.41432095, 2.96825409, 0.98079723
5659, 32039455, 32039982, 1.56000519, 1.41775417, 3.15872955, 0.98079723
5660, 32040455, 32040978, 1.56498301, 1.42118740, 3.25396729, 0.75002146
5661, 32041455, 32041984, 1.56993115, 1.42462063, 3.31745911, 0.75002146
5662, 32042455, 32042981, 1.57484746, 1.42805386, 3.38095093, 0.63463354
5663, 32043455, 32043983, 1.57972777, 1.43186855, 3.44444275, 0.86540931
5664, 32044455, 32044979, 1.58456767, 1.43568325, 3.44444275, 0.75002146
5665, 32045455, 32045977, 1.58936357, 1.43949795, 3.50793457, 0.51924562
5666, 32046455, 32046979, 1.59411168, 1.44331264, 3.53968048, 1.09618521
5667, 32047455, 32047979, 1.59880888, 1.44674587, 3.57142639, 0.86540931
5668, 32048455, 32048982, 1.60345185, 1.45056057, 3.63491821, 0.86540931
5669, 32049455, 32049978, 1.60803866, 1.45437527, 3.82539368, 0.51924562
5670, 32050455, 32050986, 1.61256599, 1.45857143, 3.73015594, 0.75002146
5671, 32051455, 32051984, 1.61703062, 1.46238613, 3.73015594, 0.51924562
5672, 32052455, 32052982, 1.62143135, 1.46620083, 3.79364777, 0.63463354
5673, 32053455, 32053988, 1.62576485, 1.47001648, 3.82539368, 0.63463354
5674, 32054455, 32054985, 1.63002968, 1.47421265, 3.82539368, 0.63463354
5675, 32055455, 32055987, 1.63422382, 1.47840881, 3.95237732, 0.51924562
5676, 32056455, 32056983, 1.63834465, 1.48222351, 3.95237732, 0.86540931
5677, 32057455, 32057987, 1.64239013, 1.48641968, 3.82539368, 0.98079723
5678, 32058455, 32058981, 1.64635861, 1.49023438, 3.95237732, 0.51924562
5679, 32059455, 32059988, 1.65024853, 1.49443054, 3.98412323, 0.51924562
5680, 32060455, 32060988, 1.65405822, 1.49862671, 4.01587677, 0.51924562
5681, 32061455, 32061984, 1.65778506, 1.50282288, 4.01587677, 0.51924562
5682, 32062455, 32062986, 1.66142893, 1.50663757, 4.04762268, 0.63463354
5683, 32063455, 32063986, 1.66498756, 1.51083374, 4.01587677, 0.63463354
5684, 32064455, 32064986, 1.66846037, 1.51502991, 4.07936859, 0.63463354
5685, 32065455, 32065985, 1.67184711, 1.51922607, 4.07936859, 0.63463354
5686, 32066455, 32066977, 1.67514563, 1.52342224, 4.07936859, 0.28846979
5687, 32067455, 32067979, 1.67835522, 1.52761841, 4.14286041, 0.28846979
5688, 32068455, 32068985, 1.68147576, 1.53181553, 4.14286041, 0.28846979
5689, 32069455, 32069981, 1.68450642, 1.53601170, 4.14286041, 0.51924562
5690, 32070455, 32070986, 1.68744659, 1.54020786, 4.17460632, 0.17308187
5691, 32071455, 32071990, 1.69029617, 1.54440403, 4.17460632, 0.28846979
5692, 32072455, 32072994, 1.69305503, 1.54860020, 4.14286041, 0.40385768
5693, 32073455, 32073988, 1.69572163, 1.55279636, 4.14286041, 0.40385768
5694, 32074455, 32074982, 1.69829607, 1.55699253, 4.14286041, 0.05769395
5695, 32075455, 32075984, 1.70077741, 1.56118870, 4.14286041, 0.05769395
5696, 32076455, 32076983, 1.70316565, 1.56500340, 4.11111450, 0.05769395
5697, 32077455, 32077979, 1.70545995, 1.56919956, 4.11111450, 0.28846979
5698, 32078455, 32078985, 1.70765936, 1.57301426, 4.07936859, 0.05769395
5699, 32079455, 32079979, 1.70976388, 1.57682896, 4.04762268, 0.05769395
5700, 32080455, 32080985, 1.71177256, 1.58064365, 4.04762268, 0.17308187
5701, 32081455, 32081979, 1.71368504, 1.58445835, 4.01587677, 0.17308187
5702, 32082455, 32082984, 1.71550214, 1.58865452, 3.98412323, 0.28846979
5703, 32083455, 32083986, 1.71722054, 1.59246922, 3.95237732, 0.05769395
5704, 32084455, 32084990, 1.71884048, 1.59628487, 3.92063141, -0.05769395
5705, 32085455, 32085978, 1.72036052, 1.60009956, 3.88888550, 0.17308187
5706, 32086455, 32086976, 1.72178030, 1.60353279, 3.85713959, -0.28846979
5707, 32087455, 32087977, 1.72309804, 1.60734749, 3.82539368, -0.05769395
5708, 32088455, 32088983, 1.72431362, 1.61116219, 3.79364777, 0.17308187
5709, 32089455, 32089987, 1.72542667, 1.61497688, 3.76190186, 0.05769395
5710, 32090455, 32090981, 1.72643805, 1.61841011, 3.73015594, 0.05769395
5711, 32091455, 32091985, 1.72734737, 1.62184334, 3.66666412, -0.17308187
5712, 32092455, 32092976, 1.72815633, 1.62527657, 3.63491821, 0.05769395
5713, 32093455, 32093982, 1.72886515, 1.62832832, 3.57142639, -0.05769395
5714, 32094455, 32094982, 1.72947419, 1.63176155, 3.53968048, -0.28846979
5715, 32095455, 32095986, 1.72998571, 1.63519478, 3.50793457, 0.05769395
5716, 32096455, 32096986, 1.73040140, 1.63824654, 3.41269684, -0.05769395
5717, 32097455, 32097982, 1.73072362, 1.64167976, 3.38095093, -0.17308187
5718, 32098455, 32098985, 1.73095405, 1.64473152, 3.34920502, -0.05769395
5719, 32099455, 32099987, 1.73109424, 1.64778328, 3.25396729, -0.17308187
5720, 32100455, 32100981, 1.73114717, 1.65083504, 3.19047546, -0.28846979
5721, 32101455, 32101985, 1.73111570, 1.65388680, 3.15872955, -0.05769395
5722, 32102455, 32102985, 1.73100269, 1.65693951, 3.12698364, -0.17308187
5723, 32103455, 32103985, 1.73081267, 1.65960979, 3.06349182, -0.17308187
5724, 32104455, 32104988, 1.73054910, 1.66228008, 3.00000000, -0.17308187
5725, 32105455, 32105986, 1.73021591, 1.66495037, 2.93650818, -0.05769395
5726, 32106455, 32106980, 1.72981691, 1.66723919, 2.87301636, -0.17308187
5727, 32107455, 32107984, 1.72935688, 1.66990948, 2.80952454, -0.40385768
5728, 32108455, 32108978, 1.72883868, 1.67257977, 2.77777863, -0.63463354
5729, 32109455, 32109981, 1.72826660, 1.67486858, 2.68254089, -0.40385768
5730, 32110455, 32110979, 1.72764432, 1.67715740, 2.61904907, -0.40385768
5731, 32111455, 32111983, 1.72697687, 1.67982769, 2.52381134, -0.28846979
5732, 32112455, 32112979, 1.72627091, 1.68173504, 2.49206543, -0.28846979
5733, 32113455, 32113979, 1.72553134, 1.68364239, 2.39682770, -0.51924562
5734, 32114455, 32114979, 1.72476232, 1.68593121, 2.33333588, -0.75002146
5735, 32115455, 32115982, 1.72396922, 1.68783855, 2.23809814, -0.75002146
5736, 32116455, 32116980, 1.72315824, 1.68936443, 2.14286041, -0.51924562
5737, 32117455, 32117980, 1.72233438, 1.69127178, 2.04762268, -0.51924562
5738, 32118455, 32118984, 1.72150326, 1.69241619, 1.95237732, -0.63463354
5739, 32119455, 32119984, 1.72066951, 1.69394207, 1.85713959, -0.51924562
5740, 32120455, 32120980, 1.71983790, 1.69546795, 1.73015594, -0.40385768
5741, 32121455, 32121985, 1.71901274, 1.69661236, 1.63491821, -0.28846979
5742, 32122455, 32122983, 1.71819854, 1.69775677, 1.53968048, -0.28846979
5743, 32123455, 32123979, 1.71739852, 1.69851971, 1.44444275, -0.63463354
5744, 32124455, 32124981, 1.71661472, 1.69966412, 1.31745911, -0.63463354
5745, 32125455, 32125979, 1.71585059, 1.70042706, 1.22222137, -0.40385768
5746, 32126455, 32126982, 1.71510756, 1.70080853, 1.12698364, -0.51924562
5747, 32127455, 32127980, 1.71438682, 1.70157146, 1.03174591, -0.40385768
5748, 32128455, 32128978, 1.71368968, 1.70233440, 0.93650818, -0.40385768
5749, 32129455, 32129982, 1.71301484, 1.70309734, 0.84127045, -0.98079723
5750, 32130455, 32130980, 1.71236181, 1.70347881, 0.74603271, -0.40385768
5751, 32131455, 32131980, 1.71172941, 1.70347881, 0.68254089, -0.51924562
5752, 32132455, 32132979, 1.71111524, 1.70386028, 0.61904907, -0.40385768
5753, 32133455, 32133977, 1.71051610, 1.70424175, 0.55555725, -0.51924562
5754, 32134455, 32134977, 1.70992804, 1.70462322, 0.46031952, -0.28846979
5755, 32135455, 32135977, 1.70934796, 1.70462322, 0.39682770, -0.28846979
5756, 32136455, 32136977, 1.70877182, 1.70462322, 0.33333588, -0.28846979
5757, 32137455, 32137978, 1.70819497, 1.70462322, 0.26984406, -0.17308187
5758, 32138455, 32138976, 1.70761299, 1.70462322, 0.20635223, -0.28846979
5759, 32139455, 32139980, 1.70702028, 1.70424175, 0.11111450, -0.17308187
5760, 32140455, 32140980, 1.70641172, 1.70424175, 0.04762268, -0.40385768
5761, 32141455, 32141980, 1.70578384, 1.70386028, -0.01587677, -0.28846979
5762, 32142455, 32142976, 1.70513105, 1.70347881, -0.04762268, -0.40385768
5763, 32143455, 32143975, 1.70444787, 1.70347881, -0.11111450, -0.28846979
5764, 32144455, 32144975, 1.70372999, 1.70309734, -0.20635223, -0.28846979
5765, 32145455, 32145983, 1.70297348, 1.70271587, -0.23809814, -0.05769395
5766, 32146455, 32146987, 1.70217359, 1.70195293, -0.30158997, -0.05769395
5767, 32147455, 32147987, 1.70132577, 1.70118999, -0.36508179, 0.05769395
5768, 32148455, 32148989, 1.70042670, 1.70080853, -0.42857361, 0.17308187
5769, 32149455, 32149978, 1.69947255, 1.70042706, -0.46031952, -0.05769395
5770, 32150455, 32150978, 1.69845974, 1.69966412, -0.52381134, 0.17308187
5771, 32151455, 32151976, 1.69738519, 1.69890118, -0.55555725, -0.05769395
5772, 32152455, 32152988, 1.69624662, 1.69851971, -0.55555725, -0.17308187
5773, 32153455, 32153974, 1.69504094, 1.69813824, -0.58730316, 0.17308187
5774, 32154455, 32154975, 1.69376421, 1.69737530, -0.58730316, 0.17308187
5775, 32155455, 32155977, 1.69241381, 1.69661236, -0.58730316, 0.17308187
5776, 32156455, 32156975, 1.69098735, 1.69584942, -0.61904907, 0.28846979
5777, 32157455, 32157989, 1.68948114, 1.69546795, -0.65079498, 0.17308187
5778, 32158455, 32158973, 1.68789327, 1.69470501, -0.65079498, 0.17308187
5779, 32159455, 32159987, 1.68622279, 1.69394207, -0.68254089, 0.17308187
5780, 32160455, 32160974, 1.68446684, 1.69317913, -0.68254089, 0.40385768
5781, 32161455, 32161988, 1.68262470, 1.69241619, -0.68254089, 0.40385768
5782, 32162455, 32162986, 1.68069470, 1.69203472, -0.68254089, 0.40385768
5783, 32163455, 32163984, 1.67867506, 1.69127178, -0.68254089, 0.28846979
5784, 32164455, 32164972, 1.67656541, 1.69050884, -0.65079498, 0.28846979
5785, 32165455, 32165973, 1.67436552, 1.68974590, -0.65079498, 0.17308187
5786, 32166455, 32166983, 1.67207468, 1.68936443, -0.65079498, 0.28846979
5787, 32167455, 32167981, 1.66969335, 1.68898296, -0.65079498, 0.51924562
5788, 32168455, 32168983, 1.66722202, 1.68822002, -0.61904907, 0.28846979
5789, 32169455, 32169983, 1.66466177, 1.68783855, -0.61904907, 0.17308187
5790, 32170455, 32170981, 1.66201282, 1.68707561, -0.61904907, 0.40385768
5791, 32171455, 32171986, 1.65927792, 1.68631268, -0.58730316, 0.17308187
5792, 32172455, 32172988, 1.65645897, 1.68593121, -0.61904907, 0.17308187
5793, 32173455, 32173988, 1.65355754, 1.68516827, -0.61904907, 0.05769395
5794, 32174455, 32174984, 1.65057540, 1.68440533, -0.61904907, 0.28846979
5795, 32175455, 32175982, 1.64751482, 1.68364239, -0.61904907, 0.05769395
5796, 32176455, 32176988, 1.64437854, 1.68326092, -0.65079498, -0.05769395
5797, 32177455, 32177982, 1.64116907, 1.68287945, -0.65079498, 0.05769395
5798, 32178455, 32178985, 1.63788772, 1.68211651, -0.65079498, -0.17308187
5799, 32179455, 32179983, 1.63453627, 1.68097210, -0.68254089, 0.28846979
5800, 32180455, 32180983, 1.63111734, 1.68020916, -0.68254089, 0.28846979
5801, 32181455, 32181985, 1.62763345, 1.67982769, -0.71428680, -0.05769395
5802, 32182455, 32182983, 1.62408733, 1.67868328, -0.71428680, -0.05769395
5803, 32183455, 32183985, 1.62048149, 1.67792034, -0.74603271, -0.05769395
5804, 32184455, 32184986, 1.61681759, 1.67715740, -0.77777863, -0.05769395
5805, 32185455, 32185988, 1.61309898, 1.67639446, -0.77777863, -0.17308187
5806, 32186455, 32186982, 1.60932779, 1.67525005, -0.80952454, -0.28846979
5807, 32187455, 32187984, 1.60550582, 1.67410564, -0.84127045, -0.17308187
5808, 32188455, 32188984, 1.60163522, 1.67372417, -0.87301636, -0.17308187
5809, 32189455, 32189987, 1.59771705, 1.67257977, -0.90476227, -0.28846979
5810, 32190455, 32190981, 1.59375262, 1.67143536, -0.93650818, -0.28846979
5811, 32191455, 32191983, 1.58974361, 1.67029095, -0.96825409, -0.28846979
5812, 32192455, 32192981, 1.58569062, 1.66914654, -0.96825409, -0.40385768
5813, 32193455, 32193985, 1.58159459, 1.66800213, -1.00000000, -0.40385768
5814, 32194455, 32194980, 1.57745659, 1.66685772, -1.06349182, -0.40385768
5815, 32195455, 32195988, 1.57327700, 1.66571331, -1.06349182, -0.40385768
5816, 32196455, 32196984, 1.56905663, 1.66418743, -1.12698364, -0.63463354
5817, 32197455, 32197986, 1.56479728, 1.66266155, -1.19047546, -0.40385768
5818, 32198455, 32198986, 1.56050050, 1.66113567, -1.22222137, -0.51924562
5819, 32199455, 32199984, 1.55616653, 1.65960979, -1.28571320, -0.51924562
5820, 32200455, 32200985, 1.55179620, 1.65770245, -1.38095093, -0.75002146
5821, 32201455, 32201989, 1.54738986, 1.65579414, -1.44444275, -0.75002146
5822, 32202455, 32202981, 1.54294908, 1.65426826, -1.53968430, -0.63463354
5823, 32203455, 32203983, 1.53847408, 1.65197945, -1.66666794, -0.86540931
5824, 32204455, 32204981, 1.53396523, 1.65007210, -1.76190567, -0.75002146
5825, 32205455, 32205981, 1.52942371, 1.64778328, -1.82539749, -0.86540931
5826, 32206455, 32206984, 1.52485049, 1.64511299, -1.92063522, -0.86540931
5827, 32207455, 32207988, 1.52024651, 1.64282417, -2.01587296, -0.75002146
5828, 32208455, 32208990, 1.51561260, 1.64053535, -2.11111069, -0.75002146
5829, 32209455, 32209984, 1.51094890, 1.63786507, -2.20634842, -0.75002146
5830, 32210455, 32210990, 1.50625551, 1.63519478, -2.30158615, -1.09618521
5831, 32211455, 32211978, 1.50153303, 1.63252449, -2.36507797, -0.63463354
5832, 32212455, 32212987, 1.49678254, 1.62947273, -2.49206161, -0.51924562
5833, 32213455, 32213989, 1.49200380, 1.62642097, -2.55555725, -0.51924562
5834, 32214455, 32214985, 1.48719656, 1.62375069, -2.65079498, -0.63463354
5835, 32215455, 32215985, 1.48236251, 1.62069893, -2.74603271, -0.75002146
5836, 32216455, 32216983, 1.47750270, 1.61764717, -2.80952454, -0.28846979
5837, 32217455, 32217992, 1.47261870, 1.61421394, -2.90476227, -0.28846979
5838, 32218455, 32218990, 1.46771109, 1.61116219, -2.96825409, -0.51924562
5839, 32219455, 32219984, 1.46277952, 1.60772896, -3.06349182, -0.51924562
5840, 32220455, 32220982, 1.45782602, 1.60429573, -3.12698364, -0.28846979
5841, 32221455, 32221984, 1.45285237, 1.60086250, -3.19047546, -0.75002146
5842, 32222455, 32222983, 1.44786000, 1.59742928, -3.25396729, -0.17308187
5843, 32223455, 32223983, 1.44285023, 1.59399605, -3.31745911, -0.40385768
5844, 32224455, 32224987, 1.43782413, 1.59056187, -3.38095093, -0.28846979
5845, 32225455, 32225983, 1.43278432, 1.58712864, -3.41269684, -0.40385768
5846, 32226455, 32226991, 1.42773342, 1.58331394, -3.44444275, -0.28846979
5847, 32227455, 32227983, 1.42267334, 1.57988071, -3.47618866, -0.28846979
5848, 32228455, 32228982, 1.41760743, 1.57606602, -3.50793839, -0.51924562
5849, 32229455, 32229986, 1.41253889, 1.57225132, -3.53968430, -0.17308187
5850, 32230455, 32230986, 1.40747201, 1.56805515, -3.60317612, -0.28846979
5851, 32231455, 32231990, 1.40240967, 1.56424046, -3.66666794, -0.17308187
5852, 32232455, 32232984, 1.39735436, 1.56042576, -3.73015976, -0.17308187
5853, 32233455, 32233978, 1.39230943, 1.55622959, -3.79365158, -0.17308187
5854, 32234455, 32234975, 1.38727784, 1.55203342, -3.88888931, -0.28846979
5855, 32235455, 32235981, 1.38226175, 1.54783726, -3.92063522, -0.28846979
5856, 32236455, 32236983, 1.37726390, 1.54364109, -4.01587296, -0.05769395
5857, 32237455, 32237975, 1.37228680, 1.53982639, -4.07936478, -0.28846979
5858, 32238455, 32238985, 1.36733270, 1.53524876, -4.11111069, 0.05769395
5859, 32239455, 32239988, 1.36240375, 1.53105164, -4.14285660, -0.17308187
5860, 32240455, 32240990, 1.35750210, 1.52685547, -4.17460251, -0.05769395
5861, 32241455, 32241986, 1.35263014, 1.52265930, -4.20634842, 0.05769395
5862, 32242455, 32242980, 1.34779000, 1.51808167, -4.20634842, -0.28846979
5863, 32243455, 32243984, 1.34298348, 1.51350403, -4.26984024, -0.05769395
5864, 32244455, 32244981, 1.33821213, 1.50968933, -4.26984024, -0.17308187
5865, 32245455, 32245985, 1.33347714, 1.50511169, -4.30158615, -0.17308187
5866, 32246455, 32246981, 1.32878149, 1.50053406, -4.30158615, -0.28846979
5867, 32247455, 32247983, 1.32412803, 1.49633789, -4.33333206, -0.28846979
5868, 32248455, 32248983, 1.31952035, 1.49176025, -4.36507797, 0.05769395
5869, 32249455, 32249987, 1.31496406, 1.48718262, -4.36507797, 0.17308187
5870, 32250455, 32250982, 1.31046593, 1.48298645, -4.39682388, 0.05769395
5871, 32251455, 32251984, 1.30603313, 1.47840881, -4.42856979, -0.17308187
5872, 32252455, 32252982, 1.30167329, 1.47383118, -4.46031570, -0.17308187
5873, 32253455, 32253984, 1.29739749, 1.46925354, -4.46031570, -0.51924562
5874, 32254455, 32254982, 1.29322124, 1.46467495, -4.52381134, -0.28846979
5875, 32255455, 32255984, 1.28916276, 1.46009731, -4.52381134, -0.05769395
5876, 32256455, 32256983, 1.28524315, 1.45551968, -4.52381134, 0.05769395
5877, 32257455, 32257983, 1.28149152, 1.45094204, -4.55555725, -0.17308187
5878, 32258455, 32258983, 1.27793813, 1.44674587, -4.55555725, 0.05769395
5879, 32259455, 32259987, 1.27461600, 1.44216824, -4.55555725, -0.05769395
5880, 32260455, 32260983, 1.27156162, 1.43720913, -4.55555725, -0.28846979
5881, 32261455, 32261983, 1.26880705, 1.43263149, -4.55555725, -0.17308187
5882, 32262455, 32262986, 1.26638615, 1.42805386, -4.55555725, -0.05769395
5883, 32263455, 32263986, 1.26433146, 1.42347622, -4.58730316, 0.17308187
5884, 32264455, 32264984, 1.26268113, 1.41889858, -4.58730316, 0.28846979
5885, 32265455, 32265982, 1.26147258, 1.41432095, -4.58730316, 0.17308187
5886, 32266455, 32266982, 1.26074672, 1.40974331, -4.61904907, 0.17308187
5887, 32267455, 32267981, 1.26053798, 1.40516472, -4.61904907, 0.40385768
5888, 32268455, 32268979, 1.26087439, 1.40058708, -4.65079498, 0.17308187
5889, 32269455, 32269983, 1.26176727, 1.39562798, -4.61904907, 0.51924562
5890, 32270455, 32270981, 1.26321256, 1.39143181, -4.65079498, 0.86540931
5891, 32271455, 32271979, 1.26518941, 1.38685417, -4.61904907, 1.32696104
5892, 32272455, 32272979, 1.26765907, 1.38227654, -4.58730316, 0.75002146
5893, 32273455, 32273980, 1.27056777, 1.37846184, -4.55555725, 1.09618521
5894, 32274455, 32274978, 1.27385533, 1.37426567, -4.49206161, 1.55773675
5895, 32275455, 32275978, 1.27745569, 1.37045097, -4.42856979, 2.25006437
5896, 32276455, 32276978, 1.28130591, 1.36663628, -4.33333206, 1.55773675
5897, 32277455, 32277976, 1.28534412, 1.36320305, -4.20634842, 1.55773675
5898, 32278455, 32278978, 1.28951705, 1.35938835, -4.07936478, 2.25006437
5899, 32279455, 32279979, 1.29377437, 1.35633659, -3.95238113, 2.59622812
5900, 32280455, 32280975, 1.29807651, 1.35328484, -3.82539749, 3.17316747
5901, 32281455, 32281975, 1.30238557, 1.35023308, -3.63492203, 2.48084021
5902, 32282455, 32282977, 1.30667329, 1.34794426, -3.44444275, 2.25006437
5903, 32283455, 32283977, 1.31092131, 1.34527397, -3.28571320, 1.78851259
5904, 32284455, 32284980, 1.31511760, 1.34298420, -3.12698364, 2.25006437
5905, 32285455, 32285986, 1.31925762, 1.34107685, -2.93650818, 2.36545229
5906, 32286455, 32286978, 1.32334232, 1.33878803, -2.71428680, 2.13467646
5907, 32287455, 32287974, 1.32737863, 1.33726215, -2.49206161, 2.36545229
5908, 32288455, 32288974, 1.33137858, 1.33611774, -2.33333206, 2.13467646
5909, 32289455, 32289975, 1.33535385, 1.33459187, -2.14285660, 1.78851259
5910, 32290455, 32290979, 1.33931804, 1.33344746, -1.92063522, 1.44234896
5911, 32291455, 32291975, 1.34328294, 1.33306599, -1.73015976, 1.67312467
5912, 32292455, 32292975, 1.34726036, 1.33192158, -1.50793839, 1.09618521
5913, 32293455, 32293977, 1.35125864, 1.33154011, -1.31745911, 1.44234896
5914, 32294455, 32294975, 1.35528374, 1.33115864, -1.15872955, 1.32696104
5915, 32295455, 32295978, 1.35933948, 1.33077717, -0.96825409, 1.21157312
5916, 32296455, 32296976, 1.36342871, 1.33039570, -0.77777863, 1.09618521
5917, 32297455, 32297976, 1.36755514, 1.33039570, -0.65079498, 1.32696104
5918, 32298455, 32298978, 1.37172115, 1.33077717, -0.46031952, 1.21157312
5919, 32299455, 32299984, 1.37592924, 1.33115864, -0.33333588, 1.21157312
5920, 32300455, 32300972, 1.38018167, 1.33154011, -0.17460632, 0.86540931
5921, 32301455, 32301977, 1.38448286, 1.33230305, -0.04762268, 1.21157312
5922, 32302455, 32302987, 1.38883495, 1.33306599, 0.07936859, 0.98079723
5923, 32303455, 32303973, 1.39324045, 1.33344746, 0.23809814, 1.44234896
5924, 32304455, 32304985, 1.39770210, 1.33459187, 0.36508179, 1.09618521
5925, 32305455, 32305987, 1.40222251, 1.33573627, 0.49206543, 1.32696104
5926, 32306455, 32306987, 1.40680218, 1.33649921, 0.61904907, 1.44234896
5927, 32307455, 32307972, 1.41144407, 1.33802509, 0.71428680, 1.32696104
5928, 32308455, 32308974, 1.41615212, 1.33916950, 0.84127045, 1.55773675
5929, 32309455, 32309984, 1.42092800, 1.34069538, 0.96825409, 1.67312467
5930, 32310455, 32310986, 1.42577612, 1.34222126, 1.25396729, 1.55773675
5931, 32311455, 32311972, 1.43070173, 1.34374714, 1.22222137, 1.32696104
5932, 32312455, 32312971, 1.43571055, 1.34527397, 1.28571320, 1.32696104
5933, 32313455, 32313987, 1.44080746, 1.34756279, 1.38095093, 1.09618521
5934, 32314455, 32314985, 1.44599843, 1.34908867, 1.47618866, 1.32696104
5935, 32315455, 32315981, 1.45128810, 1.35099602, 1.60317230, 1.55773675
5936, 32316455, 32316983, 1.45667982, 1.35366631, 1.66666412, 1.44234896
5937, 32317455, 32317986, 1.46217823, 1.35557365, 1.76190186, 1.55773675
5938, 32318455, 32318984, 1.46778786, 1.35786247, 1.69841003, 1.44234896
5939, 32319455, 32319984, 1.47351134, 1.36015129, 1.92063141, 1.32696104
5940, 32320455, 32320980, 1.47934961, 1.36282158, 2.04762268, 1.09618521
5941, 32321455, 32321986, 1.48530114, 1.36511040, 2.14286041, 1.09618521
5942, 32322455, 32322984, 1.49136269, 1.36778069, 2.23809814, 1.44234896
5943, 32323455, 32323987, 1.49752772, 1.37083244, 2.30158997, 1.21157312
5944, 32324455, 32324983, 1.50378847, 1.37350273, 2.42857361, 1.44234896
5945, 32325455, 32325981, 1.51013613, 1.37655449, 2.52381134, 1.44234896
5946, 32326455, 32326981, 1.51656032, 1.37960625, 2.61904907, 1.21157312
5947, 32327455, 32327983, 1.52305007, 1.38265800, 2.71428680, 1.32696104
5948, 32328455, 32328981, 1.52959502, 1.38570976, 2.80952454, 1.21157312
5949, 32329455, 32329978, 1.53618324, 1.38914299, 2.90476227, 1.44234896
5950, 32330455, 32330980, 1.54280496, 1.39257622, 3.00000000, 1.32696104
5951, 32331455, 32331978, 1.54945111, 1.39600945, 3.09523773, 1.09618521
5952, 32332455, 32332980, 1.55611289, 1.39944267, 3.15872955, 1.21157312
5953, 32333455, 32333980, 1.56278372, 1.40325737, 3.25396729, 1.55773675
5954, 32334455, 32334982, 1.56945777, 1.40707302, 3.34920502, 1.32696104
5955, 32335455, 32335978, 1.57612836, 1.41088772, 3.44444275, 1.32696104
5956, 32336455, 32336981, 1.58278883, 1.41470242, 3.50793457, 1.21157312
5957, 32337455, 32337981, 1.58943367, 1.41851711, 3.60317230, 1.21157312
5958, 32338455, 32338979, 1.59605896, 1.42271328, 3.69841003, 1.44234896
5959, 32339455, 32339979, 1.60266149, 1.42690945, 3.79364777, 1.09618521
5960, 32340455, 32340981, 1.60923839, 1.43072414, 3.85713959, 0.98079723
5961, 32341455, 32341980, 1.61578751, 1.43530178, 3.92063141, 0.98079723
5962, 32342455, 32342988, 1.62230694, 1.43987942, 3.98412323, 1.55773675
5963, 32343455, 32343980, 1.62879395, 1.44407558, 4.07936859, 1.32696104
5964, 32344455, 32344982, 1.63524759, 1.44865322, 4.17460632, 1.21157312
5965, 32345455, 32345976, 1.64166403, 1.45323086, 4.23809814, 1.21157312
5966, 32346455, 32346976, 1.64803851, 1.45780849, 4.30158997, 0.98079723
5967, 32347455, 32347989, 1.65436602, 1.46238613, 4.39682770, 0.75002146
5968, 32348455, 32348983, 1.66064167, 1.46734524, 4.49206543, 0.98079723
5969, 32349455, 32349983, 1.66685939, 1.47192383, 4.55555725, 0.86540931
5970, 32350455, 32350983, 1.67301393, 1.47726440, 4.61904907, 0.86540931
5971, 32351455, 32351983, 1.67909992, 1.48222351, 4.71428680, 0.98079723
5972, 32352455, 32352984, 1.68511200, 1.48718262, 4.74603271, 1.09618521
5973, 32353455, 32353978, 1.69104660, 1.49214172, 4.84127045, 0.98079723
5974, 32354455, 32354980, 1.69690168, 1.49710083, 4.87301636, 0.75002146
5975, 32355455, 32355984, 1.70267546, 1.50244141, 4.90476227, 0.86540931
5976, 32356455, 32356980, 1.70836663, 1.50740051, 4.93650818, 0.86540931
5977, 32357455, 32357978, 1.71397614, 1.51274109, 5.00000000, 0.75002146
5978, 32358455, 32358981, 1.71950495, 1.51770020, 5.00000000, 1.21157312
5979, 32359455, 32359977, 1.72495461, 1.52265930, 5.03174591, 0.86540931
5980, 32360455, 32360979, 1.73032510, 1.52799988, 5.06349182, 0.40385768
5981, 32361455, 32361983, 1.73561490, 1.53334141, 5.06349182, 0.40385768
5982, 32362455, 32362987, 1.74082422, 1.53830051, 5.09523773, 0.51924562
5983, 32363455, 32363985, 1.74595332, 1.54402256, 5.12698364, 0.63463354
5984, 32364455, 32364988, 1.75100136, 1.54936314, 5.19047546, 0.86540931
5985, 32365455, 32365986, 1.75596786, 1.55432224, 5.22222137, 0.28846979
5986, 32366455, 32366988, 1.76085341, 1.56004429, 5.25396729, 0.40385768
5987, 32367455, 32367982, 1.76565814, 1.56500340, 5.25396729, 0.63463354
5988, 32368455, 32368978, 1.77038217, 1.57072544, 5.28571320, 0.28846979
5989, 32369455, 32369973, 1.77502620, 1.57568455, 5.31745911, 0.51924562
5990, 32370455, 32370979, 1.77959192, 1.58102512, 5.31745911, 1.09618521
5991, 32371455, 32371979, 1.78408003, 1.58636570, 5.28571320, 0.28846979
5992, 32372455, 32372977, 1.78849053, 1.59170628, 5.28571320, 0.28846979
5993, 32373455, 32373985, 1.79282451, 1.59704781, 5.31745911, 0.17308187
5994, 32374455, 32374984, 1.79708374, 1.60276985, 5.28571320, 0.40385768
5995, 32375455, 32375988, 1.80126798, 1.60772896, 5.28571320, 0.40385768
5996, 32376455, 32376986, 1.80537713, 1.61306953, 5.31745911, 0.40385768
5997, 32377455, 32377982, 1.80941188, 1.61879158, 5.31745911, 0.75002146
5998, 32378455, 32378980, 1.81337142, 1.62375069, 5.31745911, 0.40385768
5999, 32379455, 32379988, 1.81725490, 1.62909126, 5.31745911, 0.17308187
6000, 32380455, 32380979, 1.82106197, 1.63443184, 5.31745911, -0.05769395
6001, 32381455, 32381975, 1.82479250, 1.63939095, 5.31745911, 0.28846979
6002, 32382455, 32382989, 1.82844520, 1.64473152, 5.31745911, 0.51924562
6003, 32383455, 32383985, 1.83201909, 1.65007210, 5.28571320, 0.28846979
6004, 32384455, 32384985, 1.83551252, 1.65503120, 5.25396729, -0.17308187
6005, 32385455, 32385985, 1.83892310, 1.66037273, 5.19047546, -0.05769395
6006, 32386455, 32386988, 1.84224880, 1.66533184, 5.19047546, -0.17308187
6007, 32387455, 32387984, 1.84548771, 1.67029095, 5.15872955, -0.17308187
6008, 32388455, 32388984, 1.84863746, 1.67563152, 5.15872955, 0.17308187
6009, 32389455, 32389984, 1.85169673, 1.68059063, 5.12698364, 0.28846979
6010, 32390455, 32390978, 1.85466325, 1.68554974, 5.09523773, 0.17308187
6011, 32391455, 32391982, 1.85753572, 1.69089031, 5.09523773, -0.05769395
6012, 32392455, 32392985, 1.86031270, 1.69546795, 5.06349182, -0.05769395
6013, 32393455, 32393981, 1.86299348, 1.70080853, 5.03174591, -0.28846979
6014, 32394455, 32394987, 1.86557746, 1.70538616, 5.00000000, -0.05769395
6015, 32395455, 32395983, 1.86806417, 1.71034527, 4.96825409, -0.05769395
6016, 32396455, 32396985, 1.87045240, 1.71492290, 4.90476227, 0.40385768
6017, 32397455, 32397984, 1.87274015, 1.71950150, 4.87301636, 0.17308187
6018, 32398455, 32398984, 1.87492681, 1.72407913, 4.80952454, 0.05769395
6019, 32399455, 32399988, 1.87701213, 1.72865677, 4.74603271, -0.17308187
6020, 32400455, 32400984, 1.87899506, 1.73285294, 4.71428680, -0.40385768
6021, 32401455, 32401984, 1.88087416, 1.73781204, 4.65079498, -0.05769395
6022, 32402455, 32402985, 1.88264918, 1.74200821, 4.61904907, -0.05769395
6023, 32403455, 32403985, 1.88431931, 1.74620438, 4.55555725, 0.05769395
6024, 32404455, 32404979, 1.88588321, 1.75078201, 4.52381134, 0.40385768
6025, 32405455, 32405983, 1.88733983, 1.75535965, 4.46031952, -0.05769395
6026, 32406455, 32406983, 1.88868856, 1.75917435, 4.42857361, -0.28846979
6027, 32407455, 32407987, 1.88992763, 1.76337051, 4.36508179, -0.17308187
6028, 32408455, 32408984, 1.89105570, 1.76756668, 4.33333588, -0.17308187
6029, 32409455, 32409982, 1.89207244, 1.77138138, 4.23809814, -0.28846979
6030, 32410455, 32410984, 1.89297736, 1.77519608, 4.17460632, 0.05769395
6031, 32411455, 32411986, 1.89376843, 1.77901077, 4.14286041, 0.17308187
6032, 32412455, 32412986, 1.89444470, 1.78282642, 4.04762268, -0.05769395
6033, 32413455, 32413982, 1.89500594, 1.78664112, 3.98412323, -0.17308187
6034, 32414455, 32414981, 1.89545083, 1.79045582, 3.88888550, -0.40385768
6035, 32415455, 32415979, 1.89577866, 1.79388905, 3.82539368, -0.51924562
6036, 32416455, 32416979, 1.89599037, 1.79732227, 3.76190186, -0.40385768
6037, 32417455, 32417981, 1.89608622, 1.80075550, 3.69841003, -0.98079723
6038, 32418455, 32418977, 1.89606774, 1.80418873, 3.63491821, -0.51924562
6039, 32419455, 32419982, 1.89593697, 1.80724049, 3.57142639, -0.63463354
6040, 32420455, 32420978, 1.89569688, 1.81067371, 3.50793457, -0.63463354
6041, 32421455, 32421984, 1.89535010, 1.81372547, 3.44444275, -0.17308187
6042, 32422455, 32422976, 1.89489865, 1.81639576, 3.34920502, -0.51924562
6043, 32423455, 32423976, 1.89434481, 1.81944752, 3.25396729, -0.40385768
6044, 32424455, 32424976, 1.89369178, 1.82211781, 3.12698364, -0.98079723
6045, 32425455, 32425981, 1.89294398, 1.82440662, 3.06349182, -0.75002146
6046, 32426455, 32426981, 1.89210594, 1.82707691, 2.93650818, -0.98079723
6047, 32427455, 32427977, 1.89118218, 1.82936573, 2.84127045, -0.51924562
6048, 32428455, 32428977, 1.89017773, 1.83165455, 2.68254089, -0.75002146
6049, 32429455, 32429977, 1.88909650, 1.83356190, 2.58730316, -0.63463354
6050, 32430455, 32430975, 1.88794315, 1.83585072, 2.42857361, -0.75002146
6051, 32431455, 32431976, 1.88672328, 1.83737659, 2.33333588, -0.75002146
6052, 32432455, 32432978, 1.88544214, 1.83928394, 2.20635223, -0.51924562
6053, 32433455, 32433974, 1.88410485, 1.84080982, 2.11111450, -0.28846979
6054, 32434455, 32434978, 1.88271725, 1.84271717, 1.98412323, -0.40385768
6055, 32435455, 32435980, 1.88128459, 1.84386253, 1.88888550, -0.28846979
6056, 32436455, 32436978, 1.87981021, 1.84538841, 1.79364777, -0.28846979
6057, 32437455, 32437979, 1.87829733, 1.84653282, 1.66666412, -0.17308187
6058, 32438455, 32438975, 1.87674916, 1.84767723, 1.57142639, -0.63463354
6059, 32439455, 32439975, 1.87516952, 1.84882164, 1.47618866, -0.63463354
6060, 32440455, 32440975, 1.87356079, 1.84996605, 1.38095093, -0.40385768
6061, 32441455, 32441977, 1.87192488, 1.85072899, 1.28571320, -0.28846979
6062, 32442455, 32442974, 1.87026250, 1.85149193, 1.19047546, -0.75002146
6063, 32443455, 32443974, 1.86857402, 1.85225487, 1.09523773, -0.63463354
6064, 32444455, 32444978, 1.86685991, 1.85301781, 1.00000000, -0.63463354
6065, 32445455, 32445976, 1.86511910, 1.85339928, 0.90476227, -0.51924562
6066, 32446455, 32446978, 1.86334968, 1.85378075, 0.84127045, -0.63463354
6067, 32447455, 32447987, 1.86155021, 1.85416222, 0.71428680, -0.51924562
6068, 32448455, 32448977, 1.85971916, 1.85416222, 0.61904907, -0.40385768
6069, 32449455, 32449975, 1.85785532, 1.85416222, 0.49206543, -0.40385768
6070, 32450455, 32450977, 1.85595608, 1.85416222, 0.36508179, -0.05769395
6071, 32451455, 32451979, 1.85401809, 1.85416222, 0.26984406, -0.40385768
6072, 32452455, 32452989, 1.85203910, 1.85378075, 0.17460632, -0.17308187
6073, 32453455, 32453978, 1.85001707, 1.85339928, 0.07936859, 0.17308187
6074, 32454455, 32454992, 1.84794998, 1.85339928, -0.01587677, -0.17308187
6075, 32455455, 32455976, 1.84583485, 1.85339928, -0.11111450, -0.17308187
6076, 32456455, 32456986, 1.84366798, 1.85301781, -0.17460632, -0.17308187
6077, 32457455, 32457986, 1.84144688, 1.85263634, -0.20635223, -0.28846979
6078, 32458455, 32458972, 1.83916903, 1.85187340, -0.26984406, -0.17308187
6079, 32459455, 32459977, 1.83683228, 1.85149193, -0.33333588, 0.17308187
6080, 32460455, 32460973, 1.83443522, 1.85072899, -0.33333588, 0.05769395
6081, 32461455, 32461987, 1.83197570, 1.84996605, -0.39682770, 0.05769395
6082, 32462455, 32462987, 1.82945180, 1.84958458, -0.49206543, -0.05769395
6083, 32463455, 32463985, 1.82686269, 1.84844017, -0.52381134, 0.17308187
6084, 32464455, 32464985, 1.82420599, 1.84767723, -0.58730316, -0.28846979
6085, 32465455, 32465986, 1.82148015, 1.84691429, -0.65079498, 0.17308187
6086, 32466455, 32466990, 1.81868315, 1.84615135, -0.71428680, 0.05769395
6087, 32467455, 32467990, 1.81581390, 1.84538841, -0.74603271, -0.05769395
6088, 32468455, 32468992, 1.81287062, 1.84424400, -0.80952454, 0.05769395
6089, 32469455, 32469972, 1.80985177, 1.84309864, -0.84127045, -0.05769395
6090, 32470455, 32470984, 1.80675578, 1.84271717, -0.87301636, 0.05769395
6091, 32471455, 32471987, 1.80358088, 1.84119129, -0.90476227, -0.05769395
6092, 32472455, 32472983, 1.80032551, 1.84004688, -0.93650818, -0.05769395
6093, 32473455, 32473985, 1.79698861, 1.83928394, -0.96825409, -0.28846979
6094, 32474455, 32474987, 1.79356956, 1.83813953, -1.00000000, -0.17308187
6095, 32475455, 32475989, 1.79006696, 1.83661366, -1.03174591, -0.05769395
6096, 32476455, 32476985, 1.78647900, 1.83585072, -1.06349182, -0.05769395
6097, 32477455, 32477984, 1.78280544, 1.83432484, -1.12698364, -0.28846979
6098, 32478455, 32478984, 1.77904522, 1.83279896, -1.15872955, -0.51924562
6099, 32479455, 32479984, 1.77519763, 1.83165455, -1.19047546, -0.63463354
6100, 32480455, 32480982, 1.77126360, 1.83012867, -1.19047546, -0.28846979
6101, 32481455, 32481980, 1.76724386, 1.82898426, -1.22222137, -0.51924562
6102, 32482455, 32482983, 1.76313782, 1.82745838, -1.28571320, -0.40385768
6103, 32483455, 32483979, 1.75894570, 1.82593250, -1.31745911, -0.40385768
6104, 32484455, 32484983, 1.75466835, 1.82478809, -1.34920502, -0.40385768
6105, 32485455, 32485983, 1.75030637, 1.82288074, -1.38095093, -0.17308187
6106, 32486455, 32486981, 1.74586105, 1.82173634, -1.41269684, -0.28846979
6107, 32487455, 32487981, 1.74133432, 1.81982899, -1.47618866, -0.40385768
6108, 32488455, 32488986, 1.73672760, 1.81792164, -1.53968430, -0.05769395
6109, 32489455, 32489982, 1.73204291, 1.81639576, -1.60317612, -0.05769395
6110, 32490455, 32490988, 1.72728300, 1.81410694, -1.60317612, -0.40385768
6111, 32491455, 32491984, 1.72245049, 1.81258106, -1.66666794, -0.40385768
6112, 32492455, 32492984, 1.71754813, 1.81029224, -1.76190567, -0.17308187
6113, 32493455, 32493980, 1.71257889, 1.80838490, -1.82539749, -0.28846979
6114, 32494455, 32494983, 1.70754564, 1.80571461, -1.88888931, -0.40385768
6115, 32495455, 32495981, 1.70245183, 1.80380726, -1.95238113, -0.63463354
6116, 32496455, 32496981, 1.69730079, 1.80189991, -2.01587296, -0.63463354
6117, 32497455, 32497987, 1.69209528, 1.79961109, -2.04761887, -0.51924562
6118, 32498455, 32498981, 1.68683827, 1.79694080, -2.14285660, -0.40385768
6119, 32499455, 32499984, 1.68153417, 1.79465199, -2.17460251, -0.75002146
6120, 32500455, 32500982, 1.67618656, 1.79198170, -2.23809433, -0.40385768
6121, 32501455, 32501982, 1.67079854, 1.78969288, -2.30158615, -0.40385768
6122, 32502455, 32502976, 1.66537273, 1.78702259, -2.36507797, -0.75002146
6123, 32503455, 32503984, 1.65991175, 1.78397083, -2.42856979, -0.63463354
6124, 32504455, 32504979, 1.65441763, 1.78091812, -2.52381134, -0.28846979
6125, 32505455, 32505977, 1.64889300, 1.77824783, -2.61904907, -0.51924562
6126, 32506455, 32506975, 1.64334035, 1.77519608, -2.68254089, -0.51924562
6127, 32507455, 32507975, 1.63776231, 1.77214432, -2.74603271, -0.51924562
6128, 32508455, 32508979, 1.63216066, 1.76909256, -2.84127045, -0.40385768
6129, 32509455, 32509979, 1.62653697, 1.76604080, -2.90476227, -0.75002146
6130, 32510455, 32510988, 1.62089324, 1.76260757, -2.96825409, -0.98079723
6131, 32511455, 32511984, 1.61523032, 1.75955582, -3.03174591, -0.40385768
6132, 32512455, 32512986, 1.60954893, 1.75574112, -3.09523773, -0.63463354
6133, 32513455, 32513980, 1.60384953, 1.75268936, -3.15872955, -0.63463354
6134, 32514455, 32514982, 1.59813285, 1.74887466, -3.22222137, -0.05769395
6135, 32515455, 32515980, 1.59239876, 1.74544144, -3.31745911, -0.40385768
6136, 32516455, 32516983, 1.58664715, 1.74162674, -3.38095093, -0.28846979
6137, 32517455, 32517975, 1.58087838, 1.73781204, -3.44444275, -0.28846979
6138, 32518455, 32518983, 1.57509220, 1.73399734, -3.53968430, -0.51924562
6139, 32519455, 32519983, 1.56928873, 1.72980118, -3.60317612, -0.28846979
6140, 32520455, 32520985, 1.56346762, 1.72598648, -3.69841385, -0.40385768
6141, 32521455, 32521979, 1.55762839, 1.72255325, -3.76190567, -0.28846979
6142, 32522455, 32522986, 1.55177140, 1.71797466, -3.82539749, -0.05769395
6143, 32523455, 32523986, 1.54589784, 1.71377850, -3.88888931, -0.28846979
6144, 32524455, 32524984, 1.54000843, 1.70996380, -3.92063522, -0.40385768
6145, 32525455, 32525978, 1.53410351, 1.70576763, -4.01587296, -0.63463354
6146, 32526455, 32526978, 1.52818465, 1.70157146, -4.04761887, -0.98079723
6147, 32527455, 32527989, 1.52225196, 1.69699383, -4.11111069, -0.28846979
6148, 32528455, 32528979, 1.51630664, 1.69279766, -4.14285660, -0.28846979
6149, 32529455, 32529989, 1.51035142, 1.68860149, -4.20634842, -0.17308187
6150, 32530455, 32530985, 1.50438797, 1.68364239, -4.26984024, -0.28846979
6151, 32531455, 32531989, 1.49841857, 1.67944622, -4.30158615, -0.05769395
6152, 32532455, 32532986, 1.49244547, 1.67486858, -4.36507797, -0.28846979
6153, 32533455, 32533986, 1.48647022, 1.66990948, -4.39682388, -0.28846979
6154, 32534455, 32534988, 1.48049498, 1.66533184, -4.46031570, -0.05769395
6155, 32535455, 32535986, 1.47452319, 1.66075420, -4.52381134, -0.17308187
6156, 32536455, 32536988, 1.46855783, 1.65617561, -4.55555725, -0.28846979
6157, 32537455, 32537986, 1.46260166, 1.65121651, -4.58730316, -0.05769395
6158, 32538455, 32538983, 1.45665741, 1.64663887, -4.65079498, -0.05769395
6159, 32539455, 32539985, 1.45072687, 1.64167976, -4.68254089, -0.17308187
6160, 32540455, 32540987, 1.44481230, 1.63710213, -4.71428680, -0.28846979
6161, 32541455, 32541987, 1.43891621, 1.63214302, -4.74603271, 0.05769395
6162, 32542455, 32542983, 1.43304133, 1.62718391, -4.74603271, -0.05769395
6163, 32543455, 32543985, 1.42718995, 1.62222481, -4.80952454, -0.28846979
6164, 32544455, 32544986, 1.42136478, 1.61726570, -4.84127045, -0.28846979
6165, 32545455, 32545988, 1.41556883, 1.61230659, -4.87301636, 0.05769395
6166, 32546455, 32546988, 1.40980446, 1.60696602, -4.90476227, 0.05769395
6167, 32547455, 32547986, 1.40407574, 1.60200691, -4.93650818, -0.17308187
6168, 32548455, 32548984, 1.39838707, 1.59704781, -4.96825409, -0.05769395
6169, 32549455, 32549985, 1.39274383, 1.59170628, -5.03174591, -0.17308187
6170, 32550455, 32550985, 1.38715267, 1.58674717, -5.03174591, 0.17308187
6171, 32551455, 32551989, 1.38162136, 1.58140659, -5.06349182, -0.05769395
6172, 32552455, 32552987, 1.37615991, 1.57644749, -5.09523773, -0.05769395
6173, 32553455, 32553983, 1.37077963, 1.57110691, -5.12698364, 0.28846979
6174, 32554455, 32554983, 1.36549473, 1.56614780, -5.15872955, -0.28846979
6175, 32555455, 32555986, 1.36032212, 1.56118870, -5.15872955, -0.17308187
6176, 32556455, 32556982, 1.35528195, 1.55546665, -5.19047546, -0.05769395
6177, 32557455, 32557984, 1.35039937, 1.55050755, -5.22222137, 0.17308187
6178, 32558455, 32558982, 1.34570336, 1.54478550, -5.22222137, -0.05769395
6179, 32559455, 32559980, 1.34122646, 1.53944492, -5.25396729, 0.05769395
6180, 32560455, 32560980, 1.33700359, 1.53410435, -5.28571320, -0.05769395
6181, 32561455, 32561981, 1.33307242, 1.52876282, -5.31745911, -0.17308187
6182, 32562455, 32562981, 1.32947636, 1.52342224, -5.31745911, 0.05769395
6183, 32563455, 32563981, 1.32625532, 1.51808167, -5.38095093, 0.63463354
6184, 32564455, 32564981, 1.32344568, 1.51274109, -5.38095093, -0.05769395
6185, 32565455, 32565981, 1.32107794, 1.50701904, -5.38095093, -0.05769395
6186, 32566455, 32566982, 1.31917036, 1.50167847, -5.38095093, -0.05769395
6187, 32567455, 32567980, 1.31773031, 1.49633789, -5.38095093, 0.17308187
6188, 32568455, 32568978, 1.31675994, 1.49099731, -5.38095093, 0.28846979
6189, 32569455, 32569978, 1.31625712, 1.48603821, -5.38095093, 0.51924562
6190, 32570455, 32570978, 1.31620872, 1.48031616, -5.38095093, 0.51924562
6191, 32571455, 32571977, 1.31659162, 1.47535706, -5.38095093, 0.98079723
6192, 32572455, 32572981, 1.31737030, 1.46963501, -5.38095093, 1.44234896
6193, 32573455, 32573981, 1.31849432, 1.46505642, -5.34920502, 1.09618521
6194, 32574455, 32574977, 1.31991065, 1.45971584, -5.31745911, 1.21157312
6195, 32575455, 32575977, 1.32156730, 1.45513821, -5.25396729, 1.78851259
6196, 32576455, 32576975, 1.32341886, 1.45017910, -5.19047546, 1.67312467
6197, 32577455, 32577978, 1.32543051, 1.44598293, -5.09523773, 1.21157312
6198, 32578455, 32578980, 1.32757449, 1.44140530, -4.96825409, 1.78851259
6199, 32579455, 32579976, 1.32982934, 1.43682766, -4.84127045, 1.67312467
6200, 32580455, 32580976, 1.33218014, 1.43301296, -4.71428680, 1.44234896
6201, 32581455, 32581976, 1.33461750, 1.42919827, -4.58730316, 1.67312467
6202, 32582455, 32582974, 1.33713615, 1.42538357, -4.42856979, 2.13467646
6203, 32583455, 32583977, 1.33973491, 1.42156887, -4.26984024, 2.36545229
6204, 32584455, 32584977, 1.34241486, 1.41851711, -4.14285660, 2.13467646
6205, 32585455, 32585979, 1.34518170, 1.41508389, -3.95238113, 1.78851259
6206, 32586455, 32586973, 1.34804380, 1.41203213, -3.82539749, 1.55773675
6207, 32587455, 32587973, 1.35100782, 1.40936184, -3.63492203, 2.25006437
6208, 32588455, 32588973, 1.35408080, 1.40669155, -3.44444275, 2.01928854
6209, 32589455, 32589976, 1.35726762, 1.40440178, -3.25396729, 2.13467646
6210, 32590455, 32590972, 1.36056924, 1.40173149, -3.09523773, 2.13467646
6211, 32591455, 32591984, 1.36398399, 1.39982414, -2.93650818, 1.90390050
6212, 32592455, 32592972, 1.36750543, 1.39791679, -2.74603271, 1.90390050
6213, 32593455, 32593976, 1.37112355, 1.39600945, -2.55555725, 1.44234896
6214, 32594455, 32594985, 1.37482595, 1.39486504, -2.36507797, 1.55773675
6215, 32595455, 32595989, 1.37859917, 1.39333916, -2.17460251, 1.90390050
6216, 32596455, 32596979, 1.38242888, 1.39219475, -1.98412704, 2.01928854
6217, 32597455, 32597987, 1.38629973, 1.39105034, -1.79365158, 1.78851259
6218, 32598455, 32598975, 1.39019907, 1.39028740, -1.60317612, 1.78851259
6219, 32599455, 32599976, 1.39411795, 1.38952446, -1.41269684, 1.78851259
6220, 32600455, 32600974, 1.39804792, 1.38876152, -1.22222137, 1.55773675
6221, 32601455, 32601974, 1.40198350, 1.38876152, -1.06349182, 1.67312467
6222, 32602455, 32602988, 1.40592182, 1.38838005, -0.93650818, 1.78851259
6223, 32603455, 32603976, 1.40986335, 1.38838005, -0.77777863, 1.67312467
6224, 32604455, 32604974, 1.41381049, 1.38799858, -0.61904907, 1.67312467
6225, 32605455, 32605974, 1.41776645, 1.38838005, -0.52381134, 1.67312467
6226, 32606455, 32606983, 1.42173481, 1.38838005, -0.36508179, 1.67312467
6227, 32607455, 32607989, 1.42572033, 1.38876152, -0.20635223, 1.90390050
6228, 32608455, 32608985, 1.42972803, 1.38876152, -0.11111450, 2.01928854
6229, 32609455, 32609985, 1.43376350, 1.38914299, -0.01587677, 1.78851259
6230, 32610455, 32610989, 1.43783283, 1.38990593, 0.11111450, 1.67312467
6231, 32611455, 32611987, 1.44194031, 1.39066887, 0.20635223, 1.44234896
6232, 32612455, 32612986, 1.44608939, 1.39143181, 0.30158997, 1.55773675
6233, 32613455, 32613972, 1.45028317, 1.39219475, 0.42857361, 1.44234896
6234, 32614455, 32614986, 1.45452392, 1.39295769, 0.49206543, 1.44234896
6235, 32615455, 32615988, 1.45881248, 1.39410210, 0.61904907, 1.32696104
6236, 32616455, 32616980, 1.46314955, 1.39524651, 0.71428680, 1.21157312
6237, 32617455, 32617982, 1.46753597, 1.39677238, 0.80952454, 1.09618521
6238, 32618455, 32618983, 1.47197258, 1.39829826, 0.90476227, 0.86540931
6239, 32619455, 32619983, 1.47645891, 1.39944267, 1.03174591, 1.09618521
6240, 32620455, 32620979, 1.48099351, 1.40096855, 1.12698364, 1.32696104
6241, 32621455, 32621985, 1.48557436, 1.40249443, 1.22222137, 0.98079723
6242, 32622455, 32622985, 1.49020052, 1.40478325, 1.31745911, 1.44234896
6243, 32623455, 32623986, 1.49486995, 1.40631008, 1.41269684, 1.32696104
6244, 32624455, 32624984, 1.49957991, 1.40821743, 1.53968048, 1.32696104
6245, 32625455, 32625982, 1.50432706, 1.41012478, 1.60317230, 1.32696104
6246, 32626455, 32626984, 1.50910962, 1.41203213, 1.69841003, 1.21157312
6247, 32627455, 32627982, 1.51392567, 1.41470242, 1.85713959, 1.32696104
6248, 32628455, 32628984, 1.51877284, 1.41660976, 1.88888550, 1.09618521
6249, 32629455, 32629985, 1.52364779, 1.41889858, 1.95237732, 1.55773675
6250, 32630455, 32630983, 1.52854753, 1.42156887, 2.04762268, 1.32696104
6251, 32631455, 32631979, 1.53346908, 1.42385769, 2.11111450, 1.44234896
6252, 32632455, 32632981, 1.53840840, 1.42652798, 2.20635223, 1.32696104
6253, 32633455, 32633977, 1.54336190, 1.42881680, 2.26984406, 0.98079723
6254, 32634455, 32634980, 1.54832482, 1.43148708, 2.36508179, 0.86540931
6255, 32635455, 32635986, 1.55329311, 1.43415737, 2.33333588, 1.32696104
6256, 32636455, 32636980, 1.55826294, 1.43720913, 2.46031952, 1.44234896
6257, 32637455, 32637986, 1.56323147, 1.44026089, 2.58730316, 1.32696104
6258, 32638455, 32638978, 1.56819665, 1.44331264, 2.65079498, 1.21157312
6259, 32639455, 32639980, 1.57315540, 1.44636440, 2.74603271, 0.98079723
6260, 32640455, 32640981, 1.57810438, 1.44941616, 2.77777863, 1.32696104
6261, 32641455, 32641979, 1.58304214, 1.45246792, 2.87301636, 1.21157312
6262, 32642455, 32642977, 1.58796811, 1.45590115, 2.96825409, 1.32696104
6263, 32643455, 32643981, 1.59288120, 1.45895290, 3.03174591, 0.86540931
6264, 32644455, 32644979, 1.59777844, 1.46238613, 3.12698364, 0.75002146
6265, 32645455, 32645983, 1.60265851, 1.46581936, 3.19047546, 0.86540931
6266, 32646455, 32646982, 1.60752118, 1.46963501, 3.25396729, 0.51924562
6267, 32647455, 32647980, 1.61236584, 1.47306824, 3.28571320, 0.75002146
6268, 32648455, 32648988, 1.61719310, 1.47650146, 3.34920502, 0.98079723
6269, 32649455, 32649980, 1.62200212, 1.48031616, 3.41269684, 0.86540931
6270, 32650455, 32650982, 1.62679088, 1.48413086, 3.47618866, 0.63463354
6271, 32651455, 32651981, 1.63155758, 1.48756409, 3.50793457, 1.44234896
6272, 32652455, 32652981, 1.63629949, 1.49137878, 3.53968048, 0.86540931
6273, 32653455, 32653981, 1.64101458, 1.49519348, 3.57142639, 0.51924562
6274, 32654455, 32654981, 1.64569974, 1.49900818, 3.63491821, 0.86540931
6275, 32655455, 32655983, 1.65035021, 1.50282288, 3.66666412, 0.86540931
6276, 32656455, 32656984, 1.65496218, 1.50663757, 3.69841003, 0.75002146
6277, 32657455, 32657978, 1.65953159, 1.51045227, 3.73015594, 0.75002146
6278, 32658455, 32658992, 1.66405404, 1.51426697, 3.73015594, 0.86540931
6279, 32659455, 32659984, 1.66852713, 1.51808167, 3.76190186, 0.63463354
6280, 32660455, 32660982, 1.67294776, 1.52227783, 3.79364777, 0.63463354
6281, 32661455, 32661984, 1.67731285, 1.52609253, 3.82539368, 0.98079723
6282, 32662455, 32662985, 1.68161929, 1.53028870, 3.85713959, 0.28846979
6283, 32663455, 32663985, 1.68586481, 1.53410435, 3.85713959, 0.28846979
6284, 32664455, 32664995, 1.69004714, 1.53830051, 3.92063141, 0.86540931
6285, 32665455, 32665993, 1.69416428, 1.54249668, 3.92063141, 0.86540931
6286, 32666455, 32666989, 1.69821417, 1.54669285, 3.95237732, 0.75002146
6287, 32667455, 32667985, 1.70219517, 1.55050755, 3.98412323, 0.98079723
6288, 32668455, 32668984, 1.70610547, 1.55432224, 4.01587677, 0.51924562
6289, 32669455, 32669990, 1.70994353, 1.55889988, 4.01587677, 0.75002146
6290, 32670455, 32670984, 1.71370721, 1.56309605, 4.07936859, 0.17308187
6291, 32671455, 32671984, 1.71739447, 1.56729221, 4.11111450, 0.17308187
6292, 32672455, 32672984, 1.72100413, 1.57110691, 4.11111450, 0.05769395
6293, 32673455, 32673978, 1.72453487, 1.57530308, 4.11111450, 0.63463354
6294, 32674455, 32674979, 1.72798586, 1.57949924, 4.14286041, 0.63463354
6295, 32675455, 32675977, 1.73135626, 1.58369541, 4.14286041, 0.40385768
6296, 32676455, 32676985, 1.73464513, 1.58751011, 4.14286041, 0.51924562
6297, 32677455, 32677991, 1.73785233, 1.59208775, 4.14286041, 0.28846979
6298, 32678455, 32678979, 1.74097764, 1.59590340, 4.11111450, 0.17308187
6299, 32679455, 32679982, 1.74402010, 1.60048103, 4.11111450, 0.28846979
6300, 32680455, 32680988, 1.74697924, 1.60429573, 4.07936859, 0.28846979
6301, 32681455, 32681984, 1.74985468, 1.60849190, 4.11111450, 0.28846979
6302, 32682455, 32682988, 1.75264621, 1.61268806, 4.11111450, 0.28846979
6303, 32683455, 32683988, 1.75535393, 1.61650276, 4.11111450, -0.05769395
6304, 32684455, 32684983, 1.75797689, 1.62069893, 4.11111450, 0.51924562
6305, 32685455, 32685987, 1.76051366, 1.62489510, 4.11111450, 0.28846979
6306, 32686455, 32686985, 1.76296365, 1.62870979, 4.11111450, 0.17308187
6307, 32687455, 32687985, 1.76532650, 1.63290596, 4.07936859, 0.17308187
6308, 32688455, 32688981, 1.76760054, 1.63672066, 4.07936859, 0.28846979
6309, 32689455, 32689987, 1.76978469, 1.64091682, 4.01587677, 0.17308187
6310, 32690455, 32690988, 1.77187884, 1.64473152, 3.98412323, 0.05769395
6311, 32691455, 32691984, 1.77388215, 1.64854622, 3.98412323, 0.51924562
6312, 32692455, 32692986, 1.77579391, 1.65236092, 3.92063141, 0.17308187
6313, 32693455, 32693986, 1.77761269, 1.65617561, 3.88888550, -0.05769395
6314, 32694455, 32694986, 1.77933812, 1.65999126, 3.88888550, -0.05769395
6315, 32695455, 32695982, 1.78096867, 1.66342449, 3.85713959, 0.17308187
6316, 32696455, 32696979, 1.78250289, 1.66723919, 3.82539368, -0.05769395
6317, 32697455, 32697985, 1.78393984, 1.67067242, 3.79364777, -0.05769395
6318, 32698455, 32698981, 1.78527832, 1.67448711, 3.76190186, -0.05769395
6319, 32699455, 32699983, 1.78651738, 1.67792034, 3.69841003, 0.05769395
6320, 32700455, 32700983, 1.78765583, 1.68173504, 3.69841003, -0.17308187
6321, 32701455, 32701988, 1.78869331, 1.68516827, 3.66666412, 0.05769395
6322, 32702455, 32702982, 1.78963041, 1.68860149, 3.60317230, -0.40385768
6323, 32703455, 32703984, 1.79046798, 1.69203472, 3.53968048, 0.05769395
6324, 32704455, 32704984, 1.79120743, 1.69508648, 3.50793457, -0.05769395
6325, 32705455, 32705980, 1.79185081, 1.69851971, 3.44444275, -0.05769395
6326, 32706455, 32706978, 1.79239988, 1.70118999, 3.38095093, -0.40385768
6327, 32707455, 32707981, 1.79285669, 1.70462322, 3.34920502, -0.28846979
6328, 32708455, 32708987, 1.79322350, 1.70767498, 3.28571320, -0.17308187
6329, 32709455, 32709983, 1.79350293, 1.71034527, 3.22222137, -0.05769395
6330, 32710455, 32710981, 1.79369771, 1.71339703, 3.19047546, 0.17308187
6331, 32711455, 32711981, 1.79381049, 1.71644878, 3.12698364, -0.05769395
6332, 32712455, 32712981, 1.79384422, 1.71950150, 3.03174591, -0.05769395
6333, 32713455, 32713978, 1.79380250, 1.72217178, 3.00000000, -0.28846979
6334, 32714455, 32714980, 1.79368877, 1.72484207, 2.93650818, -0.17308187
6335, 32715455, 32715982, 1.79350567, 1.72751236, 2.90476227, -0.17308187
6336, 32716455, 32716980, 1.79325688, 1.73018265, 2.84127045, -0.17308187
6337, 32717455, 32717978, 1.79294634, 1.73247147, 2.77777863, -0.51924562
6338, 32718455, 32718976, 1.79257882, 1.73514175, 2.71428680, -0.40385768
6339, 32719455, 32719977, 1.79215908, 1.73781204, 2.65079498, -0.40385768
6340, 32720455, 32720979, 1.79169071, 1.73971939, 2.61904907, -0.40385768
6341, 32721455, 32721983, 1.79117727, 1.74238968, 2.55555725, -0.28846979
6342, 32722455, 32722977, 1.79062343, 1.74429703, 2.46031952, -0.28846979
6343, 32723455, 32723981, 1.79003501, 1.74620438, 2.36508179, -0.05769395
6344, 32724455, 32724977, 1.78941631, 1.74849319, 2.30158997, -0.17308187
6345, 32725455, 32725980, 1.78877175, 1.75040054, 2.23809814, -0.51924562
6346, 32726455, 32726978, 1.78810585, 1.75192642, 2.14286041, -0.05769395
6347, 32727455, 32727978, 1.78742409, 1.75383377, 2.07936859, -0.40385768
6348, 32728455, 32728982, 1.78673136, 1.75535965, 1.98412323, -0.63463354
6349, 32729455, 32729978, 1.78603208, 1.75688553, 1.88888550, -0.75002146
6350, 32730455, 32730978, 1.78532946, 1.75841141, 1.82539368, -0.51924562
6351, 32731455, 32731981, 1.78462744, 1.75955582, 1.73015594, -0.63463354
6352, 32732455, 32732979, 1.78392935, 1.76070023, 1.63491821, -0.51924562
6353, 32733455, 32733981, 1.78323710, 1.76184464, 1.50793457, -0.28846979
6354, 32734455, 32734977, 1.78255188, 1.76260757, 1.38095093, -0.28846979
6355, 32735455, 32735985, 1.78187418, 1.76375198, 1.31745911, -0.17308187
6356, 32736455, 32736976, 1.78120482, 1.76489639, 1.19047546, -0.51924562
6357, 32737455, 32737978, 1.78054273, 1.76527786, 1.09523773, -0.51924562
6358, 32738455, 32738976, 1.77988768, 1.76604080, 1.00000000, -0.51924562
6359, 32739455, 32739986, 1.77923810, 1.76680374, 0.90476227, -0.75002146
6360, 32740455, 32740978, 1.77859223, 1.76718521, 0.87301636, -0.17308187
6361, 32741455, 32741975, 1.77794695, 1.76794815, 0.80952454, -0.40385768
6362, 32742455, 32742975, 1.77729857, 1.76794815, 0.74603271, -0.28846979
6363, 32743455, 32743977, 1.77664399, 1.76871109, 0.65079498, -0.86540931
6364, 32744455, 32744973, 1.77598083, 1.76909256, 0.58730316, -0.40385768
6365, 32745455, 32745977, 1.77530503, 1.76947403, 0.52381134, -0.40385768
6366, 32746455, 32746975, 1.77461314, 1.76947403, 0.49206543, -0.86540931
6367, 32747455, 32747976, 1.77390182, 1.76985550, 0.42857361, -0.40385768
6368, 32748455, 32748976, 1.77316761, 1.76985550, 0.36508179, -0.17308187
6369, 32749455, 32749974, 1.77240765, 1.76985550, 0.26984406, -0.28846979
6370, 32750455, 32750974, 1.77161896, 1.76947403, 0.20635223, -0.17308187
6371, 32751455, 32751984, 1.77079856, 1.76947403, 0.14286041, -0.51924562
6372, 32752455, 32752988, 1.76994359, 1.76909256, 0.04762268, -0.40385768
6373, 32753455, 32753987, 1.76905084, 1.76909256, 0.01587677, -0.17308187
6374, 32754455, 32754973, 1.76811695, 1.76871109, -0.04762268, -0.28846979
6375, 32755455, 32755975, 1.76713967, 1.76871109, -0.11111450, -0.17308187
6376, 32756455, 32756971, 1.76611650, 1.76832962, -0.17460632, -0.51924562
6377, 32757455, 32757987, 1.76504576, 1.76794815, -0.20635223, -0.40385768
6378, 32758455, 32758973, 1.76392424, 1.76794815, -0.23809814, -0.40385768
6379, 32759455, 32759970, 1.76274955, 1.76756668, -0.26984406, -0.40385768
6380, 32760455, 32760988, 1.76152158, 1.76680374, -0.26984406, -0.05769395
6381, 32761455, 32761988, 1.76023901, 1.76642227, -0.33333588, 0.05769395
6382, 32762455, 32762990, 1.75890064, 1.76604080, -0.33333588, 0.17308187
6383, 32763455, 32763990, 1.75750518, 1.76565933, -0.36508179, 0.17308187
6384, 32764455, 32764986, 1.75604951, 1.76489639, -0.39682770, 0.17308187
6385, 32765455, 32765983, 1.75453281, 1.76489639, -0.42857361, -0.05769395
6386, 32766455, 32766987, 1.75295401, 1.76413345, -0.46031952, -0.05769395
6387, 32767455, 32767987, 1.75131142, 1.76337051, -0.46031952, -0.05769395
6388, 32768455, 32768991, 1.74960458, 1.76298904, -0.49206543, -0.05769395
6389, 32769455, 32769991, 1.74783182, 1.76222610, -0.49206543, 0.05769395
6390, 32770455, 32770989, 1.74599183, 1.76184464, -0.52381134, -0.05769395
6391, 32771455, 32771990, 1.74408281, 1.76146317, -0.55555725, -0.05769395
6392, 32772455, 32772988, 1.74210429, 1.76070023, -0.55555725, 0.05769395
6393, 32773455, 32773988, 1.74005520, 1.75993729, -0.55555725, 0.05769395
6394, 32774455, 32774986, 1.73793364, 1.75955582, -0.55555725, 0.05769395
6395, 32775455, 32775986, 1.73573816, 1.75879288, -0.58730316, 0.17308187
6396, 32776455, 32776987, 1.73346782, 1.75802994, -0.58730316, 0.17308187
6397, 32777455, 32777989, 1.73112154, 1.75726700, -0.61904907, 0.17308187
6398, 32778455, 32778989, 1.72869778, 1.75650406, -0.65079498, 0.05769395
6399, 32779455, 32779989, 1.72619629, 1.75574112, -0.65079498, 0.17308187
6400, 32780455, 32780987, 1.72361672, 1.75535965, -0.68254089, 0.05769395
6401, 32781455, 32781981, 1.72095823, 1.75459671, -0.68254089, 0.05769395
6402, 32782455, 32782988, 1.71821952, 1.75383377, -0.68254089, 0.05769395
6403, 32783455, 32783984, 1.71540105, 1.75307083, -0.71428680, 0.17308187
6404, 32784455, 32784984, 1.71250355, 1.75192642, -0.74603271, 0.05769395
6405, 32785455, 32785984, 1.70952654, 1.75154495, -0.74603271, 0.05769395
6406, 32786455, 32786978, 1.70647061, 1.75040054, -0.77777863, 0.28846979
6407, 32787455, 32787984, 1.70333600, 1.74963760, -0.77777863, -0.05769395
6408, 32788455, 32788983, 1.70012283, 1.74887466, -0.80952454, 0.17308187
6409, 32789455, 32789983, 1.69683182, 1.74811172, -0.84127045, 0.17308187
6410, 32790455, 32790981, 1.69346309, 1.74696732, -0.87301636, -0.05769395
6411, 32791455, 32791983, 1.69001639, 1.74582291, -0.87301636, 0.05769395
6412, 32792455, 32792985, 1.68649220, 1.74505997, -0.90476227, 0.05769395
6413, 32793455, 32793990, 1.68289125, 1.74429703, -0.93650818, 0.05769395
6414, 32794455, 32794982, 1.67921293, 1.74315262, -0.90476227, -0.17308187
6415, 32795455, 32795980, 1.67545736, 1.74238968, -0.93650818, -0.17308187
6416, 32796455, 32796986, 1.67162442, 1.74124527, -0.96825409, -0.17308187
6417, 32797455, 32797984, 1.66771472, 1.73971939, -1.00000000, -0.40385768
6418, 32798455, 32798981, 1.66372812, 1.73895645, -1.00000000, -0.51924562
6419, 32799455, 32799985, 1.65966582, 1.73781204, -1.03174591, -0.28846979
6420, 32800455, 32800983, 1.65552866, 1.73628616, -1.06349182, -0.28846979
6421, 32801455, 32801977, 1.65131700, 1.73514175, -1.09523773, -0.40385768
6422, 32802455, 32802985, 1.64703214, 1.73361588, -1.15872955, -0.40385768
6423, 32803455, 32803985, 1.64267445, 1.73247147, -1.22222137, -0.63463354
6424, 32804455, 32804984, 1.63824403, 1.73094559, -1.25396729, -0.51924562
6425, 32805455, 32805976, 1.63374174, 1.72903824, -1.28571320, -0.63463354
6426, 32806455, 32806984, 1.62916851, 1.72789383, -1.34920502, -0.63463354
6427, 32807455, 32807982, 1.62452495, 1.72598648, -1.41269684, -0.75002146
6428, 32808455, 32808976, 1.61981261, 1.72446060, -1.47618866, -0.63463354
6429, 32809455, 32809978, 1.61503232, 1.72255325, -1.50793839, -0.86540931
6430, 32810455, 32810979, 1.61018598, 1.72064590, -1.60317612, -0.75002146
6431, 32811455, 32811977, 1.60527492, 1.71873760, -1.63492203, -0.86540931
6432, 32812455, 32812983, 1.60029972, 1.71644878, -1.73015976, -0.51924562
6433, 32813455, 32813981, 1.59526169, 1.71415997, -1.82539749, -0.63463354
6434, 32814455, 32814983, 1.59016275, 1.71187115, -1.92063522, -0.75002146
6435, 32815455, 32815985, 1.58500361, 1.70958233, -2.01587296, -0.63463354
6436, 32816455, 32816982, 1.57978523, 1.70691204, -2.07936478, -0.75002146
6437, 32817455, 32817978, 1.57450891, 1.70424175, -2.20634842, -1.09618521
6438, 32818455, 32818978, 1.56917477, 1.70157146, -2.26984024, -0.63463354
6439, 32819455, 32819980, 1.56378293, 1.69890118, -2.39682388, -0.75002146
6440, 32820455, 32820982, 1.55833459, 1.69623089, -2.46031570, -0.86540931
6441, 32821455, 32821977, 1.55283129, 1.69317913, -2.55555725, -0.86540931
6442, 32822455, 32822981, 1.54727459, 1.69012737, -2.65079498, -0.86540931
6443, 32823455, 32823987, 1.54166532, 1.68707561, -2.71428680, -0.86540931
6444, 32824455, 32824979, 1.53600395, 1.68402386, -2.80952454, -0.40385768
6445, 32825455, 32825985, 1.53029203, 1.68059063, -2.90476227, -0.63463354
6446, 32826455, 32826981, 1.52453160, 1.67715740, -2.96825409, -0.51924562
6447, 32827455, 32827978, 1.51872385, 1.67410564, -3.06349182, -0.63463354
6448, 32828455, 32828982, 1.51287031, 1.67029095, -3.19047546, -0.51924562
6449, 32829455, 32829986, 1.50697267, 1.66685772, -3.25396729, -0.75002146
6450, 32830455, 32830988, 1.50103223, 1.66342449, -3.34920502, -0.75002146
6451, 32831455, 32831986, 1.49505043, 1.65960979, -3.41269684, -0.75002146
6452, 32832455, 32832985, 1.48902833, 1.65579414, -3.47618866, -0.75002146
6453, 32833455, 32833979, 1.48296690, 1.65197945, -3.53968430, -0.75002146
6454, 32834455, 32834989, 1.47686779, 1.64778328, -3.63492203, -0.63463354
6455, 32835455, 32835989, 1.47073364, 1.64396858, -3.73015976, -0.40385768
6456, 32836455, 32836977, 1.46456695, 1.64015388, -3.79365158, -0.51924562
6457, 32837455, 32837989, 1.45836949, 1.63557625, -3.85714340, -0.63463354
6458, 32838455, 32838988, 1.45214307, 1.63138008, -3.92063522, -0.75002146
6459, 32839455, 32839988, 1.44588923, 1.62718391, -4.01587296, -0.51924562
6460, 32840455, 32840988, 1.43960905, 1.62260628, -4.04761887, -0.63463354
6461, 32841455, 32841988, 1.43330562, 1.61841011, -4.11111069, -0.40385768
6462, 32842455, 32842980, 1.42698109, 1.61383247, -4.20634842, -0.17308187
6463, 32843455, 32843985, 1.42063737, 1.60925484, -4.26984024, -0.05769395
6464, 32844455, 32844989, 1.41427588, 1.60429573, -4.36507797, -0.05769395
6465, 32845455, 32845985, 1.40789890, 1.60009956, -4.42856979, -0.40385768
6466, 32846455, 32846979, 1.40150905, 1.59514046, -4.52381134, -0.40385768
6467, 32847455, 32847983, 1.39511013, 1.59056187, -4.58730316, -0.17308187
6468, 32848455, 32848985, 1.38870490, 1.58560276, -4.65079498, -0.17308187
6469, 32849455, 32849988, 1.38229680, 1.58064365, -4.68254089, -0.17308187
6470, 32850455, 32850986, 1.37588799, 1.57606602, -4.71428680, -0.05769395
6471, 32851455, 32851988, 1.36948144, 1.57072544, -4.77777863, -0.05769395
6472, 32852455, 32852988, 1.36308074, 1.56614780, -4.80952454, -0.17308187
6473, 32853455, 32853980, 1.35668969, 1.56118870, -4.84127045, -0.40385768
6474, 32854455, 32854980, 1.35031307, 1.55584812, -4.87301636, -0.28846979
6475, 32855455, 32855983, 1.34395373, 1.55050755, -4.90476227, -0.05769395
6476, 32856455, 32856981, 1.33761370, 1.54554844, -4.96825409, 0.05769395
6477, 32857455, 32857981, 1.33129585, 1.54058933, -5.03174591, -0.17308187
6478, 32858455, 32858981, 1.32500291, 1.53524876, -5.03174591, -0.05769395
6479, 32859455, 32859981, 1.31873715, 1.52990723, -5.06349182, -0.28846979
6480, 32860455, 32860982, 1.31250036, 1.52494812, -5.12698364, -0.17308187
6481, 32861455, 32861980, 1.30629456, 1.51922607, -5.15872955, -0.28846979
6482, 32862455, 32862984, 1.30012131, 1.51426697, -5.19047546, -0.05769395
6483, 32863455, 32863982, 1.29398036, 1.50892639, -5.22222137, -0.05769395
6484, 32864455, 32864980, 1.28787303, 1.50358582, -5.25396729, -0.28846979
6485, 32865455, 32865982, 1.28179991, 1.49824524, -5.28571320, -0.05769395
6486, 32866455, 32866981, 1.27576220, 1.49290466, -5.31745911, -0.17308187
6487, 32867455, 32867979, 1.26976252, 1.48718262, -5.31745911, -0.05769395
6488, 32868455, 32868981, 1.26380277, 1.48184204, -5.34920502, -0.05769395
6489, 32869455, 32869981, 1.25788653, 1.47612000, -5.38095093, 0.05769395
6490, 32870455, 32870981, 1.25201857, 1.47077942, -5.41269684, -0.40385768
6491, 32871455, 32871992, 1.24620616, 1.46543789, -5.44444275, -0.17308187
6492, 32872455, 32872976, 1.24045920, 1.45933437, -5.47618866, -0.28846979
6493, 32873455, 32873976, 1.23478913, 1.45399380, -5.53968430, 0.28846979
6494, 32874455, 32874980, 1.22920787, 1.44827175, -5.53968430, 0.17308187
6495, 32875455, 32875982, 1.22373247, 1.44293118, -5.60317612, 0.05769395
6496, 32876455, 32876978, 1.21838307, 1.43682766, -5.60317612, -0.05769395
6497, 32877455, 32877975, 1.21318555, 1.43148708, -5.63492203, -0.28846979
6498, 32878455, 32878975, 1.20817041, 1.42576504, -5.60317612, -0.28846979
6499, 32879455, 32879979, 1.20336974, 1.42042446, -5.60317612, 0.28846979
6500, 32880455, 32880979, 1.19881964, 1.41470242, -5.63492203, 0.17308187
6501, 32881455, 32881987, 1.19455731, 1.40898037, -5.63492203, 0.05769395
6502, 32882455, 32882975, 1.19062638, 1.40325737, -5.63492203, 0.05769395
6503, 32883455, 32883990, 1.18707085, 1.39753532, -5.66666794, -0.17308187
6504, 32884455, 32884978, 1.18394065, 1.39181328, -5.79365158, -0.17308187
6505, 32885455, 32885980, 1.18128526, 1.38570976, -5.69841385, 0.05769395
6506, 32886455, 32886974, 1.17916203, 1.37998772, -5.73015976, 0.28846979
6507, 32887455, 32887974, 1.17762029, 1.37464714, -5.73015976, 0.05769395
6508, 32888455, 32888977, 1.17671204, 1.36892509, -5.76190567, 0.17308187
6509, 32889455, 32889977, 1.17647338, 1.36320305, -5.73015976, -0.05769395
6510, 32890455, 32890975, 1.17691743, 1.35748100, -5.73015976, 0.05769395
6511, 32891455, 32891973, 1.17802072, 1.35175896, -5.69841385, 0.51924562
6512, 32892455, 32892973, 1.17973232, 1.34641838, -5.60317612, 0.75002146
6513, 32893455, 32893975, 1.18196845, 1.34107685, -5.63492203, 1.32696104
6514, 32894455, 32894974, 1.18463361, 1.33573627, -5.63492203, 1.44234896
6515, 32895455, 32895974, 1.18762660, 1.33001423, -5.60317612, 1.21157312
6516, 32896455, 32896982, 1.19086504, 1.32505512, -5.50793839, 1.55773675
6517, 32897455, 32897970, 1.19427919, 1.32047749, -5.47618866, 2.25006437
6518, 32898455, 32898970, 1.19781458, 1.31513691, -5.38095093, 1.90390050
6519, 32899455, 32899974, 1.20142281, 1.31094074, -5.28571320, 1.90390050
6520, 32900455, 32900985, 1.20507121, 1.30636311, -5.12698364, 2.25006437
6521, 32901455, 32901973, 1.20873618, 1.30216694, -4.96825409, 2.36545229
6522, 32902455, 32902971, 1.21240437, 1.29835224, -4.80952454, 2.13467646
6523, 32903455, 32903973, 1.21607161, 1.29453754, -4.65079498, 1.90390050
6524, 32904455, 32904983, 1.21974099, 1.29072285, -4.46031570, 2.25006437
6525, 32905455, 32905969, 1.22342050, 1.28728962, -4.26984024, 2.59622812
6526, 32906455, 32906972, 1.22712219, 1.28423786, -4.04761887, 2.59622812
6527, 32907455, 32907968, 1.23086178, 1.28118515, -3.85714340, 2.36545229
6528, 32908455, 32908982, 1.23465514, 1.27851486, -3.66666794, 2.13467646
6529, 32909455, 32909982, 1.23851550, 1.27622604, -3.44444275, 2.36545229
6530, 32910455, 32910974, 1.24245417, 1.27355576, -3.22222137, 2.25006437
6531, 32911455, 32911984, 1.24647987, 1.27164841, -3.00000000, 2.48084021
6532, 32912455, 32912985, 1.25059628, 1.27012253, -2.80952454, 2.59622812
6533, 32913455, 32913987, 1.25480616, 1.26821518, -2.58730316, 1.78851259
6534, 32914455, 32914983, 1.25910962, 1.26707077, -2.36507797, 2.01928854
6535, 32915455, 32915979, 1.26350570, 1.26592636, -2.14285660, 1.67312467
6536, 32916455, 32916983, 1.26799130, 1.26478195, -1.95238113, 1.90390050
6537, 32917455, 32917981, 1.27256262, 1.26401901, -1.73015976, 1.55773675
6538, 32918455, 32918982, 1.27721679, 1.26363754, -1.50793839, 1.44234896
6539, 32919455, 32919986, 1.28194809, 1.26287460, -1.28571320, 1.55773675
6540, 32920455, 32920988, 1.28675020, 1.26249313, -1.09523773, 1.44234896
6541, 32921455, 32921980, 1.29161906, 1.26249313, -0.90476227, 1.44234896
6542, 32922455, 32922982, 1.29655159, 1.26249313, -0.71428680, 1.32696104
6543, 32923455, 32923981, 1.30154717, 1.26287460, -0.49206543, 1.21157312
6544, 32924455, 32924987, 1.30660546, 1.26325607, -0.33333588, 1.09618521
6545, 32925455, 32925983, 1.31172550, 1.26363754, -0.17460632, 1.32696104
6546, 32926455, 32926987, 1.31690776, 1.26440048, -0.01587677, 1.44234896
6547, 32927455, 32927981, 1.32215393, 1.26478195, 0.14286041, 1.67312467
6548, 32928455, 32928984, 1.32746410, 1.26592636, 0.26984406, 1.44234896
6549, 32929455, 32929982, 1.33283889, 1.26707077, 0.42857361, 1.32696104
6550, 32930455, 32930984, 1.33827853, 1.26821518, 0.58730316, 1.55773675
6551, 32931455, 32931984, 1.34378266, 1.26974106, 0.71428680, 1.55773675
6552, 32932455, 32932984, 1.34935164, 1.27088547, 0.80952454, 1.55773675
6553, 32933455, 32933986, 1.35498619, 1.27241135, 0.96825409, 1.78851259
6554, 32934455, 32934981, 1.36068857, 1.27393723, 1.09523773, 1.67312467
6555, 32935455, 32935983, 1.36645758, 1.27584457, 1.19047546, 1.67312467
6556, 32936455, 32936981, 1.37229311, 1.27737045, 1.34920502, 1.67312467
6557, 32937455, 32937987, 1.37819660, 1.27965927, 1.47618866, 1.55773675
6558, 32938455, 32938983, 1.38416898, 1.28194904, 1.57142639, 1.44234896
6559, 32939455, 32939979, 1.39021051, 1.28385639, 1.69841003, 1.44234896
6560, 32940455, 32940980, 1.39632046, 1.28614521, 1.82539368, 1.90390050
6561, 32941455, 32941984, 1.40249836, 1.28881550, 1.92063141, 1.78851259
6562, 32942455, 32942982, 1.40874231, 1.29148579, 2.04762268, 1.44234896
6563, 32943455, 32943978, 1.41505027, 1.29415607, 2.17460632, 1.32696104
6564, 32944455, 32944976, 1.42141926, 1.29682636, 2.26984406, 1.32696104
6565, 32945455, 32945979, 1.42784667, 1.29949665, 2.39682770, 1.21157312
6566, 32946455, 32946977, 1.43433034, 1.30254841, 2.49206543, 1.32696104
6567, 32947455, 32947977, 1.44086850, 1.30560017, 2.61904907, 1.67312467
6568, 32948455, 32948981, 1.44745636, 1.30865192, 2.71428680, 1.67312467
6569, 32949455, 32949983, 1.45409071, 1.31208515, 2.84127045, 1.67312467
6570, 32950455, 32950981, 1.46076655, 1.31551838, 2.93650818, 1.32696104
6571, 32951455, 32951980, 1.46747661, 1.31895161, 3.03174591, 1.32696104
6572, 32952455, 32952982, 1.47421396, 1.32276630, 3.12698364, 1.44234896
6573, 32953455, 32953980, 1.48097432, 1.32619953, 3.22222137, 1.21157312
6574, 32954455, 32954980, 1.48775005, 1.33001423, 3.34920502, 0.98079723
6575, 32955455, 32955980, 1.49453557, 1.33382893, 3.41269684, 1.09618521
6576, 32956455, 32956981, 1.50132477, 1.33802509, 3.50793457, 1.09618521
6577, 32957455, 32957981, 1.50811172, 1.34183979, 3.60317230, 1.21157312
6578, 32958455, 32958981, 1.51489007, 1.34603691, 3.73015594, 1.09618521
6579, 32959455, 32959979, 1.52165556, 1.35023308, 3.79364777, 1.55773675
6580, 32960455, 32960987, 1.52840400, 1.35442924, 3.92063141, 1.32696104
6581, 32961455, 32961981, 1.53512990, 1.35862541, 3.98412323, 1.32696104
6582, 32962455, 32962982, 1.54182923, 1.36320305, 4.04762268, 1.21157312
6583, 32963455, 32963984, 1.54849553, 1.36739922, 4.14286041, 1.21157312
6584, 32964455, 32964982, 1.55512321, 1.37235832, 4.20635223, 1.44234896
6585, 32965455, 32965980, 1.56170762, 1.37693596, 4.30158997, 1.09618521
6586, 32966455, 32966978, 1.56824493, 1.38151360, 4.36508179, 1.32696104
6587, 32967455, 32967978, 1.57473171, 1.38609123, 4.42857361, 1.21157312
6588, 32968455, 32968979, 1.58116424, 1.39105034, 4.52381134, 0.98079723
6589, 32969455, 32969977, 1.58753932, 1.39600945, 4.58730316, 0.86540931
6590, 32970455, 32970977, 1.59385335, 1.40096855, 4.68254089, 0.98079723
6591, 32971455, 32971977, 1.60010397, 1.40592766, 4.74603271, 0.86540931
6592, 32972455, 32972975, 1.60629034, 1.41126919, 4.80952454, 0.75002146
6593, 32973455, 32973978, 1.61241221, 1.41622829, 4.84127045, 1.32696104
6594, 32974455, 32974976, 1.61847091, 1.42156887, 4.90476227, 1.09618521
6595, 32975455, 32975982, 1.62446499, 1.42652798, 4.96825409, 0.86540931
6596, 32976455, 32976984, 1.63039088, 1.43186855, 5.00000000, 0.63463354
6597, 32977455, 32977976, 1.63624549, 1.43682766, 5.06349182, 0.75002146
6598, 32978455, 32978976, 1.64202762, 1.44216824, 5.06349182, 0.86540931
6599, 32979455, 32979977, 1.64773607, 1.44712734, 5.12698364, 1.09618521
6600, 32980455, 32980981, 1.65337014, 1.45246792, 5.12698364, 0.75002146
6601, 32981455, 32981983, 1.65893054, 1.45818996, 5.19047546, 0.63463354
6602, 32982455, 32982983, 1.66441512, 1.46353054, 5.19047546, 0.51924562
6603, 32983455, 32983979, 1.66982377, 1.46887207, 5.22222137, 0.51924562
6604, 32984455, 32984983, 1.67515683, 1.47421265, 5.28571320, 0.51924562
6605, 32985455, 32985984, 1.68041384, 1.47955322, 5.28571320, 0.40385768
6606, 32986455, 32986984, 1.68559396, 1.48527527, 5.31745911, 0.40385768
6607, 32987455, 32987988, 1.69069684, 1.49061584, 5.31745911, 0.40385768
6608, 32988455, 32988984, 1.69572234, 1.49595642, 5.38095093, 0.28846979
6609, 32989455, 32989986, 1.70066977, 1.50129700, 5.38095093, 0.63463354
6610, 32990455, 32990983, 1.70553935, 1.50663757, 5.41269684, 0.40385768
6611, 32991455, 32991985, 1.71033061, 1.51235962, 5.41269684, 0.40385768
6612, 32992455, 32992985, 1.71504080, 1.51770020, 5.41269684, 0.28846979
6613, 32993455, 32993983, 1.71966946, 1.52304077, 5.41269684, 0.75002146
6614, 32994455, 32994983, 1.72421575, 1.52876282, 5.41269684, 0.28846979
6615, 32995455, 32995982, 1.72867906, 1.53410435, 5.41269684, 0.28846979
6616, 32996455, 32996986, 1.73305762, 1.53944492, 5.41269684, 0.17308187
6617, 32997455, 32997984, 1.73735082, 1.54478550, 5.41269684, 0.28846979
6618, 32998455, 32998986, 1.74155986, 1.55050755, 5.41269684, 0.05769395
6619, 32999455, 32999986, 1.74568486, 1.55584812, 5.41269684, 0.05769395
6620, 33000455, 33000984, 1.74972439, 1.56157017, 5.41269684, 0.40385768
6621, 33001455, 33001987, 1.75367725, 1.56652927, 5.41269684, 0.17308187
6622, 33002455, 33002981, 1.75754118, 1.57186985, 5.44444275, 0.40385768
6623, 33003455, 33003979, 1.76131499, 1.57721043, 5.41269684, 0.28846979
6624, 33004455, 33004981, 1.76499701, 1.58255100, 5.38095093, 0.17308187
6625, 33005455, 33005983, 1.76858604, 1.58751011, 5.34920502, 0.40385768
6626, 33006455, 33006983, 1.77208197, 1.59323215, 5.34920502, 0.17308187
6627, 33007455, 33007982, 1.77548420, 1.59819221, 5.28571320, 0.17308187
6628, 33008455, 33008984, 1.77879226, 1.60353279, 5.28571320, -0.17308187
6629, 33009455, 33009980, 1.78200376, 1.60887337, 5.28571320, 0.05769395
6630, 33010455, 33010980, 1.78511798, 1.61383247, 5.25396729, 0.17308187
6631, 33011455, 33011978, 1.78813362, 1.61917305, 5.22222137, 0.28846979
6632, 33012455, 33012980, 1.79104972, 1.62413216, 5.19047546, 0.05769395
6633, 33013455, 33013981, 1.79386616, 1.62909126, 5.19047546, 0.05769395
6634, 33014455, 33014981, 1.79658175, 1.63405037, 5.12698364, -0.17308187
6635, 33015455, 33015983, 1.79919398, 1.63900948, 5.09523773, 0.05769395
6636, 33016455, 33016981, 1.80170286, 1.64396858, 5.06349182, -0.05769395
6637, 33017455, 33017979, 1.80410707, 1.64854622, 5.00000000, 0.17308187
6638, 33018455, 33018982, 1.80640471, 1.65350533, 4.93650818, -0.17308187
6639, 33019455, 33019984, 1.80859447, 1.65808392, 4.90476227, -0.05769395
6640, 33020455, 33020980, 1.81067431, 1.66266155, 4.84127045, -0.05769395
6641, 33021455, 33021978, 1.81264269, 1.66723919, 4.77777863, -0.05769395
6642, 33022455, 33022976, 1.81449807, 1.67181683, 4.77777863, -0.28846979
6643, 33023455, 33023981, 1.81623960, 1.67677593, 4.71428680, -0.05769395
6644, 33024455, 33024979, 1.81786656, 1.68097210, 4.65079498, -0.05769395
6645, 33025455, 33025975, 1.81937838, 1.68554974, 4.61904907, -0.28846979
6646, 33026455, 33026977, 1.82077456, 1.68974590, 4.55555725, -0.17308187
6647, 33027455, 33027977, 1.82205319, 1.69394207, 4.52381134, -0.17308187
6648, 33028455, 33028975, 1.82321298, 1.69851971, 4.49206543, -0.40385768
6649, 33029455, 33029978, 1.82425344, 1.70233440, 4.42857361, -0.05769395
6650, 33030455, 33030978, 1.82517278, 1.70653057, 4.36508179, -0.17308187
6651, 33031455, 33031976, 1.82596993, 1.71034527, 4.26984406, -0.40385768
6652, 33032455, 33032978, 1.82664394, 1.71454144, 4.23809814, 0.17308187
6653, 33033455, 33033980, 1.82719445, 1.71835613, 4.17460632, 0.05769395
6654, 33034455, 33034976, 1.82762110, 1.72217178, 4.11111450, -0.40385768
6655, 33035455, 33035975, 1.82792497, 1.72560501, 4.04762268, -0.40385768
6656, 33036455, 33036985, 1.82810593, 1.72941971, 3.92063141, -0.28846979
6657, 33037455, 33037975, 1.82816470, 1.73285294, 3.88888550, -0.40385768
6658, 33038455, 33038975, 1.82810247, 1.73666763, 3.82539368, -0.63463354
6659, 33039455, 33039971, 1.82792127, 1.73971939, 3.73015594, -0.86540931
6660, 33040455, 33040974, 1.82762241, 1.74315262, 3.63491821, -0.63463354
6661, 33041455, 33041972, 1.82720768, 1.74620438, 3.53968048, -0.51924562
6662, 33042455, 33042972, 1.82667792, 1.74925613, 3.44444275, -0.51924562
6663, 33043455, 33043972, 1.82603574, 1.75192642, 3.34920502, -0.40385768
6664, 33044455, 33044972, 1.82528245, 1.75497818, 3.25396729, -0.86540931
6665, 33045455, 33045972, 1.82442033, 1.75726700, 3.12698364, -0.86540931
6666, 33046455, 33046975, 1.82345200, 1.75955582, 3.00000000, -0.86540931
6667, 33047455, 33047975, 1.82238293, 1.76184464, 2.84127045, -0.51924562
6668, 33048455, 33048973, 1.82121789, 1.76413345, 2.71428680, -0.51924562
6669, 33049455, 33049985, 1.81996095, 1.76642227, 2.58730316, -0.86540931
6670, 33050455, 33050983, 1.81861830, 1.76794815, 2.42857361, -0.86540931
6671, 33051455, 33051987, 1.81719387, 1.77023697, 2.33333588, -1.21157312
6672, 33052455, 33052972, 1.81569314, 1.77214432, 2.23809814, -1.09618521
6673, 33053455, 33053986, 1.81412113, 1.77405167, 2.14286041, -1.09618521
6674, 33054455, 33054988, 1.81248307, 1.77557755, 2.07936859, -0.86540931
6675, 33055455, 33055984, 1.81078458, 1.77748489, 1.95237732, -0.75002146
6676, 33056455, 33056970, 1.80903113, 1.77862930, 1.85713959, -0.51924562
6677, 33057455, 33057984, 1.80722797, 1.77977371, 1.76190186, -0.40385768
6678, 33058455, 33058987, 1.80538034, 1.78091812, 1.66666412, -0.63463354
6679, 33059455, 33059991, 1.80349195, 1.78168201, 1.53968048, -0.75002146
6680, 33060455, 33060985, 1.80156684, 1.78282642, 1.41269684, -0.75002146
6681, 33061455, 33061973, 1.79961026, 1.78358936, 1.25396729, -0.28846979
6682, 33062455, 33062989, 1.79762650, 1.78397083, 1.12698364, -0.40385768
6683, 33063455, 33063986, 1.79561949, 1.78473377, 1.00000000, -0.40385768
6684, 33064455, 33064984, 1.79359174, 1.78511524, 0.90476227, -0.40385768
6685, 33065455, 33065982, 1.79154491, 1.78587818, 0.80952454, -0.51924562
6686, 33066455, 33066980, 1.78948104, 1.78625965, 0.71428680, -0.51924562
6687, 33067455, 33067968, 1.78740168, 1.78625965, 0.61904907, -0.51924562
6688, 33068455, 33068989, 1.78530657, 1.78664112, 0.52381134, -0.40385768
6689, 33069455, 33069985, 1.78319550, 1.78664112, 0.46031952, -0.40385768
6690, 33070455, 33070985, 1.78106749, 1.78664112, 0.36508179, -0.17308187
6691, 33071455, 33071985, 1.77892101, 1.78664112, 0.26984406, -0.05769395
6692, 33072455, 33072979, 1.77675462, 1.78625965, 0.20635223, -0.51924562
6693, 33073455, 33073983, 1.77456570, 1.78625965, 0.11111450, -0.40385768
6694, 33074455, 33074984, 1.77235091, 1.78587818, 0.01587677, -0.51924562
6695, 33075455, 33075982, 1.77010810, 1.78549671, -0.04762268, -0.40385768
6696, 33076455, 33076982, 1.76783442, 1.78511524, -0.11111450, -0.40385768
6697, 33077455, 33077986, 1.76552820, 1.78473377, -0.17460632, -0.05769395
6698, 33078455, 33078978, 1.76318598, 1.78435230, -0.23809814, -0.63463354
6699, 33079455, 33079984, 1.76080465, 1.78397083, -0.30158997, 0.05769395
6700, 33080455, 33080983, 1.75838101, 1.78320789, -0.36508179, 0.05769395
6701, 33081455, 33081987, 1.75591242, 1.78244495, -0.42857361, 0.05769395
6702, 33082455, 33082985, 1.75339746, 1.78130054, -0.49206543, -0.17308187
6703, 33083455, 33083983, 1.75083518, 1.78091812, -0.55555725, -0.05769395
6704, 33084455, 33084983, 1.74822259, 1.77977371, -0.65079498, -0.17308187
6705, 33085455, 33085983, 1.74555707, 1.77901077, -0.71428680, 0.05769395
6706, 33086455, 33086982, 1.74283779, 1.77786636, -0.74603271, -0.17308187
6707, 33087455, 33087982, 1.74006474, 1.77710342, -0.80952454, -0.17308187
6708, 33088455, 33088986, 1.73723662, 1.77595901, -0.87301636, -0.17308187
6709, 33089455, 33089980, 1.73435175, 1.77519608, -0.90476227, -0.28846979
6710, 33090455, 33090980, 1.73140895, 1.77405167, -0.90476227, -0.40385768
6711, 33091455, 33091987, 1.72840834, 1.77252579, -0.96825409, -0.28846979
6712, 33092455, 33092981, 1.72534895, 1.77176285, -1.00000000, -0.28846979
6713, 33093455, 33093983, 1.72223067, 1.77023697, -1.06349182, -0.28846979
6714, 33094455, 33094979, 1.71905243, 1.76909256, -1.09523773, -0.40385768
6715, 33095455, 33095987, 1.71581244, 1.76794815, -1.15872955, -0.40385768
6716, 33096455, 33096978, 1.71250999, 1.76642227, -1.19047546, -0.40385768
6717, 33097455, 33097990, 1.70914459, 1.76489639, -1.22222137, 0.05769395
6718, 33098455, 33098984, 1.70571613, 1.76337051, -1.28571320, -0.17308187
6719, 33099455, 33099982, 1.70222306, 1.76184464, -1.31745911, -0.17308187
6720, 33100455, 33100978, 1.69866431, 1.76070023, -1.38095093, -0.28846979
6721, 33101455, 33101992, 1.69503844, 1.75879288, -1.41269684, -0.28846979
6722, 33102455, 33102991, 1.69134533, 1.75726700, -1.44444275, -0.28846979
6723, 33103455, 33103985, 1.68758452, 1.75574112, -1.47618866, -0.40385768
6724, 33104455, 33104985, 1.68375480, 1.75421524, -1.47618866, -0.05769395
6725, 33105455, 33105983, 1.67985618, 1.75230789, -1.53968430, -0.40385768
6726, 33106455, 33106981, 1.67588699, 1.75078201, -1.57143021, -0.40385768
6727, 33107455, 33107991, 1.67184627, 1.74887466, -1.63492203, -0.05769395
6728, 33108455, 33108982, 1.66773415, 1.74696732, -1.66666794, -0.28846979
6729, 33109455, 33109986, 1.66354895, 1.74505997, -1.73015976, -0.05769395
6730, 33110455, 33110982, 1.65929127, 1.74277115, -1.79365158, -0.28846979
6731, 33111455, 33111982, 1.65496016, 1.74086380, -1.82539749, -0.51924562
6732, 33112455, 33112980, 1.65055513, 1.73895645, -1.88888931, -0.40385768
6733, 33113455, 33113983, 1.64607561, 1.73666763, -1.95238113, -0.28846979
6734, 33114455, 33114985, 1.64152133, 1.73437881, -2.01587296, -0.51924562
6735, 33115455, 33115981, 1.63689244, 1.73247147, -2.04761887, -0.40385768
6736, 33116455, 33116977, 1.63218892, 1.72980118, -2.11111069, -0.40385768
6737, 33117455, 33117985, 1.62741101, 1.72751236, -2.17460251, -0.40385768
6738, 33118455, 33118977, 1.62256002, 1.72522354, -2.20634842, -0.28846979
6739, 33119455, 33119982, 1.61763644, 1.72255325, -2.23809433, -0.28846979
6740, 33120455, 33120978, 1.61264026, 1.71988297, -2.30158615, -0.05769395
6741, 33121455, 33121982, 1.60757291, 1.71721172, -2.36507797, -0.51924562
6742, 33122455, 33122978, 1.60243618, 1.71454144, -2.42856979, -0.17308187
6743, 33123455, 33123980, 1.59723186, 1.71187115, -2.49206161, -0.51924562
6744, 33124455, 33124982, 1.59196210, 1.70920086, -2.52381134, -0.40385768
6745, 33125455, 33125979, 1.58662939, 1.70653057, -2.58730316, -0.51924562
6746, 33126455, 33126985, 1.58123493, 1.70347881, -2.61904907, -0.86540931
6747, 33127455, 33127981, 1.57578158, 1.70080853, -2.71428680, -0.51924562
6748, 33128455, 33128983, 1.57027197, 1.69775677, -2.74603271, -0.40385768
6749, 33129455, 33129981, 1.56470776, 1.69470501, -2.77777863, -0.51924562
6750, 33130455, 33130984, 1.55909026, 1.69165325, -2.84127045, -0.51924562
6751, 33131455, 33131982, 1.55342150, 1.68860149, -2.90476227, -0.28846979
6752, 33132455, 33132982, 1.54770482, 1.68554974, -2.96825409, -0.05769395
6753, 33133455, 33133980, 1.54194319, 1.68211651, -3.03174591, -0.28846979
6754, 33134455, 33134986, 1.53613842, 1.67868328, -3.09523773, -0.51924562
6755, 33135455, 33135978, 1.53029323, 1.67525005, -3.15872955, -0.28846979
6756, 33136455, 33136983, 1.52440917, 1.67143536, -3.22222137, -0.40385768
6757, 33137455, 33137979, 1.51848769, 1.66800213, -3.31745911, -0.40385768
6758, 33138455, 33138981, 1.51253045, 1.66418743, -3.38095093, -0.28846979
6759, 33139455, 33139987, 1.50653923, 1.66075420, -3.44444275, -0.40385768
6760, 33140455, 33140985, 1.50051475, 1.65693951, -3.47618866, -0.40385768
6761, 33141455, 33141990, 1.49445963, 1.65312386, -3.53968430, -0.40385768
6762, 33142455, 33142986, 1.48837519, 1.64930916, -3.63492203, -0.40385768
6763, 33143455, 33143988, 1.48226166, 1.64549446, -3.66666794, -0.28846979
6764, 33144455, 33144988, 1.47612059, 1.64167976, -3.69841385, -0.51924562
6765, 33145455, 33145986, 1.46995354, 1.63786507, -3.76190567, -0.51924562
6766, 33146455, 33146986, 1.46376026, 1.63366890, -3.82539749, -0.98079723
6767, 33147455, 33147985, 1.45754087, 1.62947273, -3.88888931, -0.86540931
6768, 33148455, 33148987, 1.45129657, 1.62527657, -3.95238113, -0.28846979
6769, 33149455, 33149987, 1.44502866, 1.62108040, -3.98412704, -0.40385768
6770, 33150455, 33150989, 1.43873763, 1.61650276, -4.04761887, -0.40385768
6771, 33151455, 33151987, 1.43242383, 1.61230659, -4.11111069, -0.17308187
6772, 33152455, 33152981, 1.42608929, 1.60772896, -4.20634842, -0.40385768
6773, 33153455, 33153984, 1.41973364, 1.60353279, -4.26984024, -0.51924562
6774, 33154455, 33154984, 1.41335750, 1.59857368, -4.33333206, -0.40385768
6775, 33155455, 33155982, 1.40696120, 1.59399605, -4.36507797, -0.40385768
6776, 33156455, 33156978, 1.40054524, 1.58941746, -4.46031570, -0.40385768
6777, 33157455, 33157980, 1.39411080, 1.58483982, -4.49206161, -0.28846979
6778, 33158455, 33158985, 1.38765740, 1.58026218, -4.55555725, -0.40385768
6779, 33159455, 33159983, 1.38118684, 1.57530308, -4.68254089, -0.17308187
6780, 33160455, 33160983, 1.37469971, 1.57072544, -4.65079498, -0.17308187
6781, 33161455, 33161985, 1.36819649, 1.56576633, -4.68254089, -0.40385768
6782, 33162455, 33162979, 1.36167872, 1.56080723, -4.71428680, -0.28846979
6783, 33163455, 33163980, 1.35514605, 1.55584812, -4.93650818, -0.05769395
6784, 33164455, 33164984, 1.34859717, 1.55050755, -4.87301636, -0.05769395
6785, 33165455, 33165980, 1.34203517, 1.54554844, -4.90476227, -0.17308187
6786, 33166455, 33166978, 1.33546257, 1.54058933, -4.93650818, -0.28846979
6787, 33167455, 33167976, 1.32887995, 1.53524876, -4.90476227, -0.40385768
6788, 33168455, 33168982, 1.32228994, 1.53028870, -5.00000000, -0.17308187
6789, 33169455, 33169983, 1.31569302, 1.52494812, -5.06349182, -0.17308187
6790, 33170455, 33170985, 1.30909145, 1.51960754, -5.09523773, 0.17308187
6791, 33171455, 33171981, 1.30248618, 1.51464844, -5.12698364, -0.05769395
6792, 33172455, 33172975, 1.29587936, 1.50968933, -5.22222137, -0.28846979
6793, 33173455, 33173977, 1.28927290, 1.50396729, -5.19047546, 0.05769395
6794, 33174455, 33174977, 1.28266883, 1.49900818, -5.19047546, -0.63463354
6795, 33175455, 33175978, 1.27606940, 1.49328613, -5.22222137, -0.05769395
6796, 33176455, 33176980, 1.26947773, 1.48794556, -5.25396729, -0.05769395
6797, 33177455, 33177978, 1.26289690, 1.48260498, -5.28571320, -0.40385768
6798, 33178455, 33178976, 1.25632870, 1.47688293, -5.34920502, -0.28846979
6799, 33179455, 33179976, 1.24977350, 1.47154236, -5.22222137, -0.17308187
6800, 33180455, 33180978, 1.24323559, 1.46581936, -5.28571320, -0.17308187
6801, 33181455, 33181979, 1.23671806, 1.46047878, -5.41269684, -0.17308187
6802, 33182455, 33182975, 1.23022509, 1.45475674, -5.47618866, 0.17308187
6803, 33183455, 33183975, 1.22375882, 1.44941616, -5.50793839, 0.05769395
6804, 33184455, 33184977, 1.21732116, 1.44331264, -5.53968430, -0.17308187
6805, 33185455, 33185973, 1.21091509, 1.43797207, -5.73015976, -0.28846979
6806, 33186455, 33186978, 1.20454228, 1.43225002, -5.69841385, -0.05769395
6807, 33187455, 33187974, 1.19820487, 1.42652798, -5.63492203, -0.17308187
6808, 33188455, 33188978, 1.19190407, 1.42118740, -5.63492203, 0.17308187
6809, 33189455, 33189978, 1.18564236, 1.41508389, -5.66666794, -0.05769395
6810, 33190455, 33190974, 1.17941988, 1.40936184, -5.66666794, -0.05769395
6811, 33191455, 33191976, 1.17323959, 1.40363884, -5.69841385, -0.17308187
6812, 33192455, 33192973, 1.16710269, 1.39791679, -5.73015976, -0.40385768
6813, 33193455, 33193987, 1.16100883, 1.39219475, -5.57143021, 0.05769395
6814, 33194455, 33194973, 1.15495837, 1.38609123, -5.63492203, -0.05769395
6815, 33195455, 33195973, 1.14895105, 1.38036919, -5.85714340, -0.17308187
6816, 33196455, 33196975, 1.14298558, 1.37464714, -5.82539749, -0.17308187
6817, 33197455, 33197971, 1.13706136, 1.36892509, -5.82539749, -0.40385768
6818, 33198455, 33198988, 1.13117743, 1.36320305, -5.82539749, -0.17308187
6819, 33199455, 33199986, 1.12533331, 1.35709953, -5.85714340, 0.17308187
6820, 33200455, 33200972, 1.11952484, 1.35099602, -5.85714340, 0.05769395
6821, 33201455, 33201988, 1.11375237, 1.34527397, -5.85714340, -0.05769395
6822, 33202455, 33202982, 1.10801780, 1.33916950, -5.85714340, -0.05769395
6823, 33203455, 33203972, 1.10232186, 1.33344746, -5.79365158, -0.40385768
6824, 33204455, 33204973, 1.09666669, 1.32734394, -5.88888931, 0.05769395
6825, 33205455, 33205973, 1.09105492, 1.32162189, -5.88888931, 0.05769395
6826, 33206455, 33206983, 1.08549011, 1.31551838, -5.92063522, 0.05769395
6827, 33207455, 33207985, 1.07998145, 1.30979633, -5.92063522, -0.05769395
6828, 33208455, 33208981, 1.07453859, 1.30407429, -5.95238113, 0.17308187
6829, 33209455, 33209981, 1.06917834, 1.29797077, -5.95238113, -0.05769395
6830, 33210455, 33210982, 1.06391990, 1.29224873, -5.92063522, -0.05769395
6831, 33211455, 33211984, 1.05879033, 1.28614521, -5.92063522, 0.28846979
6832, 33212455, 33212980, 1.05381966, 1.28004074, -5.92063522, -0.17308187
6833, 33213455, 33213970, 1.04904997, 1.27431870, -5.92063522, 0.05769395
6834, 33214455, 33214988, 1.04452121, 1.26821518, -5.92063522, -0.05769395
6835, 33215455, 33215981, 1.04028893, 1.26211166, -5.95238113, 0.05769395
6836, 33216455, 33216987, 1.03640747, 1.25638962, -5.95238113, 0.17308187
6837, 33217455, 33217981, 1.03294373, 1.25028610, -5.95238113, 0.28846979
6838, 33218455, 33218985, 1.02997720, 1.24456406, -5.95238113, 0.05769395
6839, 33219455, 33219985, 1.02757251, 1.23884201, -5.95238113, 0.17308187
6840, 33220455, 33220987, 1.02579379, 1.23273849, -5.95238113, 0.17308187
6841, 33221455, 33221982, 1.02468300, 1.22701645, -5.92063522, 0.28846979
6842, 33222455, 33222986, 1.02426052, 1.22129440, -5.92063522, 0.63463354
6843, 33223455, 33223980, 1.02452934, 1.21557140, -5.88888931, 0.51924562
6844, 33224455, 33224980, 1.02547705, 1.20984936, -5.85714340, 0.86540931
6845, 33225455, 33225978, 1.02707267, 1.20412731, -5.82539749, 1.55773675
6846, 33226455, 33226981, 1.02926266, 1.19840527, -5.79365158, 0.98079723
6847, 33227455, 33227981, 1.03197801, 1.19306469, -5.76190567, 1.55773675
6848, 33228455, 33228979, 1.03512430, 1.18810558, -5.69841385, 1.90390050
6849, 33229455, 33229981, 1.03861654, 1.18276501, -5.60317612, 1.44234896
6850, 33230455, 33230979, 1.04236865, 1.17818737, -5.53968430, 1.78851259
6851, 33231455, 33231983, 1.04631674, 1.17360973, -5.41269684, 2.01928854
6852, 33232455, 33232980, 1.05042315, 1.16865063, -5.25396729, 1.90390050
6853, 33233455, 33233978, 1.05465961, 1.16407299, -5.12698364, 2.13467646
6854, 33234455, 33234978, 1.05901539, 1.16025829, -4.96825409, 2.36545229
6855, 33235455, 33235984, 1.06348550, 1.15644360, -4.74603271, 2.59622812
6856, 33236455, 33236980, 1.06806970, 1.15262794, -4.58730316, 2.48084021
6857, 33237455, 33237976, 1.07277775, 1.14919472, -4.39682388, 2.25006437
6858, 33238455, 33238977, 1.07762194, 1.14576149, -4.20634842, 2.01928854
6859, 33239455, 33239979, 1.08261788, 1.14270973, -3.98412704, 2.36545229
6860, 33240455, 33240983, 1.08777988, 1.14003944, -3.79365158, 2.36545229
6861, 33241455, 33241985, 1.09312475, 1.13736916, -3.57143021, 2.71161604
6862, 33242455, 33242983, 1.09866369, 1.13508034, -3.34920502, 2.13467646
6863, 33243455, 33243976, 1.10440707, 1.13279152, -3.12698364, 2.25006437
6864, 33244455, 33244982, 1.11035705, 1.13088417, -2.90476227, 2.13467646
6865, 33245455, 33245976, 1.11651206, 1.12935829, -2.65079498, 1.78851259
6866, 33246455, 33246990, 1.12285984, 1.12783241, -2.42856979, 2.25006437
6867, 33247455, 33247982, 1.12938523, 1.12706947, -2.20634842, 2.36545229
6868, 33248455, 33248986, 1.13606894, 1.12592506, -1.95238113, 2.36545229
6869, 33249455, 33249977, 1.14288819, 1.12516212, -1.73015976, 2.36545229
6870, 33250455, 33250977, 1.14981985, 1.12478065, -1.47618866, 2.25006437
6871, 33251455, 33251985, 1.15684354, 1.12439919, -1.25396729, 2.25006437
6872, 33252455, 33252985, 1.16393614, 1.12439919, -1.03174591, 2.13467646
6873, 33253455, 33253979, 1.17107916, 1.12439919, -0.84127045, 2.36545229
6874, 33254455, 33254984, 1.17825508, 1.12439919, -0.58730316, 2.01928854
6875, 33255455, 33255978, 1.18544960, 1.12516212, -0.39682770, 2.13467646
6876, 33256455, 33256984, 1.19265175, 1.12554359, -0.20635223, 2.01928854
6877, 33257455, 33257988, 1.19985211, 1.12668800, -0.01587677, 2.01928854
6878, 33258455, 33258980, 1.20704329, 1.12745094, 0.17460632, 2.01928854
6879, 33259455, 33259974, 1.21422017, 1.12859535, 0.36508179, 2.01928854
6880, 33260455, 33260981, 1.22138083, 1.13012123, 0.52381134, 1.67312467
6881, 33261455, 33261983, 1.22852242, 1.13126564, 0.74603271, 1.78851259
6882, 33262455, 33262981, 1.23564541, 1.13317299, 0.87301636, 1.78851259
6883, 33263455, 33263987, 1.24275064, 1.13508034, 1.06349182, 1.90390050
6884, 33264455, 33264985, 1.24983895, 1.13736916, 1.22222137, 2.13467646
6885, 33265455, 33265989, 1.25691473, 1.13927650, 1.41269684, 2.01928854
6886, 33266455, 33266978, 1.26397848, 1.14156532, 1.60317230, 2.13467646
6887, 33267455, 33267980, 1.27103615, 1.14423561, 1.76190186, 1.90390050
6888, 33268455, 33268988, 1.27808881, 1.14690590, 1.95237732, 1.90390050
6889, 33269455, 33269990, 1.28513885, 1.14957619, 2.07936859, 1.78851259
6890, 33270455, 33270978, 1.29218709, 1.15262794, 2.26984406, 1.90390050
6891, 33271455, 33271979, 1.29923463, 1.15567970, 2.42857361, 1.78851259
6892, 33272455, 33272977, 1.30628216, 1.15873241, 2.61904907, 1.67312467
6893, 33273455, 33273985, 1.31332886, 1.16216564, 2.74603271, 1.44234896
6894, 33274455, 33274981, 1.32037485, 1.16598034, 2.87301636, 1.44234896
6895, 33275455, 33275977, 1.32741702, 1.16941357, 3.00000000, 1.32696104
6896, 33276455, 33276983, 1.33445215, 1.17322826, 3.15872955, 1.55773675
6897, 33277455, 33277984, 1.34147835, 1.17704296, 3.28571320, 1.67312467
6898, 33278455, 33278976, 1.34849381, 1.18085766, 3.41269684, 1.55773675
6899, 33279455, 33279986, 1.35549653, 1.18505383, 3.53968048, 1.55773675
6900, 33280455, 33280974, 1.36248410, 1.18924999, 3.66666412, 1.67312467
6901, 33281455, 33281974, 1.36945391, 1.19306469, 3.76190186, 1.21157312
6902, 33282455, 33282978, 1.37640488, 1.19802380, 3.88888550, 1.21157312
6903, 33283455, 33283985, 1.38333440, 1.20221996, 4.01587677, 1.09618521
6904, 33284455, 33284985, 1.39023817, 1.20679760, 4.11111450, 1.32696104
6905, 33285455, 33285979, 1.39711428, 1.21175671, 4.20635223, 1.21157312
6906, 33286455, 33286979, 1.40395880, 1.21633434, 4.33333588, 1.32696104
6907, 33287455, 33287979, 1.41077018, 1.22129440, 4.42857361, 1.55773675
6908, 33288455, 33288982, 1.41754365, 1.22625351, 4.52381134, 0.98079723
6909, 33289455, 33289984, 1.42427504, 1.23121262, 4.61904907, 0.98079723
6910, 33290455, 33290984, 1.43096399, 1.23617172, 4.68254089, 1.32696104
6911, 33291455, 33291984, 1.43760836, 1.24151230, 4.77777863, 1.21157312
6912, 33292455, 33292980, 1.44420850, 1.24647141, 4.84127045, 1.32696104
6913, 33293455, 33293983, 1.45076442, 1.25181198, 4.93650818, 0.98079723
6914, 33294455, 33294985, 1.45727551, 1.25715256, 5.00000000, 0.98079723
6915, 33295455, 33295985, 1.46374285, 1.26211166, 5.06349182, 0.40385768
6916, 33296455, 33296983, 1.47016680, 1.26745224, 5.09523773, 0.51924562
6917, 33297455, 33297983, 1.47654641, 1.27317429, 5.15872955, 0.40385768
6918, 33298455, 33298981, 1.48288167, 1.27851486, 5.22222137, 0.75002146
6919, 33299455, 33299984, 1.48917341, 1.28423786, 5.28571320, 0.63463354
6920, 33300455, 33300982, 1.49542201, 1.28957844, 5.34920502, 0.51924562
6921, 33301455, 33301984, 1.50162506, 1.29530048, 5.41269684, 0.51924562
6922, 33302455, 33302982, 1.50778317, 1.30140400, 5.44444275, 0.28846979
6923, 33303455, 33303980, 1.51389670, 1.30674458, 5.47618866, 0.63463354
6924, 33304455, 33304978, 1.51996684, 1.31246662, 5.53968048, 0.98079723
6925, 33305455, 33305985, 1.52599275, 1.31780720, 5.57142639, 0.75002146
6926, 33306455, 33306979, 1.53197598, 1.32391071, 5.60317230, 0.40385768
6927, 33307455, 33307981, 1.53791618, 1.32963276, 5.60317230, 0.51924562
6928, 33308455, 33308983, 1.54381478, 1.33535480, 5.63491821, 0.17308187
6929, 33309455, 33309979, 1.54967177, 1.34107685, 5.63491821, 0.51924562
6930, 33310455, 33310980, 1.55548537, 1.34679985, 5.69841003, 0.63463354
6931, 33311455, 33311982, 1.56125498, 1.35252190, 5.69841003, 0.51924562
6932, 33312455, 33312982, 1.56698215, 1.35862541, 5.73015594, 0.17308187
6933, 33313455, 33313982, 1.57266569, 1.36434746, 5.76190186, 0.51924562
6934, 33314455, 33314980, 1.57830501, 1.37006950, 5.79364777, 0.75002146
6935, 33315455, 33315976, 1.58389926, 1.37579155, 5.82539368, 0.63463354
6936, 33316455, 33316977, 1.58944726, 1.38189507, 5.82539368, 0.86540931
6937, 33317455, 33317977, 1.59494638, 1.38761711, 5.82539368, 0.63463354
6938, 33318455, 33318979, 1.60039425, 1.39333916, 5.82539368, 0.17308187
6939, 33319455, 33319981, 1.60578835, 1.39944267, 5.82539368, 0.17308187
6940, 33320455, 33320977, 1.61112654, 1.40554619, 5.82539368, 0.40385768
6941, 33321455, 33321978, 1.61640716, 1.41126919, 5.82539368, 0.51924562
6942, 33322455, 33322984, 1.62162650, 1.41699123, 5.82539368, 0.05769395
6943, 33323455, 33323980, 1.62678170, 1.42271328, 5.82539368, 0.05769395
6944, 33324455, 33324980, 1.63187051, 1.42881680, 5.82539368, 0.17308187
6945, 33325455, 33325976, 1.63688934, 1.43453884, 5.82539368, -0.28846979
6946, 33326455, 33326976, 1.64183545, 1.44026089, 5.82539368, 0.28846979
6947, 33327455, 33327977, 1.64670587, 1.44636440, 5.85713959, 0.28846979
6948, 33328455, 33328977, 1.65149832, 1.45208645, 5.82539368, 0.40385768
6949, 33329455, 33329977, 1.65620995, 1.45742702, 5.79364777, 0.17308187
6950, 33330455, 33330981, 1.66083872, 1.46314907, 5.79364777, 0.17308187
6951, 33331455, 33331979, 1.66538155, 1.46887207, 5.76190186, 0.17308187
6952, 33332455, 33332977, 1.66983652, 1.47459412, 5.73015594, 0.17308187
6953, 33333455, 33333976, 1.67420042, 1.48031616, 5.73015594, 0.63463354
6954, 33334455, 33334976, 1.67847168, 1.48641968, 5.73015594, 0.28846979
6955, 33335455, 33335978, 1.68264782, 1.49176025, 5.69841003, 0.05769395
6956, 33336455, 33336978, 1.68672693, 1.49710083, 5.66666412, 0.17308187
6957, 33337455, 33337976, 1.69070709, 1.50320435, 5.69841003, 0.05769395
6958, 33338455, 33338989, 1.69458497, 1.50854492, 5.66666412, 0.17308187
6959, 33339455, 33339981, 1.69835806, 1.51388550, 5.63491821, 0.17308187
6960, 33340455, 33340989, 1.70202529, 1.51922607, 5.60317230, 0.17308187
6961, 33341455, 33341975, 1.70558393, 1.52494812, 5.57142639, -0.05769395
6962, 33342455, 33342979, 1.70903385, 1.53028870, 5.50793457, -0.17308187
6963, 33343455, 33343975, 1.71237433, 1.53524876, 5.47618866, 0.05769395
6964, 33344455, 33344977, 1.71560419, 1.54097080, 5.44444275, -0.05769395
6965, 33345455, 33345990, 1.71872342, 1.54592991, 5.41269684, 0.28846979
6966, 33346455, 33346974, 1.72173142, 1.55127048, 5.34920502, -0.05769395
6967, 33347455, 33347986, 1.72462678, 1.55661106, 5.31745911, -0.17308187
6968, 33348455, 33348986, 1.72740781, 1.56157017, 5.28571320, -0.40385768
6969, 33349455, 33349972, 1.73007345, 1.56691074, 5.25396729, -0.51924562
6970, 33350455, 33350971, 1.73262155, 1.57148838, 5.22222137, -0.05769395
6971, 33351455, 33351973, 1.73505127, 1.57682896, 5.12698364, 0.05769395
6972, 33352455, 33352985, 1.73736393, 1.58140659, 5.12698364, 0.05769395
6973, 33353455, 33353973, 1.73955607, 1.58636570, 5.06349182, 0.28846979
6974, 33354455, 33354987, 1.74162900, 1.59094334, 5.03174591, -0.17308187
6975, 33355455, 33355981, 1.74358308, 1.59590340, 4.96825409, -0.17308187
6976, 33356455, 33356982, 1.74541867, 1.60048103, 4.90476227, 0.05769395
6977, 33357455, 33357986, 1.74713552, 1.60505867, 4.84127045, -0.28846979
6978, 33358455, 33358986, 1.74873567, 1.60963631, 4.77777863, 0.05769395
6979, 33359455, 33359986, 1.75022101, 1.61421394, 4.74603271, 0.17308187
6980, 33360455, 33360980, 1.75159228, 1.61879158, 4.68254089, -0.40385768
6981, 33361455, 33361980, 1.75285137, 1.62298775, 4.65079498, -0.40385768
6982, 33362455, 33362989, 1.75399840, 1.62756538, 4.58730316, -0.40385768
6983, 33363455, 33363985, 1.75503540, 1.63176155, 4.52381134, -0.40385768
6984, 33364455, 33364983, 1.75596499, 1.63595772, 4.46031952, -0.40385768
6985, 33365455, 33365981, 1.75678933, 1.64015388, 4.42857361, -0.40385768
6986, 33366455, 33366981, 1.75751090, 1.64435005, 4.36508179, -0.28846979
6987, 33367455, 33367981, 1.75813341, 1.64778328, 4.26984406, -0.28846979
6988, 33368455, 33368982, 1.75865793, 1.65197945, 4.20635223, -0.28846979
6989, 33369455, 33369984, 1.75908875, 1.65541267, 4.07936859, -0.75002146
6990, 33370455, 33370986, 1.75943053, 1.65922832, 3.98412323, -0.63463354
6991, 33371455, 33371978, 1.75968623, 1.66266155, 3.92063141, -0.51924562
6992, 33372455, 33372988, 1.75985813, 1.66609478, 3.82539368, -1.09618521
6993, 33373455, 33373981, 1.75995052, 1.66952801, 3.69841003, -0.51924562
6994, 33374455, 33374985, 1.75996673, 1.67257977, 3.60317230, -0.63463354
6995, 33375455, 33375979, 1.75991273, 1.67563152, 3.50793457, -0.40385768
6996, 33376455, 33376981, 1.75978982, 1.67830181, 3.38095093, -0.51924562
6997, 33377455, 33377979, 1.75960350, 1.68135357, 3.31745911, -0.28846979
6998, 33378455, 33378983, 1.75935769, 1.68402386, 3.19047546, -0.63463354
6999, 33379455, 33379980, 1.75905681, 1.68631268, 3.06349182, -0.63463354
7000, 33380455, 33380978, 1.75870359, 1.68898296, 2.93650818, -0.75002146
7001, 33381455, 33381980, 1.75830221, 1.69127178, 2.84127045, -0.63463354
7002, 33382455, 33382980, 1.75785649, 1.69356060, 2.71428680, -0.63463354
7003, 33383455, 33383988, 1.75737011, 1.69584942, 2.58730316, -0.63463354
7004, 33384455, 33384979, 1.75684786, 1.69813824, 2.52381134, -0.75002146
7005, 33385455, 33385979, 1.75629330, 1.70004559, 2.39682770, -1.21157312
7006, 33386455, 33386977, 1.75571001, 1.70195293, 2.30158997, -0.75002146
7007, 33387455, 33387979, 1.75510085, 1.70386028, 2.23809814, -0.75002146
7008, 33388455, 33388983, 1.75446939, 1.70576763, 2.14286041, -0.98079723
7009, 33389455, 33389981, 1.75381744, 1.70729351, 2.04762268, -0.51924562
7010, 33390455, 33390988, 1.75315034, 1.70881939, 1.95237732, -0.63463354
7011, 33391455, 33391986, 1.75246966, 1.71034527, 1.88888550, -0.63463354
7012, 33392455, 33392986, 1.75177824, 1.71148968, 1.79364777, -0.40385768
7013, 33393455, 33393990, 1.75107849, 1.71301556, 1.66666412, -0.05769395
7014, 33394455, 33394986, 1.75037098, 1.71377850, 1.57142639, -0.17308187
7015, 33395455, 33395987, 1.74965644, 1.71492290, 1.44444275, -0.51924562
7016, 33396455, 33396977, 1.74893486, 1.71606731, 1.34920502, -0.28846979
7017, 33397455, 33397977, 1.74820745, 1.71644878, 1.22222137, -0.40385768
7018, 33398455, 33398985, 1.74747229, 1.71759319, 1.15872955, -0.05769395
7019, 33399455, 33399985, 1.74672747, 1.71835613, 1.06349182, -0.40385768
7020, 33400455, 33400983, 1.74597144, 1.71912003, 0.96825409, 0.05769395
7021, 33401455, 33401982, 1.74520195, 1.71950150, 0.90476227, -0.40385768
7022, 33402455, 33402986, 1.74441552, 1.71988297, 0.80952454, -0.40385768
7023, 33403455, 33403984, 1.74360836, 1.72026443, 0.74603271, -0.17308187
7024, 33404455, 33404984, 1.74277604, 1.72102737, 0.65079498, -0.40385768
7025, 33405455, 33405984, 1.74191511, 1.72102737, 0.61904907, -0.28846979
7026, 33406455, 33406988, 1.74102223, 1.72140884, 0.52381134, -0.28846979
7027, 33407455, 33407977, 1.74009418, 1.72179031, 0.46031952, 0.05769395
7028, 33408455, 33408977, 1.73912621, 1.72179031, 0.39682770, -0.17308187
7029, 33409455, 33409985, 1.73811615, 1.72140884, 0.30158997, 0.17308187
7030, 33410455, 33410983, 1.73706269, 1.72102737, 0.20635223, 0.05769395
7031, 33411455, 33411979, 1.73596358, 1.72102737, 0.11111450, 0.17308187
7032, 33412455, 33412983, 1.73481643, 1.72064590, 0.01587677, 0.17308187
7033, 33413455, 33413986, 1.73361897, 1.72026443, -0.04762268, 0.05769395
7034, 33414455, 33414980, 1.73236930, 1.71988297, -0.14286041, 0.28846979
7035, 33415455, 33415984, 1.73106599, 1.71950150, -0.20635223, 0.05769395
7036, 33416455, 33416986, 1.72970772, 1.71950150, -0.26984406, 0.17308187
7037, 33417455, 33417984, 1.72829342, 1.71912003, -0.26984406, 0.28846979
7038, 33418455, 33418984, 1.72682190, 1.71873760, -0.30158997, 0.28846979
7039, 33419455, 33419981, 1.72529316, 1.71835613, -0.33333588, 0.05769395
7040, 33420455, 33420979, 1.72370791, 1.71759319, -0.33333588, 0.28846979
7041, 33421455, 33421979, 1.72206414, 1.71721172, -0.39682770, 0.28846979
7042, 33422455, 33422981, 1.72036159, 1.71644878, -0.39682770, 0.05769395
7043, 33423455, 33423985, 1.71860075, 1.71606731, -0.42857361, -0.05769395
7044, 33424455, 33424983, 1.71678245, 1.71568584, -0.46031952, 0.17308187
7045, 33425455, 33425986, 1.71490586, 1.71492290, -0.49206543, 0.05769395
7046, 33426455, 33426990, 1.71297204, 1.71454144, -0.52381134, 0.28846979
7047, 33427455, 33427986, 1.71098208, 1.71377850, -0.52381134, 0.28846979
7048, 33428455, 33428984, 1.70893776, 1.71339703, -0.55555725, 0.17308187
7049, 33429455, 33429988, 1.70683861, 1.71263409, -0.55555725, 0.05769395
7050, 33430455, 33430977, 1.70468676, 1.71187115, -0.58730316, 0.28846979
7051, 33431455, 33431983, 1.70248330, 1.71110821, -0.58730316, 0.05769395
7052, 33432455, 33432979, 1.70022881, 1.71072674, -0.61904907, 0.05769395
7053, 33433455, 33433989, 1.69792461, 1.71034527, -0.61904907, 0.05769395
7054, 33434455, 33434989, 1.69557130, 1.70958233, -0.61904907, 0.17308187
7055, 33435455, 33435992, 1.69317091, 1.70881939, -0.65079498, 0.05769395
7056, 33436455, 33436988, 1.69072485, 1.70805645, -0.65079498, 0.17308187
7057, 33437455, 33437988, 1.68823361, 1.70729351, -0.65079498, -0.05769395
7058, 33438455, 33438986, 1.68569899, 1.70691204, -0.65079498, 0.17308187
7059, 33439455, 33439988, 1.68312192, 1.70614910, -0.65079498, 0.05769395
7060, 33440455, 33440982, 1.68050349, 1.70538616, -0.68254089, 0.05769395
7061, 33441455, 33441985, 1.67784464, 1.70462322, -0.71428680, -0.05769395
7062, 33442455, 33442985, 1.67514670, 1.70386028, -0.74603271, -0.05769395
7063, 33443455, 33443981, 1.67241061, 1.70309734, -0.74603271, 0.17308187
7064, 33444455, 33444985, 1.66963732, 1.70233440, -0.74603271, -0.05769395
7065, 33445455, 33445981, 1.66682756, 1.70157146, -0.74603271, -0.05769395
7066, 33446455, 33446985, 1.66398263, 1.70080853, -0.74603271, -0.05769395
7067, 33447455, 33447986, 1.66110349, 1.70004559, -0.77777863, -0.05769395
7068, 33448455, 33448986, 1.65819061, 1.69890118, -0.77777863, -0.05769395
7069, 33449455, 33449984, 1.65524411, 1.69851971, -0.77777863, -0.28846979
7070, 33450455, 33450984, 1.65226448, 1.69737530, -0.80952454, -0.17308187
7071, 33451455, 33451982, 1.64925277, 1.69623089, -0.84127045, -0.05769395
7072, 33452455, 33452983, 1.64620745, 1.69546795, -0.84127045, -0.17308187
7073, 33453455, 33453985, 1.64312828, 1.69470501, -0.87301636, -0.05769395
7074, 33454455, 33454983, 1.64001524, 1.69356060, -0.90476227, -0.05769395
7075, 33455455, 33455983, 1.63686836, 1.69241619, -0.93650818, -0.17308187
7076, 33456455, 33456985, 1.63368702, 1.69165325, -0.93650818, -0.05769395
7077, 33457455, 33457983, 1.63047087, 1.69012737, -0.96825409, 0.05769395
7078, 33458455, 33458984, 1.62721992, 1.68898296, -1.00000000, 0.05769395
7079, 33459455, 33459984, 1.62393296, 1.68822002, -1.03174591, -0.05769395
7080, 33460455, 33460984, 1.62060857, 1.68707561, -1.06349182, -0.05769395
7081, 33461455, 33461982, 1.61724567, 1.68593121, -1.06349182, -0.05769395
7082, 33462455, 33462984, 1.61384296, 1.68478680, -1.09523773, -0.28846979
7083, 33463455, 33463982, 1.61039901, 1.68326092, -1.15872955, 0.05769395
7084, 33464455, 33464981, 1.60691154, 1.68211651, -1.15872955, 0.05769395
7085, 33465455, 33465981, 1.60337996, 1.68059063, -1.19047546, 0.05769395
7086, 33466455, 33466981, 1.59980154, 1.67944622, -1.22222137, -0.28846979
7087, 33467455, 33467979, 1.59617591, 1.67792034, -1.22222137, -0.40385768
7088, 33468455, 33468977, 1.59250081, 1.67677593, -1.28571320, -0.28846979
7089, 33469455, 33469977, 1.58877432, 1.67486858, -1.34920502, -0.63463354
7090, 33470455, 33470978, 1.58499503, 1.67334270, -1.47618866, -0.40385768
7091, 33471455, 33471980, 1.58115959, 1.67181683, -1.41269684, -0.63463354
7092, 33472455, 33472978, 1.57726717, 1.66952801, -1.47618866, -0.63463354
7093, 33473455, 33473976, 1.57331550, 1.66800213, -1.57143021, -0.75002146
7094, 33474455, 33474976, 1.56930256, 1.66647625, -1.60317612, -1.09618521
7095, 33475455, 33475979, 1.56522739, 1.66418743, -1.69841385, -0.75002146
7096, 33476455, 33476981, 1.56108999, 1.66228008, -1.73015976, -0.51924562
7097, 33477455, 33477983, 1.55688810, 1.66037273, -1.95238113, -0.51924562
7098, 33478455, 33478981, 1.55262029, 1.65808392, -1.82539749, -0.63463354
7099, 33479455, 33479977, 1.54828501, 1.65579414, -1.92063522, -0.51924562
7100, 33480455, 33480982, 1.54388249, 1.65388680, -2.01587296, -0.75002146
7101, 33481455, 33481982, 1.53941107, 1.65121651, -2.04761887, -0.40385768
7102, 33482455, 33482978, 1.53487039, 1.64892769, -2.14285660, -0.40385768
7103, 33483455, 33483976, 1.53026021, 1.64625740, -2.20634842, -0.63463354
7104, 33484455, 33484980, 1.52558041, 1.64396858, -2.26984024, -0.51924562
7105, 33485455, 33485980, 1.52083278, 1.64129829, -2.17460251, -0.75002146
7106, 33486455, 33486977, 1.51601672, 1.63824654, -2.36507797, -0.63463354
7107, 33487455, 33487989, 1.51113379, 1.63557625, -2.46031570, -0.63463354
7108, 33488455, 33488975, 1.50618434, 1.63252449, -2.55555725, -0.75002146
7109, 33489455, 33489979, 1.50116968, 1.62947273, -2.65079498, -0.63463354
7110, 33490455, 33490991, 1.49609303, 1.62680244, -2.71428680, -0.40385768
7111, 33491455, 33491979, 1.49095452, 1.62336922, -2.77777863, -0.28846979
7112, 33492455, 33492988, 1.48575628, 1.62031746, -2.87301636, -0.40385768
7113, 33493455, 33493978, 1.48050046, 1.61726570, -2.93650818, -0.28846979
7114, 33494455, 33494990, 1.47518802, 1.61383247, -3.03174591, -0.17308187
7115, 33495455, 33495988, 1.46981895, 1.61039925, -3.09523773, -0.28846979
7116, 33496455, 33496974, 1.46439743, 1.60696602, -3.15872955, -0.51924562
7117, 33497455, 33497985, 1.45892620, 1.60353279, -3.22222137, -0.75002146
7118, 33498455, 33498987, 1.45340836, 1.60009956, -3.28571320, -0.98079723
7119, 33499455, 33499977, 1.44784784, 1.59666634, -3.34920502, -0.51924562
7120, 33500455, 33500987, 1.44224632, 1.59285069, -3.44444275, -0.28846979
7121, 33501455, 33501989, 1.43660736, 1.58903599, -3.47618866, -0.40385768
7122, 33502455, 33502975, 1.43093467, 1.58522129, -3.50793839, -0.28846979
7123, 33503455, 33503986, 1.42523432, 1.58140659, -3.60317612, -0.17308187
7124, 33504455, 33504986, 1.41951013, 1.57797337, -3.63492203, -0.40385768
7125, 33505455, 33505984, 1.41376996, 1.57415867, -3.66666794, -0.51924562
7126, 33506455, 33506990, 1.40802014, 1.56996250, -3.73015976, -0.40385768
7127, 33507455, 33507990, 1.40226841, 1.56614780, -3.79365158, -0.75002146
7128, 33508455, 33508982, 1.39652169, 1.56195164, -3.82539749, -0.28846979
7129, 33509455, 33509982, 1.39078951, 1.55775547, -3.88888931, -0.28846979
7130, 33510455, 33510979, 1.38508070, 1.55394077, -3.92063522, -0.28846979
7131, 33511455, 33511987, 1.37940574, 1.54974461, -3.98412704, -0.05769395
7132, 33512455, 33512987, 1.37377858, 1.54516697, -4.01587296, -0.05769395
7133, 33513455, 33513985, 1.36821306, 1.54097080, -4.07936478, -0.17308187
7134, 33514455, 33514981, 1.36272693, 1.53677464, -4.14285660, -0.51924562
7135, 33515455, 33515982, 1.35733569, 1.53219700, -4.17460251, -0.28846979
7136, 33516455, 33516982, 1.35206401, 1.52799988, -4.20634842, -0.28846979
7137, 33517455, 33517986, 1.34693646, 1.52342224, -4.26984024, -0.17308187
7138, 33518455, 33518982, 1.34198368, 1.51922607, -4.26984024, 0.28846979
7139, 33519455, 33519984, 1.33723617, 1.51464844, -4.33333206, -0.17308187
7140, 33520455, 33520980, 1.33273327, 1.51007080, -4.36507797, -0.17308187
7141, 33521455, 33521981, 1.32851338, 1.50587463, -4.39682388, -0.05769395
7142, 33522455, 33522983, 1.32460856, 1.50091553, -4.46031570, -0.17308187
7143, 33523455, 33523983, 1.32105625, 1.49633789, -4.46031570, -0.17308187
7144, 33524455, 33524981, 1.31789088, 1.49214172, -4.49206161, -0.05769395
7145, 33525455, 33525981, 1.31515443, 1.48718262, -4.52381134, -0.17308187
7146, 33526455, 33526985, 1.31287944, 1.48260498, -4.55555725, 0.05769395
7147, 33527455, 33527982, 1.31110656, 1.47802734, -4.58730316, -0.05769395
7148, 33528455, 33528982, 1.30986416, 1.47306824, -4.61904907, 0.05769395
7149, 33529455, 33529982, 1.30917645, 1.46848965, -4.65079498, -0.17308187
7150, 33530455, 33530982, 1.30905223, 1.46353054, -4.68254089, -0.05769395
7151, 33531455, 33531982, 1.30949485, 1.45895290, -4.71428680, 0.17308187
7152, 33532455, 33532979, 1.31049192, 1.45399380, -4.74603271, 0.51924562
7153, 33533455, 33533979, 1.31201220, 1.44941616, -4.74603271, 0.63463354
7154, 33534455, 33534977, 1.31399500, 1.44483852, -4.71428680, 0.40385768
7155, 33535455, 33535985, 1.31635332, 1.44026089, -4.74603271, 0.86540931
7156, 33536455, 33536977, 1.31898260, 1.43568325, -4.71428680, 1.21157312
7157, 33537455, 33537980, 1.32180107, 1.43110561, -4.68254089, 1.32696104
7158, 33538455, 33538978, 1.32474601, 1.42690945, -4.65079498, 1.32696104
7159, 33539455, 33539982, 1.32776868, 1.42233181, -4.58730316, 1.90390050
7160, 33540455, 33540976, 1.33082390, 1.41851711, -4.52381134, 2.59622812
7161, 33541455, 33541978, 1.33388257, 1.41470242, -4.46031570, 2.01928854
7162, 33542455, 33542976, 1.33691800, 1.41088772, -4.36507797, 1.78851259
7163, 33543455, 33543977, 1.33991468, 1.40745449, -4.23809433, 2.25006437
7164, 33544455, 33544979, 1.34286010, 1.40402031, -4.11111069, 2.48084021
7165, 33545455, 33545985, 1.34574854, 1.40058708, -3.95238113, 1.90390050
7166, 33546455, 33546977, 1.34857988, 1.39791679, -3.79365158, 1.90390050
7167, 33547455, 33547981, 1.35135651, 1.39486504, -3.63492203, 1.78851259
7168, 33548455, 33548985, 1.35408425, 1.39219475, -3.44444275, 2.48084021
7169, 33549455, 33549982, 1.35677075, 1.38990593, -3.25396729, 2.36545229
7170, 33550455, 33550984, 1.35942554, 1.38761711, -3.06349182, 2.48084021
7171, 33551455, 33551984, 1.36206019, 1.38532829, -2.87301636, 2.36545229
7172, 33552455, 33552978, 1.36468208, 1.38380241, -2.68254089, 1.78851259
7173, 33553455, 33553974, 1.36729991, 1.38189507, -2.49206161, 2.01928854
7174, 33554455, 33554979, 1.36992121, 1.38036919, -2.33333206, 1.67312467
7175, 33555455, 33555981, 1.37255263, 1.37884331, -2.11111069, 1.44234896
7176, 33556455, 33556985, 1.37519741, 1.37808037, -1.95238113, 1.78851259
7177, 33557455, 33557981, 1.37785900, 1.37693596, -1.79365158, 1.78851259
7178, 33558455, 33558979, 1.38053811, 1.37579155, -1.63492203, 1.78851259
7179, 33559455, 33559985, 1.38323486, 1.37541008, -1.47618866, 1.44234896
7180, 33560455, 33560974, 1.38595057, 1.37464714, -1.28571320, 1.32696104
7181, 33561455, 33561986, 1.38868630, 1.37426567, -1.15872955, 1.09618521
7182, 33562455, 33562988, 1.39144504, 1.37350273, -0.96825409, 1.32696104
7183, 33563455, 33563978, 1.39422727, 1.37350273, -0.84127045, 0.98079723
7184, 33564455, 33564978, 1.39703488, 1.37312126, -0.71428680, 1.32696104
7185, 33565455, 33565983, 1.39986968, 1.37312126, -0.58730316, 1.09618521
7186, 33566455, 33566983, 1.40273309, 1.37312126, -0.46031952, 1.21157312
7187, 33567455, 33567983, 1.40562510, 1.37312126, -0.36508179, 1.09618521
7188, 33568455, 33568977, 1.40854692, 1.37350273, -0.23809814, 1.21157312
7189, 33569455, 33569985, 1.41149807, 1.37388420, -0.14286041, 1.32696104
7190, 33570455, 33570991, 1.41448212, 1.37426567, -0.04762268, 1.09618521
7191, 33571455, 33571980, 1.41750026, 1.37464714, 0.04762268, 1.21157312
7192, 33572455, 33572988, 1.42055380, 1.37541008, 0.14286041, 1.32696104
7193, 33573455, 33573988, 1.42364526, 1.37579155, 0.23809814, 1.32696104
7194, 33574455, 33574988, 1.42677701, 1.37617302, 0.33333588, 1.21157312
7195, 33575455, 33575982, 1.42995071, 1.37731743, 0.39682770, 1.21157312
7196, 33576455, 33576984, 1.43316925, 1.37808037, 0.46031952, 1.32696104
7197, 33577455, 33577983, 1.43643463, 1.37884331, 0.55555725, 1.09618521
7198, 33578455, 33578983, 1.43974745, 1.37998772, 0.61904907, 0.86540931
7199, 33579455, 33579987, 1.44311047, 1.38113213, 0.71428680, 1.21157312
7200, 33580455, 33580981, 1.44652331, 1.38189507, 0.77777863, 1.21157312
7201, 33581455, 33581985, 1.44998729, 1.38342094, 0.84127045, 1.09618521
7202, 33582455, 33582980, 1.45350206, 1.38494682, 0.93650818, 1.21157312
7203, 33583455, 33583984, 1.45706880, 1.38609123, 1.00000000, 1.44234896
7204, 33584455, 33584982, 1.46068740, 1.38761711, 1.09523773, 1.55773675
7205, 33585455, 33585984, 1.46435583, 1.38914299, 1.19047546, 1.32696104
7206, 33586455, 33586976, 1.46807218, 1.39066887, 1.28571320, 1.32696104
7207, 33587455, 33587982, 1.47183669, 1.39219475, 1.34920502, 1.09618521
7208, 33588455, 33588979, 1.47564995, 1.39448357, 1.41269684, 0.98079723
7209, 33589455, 33589989, 1.47951353, 1.39600945, 1.50793457, 0.86540931
7210, 33590455, 33590983, 1.48342609, 1.39791679, 1.57142639, 0.75002146
7211, 33591455, 33591985, 1.48738575, 1.39982414, 1.63491821, 0.86540931
7212, 33592455, 33592983, 1.49139464, 1.40173149, 1.73015594, 0.63463354
7213, 33593455, 33593987, 1.49545228, 1.40402031, 1.79364777, 1.44234896
7214, 33594455, 33594984, 1.49955702, 1.40631008, 1.85713959, 1.21157312
7215, 33595455, 33595986, 1.50370812, 1.40859890, 1.92063141, 0.98079723
7216, 33596455, 33596986, 1.50790489, 1.41088772, 1.98412323, 0.98079723
7217, 33597455, 33597984, 1.51214445, 1.41279507, 2.04762268, 0.86540931
7218, 33598455, 33598978, 1.51642668, 1.41508389, 2.14286041, 1.44234896
7219, 33599455, 33599983, 1.52074969, 1.41813564, 2.17460632, 0.98079723
7220, 33600455, 33600979, 1.52511239, 1.42042446, 2.20635223, 0.98079723
7221, 33601455, 33601979, 1.52951229, 1.42309475, 2.30158997, 1.09618521
7222, 33602455, 33602979, 1.53394544, 1.42538357, 2.33333588, 1.09618521
7223, 33603455, 33603983, 1.53840780, 1.42805386, 2.39682770, 0.98079723
7224, 33604455, 33604981, 1.54289436, 1.43072414, 2.46031952, 0.75002146
7225, 33605455, 33605982, 1.54740107, 1.43377590, 2.52381134, 0.86540931
7226, 33606455, 33606978, 1.55192280, 1.43682766, 2.55555725, 1.21157312
7227, 33607455, 33607980, 1.55645645, 1.43949795, 2.61904907, 0.86540931
7228, 33608455, 33608978, 1.56099904, 1.44254971, 2.68254089, 1.21157312
7229, 33609455, 33609980, 1.56554711, 1.44560146, 2.71428680, 0.75002146
7230, 33610455, 33610979, 1.57009757, 1.44827175, 2.80952454, 0.86540931
7231, 33611455, 33611981, 1.57464910, 1.45132351, 2.84127045, 0.75002146
7232, 33612455, 33612979, 1.57920039, 1.45475674, 2.87301636, 1.09618521
7233, 33613455, 33613977, 1.58374977, 1.45780849, 2.93650818, 0.86540931
7234, 33614455, 33614977, 1.58829784, 1.46086025, 3.00000000, 0.86540931
7235, 33615455, 33615981, 1.59284329, 1.46391201, 3.03174591, 0.40385768
7236, 33616455, 33616984, 1.59738493, 1.46734524, 3.06349182, 0.28846979
7237, 33617455, 33617984, 1.60192204, 1.47077942, 3.09523773, 0.75002146
7238, 33618455, 33618980, 1.60645521, 1.47383118, 3.12698364, 0.51924562
7239, 33619455, 33619982, 1.61098325, 1.47726440, 3.15872955, 0.86540931
7240, 33620455, 33620980, 1.61550558, 1.48069763, 3.22222137, 0.98079723
7241, 33621455, 33621980, 1.62002134, 1.48413086, 3.25396729, 0.63463354
7242, 33622455, 33622981, 1.62452912, 1.48756409, 3.31745911, 0.86540931
7243, 33623455, 33623993, 1.62902820, 1.49099731, 3.31745911, 0.51924562
7244, 33624455, 33624981, 1.63351655, 1.49443054, 3.34920502, 0.51924562
7245, 33625455, 33625979, 1.63799310, 1.49786377, 3.38095093, 0.28846979
7246, 33626455, 33626979, 1.64245737, 1.50129700, 3.41269684, 0.75002146
7247, 33627455, 33627980, 1.64690709, 1.50511169, 3.44444275, 0.98079723
7248, 33628455, 33628978, 1.65133965, 1.50854492, 3.47618866, 0.86540931
7249, 33629455, 33629980, 1.65575063, 1.51235962, 3.47618866, 0.63463354
7250, 33630455, 33630978, 1.66013896, 1.51579285, 3.47618866, 0.63463354
7251, 33631455, 33631978, 1.66450262, 1.51922607, 3.50793457, 0.98079723
7252, 33632455, 33632979, 1.66883993, 1.52304077, 3.53968048, 0.75002146
7253, 33633455, 33633977, 1.67314899, 1.52685547, 3.57142639, 0.63463354
7254, 33634455, 33634977, 1.67742538, 1.53067017, 3.60317230, 0.40385768
7255, 33635455, 33635979, 1.68166578, 1.53448582, 3.63491821, 0.75002146
7256, 33636455, 33636977, 1.68586659, 1.53791904, 3.66666412, 0.51924562
7257, 33637455, 33637975, 1.69002652, 1.54211521, 3.69841003, 0.63463354
7258, 33638455, 33638976, 1.69414210, 1.54592991, 3.73015594, 0.40385768
7259, 33639455, 33639990, 1.69821167, 1.54974461, 3.73015594, 0.40385768
7260, 33640455, 33640986, 1.70223236, 1.55355930, 3.73015594, 0.75002146
7261, 33641455, 33641974, 1.70620120, 1.55737400, 3.76190186, 0.51924562
7262, 33642455, 33642976, 1.71011543, 1.56157017, 3.76190186, 0.40385768
7263, 33643455, 33643984, 1.71397352, 1.56500340, 3.79364777, 0.28846979
7264, 33644455, 33644971, 1.71777558, 1.56881809, 3.79364777, 0.40385768
7265, 33645455, 33645971, 1.72152102, 1.57263279, 3.79364777, 0.51924562
7266, 33646455, 33646971, 1.72520792, 1.57644749, 3.82539368, 0.51924562
7267, 33647455, 33647969, 1.72883475, 1.58026218, 3.82539368, 0.75002146
7268, 33648455, 33648981, 1.73240066, 1.58407688, 3.79364777, 0.63463354
7269, 33649455, 33649983, 1.73590553, 1.58789158, 3.79364777, 0.28846979
7270, 33650455, 33650980, 1.73934841, 1.59170628, 3.79364777, 0.40385768
7271, 33651455, 33651984, 1.74272883, 1.59552193, 3.82539368, 0.28846979
7272, 33652455, 33652984, 1.74604666, 1.59971809, 3.82539368, 0.51924562
7273, 33653455, 33653980, 1.74930084, 1.60353279, 3.82539368, 0.40385768
7274, 33654455, 33654982, 1.75248992, 1.60696602, 3.82539368, 0.28846979
7275, 33655455, 33655987, 1.75561476, 1.61116219, 3.82539368, 0.40385768
7276, 33656455, 33656967, 1.75867498, 1.61497688, 3.85713959, 0.86540931
7277, 33657455, 33657981, 1.76167071, 1.61879158, 3.85713959, 0.40385768
7278, 33658455, 33658969, 1.76460028, 1.62260628, 3.85713959, 0.28846979
7279, 33659455, 33659983, 1.76746345, 1.62642097, 3.82539368, 0.28846979
7280, 33660455, 33660983, 1.77025938, 1.63023567, 3.85713959, 0.28846979
7281, 33661455, 33661982, 1.77298796, 1.63405037, 3.82539368, 0.40385768
7282, 33662455, 33662978, 1.77564776, 1.63824654, 3.82539368, 0.40385768
7283, 33663455, 33663986, 1.77823830, 1.64167976, 3.82539368, 0.40385768
7284, 33664455, 33664984, 1.78075838, 1.64549446, 3.79364777, 0.17308187
7285, 33665455, 33665984, 1.78320730, 1.64930916, 3.79364777, 0.40385768
7286, 33666455, 33666980, 1.78558469, 1.65312386, 3.76190186, 0.51924562
7287, 33667455, 33667977, 1.78788888, 1.65655804, 3.76190186, 0.40385768
7288, 33668455, 33668981, 1.79011858, 1.66037273, 3.76190186, 0.28846979
7289, 33669455, 33669983, 1.79227257, 1.66380596, 3.73015594, 0.40385768
7290, 33670455, 33670981, 1.79435003, 1.66762066, 3.73015594, 0.17308187
7291, 33671455, 33671983, 1.79634857, 1.67143536, 3.69841003, -0.05769395
7292, 33672455, 33672982, 1.79826760, 1.67486858, 3.69841003, 0.17308187
7293, 33673455, 33673982, 1.80010760, 1.67868328, 3.66666412, 0.17308187
7294, 33674455, 33674984, 1.80186701, 1.68211651, 3.66666412, 0.05769395
7295, 33675455, 33675978, 1.80354416, 1.68554974, 3.60317230, 0.40385768
7296, 33676455, 33676982, 1.80513823, 1.68898296, 3.57142639, 0.17308187
7297, 33677455, 33677983, 1.80664873, 1.69241619, 3.57142639, -0.05769395
7298, 33678455, 33678989, 1.80807495, 1.69584942, 3.53968048, 0.28846979
7299, 33679455, 33679981, 1.80941653, 1.69928265, 3.53968048, -0.17308187
7300, 33680455, 33680979, 1.81067312, 1.70233440, 3.44444275, -0.28846979
7301, 33681455, 33681981, 1.81184411, 1.70576763, 3.41269684, -0.05769395
7302, 33682455, 33682981, 1.81292987, 1.70881939, 3.34920502, 0.05769395
7303, 33683455, 33683980, 1.81392980, 1.71187115, 3.34920502, 0.28846979
7304, 33684455, 33684984, 1.81484342, 1.71492290, 3.31745911, -0.05769395
7305, 33685455, 33685982, 1.81567097, 1.71835613, 3.22222137, 0.05769395
7306, 33686455, 33686988, 1.81641209, 1.72102737, 3.19047546, 0.17308187
7307, 33687455, 33687980, 1.81706524, 1.72407913, 3.12698364, -0.17308187
7308, 33688455, 33688982, 1.81762946, 1.72713089, 3.09523773, -0.05769395
7309, 33689455, 33689987, 1.81810403, 1.72980118, 3.06349182, -0.17308187
7310, 33690455, 33690985, 1.81848812, 1.73247147, 3.00000000, -0.40385768
7311, 33691455, 33691979, 1.81878114, 1.73552322, 2.96825409, -0.17308187
7312, 33692455, 33692977, 1.81898308, 1.73819351, 2.90476227, -0.40385768
7313, 33693455, 33693987, 1.81909251, 1.74086380, 2.87301636, -0.17308187
7314, 33694455, 33694983, 1.81910944, 1.74353409, 2.80952454, 0.05769395
7315, 33695455, 33695988, 1.81903267, 1.74582291, 2.74603271, 0.05769395
7316, 33696455, 33696986, 1.81886232, 1.74887466, 2.71428680, -0.05769395
7317, 33697455, 33697980, 1.81859839, 1.75116348, 2.65079498, 0.28846979
7318, 33698455, 33698982, 1.81824005, 1.75345230, 2.61904907, -0.05769395
7319, 33699455, 33699990, 1.81778681, 1.75574112, 2.55555725, -0.17308187
7320, 33700455, 33700987, 1.81723964, 1.75802994, 2.52381134, -0.28846979
7321, 33701455, 33701983, 1.81659949, 1.76031876, 2.46031952, -0.17308187
7322, 33702455, 33702989, 1.81586647, 1.76222610, 2.36508179, -0.17308187
7323, 33703455, 33703985, 1.81504166, 1.76451492, 2.30158997, -0.40385768
7324, 33704455, 33704985, 1.81412685, 1.76642227, 2.23809814, -0.28846979
7325, 33705455, 33705980, 1.81312454, 1.76794815, 2.17460632, 0.05769395
7326, 33706455, 33706990, 1.81203711, 1.77023697, 2.14286041, -0.28846979
7327, 33707455, 33707982, 1.81086755, 1.77176285, 2.07936859, -0.28846979
7328, 33708455, 33708982, 1.80961883, 1.77367020, 1.98412323, -0.51924562
7329, 33709455, 33709984, 1.80829298, 1.77519608, 1.92063141, -0.17308187
7330, 33710455, 33710978, 1.80689418, 1.77672195, 1.88888550, -0.28846979
7331, 33711455, 33711979, 1.80542624, 1.77824783, 1.79364777, -0.28846979
7332, 33712455, 33712981, 1.80389261, 1.77939224, 1.73015594, -0.28846979
7333, 33713455, 33713981, 1.80229664, 1.78091812, 1.63491821, -0.28846979
7334, 33714455, 33714983, 1.80064332, 1.78206348, 1.53968048, -0.51924562
7335, 33715455, 33715983, 1.79893780, 1.78320789, 1.47618866, -0.28846979
7336, 33716455, 33716983, 1.79718351, 1.78397083, 1.34920502, -0.28846979
7337, 33717455, 33717980, 1.79538465, 1.78473377, 1.25396729, -0.63463354
7338, 33718455, 33718980, 1.79354537, 1.78549671, 1.15872955, -0.17308187
7339, 33719455, 33719984, 1.79167092, 1.78664112, 1.09523773, -0.63463354
7340, 33720455, 33720978, 1.78976429, 1.78702259, 1.00000000, -0.63463354
7341, 33721455, 33721976, 1.78782880, 1.78740406, 0.87301636, -0.63463354
7342, 33722455, 33722984, 1.78586662, 1.78778553, 0.80952454, -0.40385768
7343, 33723455, 33723983, 1.78388143, 1.78778553, 0.68254089, -0.40385768
7344, 33724455, 33724985, 1.78187561, 1.78816700, 0.61904907, -0.51924562
7345, 33725455, 33725987, 1.77985001, 1.78816700, 0.49206543, -0.17308187
7346, 33726455, 33726991, 1.77780640, 1.78816700, 0.39682770, -0.05769395
7347, 33727455, 33727985, 1.77574527, 1.78816700, 0.30158997, -0.40385768
7348, 33728455, 33728986, 1.77366698, 1.78816700, 0.20635223, -0.28846979
7349, 33729455, 33729980, 1.77157068, 1.78816700, 0.14286041, -0.51924562
7350, 33730455, 33730982, 1.76945662, 1.78778553, 0.07936859, -0.28846979
7351, 33731455, 33731986, 1.76732314, 1.78778553, 0.01587677, -0.40385768
7352, 33732455, 33732986, 1.76516938, 1.78740406, -0.04762268, -0.17308187
7353, 33733455, 33733986, 1.76299441, 1.78702259, -0.11111450, -0.40385768
7354, 33734455, 33734983, 1.76079655, 1.78664112, -0.17460632, -0.40385768
7355, 33735455, 33735981, 1.75857437, 1.78625965, -0.39682770, -0.51924562
7356, 33736455, 33736989, 1.75632596, 1.78549671, -0.33333588, -0.51924562
7357, 33737455, 33737983, 1.75404966, 1.78511524, -0.36508179, -0.40385768
7358, 33738455, 33738985, 1.75174296, 1.78435230, -0.39682770, -0.05769395
7359, 33739455, 33739984, 1.74940586, 1.78397083, -0.46031952, 0.28846979
7360, 33740455, 33740990, 1.74703622, 1.78282642, -0.61904907, -0.17308187
7361, 33741455, 33741988, 1.74463177, 1.78206348, -0.61904907, -0.05769395
7362, 33742455, 33742988, 1.74219251, 1.78091812, -0.65079498, -0.05769395
7363, 33743455, 33743986, 1.73971784, 1.78015518, -0.55555725, -0.17308187
7364, 33744455, 33744984, 1.73720789, 1.77901077, -0.74603271, 0.05769395
7365, 33745455, 33745985, 1.73466134, 1.77786636, -0.84127045, 0.05769395
7366, 33746455, 33746983, 1.73207664, 1.77710342, -0.90476227, -0.17308187
7367, 33747455, 33747987, 1.72945321, 1.77595901, -0.96825409, -0.05769395
7368, 33748455, 33748987, 1.72679007, 1.77519608, -0.90476227, -0.05769395
7369, 33749455, 33749989, 1.72408664, 1.77367020, -1.00000000, -0.17308187
7370, 33750455, 33750986, 1.72134268, 1.77252579, -1.03174591, -0.05769395
7371, 33751455, 33751984, 1.71855724, 1.77138138, -1.09523773, -0.28846979
7372, 33752455, 33752984, 1.71572995, 1.76985550, -1.12698364, -0.28846979
7373, 33753455, 33753984, 1.71286058, 1.76832962, -1.15872955, -0.17308187
7374, 33754455, 33754982, 1.70994842, 1.76718521, -1.19047546, -0.17308187
7375, 33755455, 33755982, 1.70699441, 1.76565933, -1.25396729, -0.63463354
7376, 33756455, 33756981, 1.70399737, 1.76451492, -1.28571320, -0.51924562
7377, 33757455, 33757987, 1.70095563, 1.76298904, -1.34920502, -0.17308187
7378, 33758455, 33758981, 1.69786882, 1.76146317, -1.38095093, -0.40385768
7379, 33759455, 33759981, 1.69473648, 1.75993729, -1.38095093, -0.28846979
7380, 33760455, 33760983, 1.69155848, 1.75841141, -1.44444275, -0.28846979
7381, 33761455, 33761985, 1.68833387, 1.75650406, -1.44444275, -0.28846979
7382, 33762455, 33762982, 1.68506324, 1.75535965, -1.47618866, -0.28846979
7383, 33763455, 33763980, 1.68174648, 1.75345230, -1.53968430, -0.05769395
7384, 33764455, 33764980, 1.67838299, 1.75192642, -1.57143021, 0.05769395
7385, 33765455, 33765980, 1.67497158, 1.75001907, -1.57143021, -0.17308187
7386, 33766455, 33766982, 1.67151189, 1.74849319, -1.60317612, 0.05769395
7387, 33767455, 33767983, 1.66800284, 1.74658585, -1.66666794, -0.17308187
7388, 33768455, 33768983, 1.66444409, 1.74467850, -1.69841385, 0.05769395
7389, 33769455, 33769979, 1.66083610, 1.74238968, -1.73015976, 0.05769395
7390, 33770455, 33770979, 1.65717864, 1.74086380, -1.79365158, 0.05769395
7391, 33771455, 33771981, 1.65347099, 1.73895645, -1.82539749, -0.40385768
7392, 33772455, 33772981, 1.64971232, 1.73666763, -1.88888931, -0.17308187
7393, 33773455, 33773976, 1.64590204, 1.73476028, -1.88888931, -0.40385768
7394, 33774455, 33774980, 1.64203990, 1.73247147, -1.92063522, -0.17308187
7395, 33775455, 33775978, 1.63812530, 1.73056412, -1.95238113, -0.40385768
7396, 33776455, 33776982, 1.63415802, 1.72865677, -1.98412704, -0.40385768
7397, 33777455, 33777976, 1.63013911, 1.72636795, -2.04761887, -0.40385768
7398, 33778455, 33778975, 1.62606859, 1.72407913, -2.04761887, -0.28846979
7399, 33779455, 33779977, 1.62194753, 1.72179031, -2.07936478, -0.05769395
7400, 33780455, 33780973, 1.61777604, 1.71950150, -2.14285660, -0.28846979
7401, 33781455, 33781975, 1.61355388, 1.71683025, -2.17460251, -0.40385768
7402, 33782455, 33782987, 1.60928154, 1.71454144, -2.23809433, 0.05769395
7403, 33783455, 33783973, 1.60495961, 1.71225262, -2.30158615, -0.28846979
7404, 33784455, 33784978, 1.60058951, 1.70958233, -2.33333206, -0.17308187
7405, 33785455, 33785972, 1.59617352, 1.70691204, -2.36507797, -0.28846979
7406, 33786455, 33786972, 1.59171093, 1.70424175, -2.42856979, -0.51924562
7407, 33787455, 33787980, 1.58720279, 1.70157146, -2.46031570, -0.17308187
7408, 33788455, 33788970, 1.58264947, 1.69890118, -2.49206161, -0.51924562
7409, 33789455, 33789972, 1.57805097, 1.69623089, -2.52381134, -0.63463354
7410, 33790455, 33790971, 1.57340908, 1.69356060, -2.58730316, -0.40385768
7411, 33791455, 33791985, 1.56872368, 1.69089031, -2.65079498, -0.17308187
7412, 33792455, 33792983, 1.56399512, 1.68783855, -2.68254089, -0.05769395
7413, 33793455, 33793983, 1.55922377, 1.68478680, -2.74603271, -0.28846979
7414, 33794455, 33794983, 1.55441034, 1.68173504, -2.80952454, 0.17308187
7415, 33795455, 33795984, 1.54955459, 1.67868328, -2.84127045, -0.28846979
7416, 33796455, 33796990, 1.54465497, 1.67563152, -2.90476227, -0.28846979
7417, 33797455, 33797986, 1.53971195, 1.67219830, -3.00000000, -0.40385768
7418, 33798455, 33798984, 1.53472590, 1.66914654, -3.03174591, -0.28846979
7419, 33799455, 33799970, 1.52969646, 1.66571331, -3.09523773, -0.75002146
7420, 33800455, 33800984, 1.52462196, 1.66266155, -3.12698364, -0.75002146
7421, 33801455, 33801989, 1.51950181, 1.65922832, -3.15872955, -0.51924562
7422, 33802455, 33802987, 1.51433551, 1.65579414, -3.22222137, -0.40385768
7423, 33803455, 33803991, 1.50912285, 1.65236092, -3.25396729, -0.17308187
7424, 33804455, 33804991, 1.50386381, 1.64892769, -3.31745911, 0.17308187
7425, 33805455, 33805989, 1.49855840, 1.64511299, -3.34920502, 0.05769395
7426, 33806455, 33806989, 1.49320483, 1.64167976, -3.38095093, -0.05769395
7427, 33807455, 33807986, 1.48780251, 1.63824654, -3.41269684, -0.28846979
7428, 33808455, 33808986, 1.48235130, 1.63443184, -3.47618866, -0.40385768
7429, 33809455, 33809990, 1.47685063, 1.63099861, -3.53968430, -0.51924562
7430, 33810455, 33810984, 1.47130048, 1.62680244, -3.57143021, -0.28846979
7431, 33811455, 33811986, 1.46570003, 1.62298775, -3.60317612, -0.17308187
7432, 33812455, 33812987, 1.46004951, 1.61955452, -3.66666794, -0.05769395
7433, 33813455, 33813985, 1.45434928, 1.61535835, -3.73015976, -0.28846979
7434, 33814455, 33814989, 1.44859874, 1.61154366, -3.76190567, -0.17308187
7435, 33815455, 33815989, 1.44279838, 1.60734749, -3.82539749, -0.17308187
7436, 33816455, 33816987, 1.43694890, 1.60353279, -3.85714340, -0.51924562
7437, 33817455, 33817985, 1.43105137, 1.59933662, -3.88888931, -0.40385768
7438, 33818455, 33818988, 1.42510748, 1.59514046, -3.92063522, -0.63463354
7439, 33819455, 33819988, 1.41911960, 1.59094334, -3.98412704, -0.40385768
7440, 33820455, 33820992, 1.41308904, 1.58674717, -4.07936478, 0.05769395
7441, 33821455, 33821986, 1.40701783, 1.58255100, -4.07936478, -0.05769395
7442, 33822455, 33822984, 1.40090823, 1.57797337, -4.14285660, -0.28846979
7443, 33823455, 33823985, 1.39476383, 1.57415867, -4.17460251, -0.17308187
7444, 33824455, 33824981, 1.38858867, 1.56958103, -4.23809433, -0.28846979
7445, 33825455, 33825987, 1.38238740, 1.56500340, -4.26984024, -0.05769395
7446, 33826455, 33826981, 1.37616479, 1.56080723, -4.30158615, -0.40385768
7447, 33827455, 33827981, 1.36992633, 1.55622959, -4.33333206, -0.51924562
7448, 33828455, 33828981, 1.36367905, 1.55127048, -4.36507797, -0.17308187
7449, 33829455, 33829982, 1.35743034, 1.54707432, -4.42856979, -0.17308187
7450, 33830455, 33830980, 1.35118628, 1.54211521, -4.46031570, 0.05769395
7451, 33831455, 33831984, 1.34495389, 1.53753757, -4.52381134, -0.05769395
7452, 33832455, 33832982, 1.33874285, 1.53295994, -4.55555725, -0.17308187
7453, 33833455, 33833978, 1.33256328, 1.52838135, -4.61904907, -0.51924562
7454, 33834455, 33834980, 1.32642758, 1.52304077, -4.65079498, 0.05769395
7455, 33835455, 33835979, 1.32034910, 1.51846313, -4.68254089, -0.17308187
7456, 33836455, 33836981, 1.31434083, 1.51350403, -4.71428680, -0.05769395
7457, 33837455, 33837977, 1.30842078, 1.50892639, -4.74603271, -0.28846979
7458, 33838455, 33838979, 1.30260718, 1.50396729, -4.77777863, 0.05769395
7459, 33839455, 33839983, 1.29692233, 1.49900818, -4.80952454, -0.05769395
7460, 33840455, 33840978, 1.29139006, 1.49404907, -4.80952454, -0.28846979
7461, 33841455, 33841980, 1.28603840, 1.48908997, -4.87301636, -0.17308187
7462, 33842455, 33842976, 1.28089797, 1.48413086, -4.90476227, -0.28846979
7463, 33843455, 33843978, 1.27600551, 1.47879028, -4.93650818, -0.05769395
7464, 33844455, 33844980, 1.27140117, 1.47383118, -4.96825409, -0.05769395
7465, 33845455, 33845977, 1.26713479, 1.46887207, -5.00000000, -0.28846979
7466, 33846455, 33846977, 1.26326263, 1.46314907, -5.03174591, -0.40385768
7467, 33847455, 33847979, 1.25985217, 1.45818996, -5.09523773, -0.05769395
7468, 33848455, 33848983, 1.25696492, 1.45284939, -5.12698364, 0.51924562
7469, 33849455, 33849983, 1.25465250, 1.44789028, -5.15872955, -0.05769395
7470, 33850455, 33850983, 1.25296056, 1.44254971, -5.15872955, 0.05769395
7471, 33851455, 33851982, 1.25191224, 1.43720913, -5.19047546, 0.17308187
7472, 33852455, 33852982, 1.25151277, 1.43225002, -5.19047546, -0.05769395
7473, 33853455, 33853988, 1.25174034, 1.42690945, -5.19047546, 0.05769395
7474, 33854455, 33854986, 1.25255287, 1.42156887, -5.22222137, 0.51924562
7475, 33855455, 33855982, 1.25388873, 1.41660976, -5.22222137, 0.63463354
7476, 33856455, 33856978, 1.25566161, 1.41165066, -5.22222137, 0.40385768
7477, 33857455, 33857985, 1.25777805, 1.40592766, -5.22222137, 0.63463354
7478, 33858455, 33858985, 1.26015520, 1.40096855, -5.22222137, 1.09618521
7479, 33859455, 33859977, 1.26272178, 1.39600945, -5.19047546, 0.86540931
7480, 33860455, 33860989, 1.26543045, 1.39105034, -5.19047546, 1.78851259
7481, 33861455, 33861985, 1.26824176, 1.38647270, -5.12698364, 1.78851259
7482, 33862455, 33862981, 1.27112937, 1.38189507, -5.06349182, 1.78851259
7483, 33863455, 33863982, 1.27407193, 1.37769890, -4.96825409, 1.78851259
7484, 33864455, 33864980, 1.27705693, 1.37350273, -4.87301636, 2.13467646
7485, 33865455, 33865984, 1.28007460, 1.36930656, -4.71428680, 2.59622812
7486, 33866455, 33866982, 1.28312290, 1.36549187, -4.55555725, 2.25006437
7487, 33867455, 33867980, 1.28620374, 1.36167717, -4.42856979, 1.78851259
7488, 33868455, 33868980, 1.28932309, 1.35824394, -4.23809433, 2.48084021
7489, 33869455, 33869983, 1.29249156, 1.35519218, -4.07936478, 2.48084021
7490, 33870455, 33870981, 1.29571593, 1.35214043, -3.92063522, 2.36545229
7491, 33871455, 33871975, 1.29900217, 1.34908867, -3.73015976, 2.36545229
7492, 33872455, 33872981, 1.30235314, 1.34641838, -3.50793839, 1.78851259
7493, 33873455, 33873985, 1.30576599, 1.34412956, -3.34920502, 1.90390050
7494, 33874455, 33874975, 1.30923676, 1.34183979, -3.15872955, 2.25006437
7495, 33875455, 33875984, 1.31275988, 1.33993244, -2.96825409, 2.25006437
7496, 33876455, 33876984, 1.31633055, 1.33802509, -2.74603271, 2.48084021
7497, 33877455, 33877988, 1.31994367, 1.33649921, -2.55555725, 2.36545229
7498, 33878455, 33878978, 1.32359433, 1.33497334, -2.33333206, 2.01928854
7499, 33879455, 33879978, 1.32727671, 1.33382893, -2.14285660, 1.90390050
7500, 33880455, 33880977, 1.33098435, 1.33306599, -1.95238113, 1.67312467
7501, 33881455, 33881983, 1.33471203, 1.33192158, -1.73015976, 1.67312467
7502, 33882455, 33882985, 1.33845484, 1.33115864, -1.50793839, 1.32696104
7503, 33883455, 33883983, 1.34220719, 1.33039570, -1.31745911, 0.86540931
7504, 33884455, 33884985, 1.34596241, 1.33001423, -1.19047546, 1.32696104
7505, 33885455, 33885983, 1.34971476, 1.33001423, -1.00000000, 0.98079723
7506, 33886455, 33886984, 1.35346019, 1.32963276, -0.84127045, 1.21157312
7507, 33887455, 33887980, 1.35719538, 1.32963276, -0.68254089, 1.21157312
7508, 33888455, 33888982, 1.36091733, 1.33001423, -0.55555725, 1.21157312
7509, 33889455, 33889986, 1.36462462, 1.33001423, -0.36508179, 1.09618521
7510, 33890455, 33890984, 1.36831677, 1.33001423, -0.26984406, 1.32696104
7511, 33891455, 33891980, 1.37199295, 1.33039570, -0.11111450, 1.21157312
7512, 33892455, 33892987, 1.37565458, 1.33115864, -0.01587677, 1.09618521
7513, 33893455, 33893985, 1.37930286, 1.33192158, 0.11111450, 1.32696104
7514, 33894455, 33894985, 1.38293886, 1.33268452, 0.23809814, 1.44234896
7515, 33895455, 33895983, 1.38656294, 1.33306599, 0.36508179, 1.32696104
7516, 33896455, 33896983, 1.39017606, 1.33421040, 0.49206543, 1.32696104
7517, 33897455, 33897982, 1.39377785, 1.33535480, 0.55555725, 1.44234896
7518, 33898455, 33898988, 1.39736903, 1.33649921, 0.65079498, 1.09618521
7519, 33899455, 33899980, 1.40094960, 1.33764362, 0.77777863, 1.44234896
7520, 33900455, 33900980, 1.40451980, 1.33878803, 0.87301636, 1.55773675
7521, 33901455, 33901982, 1.40807974, 1.34031391, 0.96825409, 1.32696104
7522, 33902455, 33902979, 1.41163099, 1.34183979, 1.06349182, 1.21157312
7523, 33903455, 33903983, 1.41517544, 1.34336567, 1.15872955, 1.21157312
7524, 33904455, 33904981, 1.41871536, 1.34527397, 1.25396729, 1.09618521
7525, 33905455, 33905983, 1.42225182, 1.34679985, 1.34920502, 1.09618521
7526, 33906455, 33906979, 1.42578733, 1.34832573, 1.41269684, 0.98079723
7527, 33907455, 33907985, 1.42932367, 1.35061455, 1.50793457, 1.32696104
7528, 33908455, 33908982, 1.43286347, 1.35252190, 1.57142639, 0.98079723
7529, 33909455, 33909982, 1.43640924, 1.35404778, 1.66666412, 1.09618521
7530, 33910455, 33910984, 1.43996298, 1.35633659, 1.73015594, 1.09618521
7531, 33911455, 33911986, 1.44352651, 1.35862541, 1.79364777, 0.86540931
7532, 33912455, 33912980, 1.44710326, 1.36053276, 1.85713959, 0.98079723
7533, 33913455, 33913984, 1.45069444, 1.36282158, 1.92063141, 0.75002146
7534, 33914455, 33914985, 1.45430136, 1.36511040, 1.98412323, 0.63463354
7535, 33915455, 33915985, 1.45792520, 1.36739922, 2.01587677, 0.75002146
7536, 33916455, 33916977, 1.46156728, 1.36968803, 2.11111450, 1.09618521
7537, 33917455, 33917977, 1.46522963, 1.37235832, 2.17460632, 0.98079723
7538, 33918455, 33918975, 1.46891546, 1.37464714, 2.17460632, 0.75002146
7539, 33919455, 33919977, 1.47262704, 1.37693596, 2.20635223, 0.75002146
7540, 33920455, 33920980, 1.47636616, 1.37922478, 2.26984406, 0.75002146
7541, 33921455, 33921974, 1.48013449, 1.38151360, 2.33333588, 0.75002146
7542, 33922455, 33922976, 1.48393381, 1.38456535, 2.36508179, 0.86540931
7543, 33923455, 33923976, 1.48776531, 1.38685417, 2.39682770, 1.09618521
7544, 33924455, 33924974, 1.49163043, 1.38952446, 2.42857361, 0.86540931
7545, 33925455, 33925977, 1.49552941, 1.39219475, 2.46031952, 0.86540931
7546, 33926455, 33926975, 1.49946213, 1.39486504, 2.49206543, 0.75002146
7547, 33927455, 33927979, 1.50342882, 1.39753532, 2.55555725, 0.51924562
7548, 33928455, 33928973, 1.50742817, 1.40020561, 2.58730316, 0.51924562
7549, 33929455, 33929987, 1.51145887, 1.40325737, 2.61904907, 0.75002146
7550, 33930455, 33930985, 1.51551878, 1.40592766, 2.65079498, 0.63463354
7551, 33931455, 33931972, 1.51960683, 1.40898037, 2.71428680, 0.63463354
7552, 33932455, 33932988, 1.52372241, 1.41203213, 2.71428680, 0.63463354
7553, 33933455, 33933974, 1.52786398, 1.41470242, 2.74603271, 0.75002146
7554, 33934455, 33934976, 1.53202951, 1.41775417, 2.77777863, 0.63463354
7555, 33935455, 33935976, 1.53621757, 1.42042446, 2.80952454, 0.86540931
7556, 33936455, 33936973, 1.54042566, 1.42347622, 2.84127045, 0.63463354
7557, 33937455, 33937975, 1.54465258, 1.42652798, 2.87301636, 0.75002146
7558, 33938455, 33938985, 1.54889679, 1.42957973, 2.90476227, 0.75002146
7559, 33939455, 33939971, 1.55315709, 1.43263149, 2.90476227, 0.75002146
7560, 33940455, 33940971, 1.55743158, 1.43568325, 2.93650818, 0.51924562
7561, 33941455, 33941983, 1.56171799, 1.43873501, 2.96825409, 0.75002146
7562, 33942455, 33942984, 1.56601489, 1.44178677, 3.00000000, 0.86540931
7563, 33943455, 33943986, 1.57032120, 1.44521999, 3.03174591, 0.75002146
7564, 33944455, 33944972, 1.57463706, 1.44827175, 3.06349182, 0.63463354
7565, 33945455, 33945972, 1.57896197, 1.45132351, 3.06349182, 0.63463354
7566, 33946455, 33946972, 1.58329535, 1.45475674, 3.12698364, 0.86540931
7567, 33947455, 33947983, 1.58763623, 1.45818996, 3.12698364, 0.75002146
7568, 33948455, 33948971, 1.59198439, 1.46124172, 3.15872955, 0.63463354
7569, 33949455, 33949973, 1.59633875, 1.46467495, 3.19047546, 0.86540931
7570, 33950455, 33950985, 1.60069776, 1.46810818, 3.22222137, 0.63463354
7571, 33951455, 33951983, 1.60506082, 1.47154236, 3.25396729, 0.86540931
7572, 33952455, 33952985, 1.60942745, 1.47497559, 3.28571320, 0.75002146
7573, 33953455, 33953984, 1.61379600, 1.47840881, 3.31745911, 0.63463354
7574, 33954455, 33954988, 1.61816525, 1.48184204, 3.34920502, 0.75002146
7575, 33955455, 33955988, 1.62253463, 1.48527527, 3.38095093, 0.75002146
7576, 33956455, 33956992, 1.62690151, 1.48908997, 3.41269684, 0.40385768
7577, 33957455, 33957984, 1.63126409, 1.49252319, 3.44444275, 0.63463354
7578, 33958455, 33958982, 1.63562059, 1.49595642, 3.44444275, 0.75002146
7579, 33959455, 33959983, 1.63996780, 1.49977112, 3.47618866, 0.98079723
7580, 33960455, 33960987, 1.64430249, 1.50320435, 3.47618866, 0.98079723
7581, 33961455, 33961987, 1.64862108, 1.50663757, 3.50793457, 0.63463354
7582, 33962455, 33962987, 1.65291989, 1.51007080, 3.53968048, 0.63463354
7583, 33963455, 33963991, 1.65719438, 1.51388550, 3.53968048, 0.75002146
7584, 33964455, 33964987, 1.66144133, 1.51770020, 3.53968048, 0.28846979
7585, 33965455, 33965982, 1.66565776, 1.52113342, 3.57142639, 0.63463354
7586, 33966455, 33966986, 1.66984069, 1.52494812, 3.60317230, 0.63463354
7587, 33967455, 33967984, 1.67398763, 1.52876282, 3.60317230, 0.28846979
7588, 33968455, 33968982, 1.67809641, 1.53219700, 3.60317230, 0.75002146
7589, 33969455, 33969982, 1.68216431, 1.53601170, 3.63491821, 0.63463354
7590, 33970455, 33970987, 1.68618953, 1.53982639, 3.63491821, 0.28846979
7591, 33971455, 33971987, 1.69017172, 1.54364109, 3.66666412, 0.51924562
7592, 33972455, 33972983, 1.69411027, 1.54745579, 3.69841003, 0.75002146
7593, 33973455, 33973985, 1.69800436, 1.55127048, 3.73015594, 0.40385768
7594, 33974455, 33974983, 1.70185471, 1.55508518, 3.73015594, 0.51924562
7595, 33975455, 33975984, 1.70566082, 1.55889988, 3.76190186, 0.51924562
7596, 33976455, 33976982, 1.70942247, 1.56271458, 3.76190186, 0.51924562
7597, 33977455, 33977984, 1.71313941, 1.56652927, 3.76190186, 0.17308187
7598, 33978455, 33978978, 1.71681035, 1.57034397, 3.79364777, 0.63463354
7599, 33979455, 33979978, 1.72043490, 1.57415867, 3.79364777, 0.51924562
7600, 33980455, 33980978, 1.72401166, 1.57797337, 3.76190186, 0.40385768
7601, 33981455, 33981979, 1.72753882, 1.58140659, 3.76190186, 0.98079723
7602, 33982455, 33982979, 1.73101497, 1.58522129, 3.79364777, 0.28846979
7603, 33983455, 33983981, 1.73443818, 1.58903599, 3.79364777, 0.17308187
7604, 33984455, 33984977, 1.73780799, 1.59323215, 3.79364777, 0.40385768
7605, 33985455, 33985977, 1.74112308, 1.59704781, 3.76190186, 0.51924562
7606, 33986455, 33986983, 1.74438238, 1.60048103, 3.79364777, 0.63463354
7607, 33987455, 33987976, 1.74758351, 1.60429573, 3.79364777, 0.63463354
7608, 33988455, 33988982, 1.75072479, 1.60811043, 3.79364777, 0.51924562
7609, 33989455, 33989992, 1.75380480, 1.61230659, 3.79364777, 0.40385768
7610, 33990455, 33990982, 1.75682282, 1.61573982, 3.79364777, 0.28846979
7611, 33991455, 33991978, 1.75977719, 1.61993599, 3.79364777, 0.86540931
7612, 33992455, 33992985, 1.76266658, 1.62336922, 3.79364777, 0.51924562
7613, 33993455, 33993981, 1.76548946, 1.62718391, 3.82539368, 0.28846979
7614, 33994455, 33994977, 1.76824462, 1.63099861, 3.79364777, 0.17308187
7615, 33995455, 33995977, 1.77093065, 1.63481331, 3.79364777, 0.28846979
7616, 33996455, 33996979, 1.77354646, 1.63824654, 3.76190186, 0.40385768
7617, 33997455, 33997979, 1.77609086, 1.64206123, 3.76190186, 0.40385768
7618, 33998455, 33998980, 1.77856183, 1.64587593, 3.76190186, 0.40385768
7619, 33999455, 33999990, 1.78095806, 1.64969063, 3.73015594, 0.63463354
7620, 34000455, 34000980, 1.78327751, 1.65312386, 3.69841003, 0.28846979
7621, 34001455, 34001980, 1.78551793, 1.65693951, 3.69841003, 0.40385768
7622, 34002455, 34002984, 1.78767812, 1.66075420, 3.66666412, 0.17308187
7623, 34003455, 34003984, 1.78975642, 1.66380596, 3.66666412, 0.17308187
7624, 34004455, 34004981, 1.79175186, 1.66762066, 3.63491821, -0.05769395
7625, 34005455, 34005977, 1.79366219, 1.67105389, 3.63491821, 0.17308187
7626, 34006455, 34006979, 1.79548573, 1.67448711, 3.60317230, 0.17308187
7627, 34007455, 34007991, 1.79722142, 1.67830181, 3.57142639, 0.05769395
7628, 34008455, 34008979, 1.79886770, 1.68173504, 3.73015594, 0.17308187
7629, 34009455, 34009981, 1.80042279, 1.68516827, 3.53968048, -0.17308187
7630, 34010455, 34010984, 1.80188501, 1.68860149, 3.47618866, -0.17308187
7631, 34011455, 34011982, 1.80325234, 1.69165325, 3.44444275, -0.05769395
7632, 34012455, 34012980, 1.80452371, 1.69508648, 3.44444275, 0.05769395
7633, 34013455, 34013978, 1.80569768, 1.69851971, 3.41269684, -0.05769395
7634, 34014455, 34014978, 1.80677319, 1.70118999, 3.34920502, 0.17308187
7635, 34015455, 34015982, 1.80774951, 1.70424175, 3.31745911, -0.40385768
7636, 34016455, 34016977, 1.80862558, 1.70729351, 3.09523773, 0.05769395
7637, 34017455, 34017979, 1.80940139, 1.71034527, 3.19047546, 0.05769395
7638, 34018455, 34018977, 1.81007659, 1.71339703, 3.19047546, 0.05769395
7639, 34019455, 34019989, 1.81065083, 1.71644878, 3.12698364, 0.05769395
7640, 34020455, 34020989, 1.81112480, 1.71950150, 3.25396729, 0.17308187
7641, 34021455, 34021985, 1.81149971, 1.72255325, 3.06349182, -0.17308187
7642, 34022455, 34022992, 1.81177533, 1.72522354, 3.00000000, -0.17308187
7643, 34023455, 34023984, 1.81195235, 1.72789383, 2.93650818, -0.05769395
7644, 34024455, 34024984, 1.81203282, 1.73056412, 2.90476227, -0.28846979
7645, 34025455, 34025980, 1.81201744, 1.73323441, 2.84127045, -0.51924562
7646, 34026455, 34026984, 1.81190670, 1.73590469, 2.80952454, -0.17308187
7647, 34027455, 34027985, 1.81170106, 1.73857498, 2.93650818, -0.17308187
7648, 34028455, 34028981, 1.81140137, 1.74086380, 2.58730316, -0.17308187
7649, 34029455, 34029983, 1.81100833, 1.74315262, 2.61904907, -0.28846979
7650, 34030455, 34030987, 1.81052327, 1.74544144, 2.58730316, -0.05769395
7651, 34031455, 34031981, 1.80994689, 1.74811172, 2.55555725, 0.17308187
7652, 34032455, 34032984, 1.80927944, 1.75001907, 2.49206543, -0.28846979
7653, 34033455, 34033984, 1.80852282, 1.75230789, 2.46031952, -0.05769395
7654, 34034455, 34034982, 1.80767882, 1.75459671, 2.36508179, -0.28846979
7655, 34035455, 34035986, 1.80674875, 1.75650406, 2.14286041, -0.17308187
7656, 34036455, 34036988, 1.80573380, 1.75879288, 2.20635223, -0.17308187
7657, 34037455, 34037984, 1.80463564, 1.76031876, 2.17460632, -0.17308187
7658, 34038455, 34038985, 1.80345678, 1.76222610, 2.11111450, -0.51924562
7659, 34039455, 34039981, 1.80219936, 1.76413345, 2.07936859, -0.28846979
7660, 34040455, 34040985, 1.80086601, 1.76565933, 2.01587677, -0.51924562
7661, 34041455, 34041983, 1.79945970, 1.76756668, 1.92063141, -0.17308187
7662, 34042455, 34042983, 1.79798210, 1.76871109, 1.85713959, -0.51924562
7663, 34043455, 34043989, 1.79643691, 1.77061844, 1.79364777, -0.86540931
7664, 34044455, 34044986, 1.79482830, 1.77176285, 1.73015594, -0.63463354
7665, 34045455, 34045984, 1.79315841, 1.77290726, 1.63491821, -0.51924562
7666, 34046455, 34046982, 1.79142952, 1.77443314, 1.57142639, -0.63463354
7667, 34047455, 34047986, 1.78964472, 1.77519608, 1.47618866, -0.75002146
7668, 34048455, 34048980, 1.78780699, 1.77634048, 1.38095093, -0.63463354
7669, 34049455, 34049982, 1.78591895, 1.77748489, 1.28571320, -0.40385768
7670, 34050455, 34050981, 1.78398287, 1.77786636, 1.22222137, -0.51924562
7671, 34051455, 34051981, 1.78200126, 1.77862930, 1.09523773, -0.40385768
7672, 34052455, 34052981, 1.77997720, 1.77901077, 1.00000000, -0.51924562
7673, 34053455, 34053981, 1.77791309, 1.77977371, 0.87301636, -0.51924562
7674, 34054455, 34054979, 1.77581048, 1.78015518, 0.80952454, -0.28846979
7675, 34055455, 34055980, 1.77367055, 1.78053665, 0.68254089, -0.28846979
7676, 34056455, 34056982, 1.77149439, 1.78053665, 0.58730316, -0.17308187
7677, 34057455, 34057982, 1.76928353, 1.78053665, 0.49206543, -0.28846979
7678, 34058455, 34058980, 1.76703811, 1.78091812, 0.39682770, -0.51924562
7679, 34059455, 34059978, 1.76475942, 1.78053665, 0.33333588, -0.51924562
7680, 34060455, 34060980, 1.76244855, 1.78053665, 0.20635223, -0.63463354
7681, 34061455, 34061979, 1.76010513, 1.78015518, 0.14286041, -0.63463354
7682, 34062455, 34062981, 1.75772917, 1.78015518, 0.04762268, -0.51924562
7683, 34063455, 34063983, 1.75532150, 1.77977371, -0.01587677, -0.17308187
7684, 34064455, 34064979, 1.75288212, 1.77939224, -0.11111450, -0.40385768
7685, 34065455, 34065979, 1.75041211, 1.77862930, -0.14286041, -0.51924562
7686, 34066455, 34066978, 1.74791229, 1.77824783, -0.23809814, -0.51924562
7687, 34067455, 34067980, 1.74538183, 1.77786636, -0.30158997, -0.51924562
7688, 34068455, 34068980, 1.74281967, 1.77748489, -0.36508179, -0.40385768
7689, 34069455, 34069976, 1.74022567, 1.77672195, -0.39682770, -0.51924562
7690, 34070455, 34070980, 1.73760080, 1.77595901, -0.46031952, -0.51924562
7691, 34071455, 34071978, 1.73494506, 1.77519608, -0.52381134, -0.40385768
7692, 34072455, 34072979, 1.73225856, 1.77405167, -0.61904907, -0.40385768
7693, 34073455, 34073979, 1.72954142, 1.77290726, -0.68254089, -0.28846979
7694, 34074455, 34074975, 1.72679389, 1.77176285, -0.74603271, -0.28846979
7695, 34075455, 34075977, 1.72401619, 1.77099991, -0.80952454, -0.40385768
7696, 34076455, 34076977, 1.72120833, 1.76947403, -0.87301636, -0.28846979
7697, 34077455, 34077976, 1.71836984, 1.76832962, -0.96825409, -0.51924562
7698, 34078455, 34078980, 1.71550000, 1.76718521, -1.03174591, -0.75002146
7699, 34079455, 34079978, 1.71259856, 1.76604080, -1.09523773, -0.40385768
7700, 34080455, 34080974, 1.70966518, 1.76489639, -1.12698364, -0.28846979
7701, 34081455, 34081978, 1.70669985, 1.76337051, -1.19047546, -0.17308187
7702, 34082455, 34082980, 1.70370209, 1.76184464, -1.19047546, -0.17308187
7703, 34083455, 34083979, 1.70067132, 1.76070023, -1.25396729, -0.17308187
7704, 34084455, 34084979, 1.69760633, 1.75879288, -1.31745911, -0.17308187
7705, 34085455, 34085981, 1.69450617, 1.75764847, -1.34920502, -0.17308187
7706, 34086455, 34086989, 1.69137049, 1.75574112, -1.38095093, -0.28846979
7707, 34087455, 34087975, 1.68819940, 1.75459671, -1.41269684, -0.17308187
7708, 34088455, 34088977, 1.68499231, 1.75268936, -1.47618866, 0.17308187
7709, 34089455, 34089988, 1.68174922, 1.75116348, -1.50793839, -0.28846979
7710, 34090455, 34090986, 1.67847049, 1.74925613, -1.57143021, -0.28846979
7711, 34091455, 34091986, 1.67515600, 1.74773026, -1.60317612, 0.05769395
7712, 34092455, 34092976, 1.67180502, 1.74544144, -1.63492203, -0.05769395
7713, 34093455, 34093974, 1.66841722, 1.74391556, -1.69841385, -0.17308187
7714, 34094455, 34094975, 1.66499233, 1.74238968, -1.73015976, -0.17308187
7715, 34095455, 34095973, 1.66153085, 1.74010086, -1.79365158, -0.05769395
7716, 34096455, 34096973, 1.65803277, 1.73819351, -1.79365158, -0.17308187
7717, 34097455, 34097971, 1.65449858, 1.73628616, -1.82539749, -0.28846979
7718, 34098455, 34098983, 1.65092850, 1.73437881, -1.88888931, -0.75002146
7719, 34099455, 34099983, 1.64732218, 1.73247147, -1.88888931, -0.17308187
7720, 34100455, 34100974, 1.64367938, 1.73018265, -1.92063522, -0.17308187
7721, 34101455, 34101988, 1.64000058, 1.72827530, -1.95238113, -0.17308187
7722, 34102455, 34102990, 1.63628697, 1.72560501, -2.01587296, -0.05769395
7723, 34103455, 34103988, 1.63253844, 1.72369766, -2.01587296, -0.28846979
7724, 34104455, 34104986, 1.62875521, 1.72140884, -2.07936478, -0.05769395
7725, 34105455, 34105985, 1.62493777, 1.71950150, -2.11111069, -0.05769395
7726, 34106455, 34106983, 1.62108660, 1.71683025, -2.14285660, -0.05769395
7727, 34107455, 34107983, 1.61720240, 1.71454144, -2.20634842, -0.28846979
7728, 34108455, 34108985, 1.61328495, 1.71225262, -2.23809433, -0.17308187
7729, 34109455, 34109987, 1.60933435, 1.70996380, -2.23809433, -0.05769395
7730, 34110455, 34110985, 1.60535133, 1.70729351, -2.26984024, -0.17308187
7731, 34111455, 34111982, 1.60133505, 1.70500469, -2.33333206, -0.28846979
7732, 34112455, 34112982, 1.59728563, 1.70271587, -2.33333206, -0.17308187
7733, 34113455, 34113984, 1.59320247, 1.70004559, -2.39682388, -0.17308187
7734, 34114455, 34114984, 1.58908510, 1.69775677, -2.39682388, -0.17308187
7735, 34115455, 34115982, 1.58493316, 1.69508648, -2.46031570, -0.17308187
7736, 34116455, 34116982, 1.58074617, 1.69203472, -2.49206161, -0.17308187
7737, 34117455, 34117981, 1.57652390, 1.68936443, -2.49206161, -0.17308187
7738, 34118455, 34118985, 1.57226610, 1.68669415, -2.55555725, 0.05769395
7739, 34119455, 34119987, 1.56797218, 1.68402386, -2.58730316, -0.05769395
7740, 34120455, 34120981, 1.56364083, 1.68135357, -2.61904907, 0.05769395
7741, 34121455, 34121977, 1.55927122, 1.67868328, -2.65079498, -0.28846979
7742, 34122455, 34122984, 1.55486321, 1.67563152, -2.71428680, -0.17308187
7743, 34123455, 34123982, 1.55041575, 1.67296124, -2.74603271, -0.17308187
7744, 34124455, 34124980, 1.54592741, 1.66952801, -2.80952454, -0.40385768
7745, 34125455, 34125978, 1.54139709, 1.66647625, -2.84127045, -0.40385768
7746, 34126455, 34126982, 1.53682303, 1.66380596, -2.87301636, 0.05769395
7747, 34127455, 34127980, 1.53220367, 1.66075420, -2.90476227, -0.28846979
7748, 34128455, 34128993, 1.52753818, 1.65770245, -2.93650818, -0.28846979
7749, 34129455, 34129985, 1.52282512, 1.65464973, -2.96825409, -0.17308187
7750, 34130455, 34130981, 1.51806414, 1.65121651, -3.00000000, -0.28846979
7751, 34131455, 34131993, 1.51325405, 1.64816475, -3.03174591, 0.05769395
7752, 34132455, 34132993, 1.50839329, 1.64511299, -3.06349182, -0.17308187
7753, 34133455, 34133985, 1.50348210, 1.64167976, -3.09523773, -0.28846979
7754, 34134455, 34134986, 1.49852014, 1.63824654, -3.15872955, -0.28846979
7755, 34135455, 34135988, 1.49350619, 1.63519478, -3.19047546, -0.75002146
7756, 34136455, 34136988, 1.48843896, 1.63176155, -3.22222137, -0.17308187
7757, 34137455, 34137984, 1.48331809, 1.62832832, -3.28571320, -0.17308187
7758, 34138455, 34138982, 1.47814214, 1.62527657, -3.28571320, -0.28846979
7759, 34139455, 34139983, 1.47291064, 1.62146187, -3.31745911, -0.17308187
7760, 34140455, 34140981, 1.46762383, 1.61802864, -3.34920502, -0.28846979
7761, 34141455, 34141987, 1.46228194, 1.61421394, -3.41269684, -0.17308187
7762, 34142455, 34142983, 1.45688570, 1.61039925, -3.47618866, -0.28846979
7763, 34143455, 34143989, 1.45143509, 1.60696602, -3.50793839, 0.05769395
7764, 34144455, 34144987, 1.44592953, 1.60353279, -3.53968430, -0.28846979
7765, 34145455, 34145988, 1.44036877, 1.59971809, -3.60317612, -0.28846979
7766, 34146455, 34146986, 1.43475354, 1.59552193, -3.63492203, -0.40385768
7767, 34147455, 34147978, 1.42908442, 1.59170628, -3.69841385, -0.40385768
7768, 34148455, 34148984, 1.42336166, 1.58789158, -3.73015976, -0.28846979
7769, 34149455, 34149978, 1.41758585, 1.58407688, -3.76190567, -0.28846979
7770, 34150455, 34150985, 1.41175783, 1.58026218, -3.79365158, -0.17308187
7771, 34151455, 34151989, 1.40587914, 1.57606602, -3.82539749, -0.40385768
7772, 34152455, 34152987, 1.39995110, 1.57186985, -3.88888931, -0.40385768
7773, 34153455, 34153987, 1.39397502, 1.56767368, -3.92063522, -0.40385768
7774, 34154455, 34154985, 1.38795328, 1.56385899, -3.98412704, -0.40385768
7775, 34155455, 34155979, 1.38188720, 1.55928135, -4.01587296, -0.40385768
7776, 34156455, 34156990, 1.37577856, 1.55470371, -4.07936478, -0.28846979
7777, 34157455, 34157984, 1.36962962, 1.55050755, -4.11111069, -0.17308187
7778, 34158455, 34158982, 1.36344254, 1.54631138, -4.17460251, -0.28846979
7779, 34159455, 34159984, 1.35721827, 1.54173374, -4.23809433, -0.17308187
7780, 34160455, 34160982, 1.35095847, 1.53753757, -4.26984024, -0.17308187
7781, 34161455, 34161976, 1.34466684, 1.53295994, -4.30158615, -0.28846979
7782, 34162455, 34162977, 1.33834600, 1.52838135, -4.36507797, -0.40385768
7783, 34163455, 34163983, 1.33199847, 1.52380371, -4.42856979, -0.17308187
7784, 34164455, 34164975, 1.32562697, 1.51922607, -4.46031570, -0.40385768
7785, 34165455, 34165983, 1.31923306, 1.51464844, -4.52381134, 0.05769395
7786, 34166455, 34166991, 1.31281924, 1.50968933, -4.55555725, -0.17308187
7787, 34167455, 34167982, 1.30638969, 1.50473022, -4.58730316, -0.05769395
7788, 34168455, 34168976, 1.29994786, 1.50015259, -4.61904907, -0.40385768
7789, 34169455, 34169974, 1.29349780, 1.49557495, -4.65079498, -0.28846979
7790, 34170455, 34170974, 1.28704226, 1.49061584, -4.68254089, -0.28846979
7791, 34171455, 34171976, 1.28058410, 1.48565674, -4.74603271, -0.17308187
7792, 34172455, 34172976, 1.27412641, 1.48031616, -4.77777863, -0.05769395
7793, 34173455, 34173981, 1.26767266, 1.47535706, -4.87301636, -0.05769395
7794, 34174455, 34174987, 1.26122677, 1.47039795, -4.90476227, -0.17308187
7795, 34175455, 34175985, 1.25479162, 1.46543789, -4.96825409, -0.51924562
7796, 34176455, 34176983, 1.24837124, 1.46009731, -5.00000000, -0.28846979
7797, 34177455, 34177987, 1.24197125, 1.45475674, -5.06349182, -0.05769395
7798, 34178455, 34178984, 1.23559594, 1.44941616, -5.09523773, 0.28846979
7799, 34179455, 34179982, 1.22924936, 1.44445705, -5.09523773, 0.05769395
7800, 34180455, 34180982, 1.22293580, 1.43949795, -5.12698364, -0.28846979
7801, 34181455, 34181986, 1.21665907, 1.43377590, -5.12698364, -0.51924562
7802, 34182455, 34182984, 1.21042204, 1.42881680, -5.15872955, -0.63463354
7803, 34183455, 34183982, 1.20422876, 1.42385769, -5.15872955, -0.28846979
7804, 34184455, 34184979, 1.19808412, 1.41851711, -5.19047546, 0.40385768
7805, 34185455, 34185985, 1.19199431, 1.41279507, -5.19047546, -0.05769395
7806, 34186455, 34186985, 1.18596625, 1.40745449, -5.22222137, -0.17308187
7807, 34187455, 34187979, 1.18000805, 1.40173149, -5.28571320, -0.40385768
7808, 34188455, 34188981, 1.17412949, 1.39639091, -5.31745911, -0.51924562
7809, 34189455, 34189985, 1.16834283, 1.39105034, -5.34920502, -0.17308187
7810, 34190455, 34190986, 1.16266191, 1.38532829, -5.38095093, -0.05769395
7811, 34191455, 34191982, 1.15710151, 1.37998772, -5.41269684, -0.05769395
7812, 34192455, 34192982, 1.15167665, 1.37464714, -5.44444275, 0.05769395
7813, 34193455, 34193984, 1.14640701, 1.36930656, -5.44444275, -0.17308187
7814, 34194455, 34194978, 1.14131474, 1.36358452, -5.47618866, -0.40385768
7815, 34195455, 34195985, 1.13642478, 1.35824394, -5.50793839, -0.17308187
7816, 34196455, 34196985, 1.13176310, 1.35290337, -5.50793839, -0.17308187
7817, 34197455, 34197981, 1.12735760, 1.34718132, -5.50793839, -0.05769395
7818, 34198455, 34198981, 1.12323976, 1.34183979, -5.50793839, 0.05769395
7819, 34199455, 34199977, 1.11944091, 1.33611774, -5.53968430, -0.51924562
7820, 34200455, 34200979, 1.11599529, 1.33001423, -5.53968430, -0.28846979
7821, 34201455, 34201986, 1.11293638, 1.32467365, -5.57143021, -0.17308187
7822, 34202455, 34202986, 1.11029816, 1.31895161, -5.60317612, 0.05769395
7823, 34203455, 34203984, 1.10811293, 1.31361103, -5.60317612, 0.28846979
7824, 34204455, 34204982, 1.10641634, 1.30788898, -5.60317612, 0.05769395
7825, 34205455, 34205980, 1.10524535, 1.30216694, -5.60317612, -0.05769395
7826, 34206455, 34206979, 1.10463679, 1.29682636, -5.63492203, -0.17308187
7827, 34207455, 34207979, 1.10462677, 1.29148579, -5.63492203, 0.05769395
7828, 34208455, 34208981, 1.10524893, 1.28614521, -5.60317612, 0.28846979
7829, 34209455, 34209979, 1.10653305, 1.28004074, -5.57143021, 0.63463354
7830, 34210455, 34210979, 1.10849154, 1.27470016, -5.53968430, 1.21157312
7831, 34211455, 34211979, 1.11111093, 1.26935959, -5.53968430, 1.21157312
7832, 34212455, 34212980, 1.11435425, 1.26440048, -5.50793839, 0.98079723
7833, 34213455, 34213978, 1.11815858, 1.25867844, -5.50793839, 1.55773675
7834, 34214455, 34214978, 1.12244451, 1.25410080, -5.41269684, 2.25006437
7835, 34215455, 34215980, 1.12711751, 1.24952316, -5.34920502, 1.78851259
7836, 34216455, 34216980, 1.13208377, 1.24456406, -5.28571320, 1.90390050
7837, 34217455, 34217979, 1.13725960, 1.23998642, -5.15872955, 2.48084021
7838, 34218455, 34218975, 1.14257634, 1.23579025, -5.03174591, 2.59622812
7839, 34219455, 34219975, 1.14797926, 1.23197556, -4.84127045, 2.01928854
7840, 34220455, 34220975, 1.15342557, 1.22854233, -4.68254089, 2.13467646
7841, 34221455, 34221975, 1.15888417, 1.22472763, -4.46031570, 2.59622812
7842, 34222455, 34222979, 1.16433263, 1.22167587, -4.30158615, 3.17316747
7843, 34223455, 34223976, 1.16975892, 1.21862316, -4.04761887, 2.59622812
7844, 34224455, 34224976, 1.17515779, 1.21557140, -3.82539749, 2.59622812
7845, 34225455, 34225976, 1.18052816, 1.21328259, -3.60317612, 2.25006437
7846, 34226455, 34226976, 1.18587112, 1.21099377, -3.34920502, 2.59622812
7847, 34227455, 34227976, 1.19118977, 1.20870495, -3.12698364, 2.71161604
7848, 34228455, 34228972, 1.19648862, 1.20717907, -2.90476227, 2.48084021
7849, 34229455, 34229975, 1.20177329, 1.20565319, -2.65079498, 2.71161604
7850, 34230455, 34230973, 1.20704913, 1.20450878, -2.39682388, 2.59622812
7851, 34231455, 34231973, 1.21232116, 1.20336437, -2.17460251, 2.13467646
7852, 34232455, 34232979, 1.21759748, 1.20221996, -1.92063522, 2.13467646
7853, 34233455, 34233973, 1.22288537, 1.20145702, -1.69841385, 1.90390050
7854, 34234455, 34234973, 1.22818875, 1.20107555, -1.44444275, 1.67312467
7855, 34235455, 34235974, 1.23350918, 1.20107555, -1.22222137, 1.44234896
7856, 34236455, 34236978, 1.23884666, 1.20107555, -1.00000000, 1.67312467
7857, 34237455, 34237992, 1.24419975, 1.20107555, -0.77777863, 1.67312467
7858, 34238455, 34238988, 1.24956572, 1.20145702, -0.58730316, 1.78851259
7859, 34239455, 34239974, 1.25494182, 1.20183849, -0.36508179, 1.09618521
7860, 34240455, 34240975, 1.26032603, 1.20260143, -0.17460632, 1.67312467
7861, 34241455, 34241985, 1.26571453, 1.20336437, 0.01587677, 1.21157312
7862, 34242455, 34242971, 1.27110517, 1.20450878, 0.17460632, 1.67312467
7863, 34243455, 34243985, 1.27649546, 1.20527172, 0.33333588, 1.78851259
7864, 34244455, 34244971, 1.28188348, 1.20641613, 0.52381134, 1.78851259
7865, 34245455, 34245988, 1.28726947, 1.20756054, 0.65079498, 1.90390050
7866, 34246455, 34246984, 1.29265511, 1.20908642, 0.80952454, 1.78851259
7867, 34247455, 34247984, 1.29804313, 1.21099377, 0.96825409, 1.90390050
7868, 34248455, 34248984, 1.30343807, 1.21251965, 1.09523773, 1.55773675
7869, 34249455, 34249976, 1.30884576, 1.21442699, 1.22222137, 1.67312467
7870, 34250455, 34250988, 1.31427336, 1.21633434, 1.38095093, 1.90390050
7871, 34251455, 34251985, 1.31972849, 1.21862316, 1.50793457, 1.67312467
7872, 34252455, 34252985, 1.32521915, 1.22053146, 1.60317230, 1.67312467
7873, 34253455, 34253969, 1.33075273, 1.22243881, 1.73015594, 1.55773675
7874, 34254455, 34254983, 1.33633661, 1.22510910, 1.85713959, 1.55773675
7875, 34255455, 34255987, 1.34197700, 1.22777939, 1.95237732, 1.21157312
7876, 34256455, 34256985, 1.34767771, 1.23006821, 2.07936859, 0.98079723
7877, 34257455, 34257984, 1.35344040, 1.23273849, 2.17460632, 1.44234896
7878, 34258455, 34258982, 1.35926509, 1.23540878, 2.26984406, 1.09618521
7879, 34259455, 34259984, 1.36514997, 1.23884201, 2.49206543, 1.32696104
7880, 34260455, 34260988, 1.37109292, 1.24151230, 2.52381134, 1.55773675
7881, 34261455, 34261984, 1.37709069, 1.24456406, 2.61904907, 1.55773675
7882, 34262455, 34262981, 1.38313806, 1.24761581, 2.71428680, 1.32696104
7883, 34263455, 34263981, 1.38922846, 1.25104904, 2.80952454, 1.55773675
7884, 34264455, 34264983, 1.39535606, 1.25448227, 2.90476227, 1.44234896
7885, 34265455, 34265983, 1.40151393, 1.25791550, 3.00000000, 1.21157312
7886, 34266455, 34266981, 1.40769529, 1.26096725, 3.09523773, 1.09618521
7887, 34267455, 34267979, 1.41389358, 1.26478195, 3.09523773, 0.86540931
7888, 34268455, 34268986, 1.42010355, 1.26859665, 3.25396729, 0.98079723
7889, 34269455, 34269984, 1.42631924, 1.27241135, 3.38095093, 1.09618521
7890, 34270455, 34270982, 1.43253529, 1.27660751, 3.47618866, 1.21157312
7891, 34271455, 34271980, 1.43874753, 1.28004074, 3.57142639, 0.98079723
7892, 34272455, 34272978, 1.44495332, 1.28423786, 3.66666412, 1.55773675
7893, 34273455, 34273978, 1.45115077, 1.28843403, 3.76190186, 1.21157312
7894, 34274455, 34274981, 1.45733845, 1.29263020, 3.85713959, 1.21157312
7895, 34275455, 34275979, 1.46351492, 1.29682636, 3.92063141, 0.86540931
7896, 34276455, 34276981, 1.46967995, 1.30140400, 3.98412323, 1.21157312
7897, 34277455, 34277979, 1.47583354, 1.30521870, 4.04762268, 1.21157312
7898, 34278455, 34278979, 1.48197603, 1.30979633, 4.11111450, 1.21157312
7899, 34279455, 34279982, 1.48810709, 1.31399250, 4.17460632, 1.21157312
7900, 34280455, 34280980, 1.49422562, 1.31895161, 4.23809814, 0.86540931
7901, 34281455, 34281984, 1.50033104, 1.32352924, 4.30158997, 0.86540931
7902, 34282455, 34282982, 1.50642359, 1.32810688, 4.33333588, 0.75002146
7903, 34283455, 34283978, 1.51250315, 1.33306599, 4.42857361, 0.75002146
7904, 34284455, 34284978, 1.51856792, 1.33764362, 4.46031952, 0.63463354
7905, 34285455, 34285983, 1.52461636, 1.34222126, 4.55555725, 0.86540931
7906, 34286455, 34286979, 1.53064728, 1.34756279, 4.61904907, 0.98079723
7907, 34287455, 34287977, 1.53665853, 1.35214043, 4.65079498, 1.21157312
7908, 34288455, 34288983, 1.54264843, 1.35709953, 4.71428680, 0.86540931
7909, 34289455, 34289981, 1.54861522, 1.36205864, 4.77777863, 0.75002146
7910, 34290455, 34290984, 1.55455804, 1.36701775, 4.80952454, 0.51924562
7911, 34291455, 34291978, 1.56047487, 1.37197685, 4.87301636, 0.63463354
7912, 34292455, 34292982, 1.56636393, 1.37693596, 4.90476227, 0.75002146
7913, 34293455, 34293982, 1.57222295, 1.38189507, 5.09523773, 0.98079723
7914, 34294455, 34294980, 1.57805002, 1.38723564, 4.96825409, 0.63463354
7915, 34295455, 34295978, 1.58384442, 1.39219475, 5.00000000, 0.51924562
7916, 34296455, 34296983, 1.58960402, 1.39753532, 5.00000000, 0.75002146
7917, 34297455, 34297979, 1.59532690, 1.40249443, 5.03174591, 0.51924562
7918, 34298455, 34298979, 1.60101235, 1.40783596, 5.03174591, 0.51924562
7919, 34299455, 34299981, 1.60665929, 1.41279507, 5.06349182, 0.51924562
7920, 34300455, 34300983, 1.61226690, 1.41851711, 5.09523773, 0.63463354
7921, 34301455, 34301981, 1.61783528, 1.42347622, 4.96825409, 0.86540931
7922, 34302455, 34302986, 1.62336266, 1.42843533, 5.28571320, 0.51924562
7923, 34303455, 34303992, 1.62884593, 1.43377590, 5.19047546, 0.28846979
7924, 34304455, 34304980, 1.63428366, 1.43911648, 5.19047546, 0.63463354
7925, 34305455, 34305982, 1.63967443, 1.44445705, 5.22222137, 0.51924562
7926, 34306455, 34306980, 1.64501667, 1.44941616, 5.22222137, 0.86540931
7927, 34307455, 34307979, 1.65030849, 1.45513821, 5.22222137, 0.51924562
7928, 34308455, 34308979, 1.65554762, 1.46047878, 5.25396729, 0.40385768
7929, 34309455, 34309981, 1.66073191, 1.46543789, 5.25396729, 0.28846979
7930, 34310455, 34310985, 1.66586113, 1.47154236, 5.09523773, 0.40385768
7931, 34311455, 34311989, 1.67093468, 1.47688293, 5.25396729, 0.40385768
7932, 34312455, 34312980, 1.67595136, 1.48222351, 5.28571320, 0.63463354
7933, 34313455, 34313978, 1.68091059, 1.48756409, 5.31745911, 0.86540931
7934, 34314455, 34314980, 1.68581223, 1.49290466, 5.38095093, 0.51924562
7935, 34315455, 34315988, 1.69065642, 1.49862671, 5.38095093, 0.40385768
7936, 34316455, 34316986, 1.69544315, 1.50358582, 5.38095093, 0.63463354
7937, 34317455, 34317978, 1.70017266, 1.50930786, 5.38095093, 0.40385768
7938, 34318455, 34318987, 1.70484519, 1.51464844, 5.38095093, 0.40385768
7939, 34319455, 34319987, 1.70946014, 1.51960754, 5.34920502, 0.86540931
7940, 34320455, 34320983, 1.71401715, 1.52532959, 5.38095093, 0.51924562
7941, 34321455, 34321983, 1.71851528, 1.53067017, 5.34920502, 0.51924562
7942, 34322455, 34322983, 1.72295332, 1.53563023, 5.31745911, 0.17308187
7943, 34323455, 34323987, 1.72733164, 1.54097080, 5.31745911, 0.40385768
7944, 34324455, 34324982, 1.73164964, 1.54631138, 5.31745911, 0.51924562
7945, 34325455, 34325984, 1.73590553, 1.55165195, 5.47618866, 0.28846979
7946, 34326455, 34326986, 1.74009788, 1.55699253, 5.34920502, 0.05769395
7947, 34327455, 34327988, 1.74422538, 1.56195164, 5.31745911, 0.05769395
7948, 34328455, 34328988, 1.74828684, 1.56729221, 5.28571320, 0.17308187
7949, 34329455, 34329984, 1.75228095, 1.57225132, 5.25396729, -0.05769395
7950, 34330455, 34330985, 1.75620687, 1.57759190, 5.25396729, 0.17308187
7951, 34331455, 34331981, 1.76006222, 1.58255100, 5.22222137, 0.51924562
7952, 34332455, 34332985, 1.76384580, 1.58751011, 5.15872955, 0.17308187
7953, 34333455, 34333989, 1.76755726, 1.59285069, 4.96825409, 0.17308187
7954, 34334455, 34334987, 1.77119589, 1.59742928, 5.06349182, 0.05769395
7955, 34335455, 34335990, 1.77476060, 1.60276985, 5.06349182, -0.05769395
7956, 34336455, 34336984, 1.77825117, 1.60772896, 5.06349182, 0.05769395
7957, 34337455, 34337984, 1.78166759, 1.61268806, 5.03174591, 0.17308187
7958, 34338455, 34338980, 1.78500819, 1.61764717, 5.00000000, 0.28846979
7959, 34339455, 34339980, 1.78827262, 1.62260628, 5.00000000, 0.05769395
7960, 34340455, 34340982, 1.79146123, 1.62718391, 5.00000000, -0.05769395
7961, 34341455, 34341983, 1.79457426, 1.63176155, 4.93650818, -0.17308187
7962, 34342455, 34342981, 1.79761112, 1.63672066, 4.90476227, 0.28846979
7963, 34343455, 34343985, 1.80057025, 1.64167976, 4.87301636, -0.05769395
7964, 34344455, 34344981, 1.80345082, 1.64625740, 4.84127045, 0.05769395
7965, 34345455, 34345979, 1.80625343, 1.65083504, 4.80952454, 0.40385768
7966, 34346455, 34346982, 1.80897737, 1.65503120, 4.74603271, 0.05769395
7967, 34347455, 34347988, 1.81162238, 1.65960979, 4.68254089, -0.05769395
7968, 34348455, 34348982, 1.81418657, 1.66418743, 4.65079498, -0.28846979
7969, 34349455, 34349982, 1.81666803, 1.66876507, 4.58730316, -0.17308187
7970, 34350455, 34350980, 1.81906533, 1.67334270, 4.55555725, -0.17308187
7971, 34351455, 34351980, 1.82137847, 1.67715740, 4.49206543, 0.05769395
7972, 34352455, 34352981, 1.82360530, 1.68173504, 4.46031952, -0.05769395
7973, 34353455, 34353983, 1.82574344, 1.68593121, 4.42857361, -0.05769395
7974, 34354455, 34354979, 1.82779217, 1.69012737, 4.39682770, -0.17308187
7975, 34355455, 34355979, 1.82974911, 1.69432354, 4.36508179, -0.05769395
7976, 34356455, 34356977, 1.83161259, 1.69851971, 4.30158997, -0.28846979
7977, 34357455, 34357980, 1.83338189, 1.70233440, 4.26984406, -0.17308187
7978, 34358455, 34358980, 1.83505619, 1.70653057, 4.20635223, -0.17308187
7979, 34359455, 34359984, 1.83663344, 1.71034527, 4.14286041, -0.05769395
7980, 34360455, 34360982, 1.83811200, 1.71377850, 4.07936859, -0.05769395
7981, 34361455, 34361978, 1.83949053, 1.71759319, 4.01587677, 0.28846979
7982, 34362455, 34362982, 1.84076786, 1.72140884, 3.95237732, -0.28846979
7983, 34363455, 34363979, 1.84194183, 1.72522354, 3.88888550, -0.17308187
7984, 34364455, 34364975, 1.84301233, 1.72865677, 3.82539368, -0.51924562
7985, 34365455, 34365975, 1.84397912, 1.73247147, 3.76190186, -0.40385768
7986, 34366455, 34366975, 1.84484076, 1.73590469, 3.73015594, -0.51924562
7987, 34367455, 34367979, 1.84559667, 1.73933792, 3.66666412, -0.17308187
7988, 34368455, 34368979, 1.84624612, 1.74277115, 3.63491821, -0.17308187
7989, 34369455, 34369982, 1.84678817, 1.74582291, 3.57142639, -0.05769395
7990, 34370455, 34370974, 1.84722221, 1.74925613, 3.53968048, -0.28846979
7991, 34371455, 34371976, 1.84754837, 1.75230789, 3.47618866, -0.28846979
7992, 34372455, 34372980, 1.84776616, 1.75574112, 3.38095093, -0.17308187
7993, 34373455, 34373978, 1.84787452, 1.75879288, 3.34920502, -0.28846979
7994, 34374455, 34374976, 1.84787214, 1.76146317, 3.22222137, -0.28846979
7995, 34375455, 34375985, 1.84775925, 1.76451492, 3.15872955, -0.28846979
7996, 34376455, 34376973, 1.84753549, 1.76718521, 3.09523773, -0.75002146
7997, 34377455, 34377975, 1.84720075, 1.76985550, 3.00000000, -0.40385768
7998, 34378455, 34378975, 1.84675562, 1.77214432, 2.93650818, -0.63463354
7999, 34379455, 34379971, 1.84620070, 1.77519608, 2.84127045, -0.40385768
8000, 34380455, 34380972, 1.84553623, 1.77748489, 2.77777863, -0.28846979
8001, 34381455, 34381974, 1.84476221, 1.77939224, 2.68254089, -0.28846979
8002, 34382455, 34382976, 1.84387887, 1.78168201, 2.61904907, -0.28846979
8003, 34383455, 34383990, 1.84288681, 1.78397083, 2.49206543, -0.75002146
8004, 34384455, 34384984, 1.84178638, 1.78587818, 2.39682770, -0.63463354
8005, 34385455, 34385975, 1.84057724, 1.78778553, 2.33333588, -0.63463354
8006, 34386455, 34386971, 1.83925915, 1.78969288, 2.20635223, -0.75002146
8007, 34387455, 34387985, 1.83783364, 1.79121876, 2.14286041, -0.40385768
8008, 34388455, 34388985, 1.83630252, 1.79312611, 2.04762268, -0.51924562
8009, 34389455, 34389975, 1.83466673, 1.79427052, 1.95237732, -0.75002146
8010, 34390455, 34390973, 1.83292735, 1.79579639, 1.82539368, -0.51924562
8011, 34391455, 34391986, 1.83108509, 1.79694080, 1.73015594, -0.40385768
8012, 34392455, 34392974, 1.82914114, 1.79846668, 1.63491821, -0.51924562
8013, 34393455, 34393984, 1.82709742, 1.79961109, 1.53968048, -0.51924562
8014, 34394455, 34394972, 1.82495618, 1.80037403, 1.44444275, -0.86540931
8015, 34395455, 34395970, 1.82271802, 1.80113697, 1.31745911, -0.51924562
8016, 34396455, 34396986, 1.82038474, 1.80228138, 1.22222137, -0.86540931
8017, 34397455, 34397975, 1.81795824, 1.80304432, 1.12698364, -0.75002146
8018, 34398455, 34398985, 1.81544030, 1.80342579, 1.03174591, -0.63463354
8019, 34399455, 34399987, 1.81283379, 1.80380726, 0.93650818, -0.63463354
8020, 34400455, 34400983, 1.81014240, 1.80418873, 0.84127045, -0.40385768
8021, 34401455, 34401983, 1.80736721, 1.80457020, 0.74603271, -0.98079723
8022, 34402455, 34402983, 1.80451035, 1.80495167, 0.65079498, -0.40385768
8023, 34403455, 34403987, 1.80157590, 1.80495167, 0.55555725, -0.51924562
8024, 34404455, 34404988, 1.79856670, 1.80533314, 0.46031952, -0.51924562
8025, 34405455, 34405984, 1.79548550, 1.80533314, 0.36508179, -0.63463354
8026, 34406455, 34406984, 1.79233301, 1.80495167, 0.26984406, -0.40385768
8027, 34407455, 34407982, 1.78911221, 1.80495167, 0.17460632, -0.63463354
8028, 34408455, 34408980, 1.78582585, 1.80495167, 0.11111450, -0.40385768
8029, 34409455, 34409983, 1.78247499, 1.80457020, 0.01587677, -0.63463354
8030, 34410455, 34410987, 1.77906072, 1.80418873, -0.04762268, -0.51924562
8031, 34411455, 34411979, 1.77558434, 1.80380726, -0.11111450, -0.40385768
8032, 34412455, 34412983, 1.77204716, 1.80304432, -0.17460632, -0.63463354
8033, 34413455, 34413985, 1.76845014, 1.80304432, -0.23809814, -0.86540931
8034, 34414455, 34414983, 1.76479542, 1.80228138, -0.30158997, -0.63463354
8035, 34415455, 34415990, 1.76108420, 1.80151844, -0.36508179, -0.51924562
8036, 34416455, 34416992, 1.75731754, 1.80075550, -0.42857361, -0.86540931
8037, 34417455, 34417984, 1.75349629, 1.79999256, -0.49206543, -0.51924562
8038, 34418455, 34418990, 1.74962032, 1.79922962, -0.55555725, -0.63463354
8039, 34419455, 34419982, 1.74569130, 1.79808521, -0.61904907, -0.51924562
8040, 34420455, 34420983, 1.74170947, 1.79694080, -0.71428680, -0.28846979
8041, 34421455, 34421979, 1.73767710, 1.79579639, -0.80952454, -0.51924562
8042, 34422455, 34422985, 1.73359644, 1.79465199, -0.90476227, -0.40385768
8043, 34423455, 34423985, 1.72946787, 1.79350758, -0.93650818, -0.40385768
8044, 34424455, 34424983, 1.72529268, 1.79198170, -1.03174591, -0.63463354
8045, 34425455, 34425979, 1.72107327, 1.79045582, -1.12698364, -0.63463354
8046, 34426455, 34426980, 1.71681190, 1.78931141, -1.19047546, -0.51924562
8047, 34427455, 34427982, 1.71251070, 1.78740406, -1.28571320, -0.63463354
8048, 34428455, 34428982, 1.70817196, 1.78587818, -1.34920502, -0.51924562
8049, 34429455, 34429986, 1.70379734, 1.78397083, -1.41269684, -0.63463354
8050, 34430455, 34430982, 1.69938910, 1.78244495, -1.44444275, -0.40385768
8051, 34431455, 34431980, 1.69494998, 1.78091812, -1.53968430, -0.51924562
8052, 34432455, 34432985, 1.69048131, 1.77862930, -1.60317612, -0.63463354
8053, 34433455, 34433979, 1.68598568, 1.77672195, -1.69841385, -0.51924562
8054, 34434455, 34434979, 1.68146574, 1.77481461, -1.76190567, -0.63463354
8055, 34435455, 34435979, 1.67692256, 1.77214432, -1.82539749, -0.51924562
8056, 34436455, 34436989, 1.67235816, 1.77023697, -1.92063522, -0.98079723
8057, 34437455, 34437980, 1.66777444, 1.76794815, -2.01587296, -0.63463354
8058, 34438455, 34438980, 1.66317272, 1.76527786, -2.07936478, -0.51924562
8059, 34439455, 34439982, 1.65855503, 1.76298904, -2.14285660, -0.51924562
8060, 34440455, 34440982, 1.65392363, 1.76031876, -2.23809433, -0.51924562
8061, 34441455, 34441976, 1.64928114, 1.75802994, -2.30158615, -0.63463354
8062, 34442455, 34442983, 1.64462960, 1.75535965, -2.36507797, -0.28846979
8063, 34443455, 34443981, 1.63997042, 1.75230789, -2.42856979, -0.63463354
8064, 34444455, 34444981, 1.63530445, 1.74963760, -2.49206161, -0.28846979
8065, 34445455, 34445981, 1.63063312, 1.74696732, -2.55555725, -0.40385768
8066, 34446455, 34446987, 1.62595737, 1.74391556, -2.61904907, -0.17308187
8067, 34447455, 34447979, 1.62127733, 1.74086380, -2.68254089, -0.40385768
8068, 34448455, 34448984, 1.61659372, 1.73781204, -2.74603271, -0.63463354
8069, 34449455, 34449978, 1.61190784, 1.73476028, -2.84127045, -0.75002146
8070, 34450455, 34450988, 1.60722148, 1.73170853, -2.93650818, -0.05769395
8071, 34451455, 34451986, 1.60253584, 1.72827530, -3.00000000, -0.40385768
8072, 34452455, 34452978, 1.59785116, 1.72522354, -3.03174591, -0.17308187
8073, 34453455, 34453980, 1.59316707, 1.72179031, -3.09523773, -0.28846979
8074, 34454455, 34454977, 1.58848405, 1.71873760, -3.12698364, -0.40385768
8075, 34455455, 34455979, 1.58380198, 1.71530437, -3.19047546, -0.28846979
8076, 34456455, 34456983, 1.57912159, 1.71187115, -3.22222137, -0.28846979
8077, 34457455, 34457983, 1.57444382, 1.70805645, -3.25396729, -0.28846979
8078, 34458455, 34458985, 1.56976926, 1.70462322, -3.31745911, -0.28846979
8079, 34459455, 34459983, 1.56509805, 1.70118999, -3.34920502, -0.17308187
8080, 34460455, 34460980, 1.56043017, 1.69813824, -3.38095093, -0.28846979
8081, 34461455, 34461986, 1.55576479, 1.69432354, -3.44444275, -0.40385768
8082, 34462455, 34462986, 1.55110204, 1.69050884, -3.44444275, -0.05769395
8083, 34463455, 34463986, 1.54644239, 1.68707561, -3.50793839, 0.17308187
8084, 34464455, 34464980, 1.54178631, 1.68326092, -3.53968430, -0.05769395
8085, 34465455, 34465987, 1.53713298, 1.67982769, -3.60317612, -0.28846979
8086, 34466455, 34466979, 1.53248179, 1.67601299, -3.60317612, -0.17308187
8087, 34467455, 34467989, 1.52783287, 1.67219830, -3.63492203, -0.28846979
8088, 34468455, 34468989, 1.52318549, 1.66800213, -3.69841385, -0.17308187
8089, 34469455, 34469981, 1.51853991, 1.66418743, -3.69841385, -0.51924562
8090, 34470455, 34470989, 1.51389563, 1.66075420, -3.76190567, -0.17308187
8091, 34471455, 34471990, 1.50925219, 1.65655804, -3.79365158, -0.05769395
8092, 34472455, 34472988, 1.50460768, 1.65274239, -3.79365158, 0.28846979
8093, 34473455, 34473994, 1.49996114, 1.64854622, -3.82539749, 0.05769395
8094, 34474455, 34474988, 1.49531221, 1.64473152, -3.85714340, -0.05769395
8095, 34475455, 34475984, 1.49065936, 1.64091682, -3.88888931, -0.28846979
8096, 34476455, 34476989, 1.48600185, 1.63672066, -3.92063522, -0.05769395
8097, 34477455, 34477991, 1.48133814, 1.63252449, -3.95238113, -0.17308187
8098, 34478455, 34478993, 1.47666562, 1.62832832, -3.98412704, -0.05769395
8099, 34479455, 34479989, 1.47198379, 1.62451363, -4.01587296, -0.17308187
8100, 34480455, 34480983, 1.46729147, 1.62031746, -4.01587296, 0.40385768
8101, 34481455, 34481989, 1.46258664, 1.61612129, -4.04761887, 0.05769395
8102, 34482455, 34482990, 1.45786738, 1.61192513, -4.11111069, -0.05769395
8103, 34483455, 34483988, 1.45313120, 1.60772896, -4.14285660, -0.05769395
8104, 34484455, 34484988, 1.44837594, 1.60353279, -4.14285660, -0.17308187
8105, 34485455, 34485988, 1.44359899, 1.59933662, -4.17460251, -0.17308187
8106, 34486455, 34486984, 1.43879950, 1.59475899, -4.20634842, -0.17308187
8107, 34487455, 34487985, 1.43397510, 1.59056187, -4.23809433, 0.17308187
8108, 34488455, 34488987, 1.42912424, 1.58636570, -4.23809433, 0.05769395
8109, 34489455, 34489987, 1.42424548, 1.58216953, -4.26984024, 0.05769395
8110, 34490455, 34490985, 1.41933763, 1.57797337, -4.23809433, -0.05769395
8111, 34491455, 34491983, 1.41439998, 1.57377720, -4.26984024, -0.05769395
8112, 34492455, 34492983, 1.40943229, 1.56919956, -4.26984024, -0.05769395
8113, 34493455, 34493986, 1.40443492, 1.56500340, -4.30158615, -0.05769395
8114, 34494455, 34494986, 1.39940846, 1.56080723, -4.30158615, 0.05769395
8115, 34495455, 34495982, 1.39435232, 1.55622959, -4.30158615, 0.28846979
8116, 34496455, 34496982, 1.38926697, 1.55165195, -4.33333206, 0.17308187
8117, 34497455, 34497982, 1.38415301, 1.54745579, -4.36507797, -0.05769395
8118, 34498455, 34498980, 1.37901127, 1.54287815, -4.39682388, 0.17308187
8119, 34499455, 34499981, 1.37384272, 1.53791904, -4.42856979, 0.17308187
8120, 34500455, 34500987, 1.36864948, 1.53372288, -4.39682388, -0.05769395
8121, 34501455, 34501981, 1.36343348, 1.52914429, -4.42856979, 0.05769395
8122, 34502455, 34502979, 1.35819554, 1.52494812, -4.46031570, 0.05769395
8123, 34503455, 34503979, 1.35293710, 1.52037048, -4.46031570, 0.28846979
8124, 34504455, 34504979, 1.34765947, 1.51579285, -4.49206161, 0.05769395
8125, 34505455, 34505980, 1.34236515, 1.51159668, -4.49206161, -0.05769395
8126, 34506455, 34506982, 1.33705568, 1.50701904, -4.49206161, 0.05769395
8127, 34507455, 34507976, 1.33173394, 1.50244141, -4.49206161, 0.28846979
8128, 34508455, 34508978, 1.32640219, 1.49786377, -4.49206161, 0.05769395
8129, 34509455, 34509978, 1.32106233, 1.49328613, -4.49206161, 0.17308187
8130, 34510455, 34510981, 1.31571615, 1.48908997, -4.49206161, 0.28846979
8131, 34511455, 34511979, 1.31036723, 1.48451233, -4.49206161, 0.05769395
8132, 34512455, 34512979, 1.30501747, 1.47955322, -4.49206161, 0.05769395
8133, 34513455, 34513979, 1.29966998, 1.47535706, -4.52381134, 0.17308187
8134, 34514455, 34514983, 1.29432881, 1.47077942, -4.55555725, 0.17308187
8135, 34515455, 34515982, 1.28899765, 1.46620083, -4.55555725, 0.05769395
8136, 34516455, 34516980, 1.28368068, 1.46162319, -4.55555725, 0.05769395
8137, 34517455, 34517978, 1.27838254, 1.45704556, -4.55555725, 0.05769395
8138, 34518455, 34518984, 1.27310920, 1.45246792, -4.58730316, 0.28846979
8139, 34519455, 34519978, 1.26786518, 1.44789028, -4.58730316, 0.28846979
8140, 34520455, 34520978, 1.26265585, 1.44331264, -4.55555725, 0.17308187
8141, 34521455, 34521977, 1.25748789, 1.43911648, -4.55555725, 0.17308187
8142, 34522455, 34522977, 1.25236964, 1.43415737, -4.55555725, 0.17308187
8143, 34523455, 34523975, 1.24730766, 1.42996120, -4.52381134, -0.05769395
8144, 34524455, 34524975, 1.24231315, 1.42538357, -4.55555725, 0.05769395
8145, 34525455, 34525975, 1.23739862, 1.42080593, -4.55555725, 0.17308187
8146, 34526455, 34526985, 1.23257720, 1.41622829, -4.52381134, 0.51924562
8147, 34527455, 34527974, 1.22786760, 1.41165066, -4.55555725, 0.05769395
8148, 34528455, 34528976, 1.22328782, 1.40707302, -4.55555725, 0.05769395
8149, 34529455, 34529978, 1.21886194, 1.40249443, -4.55555725, -0.28846979
8150, 34530455, 34530974, 1.21461296, 1.39791679, -4.55555725, 0.17308187
8151, 34531455, 34531976, 1.21056998, 1.39333916, -4.58730316, 0.17308187
8152, 34532455, 34532975, 1.20676053, 1.38876152, -4.58730316, 0.40385768
8153, 34533455, 34533973, 1.20321381, 1.38456535, -4.58730316, -0.05769395
8154, 34534455, 34534977, 1.19995570, 1.37960625, -4.58730316, 0.05769395
8155, 34535455, 34535975, 1.19701219, 1.37541008, -4.55555725, 0.17308187
8156, 34536455, 34536989, 1.19440532, 1.37083244, -4.58730316, 0.28846979
8157, 34537455, 34537987, 1.19215679, 1.36625481, -4.55555725, 0.17308187
8158, 34538455, 34538986, 1.19028926, 1.36167717, -4.52381134, 0.17308187
8159, 34539455, 34539988, 1.18881822, 1.35709953, -4.55555725, 0.40385768
8160, 34540455, 34540982, 1.18775582, 1.35290337, -4.55555725, 0.51924562
8161, 34541455, 34541972, 1.18711138, 1.34832573, -4.52381134, 0.51924562
8162, 34542455, 34542968, 1.18689036, 1.34412956, -4.52381134, 0.51924562
8163, 34543455, 34543968, 1.18709326, 1.33955097, -4.52381134, 0.51924562
8164, 34544455, 34544987, 1.18771267, 1.33535480, -4.46031570, 0.86540931
8165, 34545455, 34545985, 1.18873572, 1.33115864, -4.42856979, 0.98079723
8166, 34546455, 34546985, 1.19014025, 1.32696247, -4.39682388, 1.09618521
8167, 34547455, 34547983, 1.19189680, 1.32314777, -4.33333206, 1.21157312
8168, 34548455, 34548983, 1.19396532, 1.31933308, -4.26984024, 1.55773675
8169, 34549455, 34549984, 1.19630265, 1.31551838, -4.20634842, 1.21157312
8170, 34550455, 34550970, 1.19887066, 1.31170368, -4.14285660, 0.98079723
8171, 34551455, 34551986, 1.20163274, 1.30827045, -4.01587296, 1.55773675
8172, 34552455, 34552988, 1.20455933, 1.30483723, -3.92063522, 1.78851259
8173, 34553455, 34553980, 1.20762444, 1.30178547, -3.79365158, 1.32696104
8174, 34554455, 34554982, 1.21081030, 1.29835224, -3.69841385, 1.32696104
8175, 34555455, 34555985, 1.21410358, 1.29530048, -3.60317612, 1.32696104
8176, 34556455, 34556981, 1.21749651, 1.29263020, -3.44444275, 1.90390050
8177, 34557455, 34557979, 1.22098589, 1.28995991, -3.31745911, 1.90390050
8178, 34558455, 34558983, 1.22457099, 1.28728962, -3.19047546, 2.13467646
8179, 34559455, 34559983, 1.22825432, 1.28500080, -3.06349182, 1.55773675
8180, 34560455, 34560982, 1.23204017, 1.28271198, -2.90476227, 2.01928854
8181, 34561455, 34561982, 1.23593342, 1.28042221, -2.80952454, 1.55773675
8182, 34562455, 34562980, 1.23994029, 1.27889633, -2.61904907, 1.32696104
8183, 34563455, 34563982, 1.24406421, 1.27698898, -2.46031570, 1.78851259
8184, 34564455, 34564984, 1.24830723, 1.27546310, -2.33333206, 1.90390050
8185, 34565455, 34565982, 1.25266910, 1.27393723, -2.17460251, 1.67312467
8186, 34566455, 34566987, 1.25714636, 1.27279282, -1.98412704, 1.90390050
8187, 34567455, 34567985, 1.26173294, 1.27164841, -1.82539749, 2.25006437
8188, 34568455, 34568985, 1.26641905, 1.27088547, -1.66666794, 2.13467646
8189, 34569455, 34569981, 1.27119541, 1.27012253, -1.50793839, 1.90390050
8190, 34570455, 34570983, 1.27605224, 1.26935959, -1.34920502, 1.32696104
8191, 34571455, 34571985, 1.28097880, 1.26897812, -1.15872955, 1.78851259
8192, 34572455, 34572992, 1.28596401, 1.26859665, -1.03174591, 1.32696104
8193, 34573455, 34573982, 1.29099977, 1.26821518, -0.87301636, 1.21157312
8194, 34574455, 34574984, 1.29607666, 1.26821518, -0.71428680, 1.44234896
8195, 34575455, 34575984, 1.30118442, 1.26859665, -0.58730316, 1.32696104
8196, 34576455, 34576984, 1.30631471, 1.26859665, -0.42857361, 1.32696104
8197, 34577455, 34577983, 1.31146109, 1.26897812, -0.26984406, 1.32696104
8198, 34578455, 34578981, 1.31661689, 1.26974106, -0.14286041, 1.55773675
8199, 34579455, 34579991, 1.32177639, 1.27050400, 0.01587677, 1.44234896
8200, 34580455, 34580983, 1.32693791, 1.27088547, 0.14286041, 1.78851259
8201, 34581455, 34581987, 1.33209991, 1.27164841, 0.26984406, 1.78851259
8202, 34582455, 34582981, 1.33726490, 1.27279282, 0.42857361, 1.90390050
8203, 34583455, 34583980, 1.34243357, 1.27355576, 0.52381134, 1.55773675
8204, 34584455, 34584986, 1.34760797, 1.27470016, 0.65079498, 1.67312467
8205, 34585455, 34585986, 1.35278976, 1.27622604, 0.74603271, 1.78851259
8206, 34586455, 34586982, 1.35798216, 1.27737045, 0.87301636, 1.67312467
8207, 34587455, 34587982, 1.36318898, 1.27927780, 0.93650818, 1.55773675
8208, 34588455, 34588977, 1.36841357, 1.28080368, 1.06349182, 1.67312467
8209, 34589455, 34589977, 1.37365854, 1.28233051, 1.19047546, 1.67312467
8210, 34590455, 34590985, 1.37892675, 1.28423786, 1.28571320, 1.78851259
8211, 34591455, 34591979, 1.38422108, 1.28614521, 1.44444275, 1.55773675
8212, 34592455, 34592981, 1.38954258, 1.28843403, 1.53968048, 1.67312467
8213, 34593455, 34593981, 1.39489150, 1.29072285, 1.66666412, 1.67312467
8214, 34594455, 34594984, 1.40026796, 1.29263020, 1.79364777, 1.21157312
8215, 34595455, 34595990, 1.40567243, 1.29530048, 1.98412323, 1.21157312
8216, 34596455, 34596982, 1.41110396, 1.29797077, 2.01587677, 1.21157312
8217, 34597455, 34597980, 1.41656125, 1.30025959, 2.11111450, 1.21157312
8218, 34598455, 34598978, 1.42204261, 1.30292988, 2.20635223, 1.55773675
8219, 34599455, 34599980, 1.42754364, 1.30560017, 2.33333588, 1.44234896
8220, 34600455, 34600973, 1.43306279, 1.30827045, 2.39682770, 1.55773675
8221, 34601455, 34601985, 1.43859935, 1.31132221, 2.52381134, 1.44234896
8222, 34602455, 34602987, 1.44415200, 1.31437397, 2.46031952, 1.44234896
8223, 34603455, 34603979, 1.44971943, 1.31742573, 2.58730316, 1.55773675
8224, 34604455, 34604977, 1.45530021, 1.32047749, 2.74603271, 1.78851259
8225, 34605455, 34605978, 1.46089375, 1.32391071, 2.84127045, 0.98079723
8226, 34606455, 34606976, 1.46649873, 1.32696247, 3.09523773, 1.09618521
8227, 34607455, 34607982, 1.47211289, 1.33039570, 3.03174591, 0.86540931
8228, 34608455, 34608978, 1.47773397, 1.33421040, 3.09523773, 1.09618521
8229, 34609455, 34609978, 1.48335910, 1.33764362, 3.15872955, 1.21157312
8230, 34610455, 34610982, 1.48898661, 1.34145832, 3.31745911, 1.32696104
8231, 34611455, 34611985, 1.49461687, 1.34527397, 3.38095093, 1.32696104
8232, 34612455, 34612983, 1.50024724, 1.34908867, 3.50793457, 1.32696104
8233, 34613455, 34613985, 1.50587666, 1.35290337, 3.57142639, 1.44234896
8234, 34614455, 34614985, 1.51150405, 1.35709953, 3.57142639, 1.09618521
8235, 34615455, 34615981, 1.51712775, 1.36053276, 3.69841003, 0.86540931
8236, 34616455, 34616978, 1.52274573, 1.36472893, 3.73015594, 0.75002146
8237, 34617455, 34617986, 1.52835751, 1.36892509, 3.85713959, 0.86540931
8238, 34618455, 34618982, 1.53396237, 1.37273979, 3.85713959, 0.75002146
8239, 34619455, 34619980, 1.53956008, 1.37731743, 3.92063141, 0.98079723
8240, 34620455, 34620986, 1.54514933, 1.38151360, 3.98412323, 1.21157312
8241, 34621455, 34621986, 1.55072939, 1.38532829, 4.04762268, 0.86540931
8242, 34622455, 34622985, 1.55629826, 1.38990593, 4.11111450, 0.51924562
8243, 34623455, 34623987, 1.56185400, 1.39410210, 4.14286041, 0.63463354
8244, 34624455, 34624985, 1.56739521, 1.39829826, 4.17460632, 0.51924562
8245, 34625455, 34625979, 1.57292116, 1.40287590, 4.20635223, 0.75002146
8246, 34626455, 34626983, 1.57842994, 1.40745449, 4.26984406, 0.75002146
8247, 34627455, 34627984, 1.58391953, 1.41203213, 4.30158997, 0.75002146
8248, 34628455, 34628980, 1.58938837, 1.41660976, 4.33333588, 0.63463354
8249, 34629455, 34629978, 1.59483564, 1.42118740, 4.36508179, 0.75002146
8250, 34630455, 34630982, 1.60026145, 1.42538357, 4.39682770, 0.75002146
8251, 34631455, 34631980, 1.60566580, 1.43034267, 4.42857361, 0.51924562
8252, 34632455, 34632978, 1.61104655, 1.43453884, 4.46031952, 0.51924562
8253, 34633455, 34633981, 1.61640382, 1.43949795, 4.52381134, 0.86540931
8254, 34634455, 34634979, 1.62173688, 1.44369411, 4.49206543, 0.86540931
8255, 34635455, 34635983, 1.62704635, 1.44865322, 4.55555725, 1.09618521
8256, 34636455, 34636983, 1.63233161, 1.45323086, 4.55555725, 0.63463354
8257, 34637455, 34637979, 1.63759363, 1.45818996, 4.58730316, 0.40385768
8258, 34638455, 34638983, 1.64283264, 1.46276760, 4.65079498, 0.40385768
8259, 34639455, 34639986, 1.64804947, 1.46772671, 4.65079498, 0.40385768
8260, 34640455, 34640982, 1.65324426, 1.47230530, 4.68254089, 0.28846979
8261, 34641455, 34641984, 1.65841639, 1.47726440, 4.71428680, 0.75002146
8262, 34642455, 34642984, 1.66356516, 1.48222351, 4.74603271, 0.75002146
8263, 34643455, 34643982, 1.66868973, 1.48680115, 4.77777863, 0.63463354
8264, 34644455, 34644982, 1.67378736, 1.49176025, 4.77777863, 0.51924562
8265, 34645455, 34645981, 1.67885649, 1.49633789, 4.77777863, 0.51924562
8266, 34646455, 34646985, 1.68389499, 1.50129700, 4.77777863, 0.63463354
8267, 34647455, 34647981, 1.68890047, 1.50625610, 4.77777863, 0.63463354
8268, 34648455, 34648983, 1.69387078, 1.51121521, 4.80952454, 0.63463354
8269, 34649455, 34649983, 1.69880307, 1.51579285, 4.80952454, 0.86540931
8270, 34650455, 34650980, 1.70369577, 1.52075195, 4.80952454, 0.51924562
8271, 34651455, 34651984, 1.70854652, 1.52571106, 4.84127045, 0.40385768
8272, 34652455, 34652980, 1.71335185, 1.53067017, 4.84127045, 0.40385768
8273, 34653455, 34653982, 1.71811056, 1.53563023, 4.87301636, 0.40385768
8274, 34654455, 34654980, 1.72282219, 1.54097080, 4.90476227, 0.40385768
8275, 34655455, 34655979, 1.72748411, 1.54554844, 4.90476227, 0.51924562
8276, 34656455, 34656983, 1.73209453, 1.55050755, 4.93650818, 0.63463354
8277, 34657455, 34657981, 1.73665202, 1.55584812, 4.93650818, 0.28846979
8278, 34658455, 34658983, 1.74115551, 1.56080723, 4.96825409, 0.17308187
8279, 34659455, 34659983, 1.74560440, 1.56576633, 4.96825409, -0.05769395
8280, 34660455, 34660987, 1.74999821, 1.57072544, 4.96825409, 0.28846979
8281, 34661455, 34661976, 1.75433707, 1.57530308, 4.93650818, 0.51924562
8282, 34662455, 34662976, 1.75861835, 1.58026218, 4.93650818, 0.51924562
8283, 34663455, 34663976, 1.76284087, 1.58522129, 4.93650818, 0.28846979
8284, 34664455, 34664978, 1.76700449, 1.59018040, 4.90476227, 0.05769395
8285, 34665455, 34665976, 1.77110791, 1.59475899, 4.87301636, -0.05769395
8286, 34666455, 34666978, 1.77515018, 1.60009956, 4.87301636, 0.17308187
8287, 34667455, 34667977, 1.77913046, 1.60467720, 4.87301636, 0.17308187
8288, 34668455, 34668975, 1.78304672, 1.60963631, 4.84127045, 0.40385768
8289, 34669455, 34669975, 1.78689814, 1.61421394, 4.84127045, 0.51924562
8290, 34670455, 34670973, 1.79068446, 1.61955452, 4.87301636, 0.40385768
8291, 34671455, 34671973, 1.79440439, 1.62413216, 4.84127045, 0.28846979
8292, 34672455, 34672979, 1.79805613, 1.62870979, 4.84127045, 0.05769395
8293, 34673455, 34673976, 1.80163836, 1.63366890, 4.84127045, 0.17308187
8294, 34674455, 34674974, 1.80515134, 1.63824654, 4.80952454, 0.28846979
8295, 34675455, 34675984, 1.80859470, 1.64282417, 4.77777863, 0.51924562
8296, 34676455, 34676976, 1.81196916, 1.64778328, 4.74603271, 0.51924562
8297, 34677455, 34677972, 1.81527424, 1.65197945, 4.74603271, 0.28846979
8298, 34678455, 34678977, 1.81850946, 1.65693951, 4.68254089, 0.05769395
8299, 34679455, 34679979, 1.82167363, 1.66113567, 4.65079498, 0.05769395
8300, 34680455, 34680979, 1.82476640, 1.66609478, 4.61904907, -0.17308187
8301, 34681455, 34681975, 1.82778716, 1.67029095, 4.58730316, -0.05769395
8302, 34682455, 34682977, 1.83073533, 1.67486858, 4.55555725, 0.17308187
8303, 34683455, 34683977, 1.83360875, 1.67944622, 4.55555725, 0.28846979
8304, 34684455, 34684990, 1.83640742, 1.68402386, 4.55555725, 0.05769395
8305, 34685455, 34685972, 1.83913112, 1.68822002, 4.49206543, -0.05769395
8306, 34686455, 34686986, 1.84177828, 1.69241619, 4.46031952, -0.17308187
8307, 34687455, 34687974, 1.84434628, 1.69699383, 4.46031952, -0.28846979
8308, 34688455, 34688972, 1.84683323, 1.70118999, 4.42857361, -0.28846979
8309, 34689455, 34689984, 1.84923792, 1.70538616, 4.39682770, 0.05769395
8310, 34690455, 34690993, 1.85155904, 1.70958233, 4.33333588, 0.17308187
8311, 34691455, 34691971, 1.85379648, 1.71339703, 4.26984406, 0.17308187
8312, 34692455, 34692971, 1.85595095, 1.71759319, 4.20635223, 0.05769395
8313, 34693455, 34693991, 1.85802102, 1.72179031, 4.17460632, 0.05769395
8314, 34694455, 34694983, 1.86000514, 1.72560501, 4.14286041, -0.17308187
8315, 34695455, 34695984, 1.86190259, 1.72941971, 4.07936859, -0.05769395
8316, 34696455, 34696972, 1.86371171, 1.73361588, 4.07936859, -0.40385768
8317, 34697455, 34697972, 1.86543190, 1.73743057, 4.01587677, -0.17308187
8318, 34698455, 34698988, 1.86706197, 1.74124527, 3.98412323, 0.05769395
8319, 34699455, 34699968, 1.86860192, 1.74505997, 3.95237732, 0.28846979
8320, 34700455, 34700983, 1.87005174, 1.74887466, 3.88888550, 0.17308187
8321, 34701455, 34701983, 1.87140965, 1.75230789, 3.85713959, 0.28846979
8322, 34702455, 34702985, 1.87267494, 1.75574112, 3.79364777, -0.17308187
8323, 34703455, 34703971, 1.87384570, 1.75955582, 3.79364777, -0.28846979
8324, 34704455, 34704985, 1.87492156, 1.76298904, 3.69841003, -0.51924562
8325, 34705455, 34705987, 1.87590325, 1.76642227, 3.63491821, -0.40385768
8326, 34706455, 34706988, 1.87678885, 1.76985550, 3.57142639, -0.17308187
8327, 34707455, 34707984, 1.87757766, 1.77290726, 3.50793457, -0.05769395
8328, 34708455, 34708984, 1.87827063, 1.77634048, 3.44444275, 0.05769395
8329, 34709455, 34709984, 1.87886751, 1.77939224, 3.38095093, 0.05769395
8330, 34710455, 34710984, 1.87936747, 1.78244495, 3.31745911, -0.17308187
8331, 34711455, 34711984, 1.87976992, 1.78549671, 3.25396729, -0.17308187
8332, 34712455, 34712985, 1.88007462, 1.78854847, 3.19047546, -0.17308187
8333, 34713455, 34713981, 1.88027942, 1.79121876, 3.12698364, -0.40385768
8334, 34714455, 34714981, 1.88038290, 1.79427052, 3.09523773, -0.28846979
8335, 34715455, 34715983, 1.88038373, 1.79694080, 3.03174591, -0.40385768
8336, 34716455, 34716979, 1.88028204, 1.79999256, 2.96825409, -0.28846979
8337, 34717455, 34717982, 1.88007677, 1.80266285, 2.90476227, 0.05769395
8338, 34718455, 34718980, 1.87976694, 1.80495167, 2.84127045, -0.40385768
8339, 34719455, 34719986, 1.87935328, 1.80762196, 2.77777863, -0.05769395
8340, 34720455, 34720988, 1.87883544, 1.80991077, 2.71428680, -0.28846979
8341, 34721455, 34721982, 1.87821186, 1.81258106, 2.65079498, -0.28846979
8342, 34722455, 34722988, 1.87748325, 1.81448841, 2.55555725, -0.28846979
8343, 34723455, 34723985, 1.87664986, 1.81677723, 2.49206543, -0.63463354
8344, 34724455, 34724987, 1.87571084, 1.81906605, 2.42857361, -0.40385768
8345, 34725455, 34725977, 1.87466478, 1.82097340, 2.33333588, -0.86540931
8346, 34726455, 34726983, 1.87351310, 1.82288074, 2.23809814, -0.75002146
8347, 34727455, 34727981, 1.87225521, 1.82478809, 2.17460632, -0.51924562
8348, 34728455, 34728980, 1.87089109, 1.82593250, 2.04762268, -0.63463354
8349, 34729455, 34729984, 1.86942124, 1.82783985, 1.95237732, -0.86540931
8350, 34730455, 34730984, 1.86784649, 1.82936573, 1.85713959, -0.51924562
8351, 34731455, 34731980, 1.86616719, 1.83089161, 1.76190186, -0.63463354
8352, 34732455, 34732982, 1.86438596, 1.83203602, 1.63491821, -1.09618521
8353, 34733455, 34733978, 1.86250508, 1.83318043, 1.57142639, -0.86540931
8354, 34734455, 34734979, 1.86052608, 1.83432484, 1.47618866, -0.28846979
8355, 34735455, 34735981, 1.85845113, 1.83546925, 1.38095093, -0.63463354
8356, 34736455, 34736983, 1.85628486, 1.83623219, 1.28571320, -0.75002146
8357, 34737455, 34737987, 1.85402882, 1.83699512, 1.19047546, -0.51924562
8358, 34738455, 34738983, 1.85168517, 1.83775806, 1.09523773, -0.75002146
8359, 34739455, 34739981, 1.84925628, 1.83852100, 1.00000000, -0.40385768
8360, 34740455, 34740983, 1.84674442, 1.83928394, 0.90476227, -0.51924562
8361, 34741455, 34741975, 1.84415257, 1.83928394, 0.80952454, -0.40385768
8362, 34742455, 34742982, 1.84148395, 1.83966541, 0.71428680, -0.75002146
8363, 34743455, 34743982, 1.83874154, 1.84004688, 0.61904907, -0.40385768
8364, 34744455, 34744986, 1.83592856, 1.84004688, 0.49206543, -0.40385768
8365, 34745455, 34745986, 1.83304930, 1.84042835, 0.42857361, -0.51924562
8366, 34746455, 34746982, 1.83010590, 1.84042835, 0.36508179, -0.40385768
8367, 34747455, 34747977, 1.82710207, 1.84042835, 0.26984406, -0.28846979
8368, 34748455, 34748985, 1.82403910, 1.84004688, 0.17460632, -0.28846979
8369, 34749455, 34749985, 1.82092118, 1.84004688, 0.11111450, -0.40385768
8370, 34750455, 34750983, 1.81775117, 1.83966541, 0.01587677, -0.63463354
8371, 34751455, 34751983, 1.81453323, 1.83928394, -0.04762268, -0.51924562
8372, 34752455, 34752979, 1.81127226, 1.83890247, -0.14286041, -0.63463354
8373, 34753455, 34753980, 1.80796909, 1.83852100, -0.23809814, -0.51924562
8374, 34754455, 34754988, 1.80462623, 1.83775806, -0.30158997, -0.51924562
8375, 34755455, 34755982, 1.80124748, 1.83737659, -0.36508179, -0.40385768
8376, 34756455, 34756982, 1.79783523, 1.83661366, -0.42857361, -0.86540931
8377, 34757455, 34757978, 1.79439175, 1.83585072, -0.52381134, -0.63463354
8378, 34758455, 34758982, 1.79091978, 1.83508778, -0.58730316, -0.98079723
8379, 34759455, 34759979, 1.78742290, 1.83394337, -0.65079498, -0.51924562
8380, 34760455, 34760981, 1.78390372, 1.83318043, -0.68254089, -0.40385768
8381, 34761455, 34761985, 1.78036427, 1.83241749, -0.74603271, -0.40385768
8382, 34762455, 34762981, 1.77680731, 1.83127308, -0.84127045, -0.51924562
8383, 34763455, 34763983, 1.77323496, 1.82974720, -0.90476227, -0.51924562
8384, 34764455, 34764988, 1.76964927, 1.82898426, -0.96825409, -0.51924562
8385, 34765455, 34765988, 1.76605260, 1.82745838, -1.03174591, -0.28846979
8386, 34766455, 34766986, 1.76244795, 1.82593250, -1.09523773, -0.28846979
8387, 34767455, 34767984, 1.75883651, 1.82478809, -1.15872955, -0.51924562
8388, 34768455, 34768986, 1.75521970, 1.82288074, -1.22222137, -0.51924562
8389, 34769455, 34769982, 1.75159895, 1.82173634, -1.28571320, -0.40385768
8390, 34770455, 34770981, 1.74797654, 1.81982899, -1.38095093, -0.40385768
8391, 34771455, 34771989, 1.74435258, 1.81830311, -1.41269684, -0.40385768
8392, 34772455, 34772987, 1.74072850, 1.81639576, -1.50793839, -0.40385768
8393, 34773455, 34773975, 1.73710477, 1.81486988, -1.57143021, -0.40385768
8394, 34774455, 34774981, 1.73348093, 1.81296253, -1.63492203, -0.51924562
8395, 34775455, 34775986, 1.72985876, 1.81067371, -1.69841385, -0.28846979
8396, 34776455, 34776986, 1.72623789, 1.80876637, -1.76190567, -0.17308187
8397, 34777455, 34777988, 1.72261846, 1.80647755, -1.82539749, -0.40385768
8398, 34778455, 34778984, 1.71900010, 1.80457020, -1.88888931, -0.63463354
8399, 34779455, 34779984, 1.71538281, 1.80266285, -1.95238113, -0.40385768
8400, 34780455, 34780984, 1.71176720, 1.80037403, -2.01587296, -0.86540931
8401, 34781455, 34781981, 1.70815361, 1.79808521, -2.07936478, -0.28846979
8402, 34782455, 34782987, 1.70454192, 1.79579639, -2.11111069, -0.17308187
8403, 34783455, 34783983, 1.70093167, 1.79350758, -2.17460251, -0.17308187
8404, 34784455, 34784981, 1.69732273, 1.79083729, -2.23809433, -0.28846979
8405, 34785455, 34785983, 1.69371486, 1.78854847, -2.26984024, -0.17308187
8406, 34786455, 34786985, 1.69010806, 1.78625965, -2.30158615, -0.05769395
8407, 34787455, 34787984, 1.68650174, 1.78358936, -2.33333206, 0.05769395
8408, 34788455, 34788982, 1.68289578, 1.78091812, -2.39682388, -0.05769395
8409, 34789455, 34789980, 1.67928863, 1.77824783, -2.42856979, -0.28846979
8410, 34790455, 34790984, 1.67568028, 1.77595901, -2.46031570, -0.17308187
8411, 34791455, 34791986, 1.67206872, 1.77328873, -2.52381134, -0.28846979
8412, 34792455, 34792981, 1.66845286, 1.77061844, -2.55555725, -0.28846979
8413, 34793455, 34793979, 1.66483116, 1.76794815, -2.58730316, -0.28846979
8414, 34794455, 34794979, 1.66120291, 1.76489639, -2.65079498, -0.28846979
8415, 34795455, 34795985, 1.65756619, 1.76222610, -2.68254089, -0.05769395
8416, 34796455, 34796983, 1.65391970, 1.75955582, -2.68254089, -0.05769395
8417, 34797455, 34797985, 1.65026081, 1.75650406, -2.71428680, -0.17308187
8418, 34798455, 34798978, 1.64658618, 1.75383377, -2.74603271, 0.40385768
8419, 34799455, 34799980, 1.64289272, 1.75116348, -2.77777863, 0.05769395
8420, 34800455, 34800980, 1.63917875, 1.74811172, -2.80952454, -0.05769395
8421, 34801455, 34801982, 1.63544083, 1.74505997, -2.84127045, -0.17308187
8422, 34802455, 34802982, 1.63167655, 1.74200821, -2.87301636, -0.05769395
8423, 34803455, 34803976, 1.62788069, 1.73895645, -2.90476227, -0.28846979
8424, 34804455, 34804979, 1.62405014, 1.73590469, -2.93650818, -0.05769395
8425, 34805455, 34805981, 1.62018108, 1.73285294, -3.00000000, 0.17308187
8426, 34806455, 34806985, 1.61627162, 1.72941971, -3.03174591, -0.17308187
8427, 34807455, 34807981, 1.61231923, 1.72636795, -3.03174591, -0.05769395
8428, 34808455, 34808981, 1.60832107, 1.72331619, -3.06349182, -0.05769395
8429, 34809455, 34809980, 1.60427392, 1.72026443, -3.09523773, 0.17308187
8430, 34810455, 34810978, 1.60017526, 1.71683025, -3.12698364, 0.05769395
8431, 34811455, 34811980, 1.59602332, 1.71377850, -3.15872955, -0.05769395
8432, 34812455, 34812980, 1.59181690, 1.71034527, -3.19047546, -0.17308187
8433, 34813455, 34813976, 1.58755302, 1.70691204, -3.19047546, -0.05769395
8434, 34814455, 34814976, 1.58322942, 1.70386028, -3.22222137, -0.05769395
8435, 34815455, 34815977, 1.57884312, 1.70080853, -3.25396729, -0.05769395
8436, 34816455, 34816977, 1.57439375, 1.69737530, -3.25396729, -0.17308187
8437, 34817455, 34817979, 1.56988120, 1.69432354, -3.25396729, -0.17308187
8438, 34818455, 34818973, 1.56530464, 1.69089031, -3.28571320, 0.28846979
8439, 34819455, 34819977, 1.56066251, 1.68745708, -3.31745911, -0.05769395
8440, 34820455, 34820980, 1.55595374, 1.68402386, -3.31745911, -0.05769395
8441, 34821455, 34821978, 1.55117905, 1.68020916, -3.34920502, 0.17308187
8442, 34822455, 34822978, 1.54633880, 1.67715740, -3.34920502, -0.05769395
8443, 34823455, 34823974, 1.54143357, 1.67372417, -3.38095093, -0.05769395
8444, 34824455, 34824976, 1.53646386, 1.66990948, -3.44444275, 0.17308187
8445, 34825455, 34825974, 1.53143001, 1.66647625, -3.44444275, -0.05769395
8446, 34826455, 34826981, 1.52633321, 1.66304302, -3.47618866, -0.17308187
8447, 34827455, 34827983, 1.52117407, 1.65960979, -3.47618866, 0.05769395
8448, 34828455, 34828977, 1.51595449, 1.65579414, -3.50793839, 0.17308187
8449, 34829455, 34829977, 1.51067638, 1.65236092, -3.53968430, 0.05769395
8450, 34830455, 34830977, 1.50533938, 1.64854622, -3.53968430, 0.17308187
8451, 34831455, 34831995, 1.49994636, 1.64511299, -3.53968430, -0.05769395
8452, 34832455, 34832992, 1.49449897, 1.64167976, -3.57143021, 0.05769395
8453, 34833455, 34833986, 1.48899841, 1.63786507, -3.57143021, -0.63463354
8454, 34834455, 34834976, 1.48344791, 1.63405037, -3.60317612, -0.05769395
8455, 34835455, 34835976, 1.47784925, 1.63023567, -3.63492203, 0.05769395
8456, 34836455, 34836976, 1.47220659, 1.62642097, -3.66666794, -0.17308187
8457, 34837455, 34837991, 1.46652067, 1.62260628, -3.66666794, 0.17308187
8458, 34838455, 34838977, 1.46079540, 1.61917305, -3.69841385, 0.17308187
8459, 34839455, 34839987, 1.45503449, 1.61535835, -3.73015976, 0.05769395
8460, 34840455, 34840991, 1.44923890, 1.61154366, -3.76190567, -0.05769395
8461, 34841455, 34841991, 1.44341254, 1.60734749, -3.82539749, -0.28846979
8462, 34842455, 34842998, 1.43755746, 1.60353279, -3.82539749, 0.05769395
8463, 34843455, 34843992, 1.43167543, 1.59971809, -3.82539749, -0.17308187
8464, 34844455, 34844988, 1.42576933, 1.59590340, -3.85714340, -0.40385768
8465, 34845455, 34845988, 1.41984355, 1.59170628, -3.92063522, -0.17308187
8466, 34846455, 34846994, 1.41390204, 1.58751011, -3.92063522, 0.40385768
8467, 34847455, 34847986, 1.40794849, 1.58407688, -3.92063522, -0.28846979
8468, 34848455, 34848987, 1.40198529, 1.57988071, -3.95238113, -1.55773675
8469, 34849455, 34849977, 1.39601672, 1.57530308, -3.98412704, 0.17308187
8470, 34850455, 34850985, 1.39004648, 1.57110691, -4.04761887, -0.40385768
8471, 34851455, 34851989, 1.38407862, 1.56729221, -4.07936478, -0.75002146
8472, 34852455, 34852987, 1.37811601, 1.56271458, -4.11111069, -0.40385768
8473, 34853455, 34853981, 1.37216187, 1.55851841, -4.14285660, -0.28846979
8474, 34854455, 34854984, 1.36622095, 1.55394077, -4.20634842, -0.05769395
8475, 34855455, 34855984, 1.36029696, 1.54974461, -4.23809433, 0.05769395
8476, 34856455, 34856984, 1.35439491, 1.54516697, -4.26984024, -0.28846979
8477, 34857455, 34857982, 1.34852028, 1.54097080, -4.33333206, -0.28846979
8478, 34858455, 34858982, 1.34267867, 1.53601170, -4.36507797, -0.17308187
8479, 34859455, 34859984, 1.33687496, 1.53181553, -4.39682388, -0.17308187
8480, 34860455, 34860978, 1.33111703, 1.52723694, -4.46031570, -0.28846979
8481, 34861455, 34861983, 1.32541037, 1.52265930, -4.49206161, -0.40385768
8482, 34862455, 34862983, 1.31976545, 1.51808167, -4.52381134, -0.28846979
8483, 34863455, 34863985, 1.31419158, 1.51312256, -4.55555725, -0.28846979
8484, 34864455, 34864985, 1.30869985, 1.50854492, -4.68254089, -0.05769395
8485, 34865455, 34865981, 1.30330646, 1.50396729, -4.61904907, -0.17308187
8486, 34866455, 34866982, 1.29802370, 1.49938965, -4.65079498, -0.28846979
8487, 34867455, 34867982, 1.29286778, 1.49443054, -4.68254089, -0.17308187
8488, 34868455, 34868982, 1.28785324, 1.48985291, -4.68254089, -0.28846979
8489, 34869455, 34869980, 1.28299952, 1.48451233, -4.74603271, -0.05769395
8490, 34870455, 34870980, 1.27832615, 1.47955322, -4.74603271, -0.05769395
8491, 34871455, 34871978, 1.27385604, 1.47497559, -4.80952454, -0.28846979
8492, 34872455, 34872983, 1.26961064, 1.46963501, -4.93650818, -0.17308187
8493, 34873455, 34873985, 1.26561773, 1.46505642, -4.90476227, -0.28846979
8494, 34874455, 34874981, 1.26190114, 1.45971584, -4.93650818, -0.05769395
8495, 34875455, 34875979, 1.25849783, 1.45475674, -4.96825409, 0.40385768
8496, 34876455, 34876979, 1.25545239, 1.44941616, -4.96825409, 0.05769395
8497, 34877455, 34877980, 1.25280559, 1.44445705, -5.00000000, -0.17308187
8498, 34878455, 34878980, 1.25060833, 1.43949795, -5.03174591, 0.05769395
8499, 34879455, 34879980, 1.24890387, 1.43453884, -5.12698364, -0.17308187
8500, 34880455, 34880988, 1.24773324, 1.42957973, -4.90476227, -0.17308187
8501, 34881455, 34881984, 1.24711907, 1.42462063, -5.03174591, 0.28846979
8502, 34882455, 34882990, 1.24706006, 1.41889858, -5.06349182, 0.28846979
8503, 34883455, 34883987, 1.24753022, 1.41432095, -5.06349182, 0.17308187
8504, 34884455, 34884985, 1.24847019, 1.40936184, -5.09523773, 0.51924562
8505, 34885455, 34885985, 1.24980891, 1.40402031, -5.09523773, 0.86540931
8506, 34886455, 34886985, 1.25145459, 1.39867973, -5.25396729, 0.98079723
8507, 34887455, 34887977, 1.25333583, 1.39410210, -5.06349182, 0.28846979
8508, 34888455, 34888983, 1.25538301, 1.38914299, -5.06349182, 1.90390050
8509, 34889455, 34889982, 1.25754142, 1.38456535, -5.00000000, 2.13467646
8510, 34890455, 34890980, 1.25977576, 1.37998772, -4.93650818, 0.28846979
8511, 34891455, 34891982, 1.26205528, 1.37579155, -4.84127045, 1.90390050
8512, 34892455, 34892978, 1.26436138, 1.37121391, -4.77777863, 1.78851259
8513, 34893455, 34893982, 1.26668561, 1.36701775, -4.65079498, 2.25006437
8514, 34894455, 34894981, 1.26902676, 1.36358452, -4.52381134, 2.13467646
8515, 34895455, 34895979, 1.27138770, 1.36015129, -4.36507797, 1.67312467
8516, 34896455, 34896979, 1.27377224, 1.35633659, -4.30158615, 1.55773675
8517, 34897455, 34897977, 1.27618849, 1.35290337, -4.07936478, 2.25006437
8518, 34898455, 34898983, 1.27864635, 1.34947014, -3.95238113, 2.82700396
8519, 34899455, 34899988, 1.28115737, 1.34641838, -3.76190567, 0.98079723
8520, 34900455, 34900984, 1.28373039, 1.34374714, -3.53968430, 1.32696104
8521, 34901455, 34901986, 1.28637111, 1.34107685, -3.38095093, 1.90390050
8522, 34902455, 34902988, 1.28908300, 1.33878803, -3.03174591, 2.36545229
8523, 34903455, 34903984, 1.29186857, 1.33611774, -3.00000000, 2.01928854
8524, 34904455, 34904978, 1.29472840, 1.33421040, -2.77777863, 1.44234896
8525, 34905455, 34905977, 1.29765904, 1.33230305, -2.65079498, 2.59622812
8526, 34906455, 34906983, 1.30065191, 1.33039570, -2.46031570, 0.75002146
8527, 34907455, 34907983, 1.30370200, 1.32925129, -2.30158615, 1.44234896
8528, 34908455, 34908977, 1.30680335, 1.32734394, -2.14285660, 1.67312467
8529, 34909455, 34909989, 1.30994928, 1.32658100, -1.98412704, 2.94239187
8530, 34910455, 34910985, 1.31313539, 1.32543659, -1.76190567, 3.40394330
8531, 34911455, 34911992, 1.31635511, 1.32467365, -1.57143021, 0.05769395
8532, 34912455, 34912986, 1.31960583, 1.32391071, -1.38095093, 1.90390050
8533, 34913455, 34913988, 1.32288337, 1.32352924, -1.22222137, 1.44234896
8534, 34914455, 34914986, 1.32618785, 1.32276630, -1.06349182, 1.32696104
8535, 34915455, 34915982, 1.32951987, 1.32238483, -0.93650818, 1.55773675
8536, 34916455, 34916977, 1.33288038, 1.32238483, -0.74603271, 0.98079723
8537, 34917455, 34917985, 1.33627081, 1.32238483, -0.58730316, 2.59622812
8538, 34918455, 34918983, 1.33969223, 1.32238483, -0.46031952, 3.28855538
8539, 34919455, 34919977, 1.34314609, 1.32276630, -0.33333588, 0.05769395
8540, 34920455, 34920975, 1.34663475, 1.32276630, -0.23809814, 2.71161604
8541, 34921455, 34921989, 1.35015988, 1.32314777, -0.11111450, 0.86540931
8542, 34922455, 34922984, 1.35372341, 1.32391071, 0.04762268, 0.63463354
8543, 34923455, 34923982, 1.35733056, 1.32391071, 0.14286041, 1.32696104
8544, 34924455, 34924988, 1.36098194, 1.32429218, 0.20635223, 1.44234896
8545, 34925455, 34925980, 1.36467850, 1.32505512, 0.30158997, 1.21157312
8546, 34926455, 34926978, 1.36842012, 1.32619953, 0.39682770, 0.98079723
8547, 34927455, 34927980, 1.37220907, 1.32696247, 0.46031952, 2.25006437
8548, 34928455, 34928983, 1.37604487, 1.32772541, 0.55555725, 2.82700396
8549, 34929455, 34929987, 1.37992811, 1.32925129, 0.68254089, -0.17308187
8550, 34930455, 34930985, 1.38385952, 1.33001423, 0.74603271, 1.09618521
8551, 34931455, 34931983, 1.38783932, 1.33115864, 0.84127045, 0.75002146
8552, 34932455, 34932987, 1.39186764, 1.33268452, 0.93650818, 0.86540931
8553, 34933455, 34933985, 1.39594388, 1.33382893, 1.03174591, 1.09618521
8554, 34934455, 34934982, 1.40006769, 1.33535480, 1.09523773, 0.63463354
8555, 34935455, 34935986, 1.40423989, 1.33649921, 1.15872955, 0.51924562
8556, 34936455, 34936982, 1.40845990, 1.33840656, 1.25396729, 0.75002146
8557, 34937455, 34937982, 1.41272748, 1.33993244, 1.31745911, 0.98079723
8558, 34938455, 34938978, 1.41704130, 1.34145832, 1.34920502, 1.21157312
8559, 34939455, 34939987, 1.42140174, 1.34298420, 1.44444275, 1.09618521
8560, 34940455, 34940985, 1.42580807, 1.34489250, 1.47618866, 1.21157312
8561, 34941455, 34941983, 1.43025923, 1.34679985, 1.53968048, 1.21157312
8562, 34942455, 34942981, 1.43475544, 1.34832573, 1.60317230, 0.98079723
8563, 34943455, 34943981, 1.43929470, 1.35061455, 1.66666412, 0.98079723
8564, 34944455, 34944982, 1.44387484, 1.35252190, 1.73015594, 1.21157312
8565, 34945455, 34945980, 1.44849288, 1.35442924, 1.79364777, 1.21157312
8566, 34946455, 34946980, 1.45314670, 1.35671806, 1.85713959, 1.32696104
8567, 34947455, 34947982, 1.45783401, 1.35900688, 1.92063141, 1.09618521
8568, 34948455, 34948986, 1.46255338, 1.36091423, 1.98412323, 1.21157312
8569, 34949455, 34949980, 1.46730137, 1.36358452, 2.04762268, 0.86540931
8570, 34950455, 34950981, 1.47207665, 1.36587334, 2.11111450, 0.75002146
8571, 34951455, 34951979, 1.47687721, 1.36854362, 2.20635223, 1.09618521
8572, 34952455, 34952979, 1.48170018, 1.37121391, 2.23809814, 1.21157312
8573, 34953455, 34953977, 1.48654318, 1.37350273, 2.33333588, 1.09618521
8574, 34954455, 34954981, 1.49140322, 1.37617302, 2.39682770, 1.21157312
8575, 34955455, 34955977, 1.49627817, 1.37884331, 2.46031952, 1.09618521
8576, 34956455, 34956980, 1.50116658, 1.38189507, 2.52381134, 0.98079723
8577, 34957455, 34957980, 1.50606620, 1.38494682, 2.61904907, 1.21157312
8578, 34958455, 34958976, 1.51097596, 1.38799858, 2.68254089, 1.67312467
8579, 34959455, 34959976, 1.51589596, 1.39066887, 2.74603271, 1.09618521
8580, 34960455, 34960980, 1.52082491, 1.39372063, 2.80952454, 0.86540931
8581, 34961455, 34961974, 1.52576101, 1.39677238, 2.87301636, 0.86540931
8582, 34962455, 34962975, 1.53070521, 1.40020561, 2.93650818, 0.86540931
8583, 34963455, 34963975, 1.53565717, 1.40325737, 3.00000000, 0.63463354
8584, 34964455, 34964979, 1.54061520, 1.40669155, 3.06349182, 1.09618521
8585, 34965455, 34965975, 1.54557812, 1.41012478, 3.09523773, 0.98079723
8586, 34966455, 34966975, 1.55054450, 1.41355801, 3.15872955, 0.98079723
8587, 34967455, 34967978, 1.55551183, 1.41699123, 3.19047546, 0.86540931
8588, 34968455, 34968978, 1.56048012, 1.42042446, 3.25396729, 0.98079723
8589, 34969455, 34969976, 1.56544840, 1.42385769, 3.31745911, 0.75002146
8590, 34970455, 34970986, 1.57041728, 1.42729092, 3.34920502, 0.63463354
8591, 34971455, 34971974, 1.57538509, 1.43072414, 3.41269684, 0.51924562
8592, 34972455, 34972975, 1.58034992, 1.43415737, 3.41269684, 0.86540931
8593, 34973455, 34973973, 1.58531165, 1.43797207, 3.47618866, 1.09618521
8594, 34974455, 34974973, 1.59026909, 1.44178677, 3.50793457, 0.86540931
8595, 34975455, 34975975, 1.59522140, 1.44521999, 3.53968048, 0.75002146
8596, 34976455, 34976973, 1.60016704, 1.44903469, 3.57142639, 0.75002146
8597, 34977455, 34977977, 1.60510623, 1.45246792, 3.60317230, 0.51924562
8598, 34978455, 34978972, 1.61003685, 1.45666409, 3.63491821, 0.51924562
8599, 34979455, 34979976, 1.61495948, 1.46047878, 3.63491821, 0.63463354
8600, 34980455, 34980990, 1.61987293, 1.46429348, 3.69841003, 0.51924562
8601, 34981455, 34981980, 1.62477815, 1.46848965, 3.73015594, 0.17308187
8602, 34982455, 34982974, 1.62967217, 1.47192383, 3.79364777, 0.28846979
8603, 34983455, 34983974, 1.63455629, 1.47612000, 3.79364777, 0.75002146
8604, 34984455, 34984977, 1.63942981, 1.47993469, 3.82539368, 0.75002146
8605, 34985455, 34985977, 1.64429295, 1.48413086, 3.85713959, 0.75002146
8606, 34986455, 34986991, 1.64914596, 1.48794556, 3.92063141, 0.75002146
8607, 34987455, 34987987, 1.65398788, 1.49214172, 3.95237732, 0.75002146
8608, 34988455, 34988987, 1.65881586, 1.49633789, 3.95237732, 0.51924562
8609, 34989455, 34989988, 1.66363001, 1.50015259, 4.01587677, 0.51924562
8610, 34990455, 34990990, 1.66842973, 1.50434875, 4.01587677, 0.63463354
8611, 34991455, 34991988, 1.67321193, 1.50854492, 4.04762268, 0.86540931
8612, 34992455, 34992988, 1.67797577, 1.51274109, 4.04762268, 0.63463354
8613, 34993455, 34993984, 1.68271863, 1.51655579, 4.07936859, 0.86540931
8614, 34994455, 34994990, 1.68743885, 1.52075195, 4.07936859, 0.86540931
8615, 34995455, 34995989, 1.69213212, 1.52532959, 4.07936859, 0.75002146
8616, 34996455, 34996987, 1.69679761, 1.52914429, 4.11111450, 0.51924562
8617, 34997455, 34997985, 1.70143390, 1.53372288, 4.11111450, 0.51924562
8618, 34998455, 34998987, 1.70603788, 1.53791904, 4.14286041, 0.63463354
8619, 34999455, 34999987, 1.71060944, 1.54211521, 4.14286041, 0.75002146
8620, 35000455, 35000987, 1.71514714, 1.54631138, 4.17460632, 0.63463354
8621, 35001455, 35001988, 1.71965039, 1.55050755, 4.20635223, 0.28846979
8622, 35002455, 35002982, 1.72412133, 1.55508518, 4.23809814, 0.75002146
8623, 35003455, 35003986, 1.72855985, 1.55966282, 4.26984406, 0.63463354
8624, 35004455, 35004986, 1.73296738, 1.56385899, 4.26984406, 0.51924562
8625, 35005455, 35005982, 1.73734343, 1.56805515, 4.30158997, 0.63463354
8626, 35006455, 35006980, 1.74168694, 1.57263279, 4.30158997, 0.17308187
8627, 35007455, 35007989, 1.74599648, 1.57682896, 4.33333588, 0.51924562
8628, 35008455, 35008983, 1.75027061, 1.58102512, 4.30158997, 0.98079723
8629, 35009455, 35009981, 1.75450802, 1.58560276, 4.33333588, 0.40385768
8630, 35010455, 35010977, 1.75870633, 1.58979893, 4.33333588, 0.40385768
8631, 35011455, 35011981, 1.76286340, 1.59399605, 4.33333588, 0.40385768
8632, 35012455, 35012980, 1.76697731, 1.59857368, 4.33333588, 0.40385768
8633, 35013455, 35013982, 1.77104557, 1.60315132, 4.33333588, 0.40385768
8634, 35014455, 35014982, 1.77506399, 1.60734749, 4.36508179, 0.28846979
8635, 35015455, 35015984, 1.77902889, 1.61192513, 4.33333588, 0.28846979
8636, 35016455, 35016986, 1.78293800, 1.61612129, 4.36508179, 0.75002146
8637, 35017455, 35017978, 1.78678846, 1.62069893, 4.36508179, 0.40385768
8638, 35018455, 35018976, 1.79057825, 1.62527657, 4.39682770, 0.63463354
8639, 35019455, 35019983, 1.79430580, 1.62947273, 4.36508179, 0.40385768
8640, 35020455, 35020981, 1.79796743, 1.63366890, 4.36508179, -0.05769395
8641, 35021455, 35021979, 1.80156088, 1.63824654, 4.39682770, 0.51924562
8642, 35022455, 35022979, 1.80508459, 1.64244270, 4.36508179, 0.40385768
8643, 35023455, 35023979, 1.80853713, 1.64702034, 4.36508179, 0.51924562
8644, 35024455, 35024978, 1.81191671, 1.65083504, 4.36508179, 0.86540931
8645, 35025455, 35025980, 1.81522226, 1.65541267, 4.33333588, 0.05769395
8646, 35026455, 35026986, 1.81845212, 1.65999126, 4.33333588, 0.28846979
8647, 35027455, 35027980, 1.82160497, 1.66380596, 4.30158997, 0.17308187
8648, 35028455, 35028980, 1.82467878, 1.66838360, 4.30158997, 0.05769395
8649, 35029455, 35029987, 1.82767284, 1.67257977, 4.30158997, 0.28846979
8650, 35030455, 35030979, 1.83058619, 1.67715740, 4.26984406, 0.28846979
8651, 35031455, 35031977, 1.83341670, 1.68097210, 4.26984406, 0.51924562
8652, 35032455, 35032987, 1.83616257, 1.68516827, 4.23809814, 0.05769395
8653, 35033455, 35033977, 1.83882189, 1.68936443, 4.23809814, 0.05769395
8654, 35034455, 35034977, 1.84139347, 1.69356060, 4.20635223, 0.05769395
8655, 35035455, 35035980, 1.84387493, 1.69775677, 4.17460632, 0.17308187
8656, 35036455, 35036984, 1.84626532, 1.70157146, 4.14286041, -0.05769395
8657, 35037455, 35037980, 1.84856308, 1.70538616, 4.11111450, -0.17308187
8658, 35038455, 35038986, 1.85076535, 1.70958233, 4.07936859, 0.17308187
8659, 35039455, 35039976, 1.85286975, 1.71339703, 4.04762268, 0.28846979
8660, 35040455, 35040978, 1.85487521, 1.71721172, 4.01587677, 0.28846979
8661, 35041455, 35041987, 1.85678017, 1.72140884, 3.98412323, 0.17308187
8662, 35042455, 35042989, 1.85858214, 1.72522354, 3.98412323, -0.17308187
8663, 35043455, 35043985, 1.86027813, 1.72903824, 3.92063141, -0.40385768
8664, 35044455, 35044983, 1.86186767, 1.73285294, 3.92063141, -0.17308187
8665, 35045455, 35045981, 1.86334896, 1.73628616, 3.88888550, 0.05769395
8666, 35046455, 35046982, 1.86472046, 1.74010086, 3.85713959, 0.05769395
8667, 35047455, 35047982, 1.86598051, 1.74391556, 3.82539368, 0.17308187
8668, 35048455, 35048982, 1.86712849, 1.74773026, 3.76190186, 0.05769395
8669, 35049455, 35049990, 1.86816370, 1.75116348, 3.73015594, 0.05769395
8670, 35050455, 35050982, 1.86908472, 1.75459671, 3.69841003, 0.17308187
8671, 35051455, 35051982, 1.86989045, 1.75802994, 3.66666412, -0.17308187
8672, 35052455, 35052983, 1.87058091, 1.76146317, 3.60317230, -0.17308187
8673, 35053455, 35053987, 1.87115514, 1.76489639, 3.53968048, -0.51924562
8674, 35054455, 35054985, 1.87161124, 1.76794815, 3.47618866, -0.51924562
8675, 35055455, 35055977, 1.87194932, 1.77138138, 3.41269684, -0.05769395
8676, 35056455, 35056987, 1.87216854, 1.77443314, 3.38095093, -0.05769395
8677, 35057455, 35057981, 1.87226760, 1.77748489, 3.31745911, -0.05769395
8678, 35058455, 35058978, 1.87224674, 1.78053665, 3.25396729, -0.05769395
8679, 35059455, 35059978, 1.87210536, 1.78358936, 3.19047546, 0.28846979
8680, 35060455, 35060980, 1.87184370, 1.78664112, 3.12698364, 0.05769395
8681, 35061455, 35061978, 1.87146211, 1.78931141, 3.06349182, -0.28846979
8682, 35062455, 35062986, 1.87096035, 1.79236317, 3.03174591, -0.28846979
8683, 35063455, 35063976, 1.87033927, 1.79465199, 2.96825409, -0.28846979
8684, 35064455, 35064985, 1.86959803, 1.79770374, 2.90476227, -0.05769395
8685, 35065455, 35065981, 1.86873674, 1.79999256, 2.87301636, -0.75002146
8686, 35066455, 35066975, 1.86775720, 1.80304432, 2.80952454, -0.17308187
8687, 35067455, 35067983, 1.86666000, 1.80533314, 2.74603271, -0.28846979
8688, 35068455, 35068985, 1.86544538, 1.80762196, 2.68254089, -0.05769395
8689, 35069455, 35069980, 1.86411476, 1.80991077, 2.61904907, -0.28846979
8690, 35070455, 35070990, 1.86267018, 1.81258106, 2.55555725, -0.40385768
8691, 35071455, 35071980, 1.86111176, 1.81448841, 2.46031952, -0.63463354
8692, 35072455, 35072982, 1.85944128, 1.81639576, 2.39682770, -0.40385768
8693, 35073455, 35073986, 1.85766089, 1.81830311, 2.30158997, -0.75002146
8694, 35074455, 35074983, 1.85577381, 1.81982899, 2.20635223, -0.75002146
8695, 35075455, 35075981, 1.85378349, 1.82173634, 2.11111450, -0.98079723
8696, 35076455, 35076985, 1.85169244, 1.82326221, 1.98412323, -0.75002146
8697, 35077455, 35077985, 1.84950399, 1.82440662, 1.85713959, -0.63463354
8698, 35078455, 35078983, 1.84722030, 1.82593250, 1.73015594, -0.86540931
8699, 35079455, 35079985, 1.84484446, 1.82669544, 1.60317230, -0.98079723
8700, 35080455, 35080984, 1.84237969, 1.82783985, 1.47618866, -0.75002146
8701, 35081455, 35081986, 1.83983064, 1.82898426, 1.34920502, -0.75002146
8702, 35082455, 35082988, 1.83720112, 1.82936573, 1.22222137, -0.75002146
8703, 35083455, 35083986, 1.83449519, 1.83012867, 1.09523773, -0.75002146
8704, 35084455, 35084986, 1.83171690, 1.83051014, 1.00000000, -0.75002146
8705, 35085455, 35085986, 1.82886970, 1.83127308, 0.87301636, -0.75002146
8706, 35086455, 35086983, 1.82595646, 1.83165455, 0.74603271, -0.98079723
8707, 35087455, 35087987, 1.82298088, 1.83203602, 0.68254089, -0.51924562
8708, 35088455, 35088985, 1.81994677, 1.83241749, 0.55555725, -0.40385768
8709, 35089455, 35089985, 1.81685710, 1.83241749, 0.46031952, -0.75002146
8710, 35090455, 35090981, 1.81371439, 1.83241749, 0.36508179, -0.63463354
8711, 35091455, 35091984, 1.81052089, 1.83241749, 0.26984406, -0.63463354
8712, 35092455, 35092984, 1.80727863, 1.83241749, 0.20635223, -0.51924562
8713, 35093455, 35093982, 1.80398786, 1.83203602, 0.11111450, -0.40385768
8714, 35094455, 35094984, 1.80064988, 1.83127308, 0.01587677, -0.75002146
8715, 35095455, 35095982, 1.79726624, 1.83127308, -0.07936859, -0.63463354
8716, 35096455, 35096984, 1.79383814, 1.83051014, -0.17460632, -0.75002146
8717, 35097455, 35097979, 1.79036510, 1.83012867, -0.23809814, -0.51924562
8718, 35098455, 35098981, 1.78684700, 1.82936573, -0.30158997, -0.86540931
8719, 35099455, 35099981, 1.78328490, 1.82898426, -0.39682770, -0.75002146
8720, 35100455, 35100981, 1.77968013, 1.82822132, -0.49206543, -0.63463354
8721, 35101455, 35101979, 1.77603233, 1.82745838, -0.52381134, -0.86540931
8722, 35102455, 35102981, 1.77234352, 1.82631397, -0.58730316, -0.75002146
8723, 35103455, 35103980, 1.76861489, 1.82593250, -0.65079498, -0.75002146
8724, 35104455, 35104978, 1.76484668, 1.82440662, -0.71428680, -0.40385768
8725, 35105455, 35105980, 1.76103985, 1.82326221, -0.80952454, -0.40385768
8726, 35106455, 35106978, 1.75719595, 1.82211781, -0.90476227, -0.40385768
8727, 35107455, 35107980, 1.75331485, 1.82059193, -1.00000000, -0.40385768
8728, 35108455, 35108979, 1.74939680, 1.81944752, -1.06349182, -0.63463354
8729, 35109455, 35109979, 1.74544311, 1.81754017, -1.19047546, -0.40385768
8730, 35110455, 35110977, 1.74145496, 1.81639576, -1.25396729, -0.28846979
8731, 35111455, 35111977, 1.73743284, 1.81448841, -1.34920502, -0.28846979
8732, 35112455, 35112979, 1.73337734, 1.81296253, -1.44444275, -0.17308187
8733, 35113455, 35113981, 1.72928751, 1.81105518, -1.50793839, -0.40385768
8734, 35114455, 35114978, 1.72516537, 1.80914783, -1.57143021, -0.28846979
8735, 35115455, 35115982, 1.72100890, 1.80724049, -1.63492203, -0.40385768
8736, 35116455, 35116978, 1.71681821, 1.80533314, -1.69841385, -0.51924562
8737, 35117455, 35117976, 1.71259344, 1.80304432, -1.76190567, -0.40385768
8738, 35118455, 35118978, 1.70833528, 1.80113697, -1.82539749, -0.40385768
8739, 35119455, 35119975, 1.70404398, 1.79922962, -1.88888931, -0.86540931
8740, 35120455, 35120979, 1.69971931, 1.79694080, -1.95238113, -0.63463354
8741, 35121455, 35121983, 1.69536173, 1.79465199, -2.01587296, -0.51924562
8742, 35122455, 35122977, 1.69096947, 1.79236317, -2.07936478, -0.51924562
8743, 35123455, 35123975, 1.68654346, 1.79007435, -2.14285660, -0.51924562
8744, 35124455, 35124971, 1.68208444, 1.78740406, -2.20634842, -0.51924562
8745, 35125455, 35125976, 1.67759275, 1.78473377, -2.26984024, -0.40385768
8746, 35126455, 35126980, 1.67306876, 1.78244495, -2.36507797, -0.05769395
8747, 35127455, 35127972, 1.66851187, 1.77977371, -2.39682388, -0.40385768
8748, 35128455, 35128984, 1.66392338, 1.77710342, -2.46031570, -0.40385768
8749, 35129455, 35129972, 1.65930283, 1.77443314, -2.52381134, -0.51924562
8750, 35130455, 35130970, 1.65464997, 1.77176285, -2.58730316, -0.40385768
8751, 35131455, 35131973, 1.64996529, 1.76871109, -2.61904907, -0.63463354
8752, 35132455, 35132973, 1.64524937, 1.76565933, -2.68254089, -0.63463354
8753, 35133455, 35133985, 1.64050174, 1.76260757, -2.74603271, -0.51924562
8754, 35134455, 35134971, 1.63572466, 1.75955582, -2.80952454, -0.28846979
8755, 35135455, 35135985, 1.63091826, 1.75650406, -2.87301636, -0.40385768
8756, 35136455, 35136974, 1.62608171, 1.75345230, -2.93650818, -0.05769395
8757, 35137455, 35137984, 1.62121594, 1.75001907, -3.00000000, -0.17308187
8758, 35138455, 35138986, 1.61632228, 1.74658585, -3.09523773, -0.05769395
8759, 35139455, 35139984, 1.61140037, 1.74353409, -3.19047546, -0.05769395
8760, 35140455, 35140982, 1.60644960, 1.74010086, -3.19047546, -0.17308187
8761, 35141455, 35141983, 1.60147047, 1.73704910, -3.22222137, -0.28846979
8762, 35142455, 35142971, 1.59646356, 1.73361588, -3.28571320, -0.28846979
8763, 35143455, 35143985, 1.59142995, 1.73018265, -3.31745911, -0.28846979
8764, 35144455, 35144987, 1.58636808, 1.72636795, -3.34920502, -0.17308187
8765, 35145455, 35145981, 1.58127809, 1.72293472, -3.38095093, -0.17308187
8766, 35146455, 35146985, 1.57616067, 1.71950150, -3.41269684, -0.05769395
8767, 35147455, 35147985, 1.57101464, 1.71606731, -3.34920502, 0.05769395
8768, 35148455, 35148981, 1.56584036, 1.71225262, -3.47618866, -0.05769395
8769, 35149455, 35149986, 1.56063879, 1.70881939, -3.50793839, 0.05769395
8770, 35150455, 35150986, 1.55541027, 1.70500469, -3.53968430, -0.28846979
8771, 35151455, 35151982, 1.55015433, 1.70118999, -3.57143021, -0.51924562
8772, 35152455, 35152986, 1.54487062, 1.69775677, -3.60317612, -0.17308187
8773, 35153455, 35153978, 1.53955996, 1.69394207, -3.63492203, -0.40385768
8774, 35154455, 35154981, 1.53422093, 1.69012737, -3.66666794, -0.17308187
8775, 35155455, 35155983, 1.52885389, 1.68593121, -3.79365158, -0.17308187
8776, 35156455, 35156987, 1.52345800, 1.68249798, -3.76190567, -0.17308187
8777, 35157455, 35157987, 1.51803315, 1.67830181, -3.79365158, 0.05769395
8778, 35158455, 35158983, 1.51257896, 1.67410564, -3.82539749, 0.05769395
8779, 35159455, 35159987, 1.50709629, 1.67029095, -3.88888931, -0.05769395
8780, 35160455, 35160984, 1.50158405, 1.66647625, -4.07936478, -0.40385768
8781, 35161455, 35161992, 1.49604189, 1.66228008, -3.98412704, -0.40385768
8782, 35162455, 35162988, 1.49046946, 1.65808392, -4.17460251, -0.28846979
8783, 35163455, 35163988, 1.48486638, 1.65426826, -3.95238113, -0.17308187
8784, 35164455, 35164982, 1.47923183, 1.65007210, -4.20634842, -0.17308187
8785, 35165455, 35165982, 1.47356558, 1.64587593, -4.11111069, -0.05769395
8786, 35166455, 35166985, 1.46786618, 1.64167976, -4.11111069, -0.17308187
8787, 35167455, 35167985, 1.46213365, 1.63748360, -4.11111069, -0.28846979
8788, 35168455, 35168987, 1.45636809, 1.63328743, -3.95238113, -0.40385768
8789, 35169455, 35169981, 1.45056832, 1.62870979, -4.14285660, -0.28846979
8790, 35170455, 35170987, 1.44473362, 1.62451363, -4.01587296, -0.05769395
8791, 35171455, 35171983, 1.43886435, 1.62031746, -4.17460251, -0.05769395
8792, 35172455, 35172988, 1.43295968, 1.61573982, -4.07936478, -0.17308187
8793, 35173455, 35173984, 1.42702079, 1.61154366, -4.26984024, 0.05769395
8794, 35174455, 35174984, 1.42104769, 1.60696602, -4.30158615, 0.17308187
8795, 35175455, 35175980, 1.41504097, 1.60238838, -4.36507797, -0.28846979
8796, 35176455, 35176980, 1.40900075, 1.59781075, -4.39682388, -0.05769395
8797, 35177455, 35177980, 1.40292573, 1.59361362, -4.42856979, -0.17308187
8798, 35178455, 35178983, 1.39681602, 1.58903599, -4.46031570, -0.05769395
8799, 35179455, 35179981, 1.39067376, 1.58445835, -4.49206161, 0.05769395
8800, 35180455, 35180981, 1.38449895, 1.57988071, -4.52381134, -0.05769395
8801, 35181455, 35181989, 1.37829292, 1.57530308, -4.55555725, -0.05769395
8802, 35182455, 35182979, 1.37205613, 1.57072544, -4.58730316, -0.17308187
8803, 35183455, 35183980, 1.36578894, 1.56576633, -4.58730316, -0.28846979
8804, 35184455, 35184984, 1.35949314, 1.56157017, -4.61904907, -0.17308187
8805, 35185455, 35185974, 1.35317051, 1.55661106, -4.65079498, -0.28846979
8806, 35186455, 35186984, 1.34682286, 1.55165195, -4.68254089, 0.05769395
8807, 35187455, 35187978, 1.34045041, 1.54669285, -4.71428680, 0.05769395
8808, 35188455, 35188977, 1.33405709, 1.54173374, -4.77777863, 0.17308187
8809, 35189455, 35189981, 1.32764459, 1.53715611, -4.80952454, -0.05769395
8810, 35190455, 35190983, 1.32121575, 1.53181553, -4.80952454, -0.51924562
8811, 35191455, 35191983, 1.31477284, 1.52723694, -4.84127045, -0.17308187
8812, 35192455, 35192985, 1.30831826, 1.52227783, -4.87301636, -0.05769395
8813, 35193455, 35193981, 1.30185401, 1.51731873, -4.90476227, -0.17308187
8814, 35194455, 35194986, 1.29538226, 1.51235962, -4.93650818, -0.05769395
8815, 35195455, 35195988, 1.28890836, 1.50701904, -4.93650818, -0.28846979
8816, 35196455, 35196986, 1.28243446, 1.50205994, -4.96825409, -0.17308187
8817, 35197455, 35197978, 1.27596307, 1.49671936, -5.00000000, -0.63463354
8818, 35198455, 35198986, 1.26949954, 1.49176025, -5.03174591, -0.17308187
8819, 35199455, 35199974, 1.26304734, 1.48641968, -5.03174591, -0.17308187
8820, 35200455, 35200983, 1.25661016, 1.48146057, -5.09523773, 0.17308187
8821, 35201455, 35201983, 1.25019252, 1.47612000, -5.12698364, -0.05769395
8822, 35202455, 35202987, 1.24379873, 1.47077942, -5.15872955, -0.17308187
8823, 35203455, 35203983, 1.23743200, 1.46543789, -5.22222137, -0.51924562
8824, 35204455, 35204983, 1.23109531, 1.45971584, -5.25396729, -0.17308187
8825, 35205455, 35205985, 1.22479069, 1.45437527, -5.28571320, 0.05769395
8826, 35206455, 35206978, 1.21852207, 1.44941616, -5.31745911, -0.17308187
8827, 35207455, 35207978, 1.21229231, 1.44369411, -5.34920502, -0.17308187
8828, 35208455, 35208982, 1.20610476, 1.43835354, -5.38095093, -0.28846979
8829, 35209455, 35209980, 1.19996130, 1.43301296, -5.38095093, -0.17308187
8830, 35210455, 35210974, 1.19386232, 1.42767239, -5.41269684, -0.28846979
8831, 35211455, 35211983, 1.18780971, 1.42156887, -5.44444275, -0.28846979
8832, 35212455, 35212981, 1.18180251, 1.41660976, -5.44444275, 0.05769395
8833, 35213455, 35213987, 1.17584026, 1.41088772, -5.47618866, -0.05769395
8834, 35214455, 35214983, 1.16992080, 1.40516472, -5.50793839, 0.17308187
8835, 35215455, 35215987, 1.16404378, 1.39906120, -5.57143021, -0.28846979
8836, 35216455, 35216985, 1.15820801, 1.39372063, -5.60317612, -0.17308187
8837, 35217455, 35217988, 1.15241206, 1.38799858, -5.63492203, -0.05769395
8838, 35218455, 35218986, 1.14665294, 1.38189507, -5.66666794, 0.05769395
8839, 35219455, 35219988, 1.14093077, 1.37655449, -5.66666794, -0.05769395
8840, 35220455, 35220986, 1.13524604, 1.37083244, -5.69841385, -0.05769395
8841, 35221455, 35221986, 1.12960088, 1.36511040, -5.73015976, -0.17308187
8842, 35222455, 35222985, 1.12400079, 1.35938835, -5.73015976, -0.17308187
8843, 35223455, 35223983, 1.11845577, 1.35404778, -5.69841385, 0.05769395
8844, 35224455, 35224983, 1.11298001, 1.34832573, -5.69841385, -0.17308187
8845, 35225455, 35225987, 1.10758960, 1.34222126, -5.69841385, 0.05769395
8846, 35226455, 35226985, 1.10230958, 1.33649921, -5.69841385, 0.05769395
8847, 35227455, 35227983, 1.09716833, 1.33077717, -5.73015976, -0.28846979
8848, 35228455, 35228982, 1.09219563, 1.32467365, -5.76190567, -0.05769395
8849, 35229455, 35229986, 1.08743215, 1.31895161, -5.76190567, -0.05769395
8850, 35230455, 35230982, 1.08292186, 1.31322956, -5.79365158, -0.28846979
8851, 35231455, 35231980, 1.07872188, 1.30712605, -5.82539749, -0.28846979
8852, 35232455, 35232980, 1.07488787, 1.30140400, -5.82539749, -0.51924562
8853, 35233455, 35233987, 1.07146728, 1.29530048, -5.85714340, -0.17308187
8854, 35234455, 35234987, 1.06850111, 1.28957844, -5.85714340, 0.17308187
8855, 35235455, 35235981, 1.06602550, 1.28385639, -5.85714340, 0.28846979
8856, 35236455, 35236985, 1.06405830, 1.27813339, -5.85714340, -0.05769395
8857, 35237455, 35237983, 1.06260276, 1.27279282, -5.82539749, 0.17308187
8858, 35238455, 35238983, 1.06164145, 1.26707077, -5.79365158, -0.05769395
8859, 35239455, 35239982, 1.06114173, 1.26096725, -5.79365158, 0.05769395
8860, 35240455, 35240980, 1.06105173, 1.25524521, -5.79365158, 0.63463354
8861, 35241455, 35241980, 1.06131566, 1.24952316, -5.76190567, 0.51924562
8862, 35242455, 35242978, 1.06186008, 1.24380112, -5.76190567, 0.63463354
8863, 35243455, 35243978, 1.06262016, 1.23846054, -5.73015976, 0.98079723
8864, 35244455, 35244980, 1.06352627, 1.23273849, -5.69841385, 0.40385768
8865, 35245455, 35245983, 1.06452370, 1.22739792, -5.69841385, 0.86540931
8866, 35246455, 35246981, 1.06556225, 1.22243881, -5.63492203, 1.78851259
8867, 35247455, 35247977, 1.06661069, 1.21671581, -5.57143021, 1.32696104
8868, 35248455, 35248977, 1.06764495, 1.21213818, -5.50793839, 1.21157312
8869, 35249455, 35249979, 1.06865454, 1.20679760, -5.41269684, 1.78851259
8870, 35250455, 35250978, 1.06964612, 1.20183849, -5.31745911, 2.01928854
8871, 35251455, 35251980, 1.07063532, 1.19726086, -5.22222137, 1.21157312
8872, 35252455, 35252978, 1.07164550, 1.19268322, -5.06349182, 1.78851259
8873, 35253455, 35253976, 1.07271123, 1.18886852, -4.93650818, 2.01928854
8874, 35254455, 35254976, 1.07386756, 1.18467236, -4.80952454, 1.44234896
8875, 35255455, 35255976, 1.07515788, 1.18047619, -4.61904907, 1.44234896
8876, 35256455, 35256979, 1.07662320, 1.17666149, -4.49206161, 1.78851259
8877, 35257455, 35257979, 1.07830894, 1.17322826, -4.30158615, 1.78851259
8878, 35258455, 35258979, 1.08025420, 1.16979504, -4.14285660, 2.01928854
8879, 35259455, 35259979, 1.08250070, 1.16674328, -3.95238113, 1.55773675
8880, 35260455, 35260975, 1.08507764, 1.16331005, -3.79365158, 1.44234896
8881, 35261455, 35261978, 1.08800888, 1.16063976, -3.63492203, 2.01928854
8882, 35262455, 35262976, 1.09130514, 1.15796947, -3.47618866, 2.25006437
8883, 35263455, 35263976, 1.09496725, 1.15491676, -3.28571320, 2.13467646
8884, 35264455, 35264974, 1.09898365, 1.15262794, -3.12698364, 1.90390050
8885, 35265455, 35265974, 1.10333633, 1.15072060, -2.93650818, 1.78851259
8886, 35266455, 35266974, 1.10799754, 1.14843178, -2.77777863, 1.67312467
8887, 35267455, 35267977, 1.11293590, 1.14690590, -2.58730316, 1.55773675
8888, 35268455, 35268973, 1.11811602, 1.14499855, -2.39682388, 1.67312467
8889, 35269455, 35269973, 1.12350583, 1.14385414, -2.20634842, 2.01928854
8890, 35270455, 35270977, 1.12906992, 1.14232826, -2.04761887, 1.90390050
8891, 35271455, 35271989, 1.13477910, 1.14118385, -1.85714340, 1.90390050
8892, 35272455, 35272989, 1.14060581, 1.14042091, -1.66666794, 2.01928854
8893, 35273455, 35273990, 1.14652801, 1.13965797, -1.47618866, 1.55773675
8894, 35274455, 35274974, 1.15252602, 1.13927650, -1.28571320, 2.01928854
8895, 35275455, 35275974, 1.15858495, 1.13851357, -1.12698364, 2.25006437
8896, 35276455, 35276974, 1.16469574, 1.13851357, -0.93650818, 2.01928854
8897, 35277455, 35277972, 1.17085195, 1.13813210, -0.77777863, 2.01928854
8898, 35278455, 35278977, 1.17704868, 1.13813210, -0.61904907, 1.78851259
8899, 35279455, 35279975, 1.18328440, 1.13851357, -0.42857361, 1.90390050
8900, 35280455, 35280987, 1.18955839, 1.13889503, -0.26984406, 1.90390050
8901, 35281455, 35281975, 1.19587135, 1.13965797, -0.11111450, 1.78851259
8902, 35282455, 35282975, 1.20222342, 1.14042091, 0.01587677, 2.01928854
8903, 35283455, 35283987, 1.20861769, 1.14080238, 0.20635223, 1.78851259
8904, 35284455, 35284990, 1.21505737, 1.14194679, 0.33333588, 1.90390050
8905, 35285455, 35285974, 1.22154546, 1.14309120, 0.49206543, 1.78851259
8906, 35286455, 35286974, 1.22808540, 1.14423561, 0.65079498, 1.90390050
8907, 35287455, 35287986, 1.23468089, 1.14576149, 0.77777863, 1.67312467
8908, 35288455, 35288988, 1.24133360, 1.14728737, 0.93650818, 1.44234896
8909, 35289455, 35289988, 1.24804688, 1.14881325, 1.06349182, 1.55773675
8910, 35290455, 35290987, 1.25482321, 1.15072060, 1.22222137, 1.90390050
8911, 35291455, 35291985, 1.26166487, 1.15262794, 1.38095093, 2.13467646
8912, 35292455, 35292985, 1.26857102, 1.15491676, 1.50793457, 2.48084021
8913, 35293455, 35293983, 1.27554035, 1.15720654, 1.66666412, 2.01928854
8914, 35294455, 35294985, 1.28257108, 1.15949535, 1.79364777, 1.67312467
8915, 35295455, 35295974, 1.28966057, 1.16178417, 1.95237732, 1.44234896
8916, 35296455, 35296982, 1.29680276, 1.16445446, 2.07936859, 1.55773675
8917, 35297455, 35297978, 1.30399227, 1.16712475, 2.20635223, 1.32696104
8918, 35298455, 35298986, 1.31122112, 1.17017651, 2.33333588, 1.78851259
8919, 35299455, 35299984, 1.31848061, 1.17322826, 2.46031952, 2.01928854
8920, 35300455, 35300982, 1.32576132, 1.17666149, 2.58730316, 1.90390050
8921, 35301455, 35301979, 1.33305562, 1.17971325, 2.71428680, 1.55773675
8922, 35302455, 35302979, 1.34035540, 1.18276501, 2.87301636, 2.01928854
8923, 35303455, 35303983, 1.34765208, 1.18657970, 3.00000000, 1.67312467
8924, 35304455, 35304983, 1.35493708, 1.19001293, 3.12698364, 1.78851259
8925, 35305455, 35305985, 1.36220372, 1.19382763, 3.25396729, 1.67312467
8926, 35306455, 35306982, 1.36944687, 1.19802380, 3.34920502, 1.32696104
8927, 35307455, 35307984, 1.37666321, 1.20183849, 3.47618866, 1.44234896
8928, 35308455, 35308980, 1.38384831, 1.20603466, 3.60317230, 1.78851259
8929, 35309455, 35309982, 1.39099765, 1.21023083, 3.73015594, 1.44234896
8930, 35310455, 35310982, 1.39810908, 1.21480846, 3.85713959, 1.09618521
8931, 35311455, 35311984, 1.40517807, 1.21900558, 3.98412323, 1.21157312
8932, 35312455, 35312981, 1.41220069, 1.22358322, 4.11111450, 1.32696104
8933, 35313455, 35313979, 1.41917419, 1.22854233, 4.20635223, 1.09618521
8934, 35314455, 35314985, 1.42609608, 1.23311996, 4.33333588, 1.32696104
8935, 35315455, 35315981, 1.43296480, 1.23807907, 4.42857361, 1.32696104
8936, 35316455, 35316979, 1.43977630, 1.24265671, 4.52381134, 1.21157312
8937, 35317455, 35317979, 1.44652772, 1.24761581, 4.61904907, 1.44234896
8938, 35318455, 35318978, 1.45321560, 1.25257492, 4.68254089, 1.32696104
8939, 35319455, 35319978, 1.45983815, 1.25791550, 4.77777863, 1.21157312
8940, 35320455, 35320980, 1.46639252, 1.26287460, 4.80952454, 0.86540931
8941, 35321455, 35321980, 1.47287703, 1.26821518, 4.90476227, 0.51924562
8942, 35322455, 35322980, 1.47928894, 1.27355576, 4.96825409, 0.98079723
8943, 35323455, 35323987, 1.48562920, 1.27889633, 5.06349182, 0.75002146
8944, 35324455, 35324983, 1.49189746, 1.28423786, 5.12698364, 0.63463354
8945, 35325455, 35325983, 1.49809289, 1.28957844, 5.19047546, 1.09618521
8946, 35326455, 35326979, 1.50421441, 1.29530048, 5.25396729, 0.86540931
8947, 35327455, 35327981, 1.51026070, 1.30064106, 5.28571320, 0.98079723
8948, 35328455, 35328977, 1.51623166, 1.30598164, 5.34920502, 0.63463354
8949, 35329455, 35329976, 1.52212882, 1.31132221, 5.38095093, 0.86540931
8950, 35330455, 35330984, 1.52795231, 1.31704426, 5.44444275, 0.75002146
8951, 35331455, 35331976, 1.53370261, 1.32276630, 5.44444275, 0.75002146
8952, 35332455, 35332984, 1.53938103, 1.32810688, 5.47618866, 0.51924562
8953, 35333455, 35333974, 1.54498982, 1.33382893, 5.50793457, 0.75002146
8954, 35334455, 35334983, 1.55053031, 1.33955097, 5.53968048, 0.51924562
8955, 35335455, 35335977, 1.55600369, 1.34527397, 5.57142639, 0.51924562
8956, 35336455, 35336977, 1.56141090, 1.35099602, 5.60317230, 0.63463354
8957, 35337455, 35337981, 1.56675410, 1.35709953, 5.63491821, 0.40385768
8958, 35338455, 35338979, 1.57203341, 1.36320305, 5.69841003, 0.51924562
8959, 35339455, 35339977, 1.57724965, 1.36892509, 5.73015594, 0.75002146
8960, 35340455, 35340982, 1.58240342, 1.37464714, 5.76190186, 0.51924562
8961, 35341455, 35341982, 1.58749664, 1.38036919, 5.76190186, 0.40385768
8962, 35342455, 35342984, 1.59252882, 1.38609123, 5.79364777, 0.75002146
8963, 35343455, 35343982, 1.59749937, 1.39181328, 5.76190186, 0.51924562
8964, 35344455, 35344980, 1.60240960, 1.39753532, 5.76190186, 0.40385768
8965, 35345455, 35345978, 1.60725832, 1.40325737, 5.76190186, 0.51924562
8966, 35346455, 35346977, 1.61204600, 1.40936184, 5.76190186, 0.51924562
8967, 35347455, 35347985, 1.61677194, 1.41508389, 5.76190186, 0.05769395
8968, 35348455, 35348981, 1.62143517, 1.42080593, 5.76190186, 0.17308187
8969, 35349455, 35349979, 1.62603354, 1.42652798, 5.76190186, 0.28846979
8970, 35350455, 35350981, 1.63056648, 1.43263149, 5.76190186, 0.17308187
8971, 35351455, 35351978, 1.63503218, 1.43797207, 5.76190186, 0.40385768
8972, 35352455, 35352984, 1.63942993, 1.44369411, 5.76190186, 0.40385768
8973, 35353455, 35353986, 1.64375961, 1.44941616, 5.73015594, 0.05769395
8974, 35354455, 35354986, 1.64802063, 1.45551968, 5.73015594, 0.51924562
8975, 35355455, 35355978, 1.65221119, 1.46047878, 5.69841003, 0.17308187
8976, 35356455, 35356984, 1.65633059, 1.46620083, 5.66666412, 0.28846979
8977, 35357455, 35357979, 1.66037893, 1.47192383, 5.63491821, 0.05769395
8978, 35358455, 35358983, 1.66435730, 1.47726440, 5.60317230, -0.05769395
8979, 35359455, 35359979, 1.66826606, 1.48298645, 5.60317230, 0.28846979
8980, 35360455, 35360987, 1.67210507, 1.48870850, 5.60317230, 0.05769395
8981, 35361455, 35361989, 1.67587447, 1.49404907, 5.60317230, 0.17308187
8982, 35362455, 35362991, 1.67957437, 1.49977112, 5.57142639, 0.05769395
8983, 35363455, 35363988, 1.68320453, 1.50511169, 5.53968048, -0.05769395
8984, 35364455, 35364988, 1.68676400, 1.51007080, 5.50793457, -0.05769395
8985, 35365455, 35365988, 1.69025338, 1.51579285, 5.44444275, 0.17308187
8986, 35366455, 35366982, 1.69367146, 1.52075195, 5.44444275, 0.17308187
8987, 35367455, 35367988, 1.69701886, 1.52571106, 5.34920502, -0.05769395
8988, 35368455, 35368981, 1.70029509, 1.53105164, 5.28571320, -0.17308187
8989, 35369455, 35369985, 1.70349896, 1.53601170, 5.25396729, -0.05769395
8990, 35370455, 35370977, 1.70662975, 1.54097080, 5.19047546, -0.05769395
8991, 35371455, 35371985, 1.70968735, 1.54631138, 5.15872955, 0.05769395
8992, 35372455, 35372983, 1.71267164, 1.55127048, 5.12698364, -0.05769395
8993, 35373455, 35373990, 1.71558106, 1.55622959, 5.09523773, -0.05769395
8994, 35374455, 35374988, 1.71841383, 1.56118870, 5.03174591, -0.17308187
8995, 35375455, 35375990, 1.72116709, 1.56576633, 5.00000000, -0.17308187
8996, 35376455, 35376980, 1.72383940, 1.57072544, 4.96825409, -0.28846979
8997, 35377455, 35377984, 1.72642946, 1.57530308, 4.93650818, -0.05769395
8998, 35378455, 35378982, 1.72893500, 1.57988071, 4.84127045, 0.05769395
8999, 35379455, 35379983, 1.73135531, 1.58445835, 4.77777863, -0.05769395
9000, 35380455, 35380987, 1.73368990, 1.58903599, 4.74603271, -0.05769395
9001, 35381455, 35381985, 1.73593676, 1.59361362, 4.68254089, -0.17308187
9002, 35382455, 35382985, 1.73809516, 1.59781075, 4.58730316, -0.17308187
9003, 35383455, 35383981, 1.74016356, 1.60238838, 4.55555725, -0.51924562
9004, 35384455, 35384981, 1.74214041, 1.60658455, 4.49206543, -0.28846979
9005, 35385455, 35385984, 1.74402559, 1.61078072, 4.42857361, -0.17308187
9006, 35386455, 35386980, 1.74581730, 1.61497688, 4.39682770, -0.28846979
9007, 35387455, 35387982, 1.74751520, 1.61917305, 4.33333588, -0.17308187
9008, 35388455, 35388984, 1.74911916, 1.62298775, 4.26984406, -0.28846979
9009, 35389455, 35389982, 1.75062978, 1.62718391, 4.23809814, -0.40385768
9010, 35390455, 35390980, 1.75204611, 1.63138008, 4.20635223, -0.17308187
9011, 35391455, 35391983, 1.75336921, 1.63519478, 4.14286041, -0.40385768
9012, 35392455, 35392983, 1.75459981, 1.63862801, 4.04762268, -0.40385768
9013, 35393455, 35393983, 1.75573838, 1.64244270, 3.98412323, -0.28846979
9014, 35394455, 35394981, 1.75678611, 1.64587593, 3.88888550, -0.28846979
9015, 35395455, 35395979, 1.75774407, 1.64930916, 3.82539368, -0.05769395
9016, 35396455, 35396978, 1.75861347, 1.65274239, 3.73015594, -0.51924562
9017, 35397455, 35397978, 1.75939476, 1.65617561, 3.63491821, -0.63463354
9018, 35398455, 35398984, 1.76008809, 1.65922832, 3.57142639, -0.40385768
9019, 35399455, 35399980, 1.76069474, 1.66266155, 3.47618866, -0.28846979
9020, 35400455, 35400980, 1.76121652, 1.66571331, 3.38095093, -0.40385768
9021, 35401455, 35401978, 1.76165378, 1.66876507, 3.31745911, -0.40385768
9022, 35402455, 35402979, 1.76200783, 1.67143536, 3.22222137, -0.98079723
9023, 35403455, 35403977, 1.76228058, 1.67448711, 3.15872955, -0.51924562
9024, 35404455, 35404979, 1.76247275, 1.67715740, 3.09523773, -0.51924562
9025, 35405455, 35405979, 1.76258504, 1.67982769, 3.00000000, -0.05769395
9026, 35406455, 35406977, 1.76261890, 1.68249798, 2.90476227, -0.28846979
9027, 35407455, 35407978, 1.76257420, 1.68478680, 2.80952454, -0.51924562
9028, 35408455, 35408976, 1.76245141, 1.68707561, 2.74603271, -0.40385768
9029, 35409455, 35409976, 1.76225090, 1.68936443, 2.65079498, -0.63463354
9030, 35410455, 35410974, 1.76197314, 1.69165325, 2.58730316, -0.51924562
9031, 35411455, 35411974, 1.76161861, 1.69394207, 2.46031952, -0.40385768
9032, 35412455, 35412974, 1.76118791, 1.69584942, 2.36508179, -0.63463354
9033, 35413455, 35413975, 1.76068127, 1.69775677, 2.26984406, -0.51924562
9034, 35414455, 35414975, 1.76009822, 1.69966412, 2.20635223, -0.63463354
9035, 35415455, 35415975, 1.75943840, 1.70118999, 2.07936859, -0.51924562
9036, 35416455, 35416977, 1.75870252, 1.70309734, 1.98412323, -0.40385768
9037, 35417455, 35417979, 1.75788999, 1.70462322, 1.92063141, -0.86540931
9038, 35418455, 35418988, 1.75700092, 1.70614910, 1.82539368, -0.51924562
9039, 35419455, 35419978, 1.75603509, 1.70729351, 1.76190186, -0.51924562
9040, 35420455, 35420976, 1.75499272, 1.70881939, 1.66666412, -0.40385768
9041, 35421455, 35421992, 1.75387335, 1.71034527, 1.57142639, -0.17308187
9042, 35422455, 35422976, 1.75267732, 1.71148968, 1.50793457, -0.28846979
9043, 35423455, 35423974, 1.75140500, 1.71263409, 1.44444275, -0.40385768
9044, 35424455, 35424989, 1.75005758, 1.71339703, 1.38095093, -0.05769395
9045, 35425455, 35425973, 1.74863529, 1.71454144, 1.28571320, -0.28846979
9046, 35426455, 35426975, 1.74713826, 1.71568584, 1.19047546, -0.17308187
9047, 35427455, 35427975, 1.74556708, 1.71644878, 1.12698364, -0.05769395
9048, 35428455, 35428977, 1.74392152, 1.71683025, 1.03174591, 0.05769395
9049, 35429455, 35429987, 1.74220145, 1.71759319, 0.93650818, -0.40385768
9050, 35430455, 35430972, 1.74040842, 1.71797466, 0.84127045, -0.28846979
9051, 35431455, 35431986, 1.73854339, 1.71835613, 0.74603271, -0.05769395
9052, 35432455, 35432972, 1.73660839, 1.71912003, 0.68254089, -0.28846979
9053, 35433455, 35433984, 1.73460376, 1.71912003, 0.58730316, -0.28846979
9054, 35434455, 35434974, 1.73253071, 1.71950150, 0.52381134, -0.17308187
9055, 35435455, 35435972, 1.73039019, 1.71950150, 0.42857361, -0.17308187
9056, 35436455, 35436971, 1.72818422, 1.71950150, 0.36508179, -0.40385768
9057, 35437455, 35437977, 1.72591364, 1.71950150, 0.30158997, -0.40385768
9058, 35438455, 35438975, 1.72358084, 1.71950150, 0.23809814, -0.17308187
9059, 35439455, 35439983, 1.72118807, 1.71950150, 0.17460632, -0.28846979
9060, 35440455, 35440985, 1.71873677, 1.71950150, 0.11111450, -0.40385768
9061, 35441455, 35441988, 1.71622932, 1.71950150, 0.04762268, -0.17308187
9062, 35442455, 35442986, 1.71366739, 1.71912003, -0.01587677, -0.51924562
9063, 35443455, 35443990, 1.71105266, 1.71873760, -0.07936859, -0.05769395
9064, 35444455, 35444982, 1.70838594, 1.71835613, -0.14286041, -0.40385768
9065, 35445455, 35445984, 1.70566964, 1.71797466, -0.20635223, -0.05769395
9066, 35446455, 35446981, 1.70290685, 1.71721172, -0.23809814, -0.28846979
9067, 35447455, 35447983, 1.70009959, 1.71683025, -0.30158997, -0.40385768
9068, 35448455, 35448987, 1.69725025, 1.71644878, -0.36508179, 0.05769395
9069, 35449455, 35449985, 1.69436169, 1.71606731, -0.39682770, -0.40385768
9070, 35450455, 35450987, 1.69143605, 1.71530437, -0.42857361, -0.05769395
9071, 35451455, 35451989, 1.68847501, 1.71492290, -0.46031952, -0.17308187
9072, 35452455, 35452983, 1.68547988, 1.71415997, -0.49206543, -0.28846979
9073, 35453455, 35453986, 1.68245292, 1.71339703, -0.55555725, -0.05769395
9074, 35454455, 35454986, 1.67939603, 1.71263409, -0.74603271, -0.28846979
9075, 35455455, 35455984, 1.67631042, 1.71187115, -0.68254089, -0.17308187
9076, 35456455, 35456984, 1.67319667, 1.71072674, -0.68254089, -0.17308187
9077, 35457455, 35457984, 1.67005622, 1.71034527, -0.71428680, -0.28846979
9078, 35458455, 35458986, 1.66688955, 1.70920086, -0.77777863, -0.40385768
9079, 35459455, 35459985, 1.66369760, 1.70805645, -0.80952454, -0.40385768
9080, 35460455, 35460989, 1.66048074, 1.70691204, -1.03174591, -0.17308187
9081, 35461455, 35461987, 1.65723896, 1.70614910, -0.96825409, -0.40385768
9082, 35462455, 35462983, 1.65397251, 1.70500469, -0.80952454, -0.51924562
9083, 35463455, 35463981, 1.65068185, 1.70386028, -0.93650818, -0.40385768
9084, 35464455, 35464983, 1.64736593, 1.70271587, -1.00000000, -0.28846979
9085, 35465455, 35465984, 1.64402449, 1.70157146, -1.06349182, -0.51924562
9086, 35466455, 35466988, 1.64065647, 1.70042706, -1.09523773, -0.63463354
9087, 35467455, 35467988, 1.63726020, 1.69890118, -1.15872955, -0.28846979
9088, 35468455, 35468984, 1.63383460, 1.69775677, -1.03174591, -0.17308187
9089, 35469455, 35469980, 1.63037896, 1.69623089, -1.19047546, -0.28846979
9090, 35470455, 35470987, 1.62689137, 1.69508648, -1.25396729, -0.28846979
9091, 35471455, 35471979, 1.62336957, 1.69317913, -1.31745911, -0.40385768
9092, 35472455, 35472981, 1.61981189, 1.69165325, -1.38095093, -0.40385768
9093, 35473455, 35473981, 1.61621630, 1.69012737, -1.44444275, -0.28846979
9094, 35474455, 35474979, 1.61258090, 1.68822002, -1.47618866, -0.28846979
9095, 35475455, 35475982, 1.60890436, 1.68669415, -1.53968430, -0.40385768
9096, 35476455, 35476980, 1.60518456, 1.68478680, -1.57143021, -0.63463354
9097, 35477455, 35477982, 1.60141981, 1.68287945, -1.63492203, -0.17308187
9098, 35478455, 35478984, 1.59760761, 1.68097210, -1.69841385, -0.40385768
9099, 35479455, 35479986, 1.59374654, 1.67944622, -1.73015976, -0.17308187
9100, 35480455, 35480984, 1.58983445, 1.67715740, -1.79365158, -0.28846979
9101, 35481455, 35481983, 1.58586931, 1.67486858, -1.85714340, -0.51924562
9102, 35482455, 35482977, 1.58184958, 1.67296124, -1.88888931, -0.40385768
9103, 35483455, 35483989, 1.57777512, 1.67067242, -1.98412704, -0.17308187
9104, 35484455, 35484985, 1.57364631, 1.66838360, -2.01587296, -0.28846979
9105, 35485455, 35485981, 1.56946230, 1.66647625, -2.07936478, -0.40385768
9106, 35486455, 35486985, 1.56522262, 1.66380596, -2.14285660, -0.63463354
9107, 35487455, 35487976, 1.56092703, 1.66151714, -2.17460251, -0.40385768
9108, 35488455, 35488980, 1.55657637, 1.65922832, -2.23809433, -0.28846979
9109, 35489455, 35489984, 1.55217230, 1.65693951, -2.30158615, -0.51924562
9110, 35490455, 35490990, 1.54771709, 1.65426826, -2.33333206, -0.40385768
9111, 35491455, 35491978, 1.54321420, 1.65159798, -2.33333206, -0.28846979
9112, 35492455, 35492978, 1.53866696, 1.64930916, -2.39682388, -0.28846979
9113, 35493455, 35493985, 1.53408182, 1.64663887, -2.46031570, -0.17308187
9114, 35494455, 35494985, 1.52946472, 1.64396858, -2.46031570, -0.17308187
9115, 35495455, 35495987, 1.52482224, 1.64129829, -2.55555725, -0.28846979
9116, 35496455, 35496983, 1.52016139, 1.63824654, -2.58730316, -0.28846979
9117, 35497455, 35497993, 1.51548934, 1.63519478, -2.65079498, -0.40385768
9118, 35498455, 35498986, 1.51081502, 1.63252449, -2.68254089, -0.28846979
9119, 35499455, 35499990, 1.50614893, 1.62947273, -2.74603271, -0.63463354
9120, 35500455, 35500990, 1.50150275, 1.62642097, -2.77777863, -0.28846979
9121, 35501455, 35501990, 1.49689102, 1.62336922, -2.84127045, -0.17308187
9122, 35502455, 35502982, 1.49232900, 1.62069893, -2.90476227, -0.05769395
9123, 35503455, 35503985, 1.48783469, 1.61726570, -2.93650818, -0.28846979
9124, 35504455, 35504991, 1.48342860, 1.61421394, -3.00000000, 0.17308187
9125, 35505455, 35505989, 1.47913492, 1.61116219, -3.03174591, -0.05769395
9126, 35506455, 35506985, 1.47497737, 1.60772896, -3.09523773, 0.05769395
9127, 35507455, 35507987, 1.47097909, 1.60429573, -3.12698364, 0.05769395
9128, 35508455, 35508985, 1.46716583, 1.60086250, -3.19047546, -0.40385768
9129, 35509455, 35509986, 1.46356094, 1.59781075, -3.22222137, -0.05769395
9130, 35510455, 35510988, 1.46018934, 1.59437752, -3.25396729, -0.17308187
9131, 35511455, 35511990, 1.45707190, 1.59094334, -3.28571320, -0.17308187
9132, 35512455, 35512992, 1.45422959, 1.58751011, -3.31745911, -0.17308187
9133, 35513455, 35513986, 1.45168316, 1.58407688, -3.31745911, 0.05769395
9134, 35514455, 35514984, 1.44945478, 1.58064365, -3.38095093, 0.17308187
9135, 35515455, 35515989, 1.44756317, 1.57759190, -3.38095093, -0.05769395
9136, 35516455, 35516991, 1.44602847, 1.57377720, -3.38095093, -0.05769395
9137, 35517455, 35517989, 1.44486463, 1.57034397, -3.44444275, -0.05769395
9138, 35518455, 35518993, 1.44407928, 1.56691074, -3.47618866, -0.17308187
9139, 35519455, 35519991, 1.44367278, 1.56309605, -3.47618866, -0.17308187
9140, 35520455, 35520988, 1.44363332, 1.55966282, -3.50793839, 0.05769395
9141, 35521455, 35521988, 1.44393623, 1.55584812, -3.53968430, -0.17308187
9142, 35522455, 35522986, 1.44454598, 1.55241489, -3.57143021, 0.28846979
9143, 35523455, 35523984, 1.44541550, 1.54860020, -3.60317612, 0.28846979
9144, 35524455, 35524982, 1.44649518, 1.54478550, -3.63492203, 0.05769395
9145, 35525455, 35525982, 1.44773555, 1.54097080, -3.63492203, 0.28846979
9146, 35526455, 35526983, 1.44909465, 1.53791904, -3.63492203, 0.40385768
9147, 35527455, 35527985, 1.45053351, 1.53410435, -3.66666794, 0.28846979
9148, 35528455, 35528979, 1.45202219, 1.53067017, -3.66666794, 0.63463354
9149, 35529455, 35529979, 1.45353353, 1.52723694, -3.60317612, 0.75002146
9150, 35530455, 35530981, 1.45504797, 1.52380371, -3.60317612, 0.98079723
9151, 35531455, 35531977, 1.45655167, 1.52037048, -3.53968430, 1.55773675
9152, 35532455, 35532982, 1.45803297, 1.51731873, -3.53968430, 1.21157312
9153, 35533455, 35533982, 1.45948386, 1.51426697, -3.44444275, 1.55773675
9154, 35534455, 35534980, 1.46089864, 1.51121521, -3.38095093, 1.44234896
9155, 35535455, 35535982, 1.46227694, 1.50854492, -3.25396729, 1.78851259
9156, 35536455, 35536980, 1.46362162, 1.50587463, -3.15872955, 1.67312467
9157, 35537455, 35537981, 1.46493816, 1.50358582, -3.06349182, 2.01928854
9158, 35538455, 35538979, 1.46623421, 1.50091553, -2.96825409, 1.44234896
9159, 35539455, 35539981, 1.46751881, 1.49862671, -2.80952454, 1.32696104
9160, 35540455, 35540981, 1.46880126, 1.49633789, -2.65079498, 1.32696104
9161, 35541455, 35541979, 1.47009015, 1.49481201, -2.52381134, 1.21157312
9162, 35542455, 35542983, 1.47139382, 1.49290466, -2.39682388, 1.55773675
9163, 35543455, 35543980, 1.47272122, 1.49099731, -2.26984024, 1.44234896
9164, 35544455, 35544984, 1.47407973, 1.48985291, -2.14285660, 1.32696104
9165, 35545455, 35545982, 1.47547412, 1.48832703, -1.98412704, 1.55773675
9166, 35546455, 35546980, 1.47690868, 1.48680115, -1.85714340, 1.44234896
9167, 35547455, 35547982, 1.47838688, 1.48565674, -1.73015976, 1.67312467
9168, 35548455, 35548979, 1.47991097, 1.48451233, -1.60317612, 1.21157312
9169, 35549455, 35549981, 1.48148429, 1.48336792, -1.47618866, 1.44234896
9170, 35550455, 35550985, 1.48310947, 1.48298645, -1.34920502, 1.09618521
9171, 35551455, 35551981, 1.48478997, 1.48184204, -1.22222137, 1.32696104
9172, 35552455, 35552979, 1.48652792, 1.48146057, -1.09523773, 1.32696104
9173, 35553455, 35553979, 1.48832440, 1.48069763, -1.00000000, 0.98079723
9174, 35554455, 35554980, 1.49017966, 1.48031616, -0.90476227, 0.98079723
9175, 35555455, 35555978, 1.49209464, 1.47993469, -0.80952454, 0.86540931
9176, 35556455, 35556978, 1.49407089, 1.47955322, -0.68254089, 0.86540931
9177, 35557455, 35557990, 1.49610960, 1.47917175, -0.61904907, 0.98079723
9178, 35558455, 35558978, 1.49821103, 1.47879028, -0.52381134, 0.86540931
9179, 35559455, 35559976, 1.50037539, 1.47879028, -0.46031952, 0.98079723
9180, 35560455, 35560977, 1.50260425, 1.47879028, -0.36508179, 0.86540931
9181, 35561455, 35561993, 1.50489902, 1.47879028, -0.26984406, 1.09618521
9182, 35562455, 35562977, 1.50726032, 1.47917175, -0.17460632, 0.98079723
9183, 35563455, 35563975, 1.50968742, 1.47917175, -0.11111450, 0.98079723
9184, 35564455, 35564977, 1.51218128, 1.47955322, -0.04762268, 0.98079723
9185, 35565455, 35565980, 1.51474237, 1.47993469, 0.01587677, 0.98079723
9186, 35566455, 35566980, 1.51737058, 1.48031616, 0.11111450, 1.09618521
9187, 35567455, 35567978, 1.52006507, 1.48069763, 0.17460632, 0.98079723
9188, 35568455, 35568990, 1.52282465, 1.48146057, 0.23809814, 1.21157312
9189, 35569455, 35569976, 1.52564764, 1.48184204, 0.30158997, 1.09618521
9190, 35570455, 35570988, 1.52853274, 1.48260498, 0.36508179, 1.44234896
9191, 35571455, 35571993, 1.53147852, 1.48298645, 0.42857361, 1.09618521
9192, 35572455, 35572979, 1.53448415, 1.48413086, 0.49206543, 1.09618521
9193, 35573455, 35573975, 1.53754807, 1.48489380, 0.55555725, 0.86540931
9194, 35574455, 35574975, 1.54066765, 1.48603821, 0.61904907, 0.98079723
9195, 35575455, 35575975, 1.54383981, 1.48641968, 0.68254089, 1.32696104
9196, 35576455, 35576976, 1.54706228, 1.48756409, 0.74603271, 1.21157312
9197, 35577455, 35577976, 1.55033195, 1.48870850, 0.80952454, 1.09618521
9198, 35578455, 35578978, 1.55364609, 1.49023438, 0.87301636, 1.09618521
9199, 35579455, 35579974, 1.55700147, 1.49099731, 0.93650818, 0.86540931
9200, 35580455, 35580976, 1.56039369, 1.49252319, 1.00000000, 1.09618521
9201, 35581455, 35581976, 1.56381953, 1.49366760, 1.03174591, 0.98079723
9202, 35582455, 35582991, 1.56727660, 1.49519348, 1.09523773, 0.98079723
9203, 35583455, 35583973, 1.57076108, 1.49633789, 1.15872955, 0.75002146
9204, 35584455, 35584987, 1.57426977, 1.49786377, 1.22222137, 0.86540931
9205, 35585455, 35585987, 1.57779920, 1.49977112, 1.28571320, 0.75002146
9206, 35586455, 35586975, 1.58134627, 1.50129700, 1.34920502, 0.98079723
9207, 35587455, 35587987, 1.58490765, 1.50320435, 1.41269684, 1.32696104
9208, 35588455, 35588984, 1.58847988, 1.50473022, 1.47618866, 1.09618521
9209, 35589455, 35589986, 1.59206045, 1.50663757, 1.53968048, 1.09618521
9210, 35590455, 35590986, 1.59564662, 1.50816345, 1.60317230, 0.86540931
9211, 35591455, 35591984, 1.59923649, 1.51007080, 1.66666412, 1.09618521
9212, 35592455, 35592988, 1.60282850, 1.51235962, 1.69841003, 0.98079723
9213, 35593455, 35593986, 1.60642052, 1.51426697, 1.76190186, 1.32696104
9214, 35594455, 35594970, 1.61001086, 1.51617432, 1.82539368, 1.21157312
9215, 35595455, 35595983, 1.61359835, 1.51846313, 1.85713959, 0.86540931
9216, 35596455, 35596987, 1.61718273, 1.52037048, 1.92063141, 0.86540931
9217, 35597455, 35597987, 1.62076354, 1.52265930, 1.98412323, 0.86540931
9218, 35598455, 35598989, 1.62433982, 1.52494812, 2.01587677, 0.51924562
9219, 35599455, 35599991, 1.62791002, 1.52723694, 2.07936859, 0.51924562
9220, 35600455, 35600986, 1.63147402, 1.52914429, 2.11111450, 0.75002146
9221, 35601455, 35601992, 1.63503170, 1.53181553, 2.17460632, 1.09618521
9222, 35602455, 35602986, 1.63858426, 1.53410435, 2.20635223, 0.28846979
9223, 35603455, 35603986, 1.64213192, 1.53639317, 2.23809814, 0.75002146
9224, 35604455, 35604982, 1.64567399, 1.53868198, 2.30158997, 0.75002146
9225, 35605455, 35605985, 1.64921141, 1.54135227, 2.30158997, 0.75002146
9226, 35606455, 35606989, 1.65274394, 1.54402256, 2.33333588, 0.86540931
9227, 35607455, 35607985, 1.65627098, 1.54631138, 2.36508179, 0.63463354
9228, 35608455, 35608987, 1.65979183, 1.54898167, 2.39682770, 0.98079723
9229, 35609455, 35609983, 1.66330683, 1.55165195, 2.42857361, 0.86540931
9230, 35610455, 35610985, 1.66681671, 1.55394077, 2.46031952, 0.63463354
9231, 35611455, 35611986, 1.67032170, 1.55699253, 2.49206543, 0.40385768
9232, 35612455, 35612992, 1.67382288, 1.55966282, 2.52381134, 0.63463354
9233, 35613455, 35613986, 1.67732036, 1.56195164, 2.58730316, 0.28846979
9234, 35614455, 35614988, 1.68081474, 1.56462193, 2.61904907, 0.51924562
9235, 35615455, 35615980, 1.68430579, 1.56729221, 2.58730316, 0.51924562
9236, 35616455, 35616978, 1.68779254, 1.57034397, 2.61904907, 0.40385768
9237, 35617455, 35617981, 1.69127476, 1.57301426, 2.65079498, 0.75002146
9238, 35618455, 35618981, 1.69475281, 1.57606602, 2.71428680, 0.75002146
9239, 35619455, 35619977, 1.69822621, 1.57873631, 2.71428680, 0.86540931
9240, 35620455, 35620977, 1.70169544, 1.58140659, 2.71428680, 0.86540931
9241, 35621455, 35621977, 1.70516002, 1.58407688, 2.74603271, 0.75002146
9242, 35622455, 35622981, 1.70861936, 1.58751011, 2.74603271, 0.63463354
9243, 35623455, 35623978, 1.71207249, 1.59018040, 2.80952454, 0.40385768
9244, 35624455, 35624976, 1.71551740, 1.59323215, 2.84127045, 0.51924562
9245, 35625455, 35625982, 1.71895242, 1.59628487, 2.84127045, 0.51924562
9246, 35626455, 35626980, 1.72237706, 1.59933662, 2.87301636, -0.05769395
9247, 35627455, 35627984, 1.72579038, 1.60238838, 2.90476227, 0.86540931
9248, 35628455, 35628976, 1.72919047, 1.60544014, 2.93650818, 0.63463354
9249, 35629455, 35629979, 1.73257577, 1.60849190, 2.96825409, 0.86540931
9250, 35630455, 35630979, 1.73594427, 1.61154366, 3.00000000, 0.75002146
9251, 35631455, 35631975, 1.73929310, 1.61459541, 3.00000000, 0.75002146
9252, 35632455, 35632987, 1.74261951, 1.61764717, 3.03174591, 0.86540931
9253, 35633455, 35633981, 1.74592066, 1.62069893, 3.06349182, 0.51924562
9254, 35634455, 35634981, 1.74919438, 1.62413216, 3.09523773, 0.40385768
9255, 35635455, 35635982, 1.75243831, 1.62718391, 3.09523773, 0.51924562
9256, 35636455, 35636980, 1.75564849, 1.63023567, 3.09523773, 0.28846979
9257, 35637455, 35637974, 1.75882196, 1.63328743, 3.09523773, 0.40385768
9258, 35638455, 35638978, 1.76195681, 1.63672066, 3.12698364, 0.63463354
9259, 35639455, 35639974, 1.76505053, 1.63977242, 3.12698364, 0.63463354
9260, 35640455, 35640981, 1.76810038, 1.64282417, 3.15872955, 0.86540931
9261, 35641455, 35641979, 1.77110362, 1.64587593, 3.15872955, 0.75002146
9262, 35642455, 35642979, 1.77405858, 1.64930916, 3.12698364, 0.51924562
9263, 35643455, 35643985, 1.77696264, 1.65236092, 3.12698364, 1.09618521
9264, 35644455, 35644981, 1.77981353, 1.65541267, 3.15872955, 0.28846979
9265, 35645455, 35645979, 1.78260899, 1.65884686, 3.15872955, 0.63463354
9266, 35646455, 35646988, 1.78534687, 1.66228008, 3.15872955, 0.40385768
9267, 35647455, 35647984, 1.78802443, 1.66533184, 3.15872955, 0.40385768
9268, 35648455, 35648976, 1.79063964, 1.66838360, 3.15872955, 0.63463354
9269, 35649455, 35649984, 1.79319096, 1.67181683, 3.15872955, 0.17308187
9270, 35650455, 35650982, 1.79567695, 1.67486858, 3.15872955, 0.51924562
9271, 35651455, 35651978, 1.79809570, 1.67830181, 3.19047546, 0.51924562
9272, 35652455, 35652981, 1.80044532, 1.68135357, 3.19047546, 0.63463354
9273, 35653455, 35653985, 1.80272269, 1.68440533, 3.19047546, 0.40385768
9274, 35654455, 35654989, 1.80492485, 1.68783855, 3.19047546, 0.17308187
9275, 35655455, 35655975, 1.80704987, 1.69089031, 3.19047546, 0.28846979
9276, 35656455, 35656981, 1.80909622, 1.69432354, 3.19047546, 0.40385768
9277, 35657455, 35657982, 1.81106317, 1.69737530, 3.19047546, 0.51924562
9278, 35658455, 35658984, 1.81294894, 1.70042706, 3.15872955, -0.05769395
9279, 35659455, 35659980, 1.81475127, 1.70347881, 3.15872955, 0.40385768
9280, 35660455, 35660988, 1.81646836, 1.70653057, 3.12698364, 0.17308187
9281, 35661455, 35661984, 1.81809843, 1.70958233, 3.09523773, 0.28846979
9282, 35662455, 35662989, 1.81964052, 1.71263409, 3.09523773, 0.17308187
9283, 35663455, 35663985, 1.82109416, 1.71568584, 3.06349182, 0.63463354
9284, 35664455, 35664975, 1.82245743, 1.71835613, 3.03174591, 0.28846979
9285, 35665455, 35665989, 1.82372820, 1.72140884, 3.03174591, 0.17308187
9286, 35666455, 35666985, 1.82490528, 1.72446060, 3.00000000, 0.17308187
9287, 35667455, 35667983, 1.82598734, 1.72713089, 2.96825409, 0.05769395
9288, 35668455, 35668982, 1.82697213, 1.73018265, 2.93650818, 0.17308187
9289, 35669455, 35669988, 1.82785821, 1.73285294, 2.93650818, 0.05769395
9290, 35670455, 35670982, 1.82864320, 1.73590469, 2.90476227, 0.28846979
9291, 35671455, 35671986, 1.82932472, 1.73857498, 2.87301636, 0.05769395
9292, 35672455, 35672984, 1.82990050, 1.74124527, 2.84127045, 0.05769395
9293, 35673455, 35673980, 1.83036923, 1.74391556, 2.80952454, -0.05769395
9294, 35674455, 35674981, 1.83073008, 1.74658585, 2.77777863, -0.05769395
9295, 35675455, 35675985, 1.83098221, 1.74887466, 2.74603271, -0.05769395
9296, 35676455, 35676977, 1.83112442, 1.75192642, 2.71428680, 0.28846979
9297, 35677455, 35677983, 1.83115578, 1.75421524, 2.68254089, -0.05769395
9298, 35678455, 35678985, 1.83107495, 1.75650406, 2.61904907, -0.05769395
9299, 35679455, 35679983, 1.83088183, 1.75917435, 2.58730316, -0.05769395
9300, 35680455, 35680986, 1.83057618, 1.76146317, 2.55555725, -0.05769395
9301, 35681455, 35681988, 1.83015573, 1.76375198, 2.49206543, -0.17308187
9302, 35682455, 35682986, 1.82961893, 1.76604080, 2.46031952, -0.17308187
9303, 35683455, 35683984, 1.82896674, 1.76794815, 2.39682770, -0.05769395
9304, 35684455, 35684984, 1.82819963, 1.77023697, 2.33333588, -0.17308187
9305, 35685455, 35685983, 1.82731652, 1.77252579, 2.30158997, -0.17308187
9306, 35686455, 35686983, 1.82631660, 1.77443314, 2.26984406, -0.05769395
9307, 35687455, 35687983, 1.82520008, 1.77634048, 2.17460632, 0.05769395
9308, 35688455, 35688981, 1.82396758, 1.77824783, 2.11111450, 0.05769395
9309, 35689455, 35689983, 1.82261944, 1.78015518, 2.07936859, -0.05769395
9310, 35690455, 35690990, 1.82115567, 1.78206348, 2.01587677, -0.05769395
9311, 35691455, 35691984, 1.81957746, 1.78397083, 1.95237732, -0.05769395
9312, 35692455, 35692980, 1.81788528, 1.78549671, 1.88888550, -0.28846979
9313, 35693455, 35693982, 1.81607985, 1.78702259, 1.82539368, -0.05769395
9314, 35694455, 35694982, 1.81416333, 1.78854847, 1.76190186, -0.28846979
9315, 35695455, 35695982, 1.81213748, 1.79045582, 1.69841003, -0.17308187
9316, 35696455, 35696981, 1.81000412, 1.79160023, 1.66666412, -0.28846979
9317, 35697455, 35697981, 1.80776596, 1.79312611, 1.60317230, -0.28846979
9318, 35698455, 35698985, 1.80542564, 1.79427052, 1.53968048, -0.40385768
9319, 35699455, 35699981, 1.80298686, 1.79541492, 1.50793457, -0.40385768
9320, 35700455, 35700979, 1.80045331, 1.79694080, 1.41269684, -0.63463354
9321, 35701455, 35701977, 1.79782748, 1.79770374, 1.34920502, -0.51924562
9322, 35702455, 35702978, 1.79511225, 1.79846668, 1.28571320, -0.75002146
9323, 35703455, 35703980, 1.79231167, 1.79922962, 1.19047546, -0.75002146
9324, 35704455, 35704978, 1.78942978, 1.79999256, 1.09523773, -0.40385768
9325, 35705455, 35705982, 1.78646994, 1.80037403, 1.00000000, -0.86540931
9326, 35706455, 35706976, 1.78343463, 1.80075550, 0.87301636, -0.51924562
9327, 35707455, 35707978, 1.78032756, 1.80113697, 0.74603271, -0.86540931
9328, 35708455, 35708979, 1.77715218, 1.80151844, 0.68254089, -0.86540931
9329, 35709455, 35709979, 1.77391231, 1.80189991, 0.58730316, -0.86540931
9330, 35710455, 35710979, 1.77061248, 1.80189991, 0.46031952, -0.86540931
9331, 35711455, 35711977, 1.76725602, 1.80189991, 0.36508179, -0.86540931
9332, 35712455, 35712979, 1.76384699, 1.80189991, 0.26984406, -0.51924562
9333, 35713455, 35713980, 1.76038885, 1.80151844, 0.17460632, -0.51924562
9334, 35714455, 35714976, 1.75688434, 1.80113697, 0.07936859, -0.63463354
9335, 35715455, 35715988, 1.75333619, 1.80075550, -0.01587677, -0.51924562
9336, 35716455, 35716990, 1.74974668, 1.80037403, -0.11111450, -0.51924562
9337, 35717455, 35717988, 1.74611783, 1.79999256, -0.20635223, -0.75002146
9338, 35718455, 35718974, 1.74245226, 1.79961109, -0.26984406, -1.09618521
9339, 35719455, 35719977, 1.73875141, 1.79884815, -0.36508179, -0.86540931
9340, 35720455, 35720975, 1.73501706, 1.79808521, -0.42857361, -0.63463354
9341, 35721455, 35721973, 1.73124993, 1.79694080, -0.52381134, -0.51924562
9342, 35722455, 35722973, 1.72745037, 1.79617786, -0.58730316, -0.63463354
9343, 35723455, 35723973, 1.72362101, 1.79503345, -0.68254089, -0.75002146
9344, 35724455, 35724973, 1.71976340, 1.79388905, -0.84127045, -0.63463354
9345, 35725455, 35725984, 1.71587741, 1.79274464, -0.90476227, -0.63463354
9346, 35726455, 35726976, 1.71196270, 1.79121876, -1.00000000, -0.86540931
9347, 35727455, 35727986, 1.70802033, 1.79007435, -1.06349182, -0.86540931
9348, 35728455, 35728974, 1.70405030, 1.78816700, -1.15872955, -0.86540931
9349, 35729455, 35729974, 1.70005262, 1.78702259, -1.25396729, -0.75002146
9350, 35730455, 35730983, 1.69602787, 1.78511524, -1.31745911, -0.63463354
9351, 35731455, 35731983, 1.69197583, 1.78358936, -1.57143021, -0.86540931
9352, 35732455, 35732987, 1.68789661, 1.78168201, -1.47618866, -0.40385768
9353, 35733455, 35733971, 1.68379056, 1.77977371, -1.63492203, -0.63463354
9354, 35734455, 35734985, 1.67965817, 1.77786636, -1.66666794, -0.63463354
9355, 35735455, 35735982, 1.67550004, 1.77557755, -1.73015976, -0.75002146
9356, 35736455, 35736982, 1.67131639, 1.77367020, -1.79365158, -0.98079723
9357, 35737455, 35737984, 1.66710687, 1.77138138, -1.95238113, -0.63463354
9358, 35738455, 35738988, 1.66287136, 1.76909256, -1.98412704, -0.75002146
9359, 35739455, 35739970, 1.65861142, 1.76680374, -1.88888931, -0.63463354
9360, 35740455, 35740984, 1.65432715, 1.76451492, -2.07936478, -0.51924562
9361, 35741455, 35741981, 1.65001822, 1.76184464, -2.11111069, -0.63463354
9362, 35742455, 35742969, 1.64568520, 1.75917435, -2.23809433, -0.51924562
9363, 35743455, 35743987, 1.64132786, 1.75650406, -2.33333206, -0.51924562
9364, 35744455, 35744981, 1.63694596, 1.75383377, -2.42856979, -0.28846979
9365, 35745455, 35745987, 1.63253975, 1.75116348, -2.42856979, -0.28846979
9366, 35746455, 35746983, 1.62810922, 1.74811172, -2.58730316, -0.28846979
9367, 35747455, 35747982, 1.62365484, 1.74505997, -2.65079498, -0.17308187
9368, 35748455, 35748982, 1.61917686, 1.74238968, -2.74603271, -0.28846979
9369, 35749455, 35749978, 1.61467648, 1.73895645, -2.80952454, -0.28846979
9370, 35750455, 35750982, 1.61015427, 1.73628616, -2.87301636, -0.28846979
9371, 35751455, 35751984, 1.60560930, 1.73323441, -2.93650818, -0.17308187
9372, 35752455, 35752984, 1.60104120, 1.72980118, -2.96825409, -0.40385768
9373, 35753455, 35753986, 1.59645009, 1.72674942, -3.03174591, -0.17308187
9374, 35754455, 35754985, 1.59183562, 1.72369766, -3.06349182, -0.17308187
9375, 35755455, 35755977, 1.58719695, 1.72026443, -3.09523773, -0.28846979
9376, 35756455, 35756979, 1.58253324, 1.71721172, -3.12698364, 0.17308187
9377, 35757455, 35757981, 1.57784319, 1.71377850, -3.15872955, -0.28846979
9378, 35758455, 35758981, 1.57312596, 1.71034527, -3.19047546, -0.28846979
9379, 35759455, 35759988, 1.56838107, 1.70691204, -3.22222137, -0.17308187
9380, 35760455, 35760984, 1.56360686, 1.70347881, -3.28571320, -0.17308187
9381, 35761455, 35761982, 1.55880356, 1.70042706, -3.31745911, -0.17308187
9382, 35762455, 35762980, 1.55397093, 1.69699383, -3.34920502, -0.40385768
9383, 35763455, 35763980, 1.54910696, 1.69317913, -3.38095093, -0.17308187
9384, 35764455, 35764982, 1.54420912, 1.68974590, -3.41269684, 0.05769395
9385, 35765455, 35765981, 1.53927648, 1.68593121, -3.47618866, -0.17308187
9386, 35766455, 35766979, 1.53430736, 1.68287945, -3.47618866, -0.28846979
9387, 35767455, 35767979, 1.52929986, 1.67906475, -3.50793839, -0.05769395
9388, 35768455, 35768987, 1.52425253, 1.67525005, -3.53968430, -0.17308187
9389, 35769455, 35769979, 1.51916420, 1.67143536, -3.57143021, -0.28846979
9390, 35770455, 35770990, 1.51403415, 1.66762066, -3.63492203, -0.17308187
9391, 35771455, 35771990, 1.50886154, 1.66380596, -3.66666794, -0.17308187
9392, 35772455, 35772990, 1.50364482, 1.66037273, -3.69841385, -0.17308187
9393, 35773455, 35773984, 1.49838388, 1.65655804, -3.69841385, -0.17308187
9394, 35774455, 35774988, 1.49307883, 1.65236092, -3.76190567, -0.05769395
9395, 35775455, 35775988, 1.48772848, 1.64854622, -3.79365158, 0.05769395
9396, 35776455, 35776983, 1.48233294, 1.64473152, -3.82539749, -0.28846979
9397, 35777455, 35777983, 1.47689259, 1.64091682, -3.82539749, -0.17308187
9398, 35778455, 35778985, 1.47140777, 1.63672066, -3.85714340, -0.17308187
9399, 35779455, 35779987, 1.46587813, 1.63290596, -3.88888931, -0.28846979
9400, 35780455, 35780989, 1.46030331, 1.62870979, -3.92063522, -0.17308187
9401, 35781455, 35781983, 1.45468366, 1.62489510, -3.95238113, -0.17308187
9402, 35782455, 35782990, 1.44902015, 1.62031746, -3.98412704, -0.17308187
9403, 35783455, 35783988, 1.44331419, 1.61612129, -4.01587296, 0.17308187
9404, 35784455, 35785000, 1.43756843, 1.61192513, -4.07936478, -0.05769395
9405, 35785455, 35785982, 1.43178511, 1.60772896, -4.11111069, -0.17308187
9406, 35786455, 35786986, 1.42596531, 1.60353279, -4.14285660, -0.17308187
9407, 35787455, 35787989, 1.42011058, 1.59933662, -4.17460251, -0.05769395
9408, 35788455, 35788983, 1.41422379, 1.59514046, -4.20634842, -0.17308187
9409, 35789455, 35789977, 1.40830815, 1.59056187, -4.23809433, -0.28846979
9410, 35790455, 35790985, 1.40236735, 1.58674717, -4.26984024, -0.05769395
9411, 35791455, 35791985, 1.39640522, 1.58216953, -4.26984024, 0.05769395
9412, 35792455, 35792984, 1.39042592, 1.57797337, -4.30158615, -0.17308187
9413, 35793455, 35793982, 1.38443506, 1.57339573, -4.30158615, -0.17308187
9414, 35794455, 35794984, 1.37843847, 1.56881809, -4.33333206, -0.05769395
9415, 35795455, 35795986, 1.37244356, 1.56424046, -4.36507797, -0.05769395
9416, 35796455, 35796990, 1.36645639, 1.56004429, -4.39682388, -0.17308187
9417, 35797455, 35797978, 1.36048365, 1.55546665, -4.42856979, -0.17308187
9418, 35798455, 35798981, 1.35453296, 1.55050755, -4.46031570, 0.17308187
9419, 35799455, 35799985, 1.34861243, 1.54592991, -4.49206161, -0.17308187
9420, 35800455, 35800985, 1.34273028, 1.54097080, -4.52381134, -0.17308187
9421, 35801455, 35801983, 1.33689618, 1.53639317, -4.58730316, -0.05769395
9422, 35802455, 35802989, 1.33112133, 1.53181553, -4.65079498, 0.05769395
9423, 35803455, 35803977, 1.32541788, 1.52723694, -4.68254089, -0.17308187
9424, 35804455, 35804988, 1.31979990, 1.52227783, -4.68254089, -0.17308187
9425, 35805455, 35805984, 1.31428456, 1.51731873, -4.71428680, -0.28846979
9426, 35806455, 35806988, 1.30889392, 1.51274109, -4.74603271, -0.05769395
9427, 35807455, 35807984, 1.30365026, 1.50778198, -4.77777863, 0.05769395
9428, 35808455, 35808988, 1.29858005, 1.50320435, -4.80952454, -0.17308187
9429, 35809455, 35809974, 1.29371178, 1.49824524, -4.80952454, -0.40385768
9430, 35810455, 35810985, 1.28907764, 1.49328613, -4.84127045, -0.05769395
9431, 35811455, 35811975, 1.28471279, 1.48832703, -4.84127045, 0.17308187
9432, 35812455, 35812985, 1.28065705, 1.48298645, -4.87301636, 0.28846979
9433, 35813455, 35813985, 1.27694976, 1.47802734, -4.93650818, -0.05769395
9434, 35814455, 35814983, 1.27363014, 1.47268677, -4.96825409, 0.05769395
9435, 35815455, 35815982, 1.27073371, 1.46772671, -5.00000000, -0.17308187
9436, 35816455, 35816984, 1.26828766, 1.46238613, -5.03174591, -0.05769395
9437, 35817455, 35817986, 1.26631093, 1.45742702, -5.06349182, 0.05769395
9438, 35818455, 35818984, 1.26481390, 1.45246792, -5.09523773, 0.28846979
9439, 35819455, 35819982, 1.26379538, 1.44712734, -5.09523773, 0.40385768
9440, 35820455, 35820982, 1.26323843, 1.44216824, -5.12698364, 0.17308187
9441, 35821455, 35821979, 1.26310527, 1.43682766, -5.12698364, 0.40385768
9442, 35822455, 35822979, 1.26334023, 1.43186855, -5.12698364, -0.17308187
9443, 35823455, 35823981, 1.26387429, 1.42690945, -5.12698364, 0.28846979
9444, 35824455, 35824981, 1.26464140, 1.42156887, -5.12698364, 0.86540931
9445, 35825455, 35825983, 1.26558411, 1.41660976, -5.12698364, 0.75002146
9446, 35826455, 35826980, 1.26665604, 1.41165066, -5.12698364, 0.75002146
9447, 35827455, 35827982, 1.26782095, 1.40631008, -5.12698364, 0.98079723
9448, 35828455, 35828984, 1.26905048, 1.40173149, -5.09523773, 0.98079723
9449, 35829455, 35829982, 1.27032351, 1.39677238, -5.06349182, 1.09618521
9450, 35830455, 35830978, 1.27162504, 1.39219475, -5.00000000, 1.67312467
9451, 35831455, 35831980, 1.27294731, 1.38799858, -4.90476227, 1.78851259
9452, 35832455, 35832979, 1.27428818, 1.38342094, -4.84127045, 1.67312467
9453, 35833455, 35833981, 1.27564871, 1.37922478, -4.71428680, 1.55773675
9454, 35834455, 35834979, 1.27703476, 1.37541008, -4.61904907, 1.90390050
9455, 35835455, 35835981, 1.27845430, 1.37159538, -4.49206161, 2.01928854
9456, 35836455, 35836981, 1.27991724, 1.36778069, -4.33333206, 1.67312467
9457, 35837455, 35837982, 1.28143346, 1.36396599, -4.17460251, 1.55773675
9458, 35838455, 35838984, 1.28301132, 1.36053276, -4.04761887, 1.67312467
9459, 35839455, 35839980, 1.28465819, 1.35748100, -3.92063522, 2.13467646
9460, 35840455, 35840978, 1.28638065, 1.35442924, -3.73015976, 2.13467646
9461, 35841455, 35841978, 1.28818357, 1.35137749, -3.60317612, 1.78851259
9462, 35842455, 35842980, 1.29007053, 1.34870720, -3.44444275, 2.13467646
9463, 35843455, 35843979, 1.29204583, 1.34641838, -3.25396729, 1.67312467
9464, 35844455, 35844979, 1.29411268, 1.34412956, -3.06349182, 1.67312467
9465, 35845455, 35845977, 1.29627275, 1.34183979, -2.93650818, 1.78851259
9466, 35846455, 35846979, 1.29852855, 1.33955097, -2.77777863, 1.78851259
9467, 35847455, 35847981, 1.30088270, 1.33802509, -2.58730316, 2.13467646
9468, 35848455, 35848977, 1.30333555, 1.33611774, -2.42856979, 1.90390050
9469, 35849455, 35849976, 1.30588710, 1.33459187, -2.26984024, 1.09618521
9470, 35850455, 35850980, 1.30853546, 1.33306599, -2.07936478, 0.98079723
9471, 35851455, 35851980, 1.31127763, 1.33154011, -1.95238113, 1.55773675
9472, 35852455, 35852980, 1.31410873, 1.33039570, -1.79365158, 0.98079723
9473, 35853455, 35853980, 1.31702328, 1.32963276, -1.63492203, 1.09618521
9474, 35854455, 35854976, 1.32001662, 1.32886982, -1.47618866, 1.09618521
9475, 35855455, 35855977, 1.32308400, 1.32772541, -1.31745911, 1.32696104
9476, 35856455, 35856977, 1.32622123, 1.32734394, -1.19047546, 1.44234896
9477, 35857455, 35857981, 1.32942379, 1.32696247, -1.03174591, 1.32696104
9478, 35858455, 35858977, 1.33268631, 1.32658100, -0.90476227, 1.32696104
9479, 35859455, 35859977, 1.33600366, 1.32658100, -0.77777863, 1.21157312
9480, 35860455, 35860976, 1.33937061, 1.32619953, -0.61904907, 1.09618521
9481, 35861455, 35861980, 1.34278202, 1.32619953, -0.52381134, 1.21157312
9482, 35862455, 35862978, 1.34623170, 1.32658100, -0.39682770, 1.21157312
9483, 35863455, 35863976, 1.34971666, 1.32658100, -0.26984406, 1.09618521
9484, 35864455, 35864976, 1.35323501, 1.32696247, -0.17460632, 1.09618521
9485, 35865455, 35865977, 1.35678530, 1.32696247, -0.04762268, 1.09618521
9486, 35866455, 35866977, 1.36036706, 1.32734394, 0.01587677, 1.09618521
9487, 35867455, 35867975, 1.36397874, 1.32772541, 0.11111450, 0.98079723
9488, 35868455, 35868977, 1.36762214, 1.32848835, 0.20635223, 0.98079723
9489, 35869455, 35869975, 1.37129939, 1.32925129, 0.30158997, 0.86540931
9490, 35870455, 35870975, 1.37501156, 1.33001423, 0.39682770, 0.75002146
9491, 35871455, 35871976, 1.37876046, 1.33039570, 0.46031952, 0.98079723
9492, 35872455, 35872986, 1.38254917, 1.33154011, 0.52381134, 1.21157312
9493, 35873455, 35873984, 1.38637924, 1.33230305, 0.58730316, 1.09618521
9494, 35874455, 35874986, 1.39025223, 1.33306599, 0.68254089, 0.98079723
9495, 35875455, 35875974, 1.39416969, 1.33459187, 0.74603271, 0.98079723
9496, 35876455, 35876972, 1.39813280, 1.33573627, 0.84127045, 0.86540931
9497, 35877455, 35877972, 1.40214026, 1.33688068, 0.90476227, 1.21157312
9498, 35878455, 35878989, 1.40618980, 1.33840656, 0.96825409, 1.21157312
9499, 35879455, 35879987, 1.41027856, 1.33955097, 1.03174591, 1.44234896
9500, 35880455, 35880971, 1.41440237, 1.34107685, 1.15872955, 1.21157312
9501, 35881455, 35881987, 1.41855657, 1.34260273, 1.22222137, 1.09618521
9502, 35882455, 35882971, 1.42273772, 1.34412956, 1.28571320, 1.21157312
9503, 35883455, 35883985, 1.42694128, 1.34565544, 1.38095093, 1.09618521
9504, 35884455, 35884982, 1.43116271, 1.34794426, 1.44444275, 1.21157312
9505, 35885455, 35885990, 1.43539882, 1.34947014, 1.50793457, 1.21157312
9506, 35886455, 35886990, 1.43964624, 1.35137749, 1.60317230, 1.67312467
9507, 35887455, 35887986, 1.44390166, 1.35328484, 1.66666412, 1.32696104
9508, 35888455, 35888982, 1.44816279, 1.35519218, 1.69841003, 1.44234896
9509, 35889455, 35889985, 1.45242774, 1.35709953, 1.79364777, 1.32696104
9510, 35890455, 35890983, 1.45669413, 1.35976982, 1.85713959, 1.09618521
9511, 35891455, 35891989, 1.46096087, 1.36167717, 1.92063141, 0.98079723
9512, 35892455, 35892987, 1.46522701, 1.36396599, 1.98412323, 0.86540931
9513, 35893455, 35893987, 1.46949053, 1.36663628, 2.04762268, 0.98079723
9514, 35894455, 35894982, 1.47375023, 1.36892509, 2.14286041, 0.86540931
9515, 35895455, 35895984, 1.47800386, 1.37159538, 2.20635223, 1.21157312
9516, 35896455, 35896984, 1.48224902, 1.37388420, 2.26984406, 1.09618521
9517, 35897455, 35897982, 1.48648274, 1.37655449, 2.33333588, 0.98079723
9518, 35898455, 35898984, 1.49070275, 1.37922478, 2.39682770, 0.63463354
9519, 35899455, 35899982, 1.49490786, 1.38189507, 2.49206543, 0.86540931
9520, 35900455, 35900979, 1.49909854, 1.38494682, 2.55555725, 0.98079723
9521, 35901455, 35901981, 1.50327551, 1.38761711, 2.58730316, 1.09618521
9522, 35902455, 35902981, 1.50743997, 1.39066887, 2.65079498, 0.75002146
9523, 35903455, 35903985, 1.51159358, 1.39333916, 2.71428680, 0.86540931
9524, 35904455, 35904983, 1.51573610, 1.39639091, 2.74603271, 0.28846979
9525, 35905455, 35905979, 1.51986742, 1.39906120, 2.77777863, 0.51924562
9526, 35906455, 35906980, 1.52398837, 1.40211296, 2.84127045, 0.86540931
9527, 35907455, 35907982, 1.52809978, 1.40554619, 2.87301636, 0.75002146
9528, 35908455, 35908982, 1.53220284, 1.40859890, 2.90476227, 0.86540931
9529, 35909455, 35909980, 1.53629744, 1.41165066, 2.93650818, 0.63463354
9530, 35910455, 35910980, 1.54038382, 1.41470242, 2.96825409, 1.21157312
9531, 35911455, 35911978, 1.54446304, 1.41775417, 3.00000000, 0.63463354
9532, 35912455, 35912978, 1.54853666, 1.42118740, 3.03174591, 1.21157312
9533, 35913455, 35913981, 1.55260563, 1.42423916, 3.06349182, 0.75002146
9534, 35914455, 35914979, 1.55666971, 1.42767239, 3.12698364, 0.63463354
9535, 35915455, 35915985, 1.56072867, 1.43072414, 3.12698364, 0.28846979
9536, 35916455, 35916979, 1.56478238, 1.43377590, 3.15872955, 0.63463354
9537, 35917455, 35917977, 1.56883037, 1.43720913, 3.19047546, 0.75002146
9538, 35918455, 35918979, 1.57287121, 1.44064236, 3.22222137, 0.75002146
9539, 35919455, 35919986, 1.57690346, 1.44407558, 3.22222137, 0.86540931
9540, 35920455, 35920978, 1.58092666, 1.44750881, 3.25396729, 0.86540931
9541, 35921455, 35921982, 1.58493912, 1.45094204, 3.28571320, 0.75002146
9542, 35922455, 35922978, 1.58893859, 1.45437527, 3.28571320, 1.09618521
9543, 35923455, 35923976, 1.59292257, 1.45780849, 3.34920502, 0.63463354
9544, 35924455, 35924976, 1.59689009, 1.46124172, 3.38095093, 0.63463354
9545, 35925455, 35925983, 1.60083878, 1.46505642, 3.38095093, 0.75002146
9546, 35926455, 35926983, 1.60476637, 1.46848965, 3.44444275, 0.75002146
9547, 35927455, 35927981, 1.60867083, 1.47192383, 3.47618866, 0.51924562
9548, 35928455, 35928981, 1.61255026, 1.47535706, 3.50793457, 0.63463354
9549, 35929455, 35929987, 1.61640191, 1.47879028, 3.50793457, 0.75002146
9550, 35930455, 35930985, 1.62022161, 1.48298645, 3.53968048, 0.98079723
9551, 35931455, 35931990, 1.62400663, 1.48641968, 3.53968048, 0.51924562
9552, 35932455, 35932984, 1.62775540, 1.49023438, 3.57142639, 0.40385768
9553, 35933455, 35933984, 1.63146520, 1.49366760, 3.57142639, 0.28846979
9554, 35934455, 35934978, 1.63513279, 1.49710083, 3.57142639, 0.51924562
9555, 35935455, 35935984, 1.63875544, 1.50091553, 3.60317230, 0.40385768
9556, 35936455, 35936991, 1.64233088, 1.50473022, 3.60317230, 0.63463354
9557, 35937455, 35937983, 1.64585674, 1.50816345, 3.60317230, 0.63463354
9558, 35938455, 35938985, 1.64933074, 1.51159668, 3.60317230, 0.40385768
9559, 35939455, 35939977, 1.65275049, 1.51541138, 3.60317230, 0.40385768
9560, 35940455, 35940991, 1.65611434, 1.51922607, 3.57142639, 0.40385768
9561, 35941455, 35941984, 1.65942013, 1.52265930, 3.60317230, 0.28846979
9562, 35942455, 35942986, 1.66266751, 1.52609253, 3.60317230, 0.17308187
9563, 35943455, 35943982, 1.66585624, 1.52990723, 3.63491821, 0.28846979
9564, 35944455, 35944992, 1.66898525, 1.53372288, 3.60317230, 0.17308187
9565, 35945455, 35945982, 1.67205393, 1.53715611, 3.63491821, 0.28846979
9566, 35946455, 35946982, 1.67506194, 1.54097080, 3.63491821, 0.28846979
9567, 35947455, 35947981, 1.67800820, 1.54440403, 3.60317230, 0.40385768
9568, 35948455, 35948983, 1.68089235, 1.54821873, 3.63491821, 0.63463354
9569, 35949455, 35949985, 1.68371332, 1.55203342, 3.63491821, 0.63463354
9570, 35950455, 35950987, 1.68646932, 1.55546665, 3.60317230, 0.17308187
9571, 35951455, 35951991, 1.68915868, 1.55928135, 3.60317230, 0.28846979
9572, 35952455, 35952983, 1.69178057, 1.56271458, 3.63491821, 0.28846979
9573, 35953455, 35953988, 1.69433403, 1.56652927, 3.60317230, 0.28846979
9574, 35954455, 35954982, 1.69681704, 1.56996250, 3.60317230, 0.40385768
9575, 35955455, 35955982, 1.69922972, 1.57339573, 3.60317230, 0.17308187
9576, 35956455, 35956976, 1.70157099, 1.57682896, 3.57142639, 0.40385768
9577, 35957455, 35957988, 1.70383930, 1.58064365, 3.53968048, 0.51924562
9578, 35958455, 35958989, 1.70603442, 1.58407688, 3.53968048, 0.40385768
9579, 35959455, 35959983, 1.70815492, 1.58751011, 3.50793457, 0.17308187
9580, 35960455, 35960983, 1.71019876, 1.59056187, 3.47618866, 0.17308187
9581, 35961455, 35961977, 1.71216440, 1.59399605, 3.44444275, -0.05769395
9582, 35962455, 35962985, 1.71405101, 1.59742928, 3.44444275, -0.05769395
9583, 35963455, 35963981, 1.71585703, 1.60086250, 3.41269684, 0.17308187
9584, 35964455, 35964980, 1.71758175, 1.60429573, 3.41269684, 0.17308187
9585, 35965455, 35965984, 1.71922410, 1.60772896, 3.38095093, 0.28846979
9586, 35966455, 35966986, 1.72078395, 1.61078072, 3.38095093, 0.17308187
9587, 35967455, 35967986, 1.72226095, 1.61421394, 3.38095093, -0.05769395
9588, 35968455, 35968982, 1.72365391, 1.61764717, 3.34920502, 0.28846979
9589, 35969455, 35969983, 1.72496200, 1.62069893, 3.31745911, -0.17308187
9590, 35970455, 35970987, 1.72618473, 1.62375069, 3.31745911, -0.05769395
9591, 35971455, 35971979, 1.72732186, 1.62718391, 3.28571320, -0.05769395
9592, 35972455, 35972983, 1.72837353, 1.63023567, 3.22222137, -0.05769395
9593, 35973455, 35973981, 1.72933793, 1.63290596, 3.19047546, -0.51924562
9594, 35974455, 35974983, 1.73021412, 1.63595772, 3.15872955, -0.05769395
9595, 35975455, 35975980, 1.73100126, 1.63900948, 3.09523773, -0.17308187
9596, 35976455, 35976986, 1.73169839, 1.64167976, 3.06349182, 0.05769395
9597, 35977455, 35977984, 1.73230600, 1.64473152, 3.03174591, 0.17308187
9598, 35978455, 35978982, 1.73282373, 1.64740181, 2.93650818, 0.05769395
9599, 35979455, 35979980, 1.73325145, 1.65007210, 2.90476227, 0.17308187
9600, 35980455, 35980978, 1.73358846, 1.65274239, 2.84127045, 0.28846979
9601, 35981455, 35981981, 1.73383439, 1.65541267, 2.80952454, -0.05769395
9602, 35982455, 35982985, 1.73398912, 1.65808392, 2.74603271, -0.17308187
9603, 35983455, 35983985, 1.73405242, 1.66075420, 2.71428680, -0.17308187
9604, 35984455, 35984981, 1.73402405, 1.66304302, 2.65079498, -0.28846979
9605, 35985455, 35985981, 1.73390377, 1.66533184, 2.58730316, -0.63463354
9606, 35986455, 35986984, 1.73369169, 1.66762066, 2.55555725, -0.40385768
9607, 35987455, 35987982, 1.73338699, 1.66990948, 2.52381134, -0.28846979
9608, 35988455, 35988984, 1.73298860, 1.67257977, 2.46031952, -0.17308187
9609, 35989455, 35989980, 1.73249614, 1.67448711, 2.39682770, 0.05769395
9610, 35990455, 35990980, 1.73190868, 1.67715740, 2.36508179, 0.17308187
9611, 35991455, 35991978, 1.73122609, 1.67906475, 2.30158997, -0.05769395
9612, 35992455, 35992979, 1.73044848, 1.68097210, 2.26984406, 0.40385768
9613, 35993455, 35993981, 1.72957480, 1.68287945, 2.20635223, -0.05769395
9614, 35994455, 35994981, 1.72860408, 1.68478680, 2.14286041, -0.05769395
9615, 35995455, 35995977, 1.72753596, 1.68669415, 2.11111450, -0.40385768
9616, 35996455, 35996979, 1.72637057, 1.68860149, 2.20635223, -0.17308187
9617, 35997455, 35997981, 1.72510707, 1.69012737, 2.04762268, -0.17308187
9618, 35998455, 35998982, 1.72374439, 1.69203472, 1.95237732, -0.28846979
9619, 35999455, 35999980, 1.72228253, 1.69356060, 1.85713959, -0.51924562
9620, 36000455, 36000992, 1.72072124, 1.69508648, 1.79364777, -0.40385768
9621, 36001455, 36001978, 1.71906114, 1.69623089, 1.73015594, -0.28846979
9622, 36002455, 36002980, 1.71730232, 1.69775677, 1.66666412, -0.40385768
9623, 36003455, 36003981, 1.71544433, 1.69890118, 1.57142639, -0.75002146
9624, 36004455, 36004979, 1.71348703, 1.70004559, 1.31745911, -0.40385768
9625, 36005455, 36005977, 1.71143210, 1.70080853, 1.34920502, -0.28846979
9626, 36006455, 36006977, 1.70928144, 1.70195293, 1.28571320, -0.40385768
9627, 36007455, 36007977, 1.70703590, 1.70309734, 1.22222137, -0.86540931
9628, 36008455, 36008978, 1.70469701, 1.70347881, 1.12698364, -0.51924562
9629, 36009455, 36009978, 1.70226681, 1.70424175, 1.03174591, -0.75002146
9630, 36010455, 36010976, 1.69974709, 1.70500469, 0.93650818, -0.40385768
9631, 36011455, 36011976, 1.69713962, 1.70538616, 0.84127045, -0.63463354
9632, 36012455, 36012978, 1.69444585, 1.70614910, 0.74603271, -0.40385768
9633, 36013455, 36013976, 1.69166875, 1.70653057, 0.68254089, -0.40385768
9634, 36014455, 36014986, 1.68881083, 1.70691204, 0.58730316, -0.40385768
9635, 36015455, 36015979, 1.68587542, 1.70691204, 0.52381134, -0.28846979
9636, 36016455, 36016975, 1.68286550, 1.70691204, 0.42857361, -0.40385768
9637, 36017455, 36017975, 1.67978442, 1.70691204, 0.36508179, -0.40385768
9638, 36018455, 36018975, 1.67663586, 1.70691204, 0.26984406, -0.28846979
9639, 36019455, 36019973, 1.67342436, 1.70691204, 0.20635223, -0.63463354
9640, 36020455, 36020973, 1.67015386, 1.70691204, 0.14286041, -0.40385768
9641, 36021455, 36021976, 1.66682827, 1.70653057, 0.01587677, -0.40385768
9642, 36022455, 36022976, 1.66345096, 1.70614910, -0.01587677, -0.40385768
9643, 36023455, 36023984, 1.66002655, 1.70576763, -0.11111450, -0.40385768
9644, 36024455, 36024988, 1.65655851, 1.70500469, -0.17460632, -0.75002146
9645, 36025455, 36025972, 1.65305078, 1.70462322, -0.26984406, -0.75002146
9646, 36026455, 36026972, 1.64950776, 1.70386028, -0.36508179, -0.51924562
9647, 36027455, 36027973, 1.64593363, 1.70309734, -0.42857361, -0.63463354
9648, 36028455, 36028985, 1.64233267, 1.70233440, -0.52381134, -0.40385768
9649, 36029455, 36029983, 1.63870835, 1.70118999, -0.58730316, -0.51924562
9650, 36030455, 36030985, 1.63506508, 1.70042706, -0.68254089, -0.75002146
9651, 36031455, 36031983, 1.63140643, 1.69890118, -0.77777863, -0.75002146
9652, 36032455, 36032981, 1.62773669, 1.69813824, -0.87301636, -1.09618521
9653, 36033455, 36033972, 1.62406063, 1.69661236, -0.93650818, -0.75002146
9654, 36034455, 36034986, 1.62038088, 1.69546795, -1.03174591, -0.75002146
9655, 36035455, 36035986, 1.61670005, 1.69394207, -1.09523773, -0.75002146
9656, 36036455, 36036986, 1.61302102, 1.69241619, -1.19047546, -0.75002146
9657, 36037455, 36037986, 1.60934770, 1.69089031, -1.25396729, -0.86540931
9658, 36038455, 36038981, 1.60568190, 1.68898296, -1.34920502, -0.75002146
9659, 36039455, 36039981, 1.60202634, 1.68745708, -1.41269684, -0.40385768
9660, 36040455, 36040983, 1.59838378, 1.68593121, -1.47618866, -0.51924562
9661, 36041455, 36041987, 1.59475636, 1.68364239, -1.57143021, -0.63463354
9662, 36042455, 36042983, 1.59114599, 1.68211651, -1.66666794, -0.40385768
9663, 36043455, 36043988, 1.58755350, 1.67982769, -1.76190567, -0.40385768
9664, 36044455, 36044990, 1.58398056, 1.67792034, -1.79365158, -0.05769395
9665, 36045455, 36045984, 1.58042896, 1.67563152, -1.88888931, -0.17308187
9666, 36046455, 36046986, 1.57689786, 1.67334270, -1.92063522, -0.28846979
9667, 36047455, 36047990, 1.57338822, 1.67105389, -2.01587296, -0.28846979
9668, 36048455, 36048986, 1.56990027, 1.66876507, -2.07936478, -0.40385768
9669, 36049455, 36049983, 1.56643391, 1.66647625, -2.14285660, -0.40385768
9670, 36050455, 36050985, 1.56298769, 1.66418743, -2.17460251, -0.63463354
9671, 36051455, 36051987, 1.55956042, 1.66189861, -2.20634842, -0.40385768
9672, 36052455, 36052989, 1.55615032, 1.65960979, -2.23809433, -0.28846979
9673, 36053455, 36053987, 1.55275738, 1.65732098, -2.30158615, -0.28846979
9674, 36054455, 36054985, 1.54937935, 1.65426826, -2.36507797, 0.17308187
9675, 36055455, 36055988, 1.54601443, 1.65159798, -2.39682388, 0.05769395
9676, 36056455, 36056988, 1.54265964, 1.64930916, -2.46031570, -0.17308187
9677, 36057455, 36057986, 1.53931296, 1.64663887, -2.49206161, -0.05769395
9678, 36058455, 36058988, 1.53597128, 1.64396858, -2.55555725, 0.05769395
9679, 36059455, 36059984, 1.53263187, 1.64129829, -2.58730316, -0.05769395
9680, 36060455, 36060989, 1.52929080, 1.63824654, -2.65079498, 0.05769395
9681, 36061455, 36061989, 1.52594483, 1.63557625, -2.68254089, -0.17308187
9682, 36062455, 36062985, 1.52259016, 1.63290596, -2.68254089, -0.17308187
9683, 36063455, 36063985, 1.51922321, 1.62985420, -2.74603271, -0.28846979
9684, 36064455, 36064989, 1.51584029, 1.62718391, -2.77777863, -0.28846979
9685, 36065455, 36065985, 1.51243794, 1.62413216, -2.77777863, 0.05769395
9686, 36066455, 36066990, 1.50901246, 1.62146187, -2.80952454, 0.17308187
9687, 36067455, 36067990, 1.50556087, 1.61841011, -2.84127045, -0.40385768
9688, 36068455, 36068990, 1.50207949, 1.61535835, -2.87301636, 0.05769395
9689, 36069455, 36069992, 1.49856412, 1.61230659, -2.93650818, -0.05769395
9690, 36070455, 36070982, 1.49501193, 1.60925484, -2.96825409, 0.17308187
9691, 36071455, 36071989, 1.49141932, 1.60620308, -2.96825409, -0.05769395
9692, 36072455, 36072991, 1.48778498, 1.60315132, -3.00000000, -0.17308187
9693, 36073455, 36073985, 1.48410618, 1.60009956, -3.06349182, 0.05769395
9694, 36074455, 36074991, 1.48037958, 1.59704781, -3.06349182, -0.17308187
9695, 36075455, 36075989, 1.47660327, 1.59361362, -3.09523773, -0.05769395
9696, 36076455, 36076987, 1.47277546, 1.59056187, -3.12698364, 0.05769395
9697, 36077455, 36077986, 1.46889436, 1.58751011, -3.12698364, -0.05769395
9698, 36078455, 36078992, 1.46495819, 1.58407688, -3.15872955, -0.17308187
9699, 36079455, 36079990, 1.46096480, 1.58064365, -3.15872955, -0.05769395
9700, 36080455, 36080986, 1.45691228, 1.57759190, -3.19047546, 0.05769395
9701, 36081455, 36081988, 1.45279944, 1.57415867, -3.22222137, -0.05769395
9702, 36082455, 36082986, 1.44862616, 1.57072544, -3.25396729, 0.05769395
9703, 36083455, 36083987, 1.44439292, 1.56729221, -3.25396729, -0.40385768
9704, 36084455, 36084987, 1.44009829, 1.56424046, -3.25396729, -0.05769395
9705, 36085455, 36085985, 1.43574321, 1.56118870, -3.28571320, -0.05769395
9706, 36086455, 36086975, 1.43132842, 1.55775547, -3.28571320, -0.17308187
9707, 36087455, 36087981, 1.42685413, 1.55394077, -3.31745911, 0.17308187
9708, 36088455, 36088984, 1.42232037, 1.55050755, -3.34920502, -0.05769395
9709, 36089455, 36089982, 1.41772938, 1.54745579, -3.38095093, 0.05769395
9710, 36090455, 36090982, 1.41308284, 1.54402256, -3.38095093, 0.05769395
9711, 36091455, 36091982, 1.40838242, 1.54058933, -3.41269684, 0.05769395
9712, 36092455, 36092978, 1.40362954, 1.53715611, -3.41269684, 0.05769395
9713, 36093455, 36093980, 1.39882588, 1.53372288, -3.44444275, 0.17308187
9714, 36094455, 36094983, 1.39397407, 1.52990723, -3.41269684, 0.05769395
9715, 36095455, 36095979, 1.38907492, 1.52647400, -3.47618866, 0.05769395
9716, 36096455, 36096987, 1.38413143, 1.52265930, -3.44444275, 0.17308187
9717, 36097455, 36097985, 1.37914658, 1.51922607, -3.44444275, -0.05769395
9718, 36098455, 36098981, 1.37412345, 1.51579285, -3.47618866, -0.05769395
9719, 36099455, 36099983, 1.36906505, 1.51274109, -3.50793839, -0.05769395
9720, 36100455, 36100986, 1.36397350, 1.50892639, -3.50793839, 0.05769395
9721, 36101455, 36101980, 1.35885286, 1.50549316, -3.50793839, 0.05769395
9722, 36102455, 36102988, 1.35370624, 1.50167847, -3.53968430, -0.05769395
9723, 36103455, 36103984, 1.34853613, 1.49824524, -3.53968430, -0.05769395
9724, 36104455, 36104986, 1.34334576, 1.49443054, -3.53968430, 0.05769395
9725, 36105455, 36105979, 1.33814061, 1.49099731, -3.57143021, 0.17308187
9726, 36106455, 36106975, 1.33292449, 1.48756409, -3.53968430, 0.28846979
9727, 36107455, 36107991, 1.32770216, 1.48374939, -3.57143021, 0.17308187
9728, 36108455, 36108985, 1.32248139, 1.47993469, -3.60317612, -0.05769395
9729, 36109455, 36109989, 1.31727064, 1.47612000, -3.63492203, 0.05769395
9730, 36110455, 36110977, 1.31207895, 1.47268677, -3.66666794, 0.05769395
9731, 36111455, 36111984, 1.30691743, 1.46887207, -3.66666794, -0.05769395
9732, 36112455, 36112984, 1.30179894, 1.46543789, -3.66666794, -0.05769395
9733, 36113455, 36113986, 1.29673910, 1.46162319, -3.69841385, -0.17308187
9734, 36114455, 36114986, 1.29175413, 1.45780849, -3.69841385, 0.05769395
9735, 36115455, 36115980, 1.28686321, 1.45399380, -3.69841385, 0.28846979
9736, 36116455, 36116985, 1.28208494, 1.45017910, -3.73015976, 0.17308187
9737, 36117455, 36117983, 1.27744329, 1.44674587, -3.69841385, -0.05769395
9738, 36118455, 36118983, 1.27296102, 1.44293118, -3.73015976, 0.05769395
9739, 36119455, 36119985, 1.26866305, 1.43911648, -3.73015976, 0.17308187
9740, 36120455, 36120977, 1.26457536, 1.43530178, -3.76190567, -0.40385768
9741, 36121455, 36121987, 1.26072693, 1.43148708, -3.79365158, 0.05769395
9742, 36122455, 36122984, 1.25714767, 1.42767239, -3.79365158, 0.05769395
9743, 36123455, 36123984, 1.25386298, 1.42385769, -3.79365158, 0.05769395
9744, 36124455, 36124982, 1.25090110, 1.42004299, -3.79365158, 0.40385768
9745, 36125455, 36125988, 1.24828911, 1.41584682, -3.82539749, 0.05769395
9746, 36126455, 36126982, 1.24605823, 1.41203213, -3.82539749, -0.05769395
9747, 36127455, 36127982, 1.24424231, 1.40821743, -3.85714340, 0.05769395
9748, 36128455, 36128979, 1.24287593, 1.40440178, -3.88888931, 0.28846979
9749, 36129455, 36129985, 1.24199498, 1.40020561, -3.88888931, -0.17308187
9750, 36130455, 36130983, 1.24163926, 1.39639091, -3.88888931, -0.05769395
9751, 36131455, 36131985, 1.24184430, 1.39219475, -3.92063522, 0.05769395
9752, 36132455, 36132981, 1.24264038, 1.38876152, -3.95238113, 0.28846979
9753, 36133455, 36133984, 1.24403858, 1.38456535, -3.95238113, 0.28846979
9754, 36134455, 36134984, 1.24602437, 1.38036919, -3.98412704, -0.05769395
9755, 36135455, 36135982, 1.24854434, 1.37655449, -3.95238113, 0.40385768
9756, 36136455, 36136982, 1.25152230, 1.37273979, -3.98412704, 0.63463354
9757, 36137455, 36137982, 1.25485563, 1.36892509, -3.95238113, 0.51924562
9758, 36138455, 36138980, 1.25845027, 1.36511040, -3.92063522, 0.86540931
9759, 36139455, 36139977, 1.26221621, 1.36129570, -3.92063522, 0.86540931
9760, 36140455, 36140981, 1.26608682, 1.35748100, -3.88888931, 1.55773675
9761, 36141455, 36141979, 1.27000594, 1.35404778, -3.82539749, 1.90390050
9762, 36142455, 36142981, 1.27393389, 1.35099602, -3.79365158, 1.67312467
9763, 36143455, 36143977, 1.27784324, 1.34756279, -3.69841385, 1.67312467
9764, 36144455, 36144979, 1.28171575, 1.34451103, -3.60317612, 1.55773675
9765, 36145455, 36145980, 1.28553987, 1.34183979, -3.50793839, 2.01928854
9766, 36146455, 36146978, 1.28931034, 1.33878803, -3.38095093, 1.90390050
9767, 36147455, 36147976, 1.29302752, 1.33611774, -3.22222137, 2.13467646
9768, 36148455, 36148978, 1.29669690, 1.33382893, -3.06349182, 1.67312467
9769, 36149455, 36149978, 1.30032623, 1.33192158, -2.93650818, 1.78851259
9770, 36150455, 36150977, 1.30392718, 1.33001423, -2.71428680, 1.55773675
9771, 36151455, 36151979, 1.30751026, 1.32810688, -2.55555725, 1.67312467
9772, 36152455, 36152977, 1.31108785, 1.32658100, -2.39682388, 2.01928854
9773, 36153455, 36153977, 1.31467283, 1.32505512, -2.20634842, 1.90390050
9774, 36154455, 36154977, 1.31827712, 1.32391071, -2.04761887, 2.25006437
9775, 36155455, 36155977, 1.32191205, 1.32238483, -1.85714340, 2.01928854
9776, 36156455, 36156976, 1.32558703, 1.32124043, -1.69841385, 2.01928854
9777, 36157455, 36157978, 1.32931066, 1.32047749, -1.53968430, 2.25006437
9778, 36158455, 36158976, 1.33308864, 1.32009602, -1.38095093, 1.78851259
9779, 36159455, 36159978, 1.33692300, 1.31933308, -1.22222137, 1.32696104
9780, 36160455, 36160980, 1.34081519, 1.31895161, -1.06349182, 1.44234896
9781, 36161455, 36161981, 1.34476292, 1.31857014, -0.90476227, 1.32696104
9782, 36162455, 36162977, 1.34876275, 1.31818867, -0.74603271, 1.21157312
9783, 36163455, 36163979, 1.35281193, 1.31818867, -0.61904907, 1.32696104
9784, 36164455, 36164977, 1.35690522, 1.31818867, -0.49206543, 1.32696104
9785, 36165455, 36165979, 1.36103809, 1.31857014, -0.33333588, 1.32696104
9786, 36166455, 36166975, 1.36520433, 1.31895161, -0.20635223, 1.90390050
9787, 36167455, 36167978, 1.36939800, 1.31933308, -0.11111450, 1.55773675
9788, 36168455, 36168978, 1.37361348, 1.31971455, 0.01587677, 2.13467646
9789, 36169455, 36169974, 1.37784612, 1.32047749, 0.11111450, 1.55773675
9790, 36170455, 36170976, 1.38209176, 1.32085896, 0.23809814, 1.67312467
9791, 36171455, 36171976, 1.38634610, 1.32162189, 0.36508179, 1.67312467
9792, 36172455, 36172984, 1.39060605, 1.32276630, 0.46031952, 1.67312467
9793, 36173455, 36173977, 1.39487076, 1.32391071, 0.55555725, 1.67312467
9794, 36174455, 36174977, 1.39913690, 1.32467365, 0.65079498, 1.44234896
9795, 36175455, 36175985, 1.40340483, 1.32619953, 0.74603271, 1.44234896
9796, 36176455, 36176985, 1.40767574, 1.32734394, 0.87301636, 1.44234896
9797, 36177455, 36177973, 1.41195202, 1.32886982, 0.96825409, 1.21157312
9798, 36178455, 36178974, 1.41623569, 1.33001423, 1.06349182, 1.09618521
9799, 36179455, 36179984, 1.42052853, 1.33192158, 1.15872955, 1.09618521
9800, 36180455, 36180992, 1.42483354, 1.33344746, 1.25396729, 1.44234896
9801, 36181455, 36181982, 1.42915404, 1.33535480, 1.34920502, 1.32696104
9802, 36182455, 36182986, 1.43349338, 1.33726215, 1.44444275, 1.44234896
9803, 36183455, 36183986, 1.43785262, 1.33916950, 1.57142639, 1.44234896
9804, 36184455, 36184985, 1.44223368, 1.34145832, 1.66666412, 1.44234896
9805, 36185455, 36185983, 1.44663692, 1.34336567, 1.76190186, 1.32696104
9806, 36186455, 36186969, 1.45106161, 1.34527397, 1.85713959, 1.21157312
9807, 36187455, 36187985, 1.45550740, 1.34794426, 1.92063141, 0.98079723
9808, 36188455, 36188987, 1.45997298, 1.35023308, 2.01587677, 1.21157312
9809, 36189455, 36189984, 1.46445656, 1.35290337, 2.11111450, 1.67312467
9810, 36190455, 36190986, 1.46895611, 1.35519218, 2.17460632, 1.32696104
9811, 36191455, 36191982, 1.47346973, 1.35786247, 2.26984406, 1.32696104
9812, 36192455, 36192984, 1.47799516, 1.36053276, 2.33333588, 1.09618521
9813, 36193455, 36193980, 1.48253000, 1.36358452, 2.39682770, 0.75002146
9814, 36194455, 36194986, 1.48707008, 1.36625481, 2.52381134, 0.98079723
9815, 36195455, 36195983, 1.49161327, 1.36930656, 2.58730316, 1.32696104
9816, 36196455, 36196983, 1.49615586, 1.37197685, 2.65079498, 1.32696104
9817, 36197455, 36197983, 1.50069630, 1.37502861, 2.71428680, 0.98079723
9818, 36198455, 36198981, 1.50523210, 1.37808037, 2.77777863, 0.86540931
9819, 36199455, 36199981, 1.50975978, 1.38113213, 2.80952454, 0.75002146
9820, 36200455, 36200983, 1.51427603, 1.38418388, 2.90476227, 1.09618521
9821, 36201455, 36201982, 1.51877880, 1.38723564, 2.96825409, 1.09618521
9822, 36202455, 36202980, 1.52326620, 1.39066887, 3.00000000, 0.98079723
9823, 36203455, 36203982, 1.52773762, 1.39372063, 3.06349182, 0.98079723
9824, 36204455, 36204984, 1.53219199, 1.39715385, 3.09523773, 0.40385768
9825, 36205455, 36205976, 1.53662777, 1.40058708, 3.12698364, 0.51924562
9826, 36206455, 36206983, 1.54104495, 1.40402031, 3.19047546, 1.09618521
9827, 36207455, 36207977, 1.54544210, 1.40745449, 3.25396729, 0.86540931
9828, 36208455, 36208981, 1.54981959, 1.41088772, 3.28571320, 0.51924562
9829, 36209455, 36209979, 1.55417883, 1.41432095, 3.31745911, 0.51924562
9830, 36210455, 36210979, 1.55851984, 1.41775417, 3.34920502, 0.63463354
9831, 36211455, 36211979, 1.56284177, 1.42156887, 3.38095093, 0.63463354
9832, 36212455, 36212982, 1.56714344, 1.42462063, 3.44444275, 0.86540931
9833, 36213455, 36213980, 1.57142305, 1.42843533, 3.47618866, 0.51924562
9834, 36214455, 36214978, 1.57567871, 1.43225002, 3.50793457, 0.75002146
9835, 36215455, 36215980, 1.57990968, 1.43606472, 3.53968048, 0.63463354
9836, 36216455, 36216978, 1.58411503, 1.43949795, 3.53968048, 0.86540931
9837, 36217455, 36217978, 1.58829367, 1.44331264, 3.57142639, 0.98079723
9838, 36218455, 36218979, 1.59244478, 1.44674587, 3.60317230, 0.98079723
9839, 36219455, 36219977, 1.59656727, 1.45056057, 3.63491821, 0.63463354
9840, 36220455, 36220977, 1.60066032, 1.45437527, 3.63491821, 0.63463354
9841, 36221455, 36221983, 1.60472393, 1.45818996, 3.69841003, 0.51924562
9842, 36222455, 36222979, 1.60875905, 1.46238613, 3.69841003, 0.28846979
9843, 36223455, 36223982, 1.61276495, 1.46581936, 3.73015594, 0.51924562
9844, 36224455, 36224984, 1.61674082, 1.46963501, 3.76190186, 0.75002146
9845, 36225455, 36225982, 1.62068760, 1.47344971, 3.79364777, 0.40385768
9846, 36226455, 36226980, 1.62460661, 1.47764587, 3.79364777, 0.63463354
9847, 36227455, 36227988, 1.62849867, 1.48146057, 3.82539368, 0.75002146
9848, 36228455, 36228981, 1.63236380, 1.48527527, 3.85713959, 0.63463354
9849, 36229455, 36229989, 1.63620150, 1.48947144, 3.85713959, 0.40385768
9850, 36230455, 36230981, 1.64001167, 1.49328613, 3.85713959, 0.40385768
9851, 36231455, 36231987, 1.64379537, 1.49710083, 3.88888550, 0.51924562
9852, 36232455, 36232987, 1.64755285, 1.50091553, 3.88888550, 0.40385768
9853, 36233455, 36233981, 1.65128613, 1.50511169, 3.88888550, 0.51924562
9854, 36234455, 36234986, 1.65499687, 1.50892639, 3.88888550, 0.51924562
9855, 36235455, 36235988, 1.65868449, 1.51274109, 3.92063141, 0.63463354
9856, 36236455, 36236986, 1.66234946, 1.51655579, 3.88888550, 0.40385768
9857, 36237455, 36237992, 1.66599298, 1.52075195, 3.88888550, 0.51924562
9858, 36238455, 36238978, 1.66961396, 1.52456665, 3.92063141, 0.40385768
9859, 36239455, 36239980, 1.67321122, 1.52876282, 3.92063141, 0.28846979
9860, 36240455, 36240989, 1.67678595, 1.53257847, 3.92063141, 0.05769395
9861, 36241455, 36241983, 1.68033695, 1.53639317, 3.88888550, 0.51924562
9862, 36242455, 36242985, 1.68386257, 1.54058933, 3.92063141, 0.40385768
9863, 36243455, 36243985, 1.68736255, 1.54402256, 3.88888550, 0.28846979
9864, 36244455, 36244989, 1.69083357, 1.54821873, 3.92063141, 0.28846979
9865, 36245455, 36245991, 1.69427395, 1.55203342, 3.88888550, 0.51924562
9866, 36246455, 36246984, 1.69768214, 1.55584812, 3.88888550, 0.28846979
9867, 36247455, 36247984, 1.70105529, 1.56004429, 3.88888550, 0.40385768
9868, 36248455, 36248980, 1.70439076, 1.56385899, 3.88888550, 0.17308187
9869, 36249455, 36249978, 1.70768702, 1.56729221, 3.88888550, 0.40385768
9870, 36250455, 36250982, 1.71094084, 1.57148838, 3.85713959, 0.28846979
9871, 36251455, 36251977, 1.71414971, 1.57492161, 3.85713959, 0.40385768
9872, 36252455, 36252977, 1.71731174, 1.57873631, 3.82539368, 0.28846979
9873, 36253455, 36253983, 1.72042513, 1.58293247, 3.82539368, 0.86540931
9874, 36254455, 36254983, 1.72348690, 1.58674717, 3.79364777, 0.40385768
9875, 36255455, 36255983, 1.72649610, 1.59056187, 3.76190186, 0.40385768
9876, 36256455, 36256978, 1.72945094, 1.59399605, 3.76190186, 0.17308187
9877, 36257455, 36257984, 1.73234951, 1.59742928, 3.76190186, 0.28846979
9878, 36258455, 36258978, 1.73519063, 1.60124397, 3.76190186, -0.05769395
9879, 36259455, 36259986, 1.73797345, 1.60505867, 3.73015594, 0.17308187
9880, 36260455, 36260986, 1.74069691, 1.60887337, 3.73015594, 0.17308187
9881, 36261455, 36261984, 1.74336028, 1.61268806, 3.73015594, 0.17308187
9882, 36262455, 36262985, 1.74596238, 1.61573982, 3.69841003, 0.17308187
9883, 36263455, 36263985, 1.74850285, 1.61993599, 3.69841003, 0.40385768
9884, 36264455, 36264985, 1.75098169, 1.62336922, 3.66666412, 0.28846979
9885, 36265455, 36265985, 1.75339890, 1.62680244, 3.66666412, 0.17308187
9886, 36266455, 36266981, 1.75575304, 1.63023567, 3.60317230, 0.28846979
9887, 36267455, 36267985, 1.75804317, 1.63405037, 3.57142639, 0.17308187
9888, 36268455, 36268982, 1.76026905, 1.63748360, 3.57142639, 0.28846979
9889, 36269455, 36269986, 1.76242924, 1.64091682, 3.53968048, 0.28846979
9890, 36270455, 36270986, 1.76452279, 1.64435005, 3.53968048, 0.17308187
9891, 36271455, 36271980, 1.76654887, 1.64740181, 3.44444275, 0.28846979
9892, 36272455, 36272980, 1.76850569, 1.65083504, 3.41269684, 0.05769395
9893, 36273455, 36273985, 1.77039325, 1.65426826, 3.38095093, 0.40385768
9894, 36274455, 36274987, 1.77221084, 1.65732098, 3.38095093, 0.17308187
9895, 36275455, 36275985, 1.77395868, 1.66075420, 3.41269684, -0.05769395
9896, 36276455, 36276987, 1.77563500, 1.66342449, 3.31745911, -0.17308187
9897, 36277455, 36277981, 1.77723861, 1.66647625, 3.25396729, -0.40385768
9898, 36278455, 36278983, 1.77876806, 1.66990948, 3.22222137, -0.17308187
9899, 36279455, 36279984, 1.78022254, 1.67334270, 3.22222137, 0.05769395
9900, 36280455, 36280984, 1.78160036, 1.67639446, 3.19047546, 0.05769395
9901, 36281455, 36281980, 1.78290057, 1.67944622, 3.15872955, 0.28846979
9902, 36282455, 36282982, 1.78412151, 1.68249798, 3.22222137, 0.17308187
9903, 36283455, 36283982, 1.78526306, 1.68516827, 3.03174591, 0.40385768
9904, 36284455, 36284986, 1.78632390, 1.68822002, 3.03174591, 0.17308187
9905, 36285455, 36285983, 1.78730369, 1.69089031, 3.03174591, 0.05769395
9906, 36286455, 36286983, 1.78820252, 1.69394207, 3.00000000, -0.05769395
9907, 36287455, 36287987, 1.78902078, 1.69661236, 2.93650818, -0.05769395
9908, 36288455, 36288981, 1.78975737, 1.69928265, 2.90476227, -0.17308187
9909, 36289455, 36289979, 1.79041243, 1.70195293, 2.84127045, -0.05769395
9910, 36290455, 36290979, 1.79098618, 1.70424175, 2.71428680, -0.17308187
9911, 36291455, 36291980, 1.79147792, 1.70691204, 2.71428680, -0.05769395
9912, 36292455, 36292982, 1.79188776, 1.70958233, 2.71428680, -0.05769395
9913, 36293455, 36293976, 1.79221439, 1.71225262, 2.65079498, 0.28846979
9914, 36294455, 36294982, 1.79245663, 1.71454144, 2.58730316, 0.05769395
9915, 36295455, 36295978, 1.79261422, 1.71683025, 2.55555725, 0.05769395
9916, 36296455, 36296979, 1.79268873, 1.71950150, 2.49206543, 0.17308187
9917, 36297455, 36297981, 1.79267931, 1.72140884, 2.46031952, -0.17308187
9918, 36298455, 36298979, 1.79258680, 1.72369766, 2.42857361, -0.05769395
9919, 36299455, 36299979, 1.79241145, 1.72560501, 2.36508179, -0.17308187
9920, 36300455, 36300977, 1.79215312, 1.72827530, 2.30158997, 0.05769395
9921, 36301455, 36301978, 1.79181325, 1.73018265, 2.23809814, 0.17308187
9922, 36302455, 36302978, 1.79139125, 1.73247147, 2.23809814, 0.05769395
9923, 36303455, 36303978, 1.79088688, 1.73399734, 2.17460632, -0.05769395
9924, 36304455, 36304976, 1.79030156, 1.73590469, 2.14286041, -0.40385768
9925, 36305455, 36305976, 1.78963566, 1.73819351, 2.07936859, -0.28846979
9926, 36306455, 36306980, 1.78889036, 1.73971939, 2.01587677, -0.17308187
9927, 36307455, 36307979, 1.78806579, 1.74162674, 1.95237732, -0.28846979
9928, 36308455, 36308991, 1.78716254, 1.74315262, 1.92063141, -0.17308187
9929, 36309455, 36309979, 1.78617990, 1.74505997, 1.88888550, -0.05769395
9930, 36310455, 36310977, 1.78511846, 1.74620438, 1.79364777, -0.17308187
9931, 36311455, 36311977, 1.78397977, 1.74811172, 1.76190186, 0.05769395
9932, 36312455, 36312977, 1.78276360, 1.74925613, 1.69841003, -0.05769395
9933, 36313455, 36313990, 1.78146958, 1.75078201, 1.60317230, -0.05769395
9934, 36314455, 36314976, 1.78009903, 1.75192642, 1.53968048, 0.05769395
9935, 36315455, 36315980, 1.77865183, 1.75345230, 1.50793457, 0.05769395
9936, 36316455, 36316976, 1.77712810, 1.75459671, 1.47618866, -0.28846979
9937, 36317455, 36317976, 1.77552867, 1.75574112, 1.38095093, -0.28846979
9938, 36318455, 36318975, 1.77385449, 1.75650406, 1.34920502, -0.28846979
9939, 36319455, 36319977, 1.77210641, 1.75764847, 1.25396729, -0.40385768
9940, 36320455, 36320975, 1.77028382, 1.75879288, 1.19047546, -0.28846979
9941, 36321455, 36321975, 1.76838720, 1.75917435, 1.09523773, -0.51924562
9942, 36322455, 36322977, 1.76641726, 1.75993729, 1.03174591, -0.40385768
9943, 36323455, 36323989, 1.76437306, 1.76031876, 0.93650818, -0.28846979
9944, 36324455, 36324986, 1.76225662, 1.76108170, 0.84127045, -0.51924562
9945, 36325455, 36325986, 1.76006758, 1.76146317, 0.74603271, -0.40385768
9946, 36326455, 36326990, 1.75780606, 1.76184464, 0.65079498, -0.28846979
9947, 36327455, 36327990, 1.75547266, 1.76184464, 0.58730316, -0.28846979
9948, 36328455, 36328974, 1.75306821, 1.76222610, 0.49206543, -0.40385768
9949, 36329455, 36329986, 1.75059354, 1.76222610, 0.42857361, -0.17308187
9950, 36330455, 36330987, 1.74804950, 1.76222610, 0.36508179, -0.40385768
9951, 36331455, 36331973, 1.74543691, 1.76222610, 0.26984406, -0.28846979
9952, 36332455, 36332989, 1.74275625, 1.76222610, 0.20635223, -0.17308187
9953, 36333455, 36333985, 1.74000990, 1.76222610, 0.14286041, -0.51924562
9954, 36334455, 36334985, 1.73719776, 1.76184464, 0.07936859, -0.28846979
9955, 36335455, 36335987, 1.73432267, 1.76184464, -0.01587677, -0.28846979
9956, 36336455, 36336986, 1.73138535, 1.76146317, -0.07936859, -0.28846979
9957, 36337455, 36337986, 1.72838819, 1.76108170, -0.14286041, -0.51924562
9958, 36338455, 36338988, 1.72533429, 1.76070023, -0.20635223, -0.28846979
9959, 36339455, 36339974, 1.72222614, 1.75993729, -0.26984406, -0.51924562
9960, 36340455, 36340988, 1.71906650, 1.75917435, -0.33333588, -0.40385768
9961, 36341455, 36341987, 1.71585882, 1.75879288, -0.39682770, -0.28846979
9962, 36342455, 36342989, 1.71260548, 1.75802994, -0.46031952, -0.40385768
9963, 36343455, 36343981, 1.70930910, 1.75726700, -0.52381134, -0.51924562
9964, 36344455, 36344983, 1.70597219, 1.75612259, -0.58730316, -0.40385768
9965, 36345455, 36345985, 1.70259762, 1.75574112, -0.65079498, -0.40385768
9966, 36346455, 36346986, 1.69918811, 1.75459671, -0.74603271, -0.51924562
9967, 36347455, 36347982, 1.69574630, 1.75345230, -0.77777863, -0.63463354
9968, 36348455, 36348986, 1.69227338, 1.75192642, -0.87301636, -0.17308187
9969, 36349455, 36349984, 1.68877268, 1.75116348, -0.93650818, -0.40385768
9970, 36350455, 36350984, 1.68524551, 1.74963760, -1.00000000, -0.28846979
9971, 36351455, 36351982, 1.68169379, 1.74887466, -1.06349182, -0.63463354
9972, 36352455, 36352985, 1.67811966, 1.74696732, -1.12698364, -0.40385768
9973, 36353455, 36353981, 1.67452598, 1.74544144, -1.19047546, -0.40385768
9974, 36354455, 36354981, 1.67091393, 1.74429703, -1.25396729, -0.40385768
9975, 36355455, 36355981, 1.66728544, 1.74238968, -1.31745911, -0.51924562
9976, 36356455, 36356981, 1.66364157, 1.74086380, -1.38095093, -0.63463354
9977, 36357455, 36357983, 1.65998340, 1.73933792, -1.44444275, -0.63463354
9978, 36358455, 36358986, 1.65631187, 1.73743057, -1.50793839, -0.40385768
9979, 36359455, 36359980, 1.65262723, 1.73590469, -1.57143021, -0.63463354
9980, 36360455, 36360982, 1.64893007, 1.73399734, -1.63492203, -0.40385768
9981, 36361455, 36361980, 1.64522111, 1.73209000, -1.69841385, -0.40385768
9982, 36362455, 36362980, 1.64150035, 1.72980118, -1.76190567, -0.63463354
9983, 36363455, 36363985, 1.63776791, 1.72789383, -1.82539749, -0.17308187
9984, 36364455, 36364979, 1.63402450, 1.72560501, -1.88888931, -0.28846979
9985, 36365455, 36365983, 1.63026857, 1.72369766, -1.92063522, -0.40385768
9986, 36366455, 36366991, 1.62650013, 1.72140884, -1.98412704, -0.40385768
9987, 36367455, 36367979, 1.62271821, 1.71912003, -2.07936478, -0.28846979
9988, 36368455, 36368982, 1.61892343, 1.71683025, -2.07936478, -0.17308187
9989, 36369455, 36369990, 1.61511409, 1.71415997, -2.17460251, 0.05769395
9990, 36370455, 36370984, 1.61128998, 1.71225262, -2.20634842, -0.05769395
9991, 36371455, 36371984, 1.60744989, 1.70958233, -2.23809433, -0.28846979
9992, 36372455, 36372978, 1.60359347, 1.70691204, -2.30158615, -0.40385768
9993, 36373455, 36373976, 1.59971941, 1.70462322, -2.36507797, -0.28846979
9994, 36374455, 36374977, 1.59582627, 1.70195293, -2.39682388, -0.17308187
9995, 36375455, 36375977, 1.59191167, 1.69966412, -2.42856979, -0.17308187
9996, 36376455, 36376983, 1.58797455, 1.69699383, -2.49206161, -0.40385768
9997, 36377455, 36377983, 1.58401263, 1.69432354, -2.52381134, -0.51924562
9998, 36378455, 36378979, 1.58002460, 1.69165325, -2.58730316, -0.28846979
9999, 36379455, 36379977, 1.57600760, 1.68898296, -2.61904907, -0.17308187
10000, 36380455, 36380978, 1.57196021, 1.68593121, -2.61904907, -0.05769395
10001, 36381455, 36381982, 1.56788123, 1.68326092, -2.68254089, -0.17308187
10002, 36382455, 36382982, 1.56376886, 1.68020916, -2.68254089, 0.05769395
10003, 36383455, 36383982, 1.55962098, 1.67753887, -2.74603271, 0.05769395
10004, 36384455, 36384980, 1.55543613, 1.67448711, -2.77777863, -0.17308187
10005, 36385455, 36385976, 1.55121303, 1.67181683, -2.80952454, 0.05769395
10006, 36386455, 36386979, 1.54694998, 1.66876507, -2.84127045, -0.28846979
10007, 36387455, 36387983, 1.54264486, 1.66571331, -2.87301636, -0.51924562
10008, 36388455, 36388983, 1.53829741, 1.66266155, -2.90476227, -0.28846979
10009, 36389455, 36389985, 1.53390718, 1.65960979, -2.93650818, -0.28846979
10010, 36390455, 36390993, 1.52947319, 1.65655804, -2.96825409, -0.28846979
10011, 36391455, 36391982, 1.52499425, 1.65350533, -3.00000000, -0.28846979
10012, 36392455, 36392986, 1.52047050, 1.65045357, -3.06349182, 0.05769395
10013, 36393455, 36393988, 1.51590192, 1.64702034, -3.06349182, -0.17308187
10014, 36394455, 36394994, 1.51128829, 1.64396858, -3.09523773, -0.05769395
10015, 36395455, 36395982, 1.50662947, 1.64053535, -3.12698364, -0.05769395
10016, 36396455, 36396990, 1.50192440, 1.63748360, -3.15872955, -0.51924562
10017, 36397455, 36397991, 1.49717522, 1.63405037, -3.19047546, -0.28846979
10018, 36398455, 36398989, 1.49238193, 1.63061714, -3.22222137, -0.17308187
10019, 36399455, 36399981, 1.48754609, 1.62756538, -3.25396729, -0.28846979
10020, 36400455, 36400981, 1.48266733, 1.62413216, -3.28571320, -0.28846979
10021, 36401455, 36401985, 1.47774720, 1.62031746, -3.28571320, 0.05769395
10022, 36402455, 36402985, 1.47278512, 1.61688423, -3.34920502, -0.28846979
10023, 36403455, 36403986, 1.46778345, 1.61345100, -3.38095093, 0.05769395
10024, 36404455, 36404986, 1.46274364, 1.61001778, -3.41269684, 0.05769395
10025, 36405455, 36405980, 1.45766807, 1.60658455, -3.44444275, -0.05769395
10026, 36406455, 36406982, 1.45255911, 1.60315132, -3.44444275, -0.17308187
10027, 36407455, 36407992, 1.44741786, 1.59933662, -3.47618866, -0.17308187
10028, 36408455, 36408983, 1.44224596, 1.59590340, -3.50793839, -0.28846979
10029, 36409455, 36409987, 1.43704557, 1.59208775, -3.53968430, -0.17308187
10030, 36410455, 36410985, 1.43181968, 1.58827305, -3.57143021, -0.05769395
10031, 36411455, 36411991, 1.42657137, 1.58483982, -3.57143021, 0.05769395
10032, 36412455, 36412989, 1.42130506, 1.58102512, -3.63492203, 0.05769395
10033, 36413455, 36413987, 1.41602397, 1.57759190, -3.63492203, 0.05769395
10034, 36414455, 36414988, 1.41073120, 1.57377720, -3.66666794, -0.05769395
10035, 36415455, 36415988, 1.40543258, 1.56996250, -3.69841385, -0.17308187
10036, 36416455, 36416992, 1.40013576, 1.56614780, -3.73015976, -0.51924562
10037, 36417455, 36417984, 1.39484906, 1.56195164, -3.76190567, -0.40385768
10038, 36418455, 36418980, 1.38958120, 1.55813694, -3.76190567, -0.28846979
10039, 36419455, 36419979, 1.38434148, 1.55394077, -3.82539749, -0.17308187
10040, 36420455, 36420987, 1.37914407, 1.55050755, -3.85714340, -0.17308187
10041, 36421455, 36421987, 1.37400067, 1.54631138, -3.88888931, 0.17308187
10042, 36422455, 36422981, 1.36892819, 1.54211521, -3.92063522, -0.05769395
10043, 36423455, 36423985, 1.36394358, 1.53791904, -3.95238113, -0.28846979
10044, 36424455, 36424985, 1.35907042, 1.53410435, -3.98412704, -0.17308187
10045, 36425455, 36425982, 1.35433543, 1.52990723, -4.01587296, -0.51924562
10046, 36426455, 36426988, 1.34976494, 1.52571106, -4.04761887, -0.17308187
10047, 36427455, 36427982, 1.34539509, 1.52151489, -4.07936478, -0.28846979
10048, 36428455, 36428978, 1.34125805, 1.51731873, -4.07936478, 0.28846979
10049, 36429455, 36429986, 1.33738995, 1.51312256, -4.14285660, -0.17308187
10050, 36430455, 36430982, 1.33382320, 1.50892639, -4.14285660, 0.05769395
10051, 36431455, 36431981, 1.33059180, 1.50473022, -4.17460251, -0.28846979
10052, 36432455, 36432981, 1.32772076, 1.50015259, -4.20634842, -0.40385768
10053, 36433455, 36433979, 1.32523906, 1.49595642, -4.23809433, -0.40385768
10054, 36434455, 36434985, 1.32316053, 1.49176025, -4.26984024, -0.17308187
10055, 36435455, 36435983, 1.32148838, 1.48718262, -4.30158615, -0.05769395
10056, 36436455, 36436986, 1.32021129, 1.48298645, -4.30158615, 0.17308187
10057, 36437455, 36437980, 1.31930900, 1.47840881, -4.33333206, 0.17308187
10058, 36438455, 36438984, 1.31874764, 1.47383118, -4.39682388, -0.05769395
10059, 36439455, 36439982, 1.31848824, 1.46925354, -4.42856979, -0.51924562
10060, 36440455, 36440982, 1.31848240, 1.46505642, -4.42856979, -0.05769395
10061, 36441455, 36441978, 1.31868601, 1.46047878, -4.46031570, -0.05769395
10062, 36442455, 36442978, 1.31905568, 1.45551968, -4.46031570, 0.17308187
10063, 36443455, 36443977, 1.31955802, 1.45132351, -4.46031570, 0.63463354
10064, 36444455, 36444981, 1.32016420, 1.44674587, -4.49206161, 0.40385768
10065, 36445455, 36445977, 1.32085657, 1.44254971, -4.49206161, 0.75002146
10066, 36446455, 36446981, 1.32162225, 1.43835354, -4.46031570, 0.98079723
10067, 36447455, 36447977, 1.32245779, 1.43377590, -4.42856979, 0.51924562
10068, 36448455, 36448976, 1.32336211, 1.42996120, -4.39682388, 1.09618521
10069, 36449455, 36449976, 1.32433927, 1.42576504, -4.36507797, 1.32696104
10070, 36450455, 36450978, 1.32539737, 1.42156887, -4.30158615, 1.44234896
10071, 36451455, 36451980, 1.32654870, 1.41813564, -4.23809433, 1.78851259
10072, 36452455, 36452978, 1.32780278, 1.41432095, -4.17460251, 1.55773675
10073, 36453455, 36453976, 1.32917392, 1.41088772, -4.04761887, 1.44234896
10074, 36454455, 36454979, 1.33066976, 1.40745449, -3.95238113, 1.78851259
10075, 36455455, 36455977, 1.33229661, 1.40402031, -3.85714340, 1.78851259
10076, 36456455, 36456977, 1.33405435, 1.40096855, -3.73015976, 1.44234896
10077, 36457455, 36457975, 1.33594179, 1.39791679, -3.57143021, 1.55773675
10078, 36458455, 36458973, 1.33795404, 1.39524651, -3.47618866, 1.32696104
10079, 36459455, 36459977, 1.34008026, 1.39219475, -3.31745911, 1.78851259
10080, 36460455, 36460976, 1.34230924, 1.38990593, -3.15872955, 1.67312467
10081, 36461455, 36461976, 1.34463108, 1.38761711, -3.03174591, 2.13467646
10082, 36462455, 36462976, 1.34703445, 1.38532829, -2.87301636, 2.13467646
10083, 36463455, 36463972, 1.34951246, 1.38303947, -2.71428680, 1.44234896
10084, 36464455, 36464980, 1.35205472, 1.38151360, -2.55555725, 1.78851259
10085, 36465455, 36465975, 1.35465407, 1.37960625, -2.39682388, 1.67312467
10086, 36466455, 36466971, 1.35730565, 1.37808037, -2.26984024, 1.55773675
10087, 36467455, 36467973, 1.36000550, 1.37655449, -2.11111069, 1.90390050
10088, 36468455, 36468975, 1.36275077, 1.37541008, -1.92063522, 1.78851259
10089, 36469455, 36469973, 1.36554146, 1.37426567, -1.79365158, 1.67312467
10090, 36470455, 36470989, 1.36837685, 1.37312126, -1.66666794, 1.90390050
10091, 36471455, 36471974, 1.37125432, 1.37235832, -1.50793839, 1.55773675
10092, 36472455, 36472978, 1.37417364, 1.37159538, -1.34920502, 1.78851259
10093, 36473455, 36473988, 1.37713087, 1.37083244, -1.19047546, 1.67312467
10094, 36474455, 36474988, 1.38012576, 1.37045097, -1.06349182, 1.21157312
10095, 36475455, 36475974, 1.38315475, 1.37006950, -0.90476227, 1.21157312
10096, 36476455, 36476987, 1.38621557, 1.36968803, -0.77777863, 1.21157312
10097, 36477455, 36477973, 1.38930762, 1.36968803, -0.65079498, 1.09618521
10098, 36478455, 36478973, 1.39242947, 1.36968803, -0.55555725, 1.09618521
10099, 36479455, 36479973, 1.39557981, 1.36968803, -0.42857361, 1.09618521
10100, 36480455, 36480975, 1.39875877, 1.36968803, -0.33333588, 1.21157312
10101, 36481455, 36481989, 1.40196502, 1.36968803, -0.20635223, 1.09618521
10102, 36482455, 36482986, 1.40519738, 1.37006950, -0.11111450, 0.98079723
10103, 36483455, 36483986, 1.40845454, 1.37045097, -0.01587677, 0.86540931
10104, 36484455, 36484988, 1.41173780, 1.37083244, 0.04762268, 1.44234896
10105, 36485455, 36485984, 1.41504884, 1.37121391, 0.11111450, 1.55773675
10106, 36486455, 36486984, 1.41838801, 1.37197685, 0.23809814, 1.55773675
10107, 36487455, 36487986, 1.42175603, 1.37273979, 0.33333588, 1.55773675
10108, 36488455, 36488973, 1.42515361, 1.37312126, 0.39682770, 1.21157312
10109, 36489455, 36489969, 1.42858005, 1.37426567, 0.46031952, 1.21157312
10110, 36490455, 36490985, 1.43203592, 1.37502861, 0.55555725, 1.09618521
10111, 36491455, 36491983, 1.43552172, 1.37579155, 0.61904907, 1.21157312
10112, 36492455, 36492983, 1.43903816, 1.37693596, 0.71428680, 1.32696104
10113, 36493455, 36493984, 1.44258547, 1.37808037, 0.77777863, 1.32696104
10114, 36494455, 36494986, 1.44616437, 1.37922478, 0.84127045, 1.21157312
10115, 36495455, 36495984, 1.44977450, 1.38075066, 0.90476227, 1.21157312
10116, 36496455, 36496988, 1.45341551, 1.38189507, 1.00000000, 1.09618521
10117, 36497455, 36497982, 1.45708644, 1.38342094, 1.09523773, 1.55773675
10118, 36498455, 36498982, 1.46078789, 1.38494682, 1.15872955, 1.32696104
10119, 36499455, 36499981, 1.46451771, 1.38647270, 1.25396729, 1.32696104
10120, 36500455, 36500989, 1.46827340, 1.38838005, 1.31745911, 1.21157312
10121, 36501455, 36501979, 1.47205114, 1.38990593, 1.41269684, 1.21157312
10122, 36502455, 36502983, 1.47584867, 1.39181328, 1.47618866, 1.09618521
10123, 36503455, 36503983, 1.47966480, 1.39333916, 1.53968048, 0.98079723
10124, 36504455, 36504983, 1.48349786, 1.39524651, 1.60317230, 0.86540931
10125, 36505455, 36505986, 1.48734438, 1.39753532, 1.66666412, 0.86540931
10126, 36506455, 36506988, 1.49120343, 1.39944267, 1.73015594, 0.86540931
10127, 36507455, 36507986, 1.49507153, 1.40173149, 1.82539368, 1.09618521
10128, 36508455, 36508984, 1.49894583, 1.40363884, 1.88888550, 1.09618521
10129, 36509455, 36509982, 1.50282419, 1.40592766, 1.95237732, 1.09618521
10130, 36510455, 36510985, 1.50670779, 1.40859890, 2.01587677, 1.09618521
10131, 36511455, 36511983, 1.51059413, 1.41088772, 2.07936859, 0.98079723
10132, 36512455, 36512985, 1.51448095, 1.41317654, 2.14286041, 0.75002146
10133, 36513455, 36513981, 1.51836872, 1.41546535, 2.20635223, 0.98079723
10134, 36514455, 36514979, 1.52225626, 1.41813564, 2.30158997, 0.63463354
10135, 36515455, 36515979, 1.52614450, 1.42080593, 2.33333588, 1.09618521
10136, 36516455, 36516980, 1.53003430, 1.42347622, 2.39682770, 0.63463354
10137, 36517455, 36517976, 1.53392482, 1.42576504, 2.42857361, 0.63463354
10138, 36518455, 36518984, 1.53781486, 1.42843533, 2.46031952, 0.51924562
10139, 36519455, 36519986, 1.54170454, 1.43110561, 2.49206543, 0.86540931
10140, 36520455, 36520976, 1.54559374, 1.43377590, 2.55555725, 0.40385768
10141, 36521455, 36521979, 1.54948413, 1.43682766, 2.58730316, 0.51924562
10142, 36522455, 36522977, 1.55337584, 1.43949795, 2.65079498, 0.75002146
10143, 36523455, 36523975, 1.55726957, 1.44254971, 2.68254089, 0.86540931
10144, 36524455, 36524977, 1.56116736, 1.44521999, 2.68254089, 0.86540931
10145, 36525455, 36525981, 1.56507003, 1.44789028, 2.74603271, 0.86540931
10146, 36526455, 36526979, 1.56897843, 1.45094204, 2.77777863, 0.75002146
10147, 36527455, 36527982, 1.57289338, 1.45399380, 2.80952454, 0.75002146
10148, 36528455, 36528982, 1.57681704, 1.45666409, 2.84127045, 0.51924562
10149, 36529455, 36529980, 1.58074784, 1.45971584, 2.87301636, 0.75002146
10150, 36530455, 36530982, 1.58468485, 1.46276760, 2.87301636, 0.75002146
10151, 36531455, 36531982, 1.58862650, 1.46581936, 2.90476227, 0.63463354
10152, 36532455, 36532984, 1.59257305, 1.46887207, 2.93650818, 0.75002146
10153, 36533455, 36533977, 1.59652436, 1.47192383, 2.96825409, 0.63463354
10154, 36534455, 36534987, 1.60047936, 1.47535706, 3.03174591, 0.63463354
10155, 36535455, 36535985, 1.60443425, 1.47840881, 3.03174591, 0.51924562
10156, 36536455, 36536989, 1.60838652, 1.48184204, 3.06349182, 0.75002146
10157, 36537455, 36537983, 1.61233592, 1.48489380, 3.12698364, 0.75002146
10158, 36538455, 36538989, 1.61628044, 1.48832703, 3.15872955, 0.75002146
10159, 36539455, 36539988, 1.62021625, 1.49176025, 3.19047546, 0.75002146
10160, 36540455, 36540982, 1.62414241, 1.49481201, 3.19047546, 0.40385768
10161, 36541455, 36541986, 1.62805688, 1.49824524, 3.19047546, 0.63463354
10162, 36542455, 36542994, 1.63195741, 1.50129700, 3.22222137, 0.63463354
10163, 36543455, 36543980, 1.63584304, 1.50473022, 3.25396729, 0.86540931
10164, 36544455, 36544980, 1.63971114, 1.50778198, 3.25396729, 0.86540931
10165, 36545455, 36545987, 1.64356077, 1.51159668, 3.25396729, 0.63463354
10166, 36546455, 36546989, 1.64739013, 1.51464844, 3.25396729, 0.86540931
10167, 36547455, 36547979, 1.65119708, 1.51808167, 3.25396729, 0.75002146
10168, 36548455, 36548979, 1.65498173, 1.52151489, 3.28571320, 1.09618521
10169, 36549455, 36549979, 1.65874326, 1.52494812, 3.31745911, 0.75002146
10170, 36550455, 36550986, 1.66248012, 1.52838135, 3.34920502, 0.40385768
10171, 36551455, 36551986, 1.66619086, 1.53181553, 3.34920502, 0.75002146
10172, 36552455, 36552984, 1.66987252, 1.53524876, 3.34920502, 0.75002146
10173, 36553455, 36553984, 1.67352402, 1.53868198, 3.38095093, 0.17308187
10174, 36554455, 36554980, 1.67714334, 1.54211521, 3.41269684, 0.63463354
10175, 36555455, 36555984, 1.68072844, 1.54554844, 3.41269684, 0.51924562
10176, 36556455, 36556983, 1.68427682, 1.54936314, 3.41269684, 0.63463354
10177, 36557455, 36557983, 1.68778718, 1.55279636, 3.44444275, 0.63463354
10178, 36558455, 36558989, 1.69125736, 1.55622959, 3.47618866, 0.51924562
10179, 36559455, 36559985, 1.69468355, 1.56004429, 3.57142639, 0.51924562
10180, 36560455, 36560989, 1.69806564, 1.56347752, 3.53968048, 0.17308187
10181, 36561455, 36561991, 1.70140231, 1.56691074, 3.53968048, 0.17308187
10182, 36562455, 36562982, 1.70469272, 1.57072544, 3.50793457, 0.63463354
10183, 36563455, 36563980, 1.70793629, 1.57415867, 3.50793457, 0.51924562
10184, 36564455, 36564988, 1.71112871, 1.57759190, 3.53968048, 0.63463354
10185, 36565455, 36565980, 1.71426868, 1.58064365, 3.50793457, 0.63463354
10186, 36566455, 36566982, 1.71735406, 1.58445835, 3.57142639, 0.28846979
10187, 36567455, 36567981, 1.72038460, 1.58789158, 3.44444275, 0.51924562
10188, 36568455, 36568981, 1.72335851, 1.59132481, 3.47618866, 0.51924562
10189, 36569455, 36569983, 1.72627497, 1.59514046, 3.47618866, 0.40385768
10190, 36570455, 36570983, 1.72913277, 1.59857368, 3.50793457, 0.05769395
10191, 36571455, 36571981, 1.73193014, 1.60238838, 3.50793457, 0.63463354
10192, 36572455, 36572985, 1.73466611, 1.60582161, 3.50793457, 0.17308187
10193, 36573455, 36573980, 1.73734045, 1.60925484, 3.50793457, 0.40385768
10194, 36574455, 36574984, 1.73995090, 1.61268806, 3.60317230, 0.28846979
10195, 36575455, 36575980, 1.74249661, 1.61612129, 3.50793457, 0.28846979
10196, 36576455, 36576980, 1.74497771, 1.61993599, 3.50793457, 0.51924562
10197, 36577455, 36577982, 1.74739289, 1.62298775, 3.53968048, 0.05769395
10198, 36578455, 36578985, 1.74974024, 1.62642097, 3.47618866, 0.17308187
10199, 36579455, 36579983, 1.75201869, 1.62985420, 3.47618866, 0.17308187
10200, 36580455, 36580979, 1.75422835, 1.63328743, 3.44444275, 0.28846979
10201, 36581455, 36581981, 1.75636792, 1.63672066, 3.44444275, 0.17308187
10202, 36582455, 36582981, 1.75843453, 1.64015388, 3.25396729, 0.17308187
10203, 36583455, 36583981, 1.76042771, 1.64358711, 3.38095093, 0.28846979
10204, 36584455, 36584982, 1.76234639, 1.64702034, 3.38095093, 0.28846979
10205, 36585455, 36585982, 1.76418889, 1.65045357, 3.34920502, 0.05769395
10206, 36586455, 36586980, 1.76595414, 1.65350533, 3.34920502, 0.05769395
10207, 36587455, 36587982, 1.76764178, 1.65693951, 3.34920502, 0.17308187
10208, 36588455, 36588984, 1.76924992, 1.65999126, 3.31745911, 0.17308187
10209, 36589455, 36589982, 1.77077961, 1.66342449, 3.28571320, 0.17308187
10210, 36590455, 36590979, 1.77222824, 1.66647625, 3.25396729, -0.05769395
10211, 36591455, 36591977, 1.77359653, 1.66952801, 3.22222137, 0.28846979
10212, 36592455, 36592981, 1.77488387, 1.67257977, 3.19047546, 0.05769395
10213, 36593455, 36593979, 1.77608979, 1.67563152, 3.19047546, 0.05769395
10214, 36594455, 36594977, 1.77721369, 1.67868328, 3.15872955, 0.05769395
10215, 36595455, 36595978, 1.77825570, 1.68173504, 3.09523773, 0.17308187
10216, 36596455, 36596980, 1.77921557, 1.68440533, 3.09523773, 0.17308187
10217, 36597455, 36597980, 1.78009260, 1.68745708, 3.06349182, -0.05769395
10218, 36598455, 36598980, 1.78088570, 1.69012737, 3.00000000, -0.17308187
10219, 36599455, 36599976, 1.78159487, 1.69279766, 3.00000000, -0.05769395
10220, 36600455, 36600978, 1.78222001, 1.69584942, 2.93650818, -0.05769395
10221, 36601455, 36601977, 1.78276205, 1.69851971, 2.87301636, 0.05769395
10222, 36602455, 36602977, 1.78321993, 1.70080853, 2.84127045, -0.05769395
10223, 36603455, 36603977, 1.78359449, 1.70347881, 2.77777863, -0.28846979
10224, 36604455, 36604975, 1.78388512, 1.70614910, 2.71428680, -0.05769395
10225, 36605455, 36605977, 1.78409159, 1.70881939, 2.68254089, -0.05769395
10226, 36606455, 36606976, 1.78421521, 1.71110821, 2.65079498, 0.17308187
10227, 36607455, 36607976, 1.78425574, 1.71339703, 2.55555725, 0.05769395
10228, 36608455, 36608978, 1.78421223, 1.71606731, 2.52381134, -0.05769395
10229, 36609455, 36609974, 1.78408396, 1.71835613, 2.46031952, -0.05769395
10230, 36610455, 36610974, 1.78387165, 1.72026443, 2.42857361, 0.05769395
10231, 36611455, 36611976, 1.78357553, 1.72255325, 2.39682770, 0.05769395
10232, 36612455, 36612977, 1.78319621, 1.72484207, 2.33333588, -0.05769395
10233, 36613455, 36613975, 1.78273356, 1.72674942, 2.30158997, -0.17308187
10234, 36614455, 36614973, 1.78218675, 1.72865677, 2.23809814, -0.17308187
10235, 36615455, 36615987, 1.78155482, 1.73094559, 2.17460632, -0.05769395
10236, 36616455, 36616975, 1.78083873, 1.73247147, 2.14286041, -0.17308187
10237, 36617455, 36617975, 1.78003716, 1.73437881, 2.04762268, -0.40385768
10238, 36618455, 36618986, 1.77915108, 1.73628616, 2.01587677, -0.28846979
10239, 36619455, 36619988, 1.77817893, 1.73819351, 1.95237732, -0.28846979
10240, 36620455, 36620974, 1.77711999, 1.73971939, 1.88888550, -0.28846979
10241, 36621455, 36621986, 1.77597523, 1.74124527, 1.82539368, -0.17308187
10242, 36622455, 36622972, 1.77474391, 1.74277115, 1.76190186, -0.28846979
10243, 36623455, 36623994, 1.77342629, 1.74429703, 1.69841003, -0.05769395
10244, 36624455, 36624976, 1.77202356, 1.74544144, 1.63491821, -0.17308187
10245, 36625455, 36625973, 1.77053487, 1.74696732, 1.57142639, -0.28846979
10246, 36626455, 36626973, 1.76896107, 1.74811172, 1.50793457, -0.28846979
10247, 36627455, 36627983, 1.76730156, 1.74925613, 1.44444275, -0.63463354
10248, 36628455, 36628983, 1.76555634, 1.75040054, 1.34920502, -0.51924562
10249, 36629455, 36629989, 1.76372647, 1.75154495, 1.28571320, -0.40385768
10250, 36630455, 36630984, 1.76181173, 1.75230789, 1.22222137, -0.40385768
10251, 36631455, 36631988, 1.75981390, 1.75307083, 1.15872955, -0.17308187
10252, 36632455, 36632984, 1.75773168, 1.75383377, 1.09523773, -0.75002146
10253, 36633455, 36633988, 1.75556481, 1.75459671, 1.00000000, -0.63463354
10254, 36634455, 36634984, 1.75331438, 1.75497818, 0.90476227, -0.51924562
10255, 36635455, 36635987, 1.75098085, 1.75574112, 0.80952454, -0.51924562
10256, 36636455, 36636991, 1.74856603, 1.75574112, 0.74603271, -0.40385768
10257, 36637455, 36637985, 1.74607122, 1.75612259, 0.65079498, -0.51924562
10258, 36638455, 36638989, 1.74349582, 1.75612259, 0.55555725, -0.51924562
10259, 36639455, 36639981, 1.74084067, 1.75650406, 0.46031952, -0.40385768
10260, 36640455, 36640985, 1.73810792, 1.75650406, 0.36508179, -0.40385768
10261, 36641455, 36641984, 1.73529816, 1.75650406, 0.26984406, -0.28846979
10262, 36642455, 36642986, 1.73241270, 1.75650406, 0.23809814, -0.40385768
10263, 36643455, 36643982, 1.72945285, 1.75612259, 0.14286041, -0.40385768
10264, 36644455, 36644986, 1.72642028, 1.75612259, 0.07936859, -0.17308187
10265, 36645455, 36645984, 1.72331679, 1.75574112, 0.01587677, -0.51924562
10266, 36646455, 36646984, 1.72014606, 1.75574112, -0.04762268, -0.63463354
10267, 36647455, 36647987, 1.71691108, 1.75535965, -0.14286041, -0.51924562
10268, 36648455, 36648985, 1.71361351, 1.75497818, -0.20635223, -0.40385768
10269, 36649455, 36649979, 1.71025431, 1.75421524, -0.26984406, -0.40385768
10270, 36650455, 36650981, 1.70683789, 1.75345230, -0.36508179, -0.40385768
10271, 36651455, 36651981, 1.70336652, 1.75268936, -0.42857361, -0.40385768
10272, 36652455, 36652983, 1.69984174, 1.75192642, -0.49206543, -0.51924562
10273, 36653455, 36653983, 1.69626701, 1.75116348, -0.58730316, -0.40385768
10274, 36654455, 36654984, 1.69264507, 1.75001907, -0.65079498, -0.40385768
10275, 36655455, 36655982, 1.68897974, 1.74925613, -0.71428680, -0.28846979
10276, 36656455, 36656982, 1.68527412, 1.74811172, -0.77777863, -0.51924562
10277, 36657455, 36657980, 1.68153048, 1.74696732, -0.87301636, -0.63463354
10278, 36658455, 36658982, 1.67775285, 1.74544144, -0.93650818, -0.28846979
10279, 36659455, 36659982, 1.67394376, 1.74467850, -1.00000000, -0.63463354
10280, 36660455, 36660981, 1.67010677, 1.74277115, -1.09523773, -0.51924562
10281, 36661455, 36661979, 1.66624546, 1.74162674, -1.15872955, -0.63463354
10282, 36662455, 36662981, 1.66236389, 1.74010086, -1.22222137, -0.75002146
10283, 36663455, 36663979, 1.65846419, 1.73857498, -1.28571320, -0.63463354
10284, 36664455, 36664985, 1.65455043, 1.73666763, -1.38095093, -0.63463354
10285, 36665455, 36665979, 1.65062630, 1.73514175, -1.44444275, -0.63463354
10286, 36666455, 36666984, 1.64669442, 1.73323441, -1.50793839, -0.86540931
10287, 36667455, 36667978, 1.64275825, 1.73132706, -1.60317612, -0.63463354
10288, 36668455, 36668978, 1.63881981, 1.72941971, -1.63492203, -0.63463354
10289, 36669455, 36669978, 1.63488281, 1.72751236, -1.73015976, -0.40385768
10290, 36670455, 36670982, 1.63094950, 1.72560501, -1.82539749, -0.28846979
10291, 36671455, 36671979, 1.62702298, 1.72293472, -1.85714340, -0.51924562
10292, 36672455, 36672989, 1.62310541, 1.72102737, -1.95238113, -0.40385768
10293, 36673455, 36673987, 1.61919904, 1.71873760, -1.98412704, -0.63463354
10294, 36674455, 36674977, 1.61530745, 1.71644878, -2.07936478, -0.51924562
10295, 36675455, 36675977, 1.61143184, 1.71377850, -2.11111069, -0.28846979
10296, 36676455, 36676981, 1.60757482, 1.71148968, -2.20634842, -0.51924562
10297, 36677455, 36677982, 1.60373843, 1.70920086, -2.26984024, -0.40385768
10298, 36678455, 36678982, 1.59992313, 1.70653057, -2.33333206, -0.28846979
10299, 36679455, 36679982, 1.59613037, 1.70386028, -2.39682388, -0.05769395
10300, 36680455, 36680984, 1.59236002, 1.70118999, -2.42856979, -0.28846979
10301, 36681455, 36681982, 1.58861375, 1.69851971, -2.49206161, -0.28846979
10302, 36682455, 36682983, 1.58489335, 1.69623089, -2.52381134, -0.17308187
10303, 36683455, 36683981, 1.58119893, 1.69317913, -2.55555725, -0.17308187
10304, 36684455, 36684985, 1.57753062, 1.69050884, -2.61904907, -0.17308187
10305, 36685455, 36685979, 1.57388842, 1.68783855, -2.65079498, -0.17308187
10306, 36686455, 36686985, 1.57027209, 1.68478680, -2.71428680, -0.28846979
10307, 36687455, 36687991, 1.56668174, 1.68211651, -2.71428680, 0.17308187
10308, 36688455, 36688986, 1.56311655, 1.67906475, -2.77777863, -0.05769395
10309, 36689455, 36689986, 1.55957472, 1.67601299, -2.80952454, -0.17308187
10310, 36690455, 36690980, 1.55605543, 1.67334270, -2.84127045, -0.17308187
10311, 36691455, 36691976, 1.55255687, 1.66990948, -2.90476227, -0.28846979
10312, 36692455, 36692980, 1.54907763, 1.66685772, -2.93650818, -0.05769395
10313, 36693455, 36693980, 1.54561365, 1.66380596, -2.96825409, -0.17308187
10314, 36694455, 36694983, 1.54216266, 1.66075420, -3.00000000, -0.17308187
10315, 36695455, 36695991, 1.53872192, 1.65770245, -3.03174591, -0.05769395
10316, 36696455, 36696981, 1.53528833, 1.65464973, -3.03174591, 0.28846979
10317, 36697455, 36697987, 1.53185916, 1.65121651, -3.06349182, 0.28846979
10318, 36698455, 36698983, 1.52843189, 1.64816475, -3.09523773, 0.17308187
10319, 36699455, 36699988, 1.52500284, 1.64473152, -3.12698364, -0.05769395
10320, 36700455, 36700990, 1.52156806, 1.64167976, -3.12698364, -0.17308187
10321, 36701455, 36701988, 1.51812339, 1.63824654, -3.15872955, -0.17308187
10322, 36702455, 36702992, 1.51466513, 1.63519478, -3.19047546, -0.40385768
10323, 36703455, 36703986, 1.51118886, 1.63176155, -3.22222137, -0.17308187
10324, 36704455, 36704990, 1.50769067, 1.62832832, -3.28571320, -0.17308187
10325, 36705455, 36705987, 1.50416636, 1.62527657, -3.28571320, -0.17308187
10326, 36706455, 36706985, 1.50061154, 1.62184334, -3.28571320, -0.17308187
10327, 36707455, 36707987, 1.49702263, 1.61841011, -3.31745911, 0.05769395
10328, 36708455, 36708989, 1.49339521, 1.61497688, -3.34920502, 0.28846979
10329, 36709455, 36709993, 1.48972714, 1.61154366, -3.38095093, -0.05769395
10330, 36710455, 36710987, 1.48601389, 1.60811043, -3.41269684, -0.17308187
10331, 36711455, 36711984, 1.48225296, 1.60429573, -3.41269684, -0.28846979
10332, 36712455, 36712986, 1.47843993, 1.60086250, -3.41269684, -0.17308187
10333, 36713455, 36713986, 1.47457159, 1.59742928, -3.44444275, -0.28846979
10334, 36714455, 36714988, 1.47064626, 1.59399605, -3.50793839, -0.05769395
10335, 36715455, 36715986, 1.46666181, 1.59056187, -3.50793839, 0.17308187
10336, 36716455, 36716990, 1.46261644, 1.58712864, -3.50793839, 0.17308187
10337, 36717455, 36717991, 1.45850933, 1.58331394, -3.50793839, 0.17308187
10338, 36718455, 36718987, 1.45433879, 1.57988071, -3.53968430, 0.28846979
10339, 36719455, 36719987, 1.45010459, 1.57644749, -3.53968430, 0.05769395
10340, 36720455, 36720985, 1.44580591, 1.57263279, -3.53968430, 0.17308187
10341, 36721455, 36721989, 1.44144166, 1.56919956, -3.57143021, 0.28846979
10342, 36722455, 36722996, 1.43701208, 1.56538486, -3.57143021, 0.05769395
10343, 36723455, 36723984, 1.43251848, 1.56195164, -3.57143021, -0.05769395
10344, 36724455, 36724984, 1.42796075, 1.55813694, -3.57143021, 0.17308187
10345, 36725455, 36725980, 1.42333984, 1.55470371, -3.60317612, 0.51924562
10346, 36726455, 36726984, 1.41865730, 1.55088902, -3.57143021, 0.28846979
10347, 36727455, 36727987, 1.41391599, 1.54745579, -3.60317612, 0.17308187
10348, 36728455, 36728983, 1.40911877, 1.54402256, -3.63492203, 0.05769395
10349, 36729455, 36729981, 1.40426946, 1.54020786, -3.60317612, 0.17308187
10350, 36730455, 36730981, 1.39937496, 1.53639317, -3.63492203, 0.51924562
10351, 36731455, 36731987, 1.39443934, 1.53295994, -3.63492203, 0.17308187
10352, 36732455, 36732981, 1.38946962, 1.52914429, -3.63492203, 0.05769395
10353, 36733455, 36733982, 1.38447535, 1.52571106, -3.63492203, 0.28846979
10354, 36734455, 36734980, 1.37946570, 1.52227783, -3.63492203, 0.28846979
10355, 36735455, 36735980, 1.37444890, 1.51884460, -3.63492203, 0.17308187
10356, 36736455, 36736980, 1.36943161, 1.51502991, -3.60317612, 0.51924562
10357, 36737455, 36737980, 1.36442447, 1.51159668, -3.63492203, 0.05769395
10358, 36738455, 36738978, 1.35943758, 1.50778198, -3.60317612, 0.05769395
10359, 36739455, 36739981, 1.35447991, 1.50434875, -3.60317612, 0.17308187
10360, 36740455, 36740979, 1.34956253, 1.50053406, -3.60317612, -0.40385768
10361, 36741455, 36741979, 1.34469628, 1.49710083, -3.60317612, -0.05769395
10362, 36742455, 36742983, 1.33989239, 1.49366760, -3.60317612, 0.17308187
10363, 36743455, 36743979, 1.33516645, 1.49023438, -3.57143021, 0.28846979
10364, 36744455, 36744978, 1.33053184, 1.48641968, -3.60317612, 0.17308187
10365, 36745455, 36745982, 1.32600868, 1.48298645, -3.57143021, 0.17308187
10366, 36746455, 36746976, 1.32161331, 1.47917175, -3.60317612, 0.28846979
10367, 36747455, 36747980, 1.31737041, 1.47535706, -3.60317612, 0.05769395
10368, 36748455, 36748976, 1.31330073, 1.47192383, -3.63492203, 0.17308187
10369, 36749455, 36749980, 1.30943263, 1.46848965, -3.60317612, 0.17308187
10370, 36750455, 36750979, 1.30579317, 1.46505642, -3.60317612, 0.05769395
10371, 36751455, 36751979, 1.30240488, 1.46124172, -3.63492203, 0.17308187
10372, 36752455, 36752977, 1.29929590, 1.45780849, -3.63492203, 0.17308187
10373, 36753455, 36753975, 1.29648662, 1.45399380, -3.63492203, 0.51924562
10374, 36754455, 36754975, 1.29400015, 1.45017910, -3.60317612, 0.05769395
10375, 36755455, 36755976, 1.29185569, 1.44674587, -3.63492203, 0.17308187
10376, 36756455, 36756978, 1.29007459, 1.44331264, -3.60317612, 0.17308187
10377, 36757455, 36757976, 1.28867102, 1.43949795, -3.63492203, 0.05769395
10378, 36758455, 36758990, 1.28765857, 1.43606472, -3.60317612, 0.28846979
10379, 36759455, 36759974, 1.28704429, 1.43225002, -3.63492203, -0.28846979
10380, 36760455, 36760974, 1.28683066, 1.42881680, -3.63492203, 0.05769395
10381, 36761455, 36761973, 1.28700972, 1.42500210, -3.63492203, 0.40385768
10382, 36762455, 36762985, 1.28756559, 1.42156887, -3.63492203, 0.51924562
10383, 36763455, 36763973, 1.28847194, 1.41813564, -3.63492203, 0.51924562
10384, 36764455, 36764971, 1.28969598, 1.41432095, -3.63492203, 0.51924562
10385, 36765455, 36765971, 1.29119396, 1.41088772, -3.63492203, 0.63463354
10386, 36766455, 36766985, 1.29292488, 1.40745449, -3.60317612, 0.75002146
10387, 36767455, 36767976, 1.29484415, 1.40402031, -3.57143021, 1.09618521
10388, 36768455, 36768984, 1.29691315, 1.40058708, -3.53968430, 0.75002146
10389, 36769455, 36769976, 1.29909480, 1.39753532, -3.50793839, 1.09618521
10390, 36770455, 36770984, 1.30135989, 1.39448357, -3.47618866, 0.98079723
10391, 36771455, 36771986, 1.30367851, 1.39143181, -3.38095093, 1.55773675
10392, 36772455, 36772970, 1.30603123, 1.38838005, -3.31745911, 1.21157312
10393, 36773455, 36773972, 1.30839670, 1.38532829, -3.22222137, 1.78851259
10394, 36774455, 36774971, 1.31076288, 1.38265800, -3.12698364, 1.32696104
10395, 36775455, 36775989, 1.31312037, 1.37998772, -3.06349182, 1.32696104
10396, 36776455, 36776981, 1.31546402, 1.37769890, -2.96825409, 1.09618521
10397, 36777455, 36777981, 1.31778967, 1.37541008, -2.84127045, 1.55773675
10398, 36778455, 36778989, 1.32009625, 1.37312126, -2.74603271, 1.32696104
10399, 36779455, 36779984, 1.32238507, 1.37083244, -2.61904907, 1.90390050
10400, 36780455, 36780986, 1.32465887, 1.36930656, -2.52381134, 1.78851259
10401, 36781455, 36781988, 1.32691979, 1.36701775, -2.39682388, 0.86540931
10402, 36782455, 36782986, 1.32917309, 1.36549187, -2.26984024, 1.21157312
10403, 36783455, 36783982, 1.33142257, 1.36358452, -2.14285660, 1.32696104
10404, 36784455, 36784971, 1.33367360, 1.36244011, -2.01587296, 1.09618521
10405, 36785455, 36785991, 1.33593011, 1.36091423, -1.92063522, 1.32696104
10406, 36786455, 36786985, 1.33819580, 1.35976982, -1.76190567, 1.55773675
10407, 36787455, 36787969, 1.34047151, 1.35862541, -1.66666794, 1.32696104
10408, 36788455, 36788981, 1.34275985, 1.35748100, -1.57143021, 1.44234896
10409, 36789455, 36789985, 1.34506071, 1.35671806, -1.41269684, 1.21157312
10410, 36790455, 36790984, 1.34737408, 1.35595512, -1.31745911, 1.21157312
10411, 36791455, 36791984, 1.34970140, 1.35519218, -1.19047546, 1.32696104
10412, 36792455, 36792984, 1.35204422, 1.35442924, -1.09523773, 1.67312467
10413, 36793455, 36793984, 1.35440230, 1.35404778, -0.96825409, 1.44234896
10414, 36794455, 36794982, 1.35677421, 1.35366631, -0.87301636, 1.55773675
10415, 36795455, 36795982, 1.35916066, 1.35328484, -0.71428680, 1.09618521
10416, 36796455, 36796983, 1.36156249, 1.35328484, -0.61904907, 1.09618521
10417, 36797455, 36797985, 1.36397922, 1.35290337, -0.55555725, 0.86540931
10418, 36798455, 36798981, 1.36641121, 1.35290337, -0.46031952, 1.09618521
10419, 36799455, 36799981, 1.36885941, 1.35290337, -0.36508179, 0.98079723
10420, 36800455, 36800981, 1.37132585, 1.35290337, -0.26984406, 0.86540931
10421, 36801455, 36801984, 1.37380981, 1.35290337, -0.20635223, 1.09618521
10422, 36802455, 36802982, 1.37631512, 1.35290337, -0.14286041, 1.32696104
10423, 36803455, 36803990, 1.37884426, 1.35328484, -0.07936859, 1.09618521
10424, 36804455, 36804984, 1.38139975, 1.35366631, -0.01587677, 1.44234896
10425, 36805455, 36805982, 1.38398445, 1.35404778, 0.04762268, 1.21157312
10426, 36806455, 36806980, 1.38660097, 1.35404778, 0.11111450, 1.21157312
10427, 36807455, 36807981, 1.38925362, 1.35442924, 0.17460632, 1.09618521
10428, 36808455, 36808983, 1.39194608, 1.35481071, 0.20635223, 1.21157312
10429, 36809455, 36809979, 1.39468145, 1.35557365, 0.26984406, 1.78851259
10430, 36810455, 36810981, 1.39746261, 1.35633659, 0.33333588, 1.09618521
10431, 36811455, 36811979, 1.40029395, 1.35709953, 0.39682770, 0.98079723
10432, 36812455, 36812979, 1.40317571, 1.35748100, 0.46031952, 1.21157312
10433, 36813455, 36813980, 1.40611017, 1.35824394, 0.52381134, 1.21157312
10434, 36814455, 36814982, 1.40909815, 1.35938835, 0.55555725, 1.09618521
10435, 36815455, 36815986, 1.41213870, 1.36015129, 0.65079498, 0.98079723
10436, 36816455, 36816980, 1.41523314, 1.36091423, 0.71428680, 0.98079723
10437, 36817455, 36817984, 1.41838109, 1.36244011, 0.74603271, 0.86540931
10438, 36818455, 36818984, 1.42158258, 1.36358452, 0.84127045, 0.86540931
10439, 36819455, 36819981, 1.42483616, 1.36434746, 0.90476227, 0.86540931
10440, 36820455, 36820979, 1.42814207, 1.36587334, 0.93650818, 0.86540931
10441, 36821455, 36821983, 1.43150091, 1.36701775, 1.00000000, 0.86540931
10442, 36822455, 36822985, 1.43491280, 1.36854362, 1.09523773, 0.98079723
10443, 36823455, 36823987, 1.43837798, 1.36968803, 1.12698364, 1.32696104
10444, 36824455, 36824989, 1.44189429, 1.37159538, 1.22222137, 1.32696104
10445, 36825455, 36825984, 1.44546068, 1.37273979, 1.28571320, 0.86540931
10446, 36826455, 36826978, 1.44907665, 1.37464714, 1.34920502, 0.98079723
10447, 36827455, 36827982, 1.45274210, 1.37617302, 1.38095093, 1.21157312
10448, 36828455, 36828980, 1.45645642, 1.37808037, 1.47618866, 1.09618521
10449, 36829455, 36829988, 1.46021891, 1.37960625, 1.50793457, 1.09618521
10450, 36830455, 36830982, 1.46403241, 1.38151360, 1.57142639, 1.09618521
10451, 36831455, 36831981, 1.46789539, 1.38342094, 1.63491821, 1.32696104
10452, 36832455, 36832983, 1.47180820, 1.38532829, 1.69841003, 0.86540931
10453, 36833455, 36833977, 1.47577024, 1.38761711, 1.79364777, 1.09618521
10454, 36834455, 36834981, 1.47978091, 1.38952446, 1.82539368, 0.86540931
10455, 36835455, 36835985, 1.48383987, 1.39181328, 1.88888550, 0.98079723
10456, 36836455, 36836984, 1.48794627, 1.39410210, 2.11111450, 0.75002146
10457, 36837455, 36837980, 1.49210000, 1.39639091, 2.04762268, 0.75002146
10458, 36838455, 36838984, 1.49629951, 1.39829826, 2.07936859, 0.86540931
10459, 36839455, 36839982, 1.50054348, 1.40096855, 2.11111450, 0.75002146
10460, 36840455, 36840978, 1.50483036, 1.40325737, 2.14286041, 0.98079723
10461, 36841455, 36841977, 1.50915706, 1.40554619, 2.20635223, 0.98079723
10462, 36842455, 36842979, 1.51352036, 1.40821743, 2.26984406, 0.98079723
10463, 36843455, 36843983, 1.51791763, 1.41088772, 2.30158997, 0.98079723
10464, 36844455, 36844977, 1.52234554, 1.41317654, 2.20635223, 0.86540931
10465, 36845455, 36845985, 1.52680171, 1.41584682, 2.52381134, 0.98079723
10466, 36846455, 36846985, 1.53128052, 1.41851711, 2.49206543, 0.98079723
10467, 36847455, 36847978, 1.53577662, 1.42156887, 2.52381134, 1.21157312
10468, 36848455, 36848984, 1.54028547, 1.42462063, 2.71428680, 0.98079723
10469, 36849455, 36849980, 1.54480445, 1.42729092, 2.65079498, 0.75002146
10470, 36850455, 36850984, 1.54933012, 1.42996120, 2.65079498, 0.75002146
10471, 36851455, 36851978, 1.55385983, 1.43263149, 2.68254089, 0.75002146
10472, 36852455, 36852974, 1.55838943, 1.43568325, 2.71428680, 0.75002146
10473, 36853455, 36853989, 1.56291568, 1.43873501, 2.61904907, 0.98079723
10474, 36854455, 36854983, 1.56743479, 1.44178677, 2.77777863, 0.98079723
10475, 36855455, 36855979, 1.57194662, 1.44483852, 2.84127045, 0.98079723
10476, 36856455, 36856975, 1.57644963, 1.44789028, 2.71428680, 1.21157312
10477, 36857455, 36857983, 1.58094490, 1.45094204, 2.90476227, 0.63463354
10478, 36858455, 36858982, 1.58543539, 1.45399380, 2.96825409, 0.86540931
10479, 36859455, 36859982, 1.58992290, 1.45742702, 3.03174591, 0.40385768
10480, 36860455, 36860986, 1.59440899, 1.46047878, 3.06349182, 0.51924562
10481, 36861455, 36861986, 1.59889686, 1.46391201, 3.09523773, 0.63463354
10482, 36862455, 36862984, 1.60339022, 1.46734524, 3.12698364, 0.40385768
10483, 36863455, 36863988, 1.60789311, 1.47039795, 3.19047546, 0.86540931
10484, 36864455, 36864983, 1.61240935, 1.47383118, 3.22222137, 0.75002146
10485, 36865455, 36865989, 1.61694157, 1.47726440, 3.22222137, 0.86540931
10486, 36866455, 36866989, 1.62149060, 1.48069763, 3.34920502, 0.75002146
10487, 36867455, 36867987, 1.62605739, 1.48413086, 3.31745911, 0.75002146
10488, 36868455, 36868985, 1.63064206, 1.48756409, 3.31745911, 0.75002146
10489, 36869455, 36869985, 1.63524270, 1.49099731, 3.34920502, 0.63463354
10490, 36870455, 36870984, 1.63985741, 1.49443054, 3.47618866, 0.51924562
10491, 36871455, 36871986, 1.64448297, 1.49824524, 3.44444275, 0.51924562
10492, 36872455, 36872988, 1.64911604, 1.50167847, 3.44444275, 0.63463354
10493, 36873455, 36873982, 1.65375590, 1.50511169, 3.47618866, 0.86540931
10494, 36874455, 36874982, 1.65839946, 1.50892639, 3.41269684, 0.75002146
10495, 36875455, 36875984, 1.66304350, 1.51235962, 3.47618866, 0.75002146
10496, 36876455, 36876983, 1.66768527, 1.51579285, 3.50793457, 0.63463354
10497, 36877455, 36877987, 1.67232406, 1.51960754, 3.53968048, 0.63463354
10498, 36878455, 36878983, 1.67695582, 1.52304077, 3.47618866, 0.75002146
10499, 36879455, 36879983, 1.68157899, 1.52685547, 3.57142639, 0.63463354
10500, 36880455, 36880983, 1.68619120, 1.53067017, 3.60317230, 0.28846979
10501, 36881455, 36881984, 1.69079137, 1.53486729, 3.66666412, 0.28846979
10502, 36882455, 36882984, 1.69537663, 1.53830051, 3.66666412, 0.63463354
10503, 36883455, 36883984, 1.69994521, 1.54211521, 3.69841003, 0.86540931
10504, 36884455, 36884982, 1.70449412, 1.54592991, 3.73015594, 0.75002146
10505, 36885455, 36885986, 1.70902121, 1.55012608, 3.76190186, 0.75002146
10506, 36886455, 36886985, 1.71352363, 1.55394077, 3.79364777, 0.51924562
10507, 36887455, 36887981, 1.71799922, 1.55775547, 3.79364777, 0.63463354
10508, 36888455, 36888985, 1.72244751, 1.56157017, 3.82539368, 0.40385768
10509, 36889455, 36889981, 1.72686672, 1.56538486, 3.85713959, 0.63463354
10510, 36890455, 36890977, 1.73125279, 1.56958103, 3.85713959, 0.51924562
10511, 36891455, 36891977, 1.73560274, 1.57339573, 3.88888550, 0.51924562
10512, 36892455, 36892976, 1.73991454, 1.57759190, 3.88888550, 0.63463354
10513, 36893455, 36893978, 1.74418688, 1.58102512, 3.92063141, 0.63463354
10514, 36894455, 36894976, 1.74841869, 1.58522129, 3.92063141, 0.75002146
10515, 36895455, 36895978, 1.75260866, 1.58941746, 3.92063141, 0.28846979
10516, 36896455, 36896980, 1.75675642, 1.59323215, 3.92063141, 0.63463354
10517, 36897455, 36897974, 1.76086140, 1.59704781, 3.92063141, 0.51924562
10518, 36898455, 36898977, 1.76492202, 1.60124397, 3.95237732, 0.40385768
10519, 36899455, 36899979, 1.76893520, 1.60544014, 3.95237732, 0.51924562
10520, 36900455, 36900979, 1.77289867, 1.60963631, 3.98412323, 0.75002146
10521, 36901455, 36901977, 1.77680945, 1.61345100, 4.01587677, 0.86540931
10522, 36902455, 36902977, 1.78066528, 1.61764717, 4.04762268, 0.51924562
10523, 36903455, 36903976, 1.78446472, 1.62222481, 4.07936859, 0.40385768
10524, 36904455, 36904990, 1.78820837, 1.62603951, 4.07936859, 0.40385768
10525, 36905455, 36905976, 1.79189491, 1.63023567, 4.07936859, 0.40385768
10526, 36906455, 36906976, 1.79552484, 1.63443184, 4.11111450, 0.28846979
10527, 36907455, 36907974, 1.79909670, 1.63824654, 4.11111450, 0.40385768
10528, 36908455, 36908974, 1.80261052, 1.64244270, 4.11111450, 0.63463354
10529, 36909455, 36909975, 1.80606472, 1.64663887, 4.07936859, 0.86540931
10530, 36910455, 36910977, 1.80945957, 1.65083504, 4.07936859, 0.40385768
10531, 36911455, 36911985, 1.81279421, 1.65464973, 4.04762268, 0.40385768
10532, 36912455, 36912975, 1.81606758, 1.65884686, 4.07936859, 0.28846979
10533, 36913455, 36913993, 1.81927860, 1.66304302, 4.07936859, 0.17308187
10534, 36914455, 36914975, 1.82242572, 1.66685772, 4.07936859, 0.17308187
10535, 36915455, 36915976, 1.82550859, 1.67105389, 4.07936859, 0.28846979
10536, 36916455, 36916974, 1.82852602, 1.67525005, 4.07936859, 0.51924562
10537, 36917455, 36917984, 1.83147705, 1.67944622, 4.07936859, 0.40385768
10538, 36918455, 36918972, 1.83436143, 1.68326092, 4.07936859, 0.28846979
10539, 36919455, 36919972, 1.83717787, 1.68745708, 4.07936859, 0.40385768
10540, 36920455, 36920973, 1.83992648, 1.69165325, 4.07936859, 0.28846979
10541, 36921455, 36921987, 1.84260643, 1.69546795, 4.07936859, 0.17308187
10542, 36922455, 36922975, 1.84521806, 1.69928265, 4.04762268, -0.05769395
10543, 36923455, 36923989, 1.84776115, 1.70347881, 4.01587677, 0.28846979
10544, 36924455, 36924985, 1.85023427, 1.70691204, 3.98412323, 0.28846979
10545, 36925455, 36925983, 1.85263658, 1.71110821, 3.98412323, 0.28846979
10546, 36926455, 36926984, 1.85496819, 1.71492290, 3.95237732, 0.28846979
10547, 36927455, 36927982, 1.85722840, 1.71873760, 3.92063141, 0.28846979
10548, 36928455, 36928984, 1.85941648, 1.72255325, 3.88888550, -0.17308187
10549, 36929455, 36929986, 1.86153197, 1.72636795, 3.85713959, -0.05769395
10550, 36930455, 36930986, 1.86357439, 1.73018265, 3.85713959, 0.05769395
10551, 36931455, 36931983, 1.86554265, 1.73361588, 3.82539368, 0.05769395
10552, 36932455, 36932983, 1.86743534, 1.73743057, 3.79364777, -0.17308187
10553, 36933455, 36933983, 1.86924982, 1.74124527, 3.79364777, 0.05769395
10554, 36934455, 36934983, 1.87098658, 1.74505997, 3.73015594, 0.28846979
10555, 36935455, 36935983, 1.87264538, 1.74849319, 3.69841003, 0.40385768
10556, 36936455, 36936981, 1.87422431, 1.75192642, 3.66666412, 0.28846979
10557, 36937455, 36937988, 1.87572205, 1.75535965, 3.63491821, -0.05769395
10558, 36938455, 36938986, 1.87713766, 1.75879288, 3.60317230, -0.17308187
10559, 36939455, 36939986, 1.87846899, 1.76184464, 3.53968048, -0.05769395
10560, 36940455, 36940984, 1.87971461, 1.76527786, 3.50793457, -0.51924562
10561, 36941455, 36941982, 1.88087249, 1.76871109, 3.47618866, -0.17308187
10562, 36942455, 36942986, 1.88194048, 1.77176285, 3.41269684, -0.05769395
10563, 36943455, 36943991, 1.88291740, 1.77519608, 3.38095093, 0.17308187
10564, 36944455, 36944989, 1.88380146, 1.77824783, 3.31745911, -0.05769395
10565, 36945455, 36945985, 1.88459158, 1.78130054, 3.28571320, 0.17308187
10566, 36946455, 36946983, 1.88528514, 1.78435230, 3.22222137, 0.05769395
10567, 36947455, 36947979, 1.88588083, 1.78702259, 3.15872955, 0.40385768
10568, 36948455, 36948982, 1.88637722, 1.79045582, 3.12698364, -0.17308187
10569, 36949455, 36949982, 1.88677311, 1.79350758, 3.06349182, -0.28846979
10570, 36950455, 36950986, 1.88706625, 1.79617786, 3.03174591, -0.17308187
10571, 36951455, 36951982, 1.88725662, 1.79884815, 2.96825409, -0.17308187
10572, 36952455, 36952978, 1.88734365, 1.80151844, 2.90476227, -0.17308187
10573, 36953455, 36953980, 1.88732517, 1.80418873, 2.87301636, -0.05769395
10574, 36954455, 36954983, 1.88719964, 1.80685902, 2.80952454, 0.05769395
10575, 36955455, 36955981, 1.88696718, 1.80952930, 2.77777863, -0.05769395
10576, 36956455, 36956985, 1.88662517, 1.81219959, 2.71428680, 0.05769395
10577, 36957455, 36957983, 1.88617218, 1.81448841, 2.65079498, 0.05769395
10578, 36958455, 36958981, 1.88560629, 1.81677723, 2.61904907, 0.05769395
10579, 36959455, 36959982, 1.88492656, 1.81944752, 2.55555725, -0.28846979
10580, 36960455, 36960980, 1.88413107, 1.82135487, 2.52381134, -0.17308187
10581, 36961455, 36961986, 1.88321853, 1.82364368, 2.46031952, -0.17308187
10582, 36962455, 36962986, 1.88218904, 1.82593250, 2.36508179, -0.28846979
10583, 36963455, 36963982, 1.88104045, 1.82783985, 2.33333588, -0.40385768
10584, 36964455, 36964978, 1.87977302, 1.82974720, 2.23809814, -0.40385768
10585, 36965455, 36965979, 1.87838578, 1.83165455, 2.17460632, -0.28846979
10586, 36966455, 36966983, 1.87687790, 1.83356190, 2.11111450, -0.40385768
10587, 36967455, 36967979, 1.87524807, 1.83546925, 2.04762268, -0.51924562
10588, 36968455, 36968981, 1.87349534, 1.83699512, 1.98412323, -0.51924562
10589, 36969455, 36969977, 1.87161863, 1.83852100, 1.88888550, -0.40385768
10590, 36970455, 36970979, 1.86961687, 1.84004688, 1.85713959, -0.28846979
10591, 36971455, 36971982, 1.86748886, 1.84157276, 1.73015594, -0.63463354
10592, 36972455, 36972986, 1.86523402, 1.84271717, 1.69841003, -0.63463354
10593, 36973455, 36973982, 1.86285222, 1.84386253, 1.60317230, -0.51924562
10594, 36974455, 36974988, 1.86034322, 1.84500694, 1.47618866, -0.28846979
10595, 36975455, 36975976, 1.85770619, 1.84615135, 1.38095093, -0.28846979
10596, 36976455, 36976977, 1.85494113, 1.84653282, 1.28571320, -0.51924562
10597, 36977455, 36977983, 1.85204732, 1.84767723, 1.19047546, -0.86540931
10598, 36978455, 36978975, 1.84902513, 1.84805870, 1.06349182, -0.75002146
10599, 36979455, 36979981, 1.84587610, 1.84882164, 0.96825409, -0.51924562
10600, 36980455, 36980977, 1.84260142, 1.84920311, 0.84127045, -0.40385768
10601, 36981455, 36981985, 1.83920217, 1.84920311, 0.71428680, -0.40385768
10602, 36982455, 36982992, 1.83568132, 1.84920311, 0.58730316, -0.40385768
10603, 36983455, 36983982, 1.83204126, 1.84920311, 0.46031952, -0.63463354
10604, 36984455, 36984984, 1.82828414, 1.84920311, 0.33333588, -0.17308187
10605, 36985455, 36985982, 1.82441235, 1.84920311, 0.23809814, -0.63463354
10606, 36986455, 36986980, 1.82042873, 1.84882164, 0.14286041, -0.75002146
10607, 36987455, 36987990, 1.81633747, 1.84844017, 0.01587677, -0.51924562
10608, 36988455, 36988981, 1.81214213, 1.84805870, -0.04762268, -0.86540931
10609, 36989455, 36989979, 1.80784655, 1.84767723, -0.14286041, -0.98079723
10610, 36990455, 36990981, 1.80345356, 1.84691429, -0.23809814, -0.98079723
10611, 36991455, 36991989, 1.79896760, 1.84615135, -0.26984406, -0.86540931
10612, 36992455, 36992979, 1.79439223, 1.84576988, -0.39682770, -0.75002146
10613, 36993455, 36993982, 1.78973210, 1.84462547, -0.49206543, -0.86540931
10614, 36994455, 36994982, 1.78499138, 1.84348011, -0.58730316, -0.98079723
10615, 36995455, 36995984, 1.78017437, 1.84271717, -0.65079498, -0.86540931
10616, 36996455, 36996980, 1.77528608, 1.84157276, -0.74603271, -0.86540931
10617, 36997455, 36997980, 1.77033150, 1.84004688, -0.87301636, -0.98079723
10618, 36998455, 36998979, 1.76531518, 1.83890247, -0.96825409, -0.86540931
10619, 36999455, 36999983, 1.76024282, 1.83737659, -1.06349182, -1.09618521
10620, 37000455, 37000989, 1.75511909, 1.83585072, -1.19047546, -0.86540931
10621, 37001455, 37001987, 1.74994850, 1.83394337, -1.28571320, -0.75002146
10622, 37002455, 37002985, 1.74473572, 1.83241749, -1.38095093, -0.98079723
10623, 37003455, 37003981, 1.73948455, 1.83012867, -1.47618866, -0.86540931
10624, 37004455, 37004986, 1.73419976, 1.82860279, -1.57143021, -0.75002146
10625, 37005455, 37005982, 1.72888756, 1.82631397, -1.66666794, -0.63463354
10626, 37006455, 37006984, 1.72355437, 1.82440662, -1.76190567, -0.63463354
10627, 37007455, 37007982, 1.71820414, 1.82211781, -1.85714340, -0.28846979
10628, 37008455, 37008992, 1.71284103, 1.81982899, -1.92063522, -0.40385768
10629, 37009455, 37009984, 1.70746994, 1.81754017, -1.98412704, -0.63463354
10630, 37010455, 37010981, 1.70209563, 1.81525135, -2.07936478, -0.63463354
10631, 37011455, 37011985, 1.69672322, 1.81258106, -2.17460251, -0.75002146
10632, 37012455, 37012985, 1.69135725, 1.80991077, -2.23809433, -0.40385768
10633, 37013455, 37013985, 1.68600285, 1.80685902, -2.33333206, -0.51924562
10634, 37014455, 37014985, 1.68066299, 1.80418873, -2.42856979, -0.75002146
10635, 37015455, 37015983, 1.67534304, 1.80113697, -2.52381134, -0.86540931
10636, 37016455, 37016984, 1.67004752, 1.79846668, -2.61904907, -0.98079723
10637, 37017455, 37017982, 1.66478038, 1.79541492, -2.71428680, -0.51924562
10638, 37018455, 37018980, 1.65954542, 1.79236317, -2.80952454, -0.51924562
10639, 37019455, 37019982, 1.65434670, 1.78931141, -2.87301636, -0.63463354
10640, 37020455, 37020982, 1.64918852, 1.78587818, -2.96825409, -0.40385768
10641, 37021455, 37021985, 1.64407265, 1.78282642, -3.03174591, -0.28846979
10642, 37022455, 37022981, 1.63900149, 1.77939224, -3.09523773, -0.63463354
10643, 37023455, 37023983, 1.63397920, 1.77595901, -3.12698364, -0.40385768
10644, 37024455, 37024979, 1.62900817, 1.77252579, -3.19047546, -0.51924562
10645, 37025455, 37025979, 1.62409067, 1.76909256, -3.25396729, -0.40385768
10646, 37026455, 37026979, 1.61922789, 1.76527786, -3.31745911, -0.40385768
10647, 37027455, 37027982, 1.61442113, 1.76184464, -3.38095093, -0.51924562
10648, 37028455, 37028984, 1.60967124, 1.75841141, -3.44444275, -0.28846979
10649, 37029455, 37029978, 1.60498011, 1.75459671, -3.47618866, -0.28846979
10650, 37030455, 37030982, 1.60034859, 1.75078201, -3.50793839, -0.17308187
10651, 37031455, 37031980, 1.59577799, 1.74696732, -3.60317612, -0.17308187
10652, 37032455, 37032979, 1.59126842, 1.74315262, -3.66666794, -0.28846979
10653, 37033455, 37033979, 1.58681989, 1.73895645, -3.69841385, -0.51924562
10654, 37034455, 37034979, 1.58243144, 1.73552322, -3.73015976, -0.28846979
10655, 37035455, 37035979, 1.57810223, 1.73132706, -3.79365158, -0.17308187
10656, 37036455, 37036979, 1.57383156, 1.72713089, -3.85714340, -0.40385768
10657, 37037455, 37037981, 1.56961763, 1.72331619, -3.88888931, -0.05769395
10658, 37038455, 37038980, 1.56545889, 1.71950150, -3.92063522, -0.05769395
10659, 37039455, 37039982, 1.56135285, 1.71530437, -3.95238113, -0.05769395
10660, 37040455, 37040982, 1.55729783, 1.71110821, -3.98412704, -0.17308187
10661, 37041455, 37041978, 1.55329096, 1.70691204, -4.01587296, -0.28846979
10662, 37042455, 37042982, 1.54932833, 1.70271587, -4.04761887, -0.28846979
10663, 37043455, 37043981, 1.54540861, 1.69851971, -4.07936478, -0.17308187
10664, 37044455, 37044981, 1.54152894, 1.69432354, -4.11111069, -0.05769395
10665, 37045455, 37045979, 1.53768635, 1.69012737, -4.14285660, 0.05769395
10666, 37046455, 37046979, 1.53387856, 1.68593121, -4.17460251, 0.17308187
10667, 37047455, 37047977, 1.53010154, 1.68173504, -4.20634842, 0.40385768
10668, 37048455, 37048977, 1.52635145, 1.67715740, -4.23809433, 0.05769395
10669, 37049455, 37049976, 1.52262461, 1.67296124, -4.26984024, -0.05769395
10670, 37050455, 37050976, 1.51891720, 1.66838360, -4.30158615, -0.05769395
10671, 37051455, 37051980, 1.51522601, 1.66380596, -4.33333206, -0.17308187
10672, 37052455, 37052980, 1.51154804, 1.65960979, -4.36507797, 0.05769395
10673, 37053455, 37053976, 1.50787854, 1.65503120, -4.36507797, 0.40385768
10674, 37054455, 37054976, 1.50421417, 1.65083504, -4.39682388, 0.28846979
10675, 37055455, 37055977, 1.50055087, 1.64625740, -4.39682388, 0.05769395
10676, 37056455, 37056979, 1.49688494, 1.64167976, -4.42856979, 0.17308187
10677, 37057455, 37057977, 1.49321187, 1.63748360, -4.42856979, 0.17308187
10678, 37058455, 37058979, 1.48952806, 1.63290596, -4.42856979, -0.17308187
10679, 37059455, 37059989, 1.48582828, 1.62832832, -4.42856979, -0.05769395
10680, 37060455, 37060977, 1.48210979, 1.62375069, -4.46031570, 0.05769395
10681, 37061455, 37061974, 1.47836876, 1.61955452, -4.49206161, 0.40385768
10682, 37062455, 37062976, 1.47460127, 1.61459541, -4.49206161, 0.51924562
10683, 37063455, 37063978, 1.47080302, 1.61001778, -4.52381134, 0.28846979
10684, 37064455, 37064972, 1.46697104, 1.60582161, -4.49206161, 0.51924562
10685, 37065455, 37065974, 1.46310163, 1.60124397, -4.52381134, 0.51924562
10686, 37066455, 37066975, 1.45919204, 1.59704781, -4.52381134, 0.51924562
10687, 37067455, 37067973, 1.45524001, 1.59246922, -4.52381134, 0.63463354
10688, 37068455, 37068973, 1.45124364, 1.58789158, -4.49206161, 0.75002146
10689, 37069455, 37069971, 1.44720185, 1.58407688, -4.46031570, 0.75002146
10690, 37070455, 37070985, 1.44311345, 1.57949924, -4.42856979, 0.40385768
10691, 37071455, 37071972, 1.43897843, 1.57530308, -4.39682388, 0.63463354
10692, 37072455, 37072974, 1.43479562, 1.57110691, -4.36507797, 0.75002146
10693, 37073455, 37073986, 1.43056345, 1.56729221, -4.33333206, 0.98079723
10694, 37074455, 37074986, 1.42628205, 1.56309605, -4.26984024, 0.51924562
10695, 37075455, 37075980, 1.42195284, 1.55928135, -4.20634842, 0.75002146
10696, 37076455, 37076974, 1.41757798, 1.55508518, -4.17460251, 0.86540931
10697, 37077455, 37077971, 1.41316009, 1.55088902, -4.11111069, 0.86540931
10698, 37078455, 37078983, 1.40870368, 1.54745579, -4.07936478, 0.63463354
10699, 37079455, 37079983, 1.40421617, 1.54364109, -4.01587296, 0.51924562
10700, 37080455, 37080983, 1.39970362, 1.53982639, -3.98412704, 0.51924562
10701, 37081455, 37081981, 1.39517438, 1.53601170, -3.92063522, 0.75002146
10702, 37082455, 37082981, 1.39063847, 1.53219700, -3.88888931, 0.40385768
10703, 37083455, 37083980, 1.38610876, 1.52876282, -3.88888931, 0.28846979
10704, 37084455, 37084986, 1.38159728, 1.52494812, -3.82539749, 0.51924562
10705, 37085455, 37085984, 1.37711859, 1.52151489, -3.79365158, 0.51924562
10706, 37086455, 37086978, 1.37268662, 1.51770020, -3.73015976, 0.40385768
10707, 37087455, 37087986, 1.36831737, 1.51426697, -3.73015976, 0.05769395
10708, 37088455, 37088982, 1.36402750, 1.51045227, -3.69841385, 0.17308187
10709, 37089455, 37089981, 1.35983670, 1.50701904, -3.63492203, 0.28846979
10710, 37090455, 37090985, 1.35576296, 1.50358582, -3.63492203, 0.17308187
10711, 37091455, 37091979, 1.35182369, 1.50015259, -3.60317612, 0.28846979
10712, 37092455, 37092985, 1.34804034, 1.49633789, -3.57143021, 0.28846979
10713, 37093455, 37093983, 1.34443438, 1.49328613, -3.53968430, 0.28846979
10714, 37094455, 37094984, 1.34103227, 1.48985291, -3.50793839, 0.63463354
10715, 37095455, 37095982, 1.33786261, 1.48641968, -3.53968430, 0.40385768
10716, 37096455, 37096982, 1.33495963, 1.48260498, -3.50793839, 0.28846979
10717, 37097455, 37097984, 1.33235872, 1.47879028, -3.53968430, 0.05769395
10718, 37098455, 37098982, 1.33009613, 1.47535706, -3.50793839, 0.17308187
10719, 37099455, 37099978, 1.32820618, 1.47192383, -3.50793839, 0.40385768
10720, 37100455, 37100985, 1.32672179, 1.46887207, -3.50793839, 0.17308187
10721, 37101455, 37101983, 1.32566702, 1.46543789, -3.50793839, 0.40385768
10722, 37102455, 37102981, 1.32505918, 1.46200466, -3.50793839, 0.28846979
10723, 37103455, 37103983, 1.32490659, 1.45857143, -3.44444275, 0.63463354
10724, 37104455, 37104981, 1.32521343, 1.45513821, -3.44444275, 0.63463354
10725, 37105455, 37105979, 1.32597518, 1.45208645, -3.44444275, 0.98079723
10726, 37106455, 37106986, 1.32717693, 1.44865322, -3.41269684, 0.75002146
10727, 37107455, 37107978, 1.32879376, 1.44560146, -3.38095093, 0.28846979
10728, 37108455, 37108980, 1.33078921, 1.44216824, -3.34920502, 0.86540931
10729, 37109455, 37109978, 1.33311450, 1.43911648, -3.31745911, 0.98079723
10730, 37110455, 37110984, 1.33571124, 1.43606472, -3.28571320, 0.98079723
10731, 37111455, 37111976, 1.33851576, 1.43339443, -3.22222137, 1.32696104
10732, 37112455, 37112977, 1.34147632, 1.43034267, -3.15872955, 1.21157312
10733, 37113455, 37113977, 1.34454525, 1.42767239, -3.09523773, 1.09618521
10734, 37114455, 37114979, 1.34768844, 1.42500210, -3.03174591, 1.78851259
10735, 37115455, 37115981, 1.35088265, 1.42233181, -2.93650818, 1.44234896
10736, 37116455, 37116977, 1.35410869, 1.42004299, -2.84127045, 1.78851259
10737, 37117455, 37117977, 1.35735428, 1.41813564, -2.77777863, 1.55773675
10738, 37118455, 37118977, 1.36060965, 1.41546535, -2.65079498, 1.55773675
10739, 37119455, 37119976, 1.36386704, 1.41355801, -2.52381134, 1.09618521
10740, 37120455, 37120976, 1.36712146, 1.41203213, -2.42856979, 1.44234896
10741, 37121455, 37121974, 1.37036967, 1.41012478, -2.30158615, 1.67312467
10742, 37122455, 37122982, 1.37360823, 1.40859890, -2.17460251, 1.44234896
10743, 37123455, 37123984, 1.37683702, 1.40707302, -2.04761887, 1.32696104
10744, 37124455, 37124989, 1.38005757, 1.40554619, -1.92063522, 1.44234896
10745, 37125455, 37125983, 1.38326907, 1.40440178, -1.79365158, 1.55773675
10746, 37126455, 37126983, 1.38647068, 1.40325737, -1.69841385, 1.44234896
10747, 37127455, 37127981, 1.38966203, 1.40211296, -1.57143021, 1.21157312
10748, 37128455, 37128975, 1.39284337, 1.40135002, -1.41269684, 0.86540931
10749, 37129455, 37129975, 1.39601374, 1.40058708, -1.31745911, 1.32696104
10750, 37130455, 37130982, 1.39917135, 1.39982414, -1.19047546, 1.44234896
10751, 37131455, 37131982, 1.40231514, 1.39944267, -1.06349182, 1.32696104
10752, 37132455, 37132980, 1.40544188, 1.39867973, -0.93650818, 1.21157312
10753, 37133455, 37133980, 1.40854836, 1.39867973, -0.80952454, 0.75002146
10754, 37134455, 37134980, 1.41163146, 1.39829826, -0.68254089, 0.75002146
10755, 37135455, 37135981, 1.41468799, 1.39829826, -0.55555725, 0.86540931
10756, 37136455, 37136979, 1.41771460, 1.39829826, -0.46031952, 0.28846979
10757, 37137455, 37137979, 1.42070889, 1.39829826, -0.33333588, 0.98079723
10758, 37138455, 37138979, 1.42366683, 1.39867973, -0.26984406, 1.09618521
10759, 37139455, 37139979, 1.42658305, 1.39867973, -0.14286041, 1.09618521
10760, 37140455, 37140985, 1.42945266, 1.39906120, -0.04762268, 0.63463354
10761, 37141455, 37141982, 1.43227208, 1.39944267, 0.01587677, 1.09618521
10762, 37142455, 37142984, 1.43503606, 1.40020561, 0.11111450, 0.98079723
10763, 37143455, 37143988, 1.43774080, 1.40058708, 0.20635223, 1.09618521
10764, 37144455, 37144984, 1.44038403, 1.40135002, 0.23809814, 0.86540931
10765, 37145455, 37145976, 1.44296575, 1.40173149, 0.33333588, 0.40385768
10766, 37146455, 37146986, 1.44548821, 1.40249443, 0.42857361, 1.09618521
10767, 37147455, 37147979, 1.44795573, 1.40325737, 0.49206543, 1.09618521
10768, 37148455, 37148983, 1.45037532, 1.40440178, 0.55555725, 1.09618521
10769, 37149455, 37149985, 1.45275533, 1.40516472, 0.61904907, 0.75002146
10770, 37150455, 37150985, 1.45510745, 1.40592766, 0.68254089, 1.09618521
10771, 37151455, 37151981, 1.45744419, 1.40707302, 0.74603271, 0.98079723
10772, 37152455, 37152990, 1.45977867, 1.40821743, 0.80952454, 0.98079723
10773, 37153455, 37153982, 1.46212482, 1.40936184, 0.87301636, 0.75002146
10774, 37154455, 37154980, 1.46449530, 1.41012478, 0.90476227, 0.75002146
10775, 37155455, 37155980, 1.46690273, 1.41165066, 0.96825409, 0.75002146
10776, 37156455, 37156986, 1.46935773, 1.41241360, 1.00000000, 0.63463354
10777, 37157455, 37157986, 1.47187030, 1.41393948, 1.03174591, 0.86540931
10778, 37158455, 37158985, 1.47444916, 1.41508389, 1.06349182, 0.98079723
10779, 37159455, 37159985, 1.47710061, 1.41622829, 1.09523773, 0.98079723
10780, 37160455, 37160981, 1.47982657, 1.41775417, 1.12698364, 0.98079723
10781, 37161455, 37161983, 1.48262644, 1.41889858, 1.19047546, 1.32696104
10782, 37162455, 37162985, 1.48549807, 1.42042446, 1.22222137, 0.86540931
10783, 37163455, 37163984, 1.48843777, 1.42195034, 1.25396729, 1.21157312
10784, 37164455, 37164984, 1.49144089, 1.42347622, 1.31745911, 0.98079723
10785, 37165455, 37165986, 1.49450207, 1.42462063, 1.34920502, 0.75002146
10786, 37166455, 37166984, 1.49761498, 1.42652798, 1.41269684, 0.98079723
10787, 37167455, 37167988, 1.50077379, 1.42805386, 1.41269684, 0.98079723
10788, 37168455, 37168982, 1.50397348, 1.42957973, 1.44444275, 0.63463354
10789, 37169455, 37169985, 1.50720906, 1.43110561, 1.50793457, 0.75002146
10790, 37170455, 37170983, 1.51047635, 1.43301296, 1.53968048, 0.51924562
10791, 37171455, 37171983, 1.51377153, 1.43453884, 1.57142639, 0.75002146
10792, 37172455, 37172983, 1.51709175, 1.43682766, 1.60317230, 0.63463354
10793, 37173455, 37173983, 1.52043450, 1.43835354, 1.63491821, 0.98079723
10794, 37174455, 37174983, 1.52379632, 1.44026089, 1.66666412, 0.75002146
10795, 37175455, 37175982, 1.52717555, 1.44216824, 1.73015594, 0.86540931
10796, 37176455, 37176982, 1.53057075, 1.44407558, 1.76190186, 0.75002146
10797, 37177455, 37177980, 1.53397894, 1.44598293, 1.79364777, 0.63463354
10798, 37178455, 37178982, 1.53739774, 1.44789028, 1.82539368, 0.75002146
10799, 37179455, 37179984, 1.54082525, 1.44979763, 1.88888550, 0.98079723
10800, 37180455, 37180985, 1.54426110, 1.45246792, 1.92063141, 0.98079723
10801, 37181455, 37181983, 1.54770660, 1.45437527, 1.92063141, 0.98079723
10802, 37182455, 37182985, 1.55116510, 1.45628262, 1.95237732, 0.98079723
10803, 37183455, 37183981, 1.55463898, 1.45895290, 2.01587677, 0.75002146
10804, 37184455, 37184979, 1.55813098, 1.46086025, 2.04762268, 0.75002146
10805, 37185455, 37185981, 1.56164348, 1.46314907, 2.07936859, 0.40385768
10806, 37186455, 37186986, 1.56517828, 1.46543789, 2.11111450, 0.98079723
10807, 37187455, 37187984, 1.56873846, 1.46772671, 2.14286041, 0.75002146
10808, 37188455, 37188982, 1.57232618, 1.47001648, 2.17460632, 0.98079723
10809, 37189455, 37189980, 1.57594180, 1.47230530, 2.23809814, 0.75002146
10810, 37190455, 37190984, 1.57958519, 1.47497559, 2.26984406, 0.75002146
10811, 37191455, 37191982, 1.58325624, 1.47726440, 2.30158997, 0.63463354
10812, 37192455, 37192983, 1.58695412, 1.47993469, 2.33333588, 0.98079723
10813, 37193455, 37193981, 1.59067655, 1.48260498, 2.36508179, 0.86540931
10814, 37194455, 37194981, 1.59442127, 1.48489380, 2.39682770, 0.86540931
10815, 37195455, 37195981, 1.59818614, 1.48756409, 2.46031952, 0.86540931
10816, 37196455, 37196979, 1.60196733, 1.49023438, 2.49206543, 0.75002146
10817, 37197455, 37197979, 1.60576212, 1.49290466, 2.49206543, 0.63463354
10818, 37198455, 37198978, 1.60956824, 1.49557495, 2.55555725, 0.51924562
10819, 37199455, 37199996, 1.61338413, 1.49824524, 2.58730316, 0.17308187
10820, 37200455, 37200980, 1.61720884, 1.50091553, 2.61904907, 0.75002146
10821, 37201455, 37201980, 1.62104058, 1.50358582, 2.65079498, 0.51924562
10822, 37202455, 37202976, 1.62487769, 1.50663757, 2.65079498, 0.75002146
10823, 37203455, 37203979, 1.62871897, 1.50930786, 2.68254089, 0.86540931
10824, 37204455, 37204979, 1.63256288, 1.51197815, 2.68254089, 0.51924562
10825, 37205455, 37205979, 1.63641000, 1.51502991, 2.71428680, 0.98079723
10826, 37206455, 37206979, 1.64025962, 1.51770020, 2.74603271, 0.51924562
10827, 37207455, 37207977, 1.64411044, 1.52075195, 2.74603271, 1.44234896
10828, 37208455, 37208990, 1.64796078, 1.52342224, 2.77777863, 0.75002146
10829, 37209455, 37209976, 1.65180874, 1.52647400, 2.80952454, 0.51924562
10830, 37210455, 37210978, 1.65565443, 1.52952576, 2.84127045, 0.40385768
10831, 37211455, 37211978, 1.65949821, 1.53257847, 2.90476227, 0.51924562
10832, 37212455, 37212986, 1.66333890, 1.53563023, 2.93650818, 0.75002146
10833, 37213455, 37213976, 1.66717505, 1.53868198, 2.96825409, 0.51924562
10834, 37214455, 37214975, 1.67100537, 1.54173374, 3.00000000, 0.63463354
10835, 37215455, 37215977, 1.67482865, 1.54516697, 3.03174591, 0.63463354
10836, 37216455, 37216977, 1.67864490, 1.54821873, 3.03174591, 0.63463354
10837, 37217455, 37217979, 1.68245351, 1.55127048, 3.03174591, 0.98079723
10838, 37218455, 37218987, 1.68625343, 1.55432224, 3.06349182, 0.75002146
10839, 37219455, 37219973, 1.69004261, 1.55775547, 3.09523773, 0.75002146
10840, 37220455, 37220988, 1.69381964, 1.56118870, 3.12698364, 0.51924562
10841, 37221455, 37221974, 1.69758451, 1.56424046, 3.12698364, 0.86540931
10842, 37222455, 37222986, 1.70133686, 1.56729221, 3.15872955, 0.17308187
10843, 37223455, 37223982, 1.70507634, 1.57072544, 3.19047546, 0.86540931
10844, 37224455, 37224984, 1.70880306, 1.57415867, 3.22222137, 0.63463354
10845, 37225455, 37225968, 1.71251571, 1.57759190, 3.22222137, 0.51924562
10846, 37226455, 37226971, 1.71621263, 1.58064365, 3.22222137, 0.86540931
10847, 37227455, 37227979, 1.71989167, 1.58407688, 3.28571320, 0.63463354
10848, 37228455, 37228981, 1.72355139, 1.58751011, 3.28571320, 0.75002146
10849, 37229455, 37229981, 1.72718918, 1.59056187, 3.28571320, 0.51924562
10850, 37230455, 37230985, 1.73080254, 1.59399605, 3.28571320, 0.40385768
10851, 37231455, 37231983, 1.73439002, 1.59742928, 3.31745911, 0.17308187
10852, 37232455, 37232984, 1.73795068, 1.60086250, 3.31745911, 0.05769395
10853, 37233455, 37233984, 1.74148476, 1.60429573, 3.38095093, 0.40385768
10854, 37234455, 37234984, 1.74499154, 1.60772896, 3.38095093, 0.51924562
10855, 37235455, 37235990, 1.74847019, 1.61154366, 3.38095093, 0.40385768
10856, 37236455, 37236984, 1.75192082, 1.61497688, 3.38095093, 0.40385768
10857, 37237455, 37237983, 1.75534189, 1.61841011, 3.41269684, 0.63463354
10858, 37238455, 37238981, 1.75873232, 1.62184334, 3.44444275, 0.75002146
10859, 37239455, 37239979, 1.76209056, 1.62527657, 3.44444275, 0.51924562
10860, 37240455, 37240987, 1.76541603, 1.62832832, 3.47618866, 0.17308187
10861, 37241455, 37241981, 1.76870811, 1.63214302, 3.44444275, 0.40385768
10862, 37242455, 37242981, 1.77196562, 1.63557625, 3.44444275, 0.40385768
10863, 37243455, 37243980, 1.77518880, 1.63900948, 3.44444275, 0.40385768
10864, 37244455, 37244982, 1.77837789, 1.64244270, 3.44444275, 0.51924562
10865, 37245455, 37245984, 1.78153312, 1.64587593, 3.44444275, 0.17308187
10866, 37246455, 37246980, 1.78465426, 1.64930916, 3.44444275, 0.40385768
10867, 37247455, 37247978, 1.78774107, 1.65312386, 3.44444275, 0.51924562
10868, 37248455, 37248984, 1.79079258, 1.65655804, 3.44444275, 0.40385768
10869, 37249455, 37249983, 1.79380858, 1.65999126, 3.44444275, 0.40385768
10870, 37250455, 37250981, 1.79678977, 1.66304302, 3.44444275, 0.40385768
10871, 37251455, 37251979, 1.79973710, 1.66647625, 3.41269684, 0.28846979
10872, 37252455, 37252981, 1.80265117, 1.66990948, 3.41269684, 0.51924562
10873, 37253455, 37253981, 1.80553246, 1.67372417, 3.44444275, 0.40385768
10874, 37254455, 37254979, 1.80838168, 1.67715740, 3.44444275, 0.40385768
10875, 37255455, 37255978, 1.81119847, 1.68020916, 3.44444275, 0.75002146
10876, 37256455, 37256978, 1.81398153, 1.68364239, 3.44444275, 0.63463354
10877, 37257455, 37257978, 1.81673002, 1.68745708, 3.41269684, 0.28846979
10878, 37258455, 37258980, 1.81944382, 1.69050884, 3.41269684, 0.40385768
10879, 37259455, 37259978, 1.82212114, 1.69432354, 3.44444275, 0.17308187
10880, 37260455, 37260979, 1.82476032, 1.69737530, 3.44444275, 0.17308187
10881, 37261455, 37261985, 1.82736015, 1.70080853, 3.38095093, -0.05769395
10882, 37262455, 37262981, 1.82991850, 1.70386028, 3.34920502, 0.40385768
10883, 37263455, 37263977, 1.83243561, 1.70729351, 3.31745911, 0.40385768
10884, 37264455, 37264983, 1.83491123, 1.71072674, 3.31745911, 0.28846979
10885, 37265455, 37265978, 1.83734262, 1.71377850, 3.31745911, 0.75002146
10886, 37266455, 37266986, 1.83972859, 1.71721172, 3.28571320, 0.28846979
10887, 37267455, 37267976, 1.84206831, 1.72026443, 3.28571320, 0.28846979
10888, 37268455, 37268984, 1.84436023, 1.72369766, 3.25396729, 0.17308187
10889, 37269455, 37269990, 1.84660327, 1.72713089, 3.25396729, 0.05769395
10890, 37270455, 37270976, 1.84879649, 1.73018265, 3.25396729, 0.17308187
10891, 37271455, 37271981, 1.85093927, 1.73323441, 3.25396729, 0.17308187
10892, 37272455, 37272975, 1.85303044, 1.73628616, 3.22222137, 0.28846979
10893, 37273455, 37273981, 1.85506833, 1.73971939, 3.19047546, 0.17308187
10894, 37274455, 37274981, 1.85705197, 1.74277115, 3.19047546, 0.28846979
10895, 37275455, 37275981, 1.85898018, 1.74582291, 3.15872955, 0.40385768
10896, 37276455, 37276977, 1.86085176, 1.74887466, 3.15872955, 0.05769395
10897, 37277455, 37277980, 1.86266577, 1.75192642, 3.12698364, 0.28846979
10898, 37278455, 37278984, 1.86442101, 1.75497818, 3.09523773, 0.05769395
10899, 37279455, 37279986, 1.86611652, 1.75802994, 3.06349182, 0.17308187
10900, 37280455, 37280986, 1.86775112, 1.76108170, 3.03174591, 0.05769395
10901, 37281455, 37281986, 1.86932421, 1.76375198, 3.00000000, -0.05769395
10902, 37282455, 37282984, 1.87083471, 1.76680374, 2.96825409, -0.05769395
10903, 37283455, 37283979, 1.87228060, 1.76947403, 2.93650818, -0.05769395
10904, 37284455, 37284979, 1.87366068, 1.77214432, 2.93650818, 0.17308187
10905, 37285455, 37285977, 1.87497437, 1.77519608, 2.90476227, 0.28846979
10906, 37286455, 37286989, 1.87622058, 1.77786636, 2.87301636, 0.28846979
10907, 37287455, 37287977, 1.87739813, 1.78053665, 2.80952454, 0.51924562
10908, 37288455, 37288980, 1.87850702, 1.78320789, 2.80952454, -0.05769395
10909, 37289455, 37289986, 1.87954760, 1.78587818, 2.77777863, 0.51924562
10910, 37290455, 37290984, 1.88051832, 1.78854847, 2.74603271, -0.17308187
10911, 37291455, 37291978, 1.88141835, 1.79083729, 2.71428680, 0.05769395
10912, 37292455, 37292984, 1.88224638, 1.79388905, 2.68254089, -0.28846979
10913, 37293455, 37293984, 1.88300192, 1.79617786, 2.65079498, 0.05769395
10914, 37294455, 37294981, 1.88368452, 1.79846668, 2.61904907, -0.05769395
10915, 37295455, 37295977, 1.88429356, 1.80075550, 2.58730316, -0.40385768
10916, 37296455, 37296979, 1.88482749, 1.80342579, 2.55555725, -0.05769395
10917, 37297455, 37297985, 1.88528514, 1.80571461, 2.49206543, 0.05769395
10918, 37298455, 37298985, 1.88566482, 1.80800343, 2.42857361, 0.05769395
10919, 37299455, 37299986, 1.88596642, 1.81029224, 2.42857361, 0.05769395
10920, 37300455, 37300978, 1.88618970, 1.81258106, 2.36508179, 0.05769395
10921, 37301455, 37301986, 1.88633287, 1.81486988, 2.33333588, -0.05769395
10922, 37302455, 37302984, 1.88639450, 1.81677723, 2.30158997, 0.05769395
10923, 37303455, 37303982, 1.88637376, 1.81906605, 2.23809814, 0.17308187
10924, 37304455, 37304984, 1.88626969, 1.82097340, 2.20635223, 0.05769395
10925, 37305455, 37305981, 1.88608110, 1.82288074, 2.14286041, -0.17308187
10926, 37306455, 37306983, 1.88580561, 1.82478809, 2.14286041, 0.05769395
10927, 37307455, 37307983, 1.88544095, 1.82669544, 2.04762268, -0.17308187
10928, 37308455, 37308985, 1.88498616, 1.82860279, 2.01587677, -0.28846979
10929, 37309455, 37309987, 1.88444126, 1.83012867, 1.95237732, -0.40385768
10930, 37310455, 37310990, 1.88380563, 1.83203602, 1.92063141, -0.17308187
10931, 37311455, 37311984, 1.88307822, 1.83356190, 1.85713959, 0.05769395
10932, 37312455, 37312986, 1.88225830, 1.83508778, 1.79364777, -0.17308187
10933, 37313455, 37313984, 1.88134468, 1.83661366, 1.76190186, -0.28846979
10934, 37314455, 37314984, 1.88033652, 1.83813953, 1.69841003, -0.28846979
10935, 37315455, 37315984, 1.87923276, 1.83966541, 1.63491821, -0.05769395
10936, 37316455, 37316985, 1.87803209, 1.84119129, 1.57142639, -0.05769395
10937, 37317455, 37317987, 1.87673390, 1.84233570, 1.50793457, 0.05769395
10938, 37318455, 37318987, 1.87533748, 1.84348011, 1.47618866, 0.05769395
10939, 37319455, 37319983, 1.87384188, 1.84462547, 1.41269684, 0.05769395
10940, 37320455, 37320985, 1.87224603, 1.84615135, 1.38095093, 0.17308187
10941, 37321455, 37321981, 1.87054884, 1.84691429, 1.31745911, 0.28846979
10942, 37322455, 37322984, 1.86874878, 1.84805870, 1.25396729, -0.05769395
10943, 37323455, 37323986, 1.86684370, 1.84920311, 1.22222137, -0.05769395
10944, 37324455, 37324982, 1.86483359, 1.84996605, 1.15872955, 0.28846979
10945, 37325455, 37325984, 1.86271858, 1.85072899, 1.09523773, -0.05769395
10946, 37326455, 37326982, 1.86049867, 1.85149193, 1.03174591, -0.40385768
10947, 37327455, 37327983, 1.85817277, 1.85225487, 1.00000000, -0.28846979
10948, 37328455, 37328985, 1.85573995, 1.85301781, 0.93650818, -0.17308187
10949, 37329455, 37329981, 1.85320127, 1.85339928, 0.87301636, -0.40385768
10950, 37330455, 37330983, 1.85055614, 1.85416222, 0.77777863, -0.28846979
10951, 37331455, 37331981, 1.84780407, 1.85454369, 0.71428680, -0.28846979
10952, 37332455, 37332981, 1.84494579, 1.85492516, 0.65079498, -0.28846979
10953, 37333455, 37333982, 1.84198201, 1.85492516, 0.58730316, -0.40385768
10954, 37334455, 37334986, 1.83891237, 1.85530663, 0.49206543, -0.51924562
10955, 37335455, 37335984, 1.83573592, 1.85530663, 0.39682770, -0.40385768
10956, 37336455, 37336980, 1.83245289, 1.85568810, 0.33333588, -0.40385768
10957, 37337455, 37337980, 1.82906365, 1.85568810, 0.26984406, -0.40385768
10958, 37338455, 37338985, 1.82556880, 1.85530663, 0.20635223, -0.63463354
10959, 37339455, 37339981, 1.82196867, 1.85530663, 0.14286041, -0.40385768
10960, 37340455, 37340987, 1.81826365, 1.85492516, 0.04762268, -0.63463354
10961, 37341455, 37341981, 1.81445479, 1.85454369, -0.01587677, -0.51924562
10962, 37342455, 37342981, 1.81054330, 1.85416222, -0.07936859, -0.40385768
10963, 37343455, 37343981, 1.80653024, 1.85339928, -0.17460632, -0.75002146
10964, 37344455, 37344982, 1.80241740, 1.85301781, -0.23809814, -0.51924562
10965, 37345455, 37345978, 1.79820657, 1.85225487, -0.33333588, -0.75002146
10966, 37346455, 37346976, 1.79389799, 1.85149193, -0.42857361, -0.40385768
10967, 37347455, 37347976, 1.78949296, 1.85072899, -0.52381134, -0.75002146
10968, 37348455, 37348976, 1.78499353, 1.84996605, -0.58730316, -0.28846979
10969, 37349455, 37349976, 1.78040063, 1.84882164, -0.68254089, -0.63463354
10970, 37350455, 37350979, 1.77571583, 1.84767723, -0.74603271, -0.86540931
10971, 37351455, 37351977, 1.77094162, 1.84615135, -0.84127045, -0.75002146
10972, 37352455, 37352975, 1.76608121, 1.84500694, -0.96825409, -0.40385768
10973, 37353455, 37353979, 1.76113725, 1.84348011, -1.03174591, -0.40385768
10974, 37354455, 37354977, 1.75611198, 1.84233570, -1.12698364, -0.63463354
10975, 37355455, 37355978, 1.75100732, 1.84042835, -1.22222137, -0.75002146
10976, 37356455, 37356986, 1.74582493, 1.83890247, -1.31745911, -0.63463354
10977, 37357455, 37357976, 1.74056697, 1.83699512, -1.41269684, -0.51924562
10978, 37358455, 37358976, 1.73523676, 1.83508778, -1.50793839, -1.21157312
10979, 37359455, 37359974, 1.72983825, 1.83279896, -1.60317612, -1.09618521
10980, 37360455, 37360976, 1.72437334, 1.83089161, -1.69841385, -0.86540931
10981, 37361455, 37361973, 1.71884382, 1.82898426, -1.76190567, -0.98079723
10982, 37362455, 37362973, 1.71325326, 1.82631397, -1.88888931, -0.86540931
10983, 37363455, 37363977, 1.70760572, 1.82402515, -1.98412704, -0.75002146
10984, 37364455, 37364985, 1.70190430, 1.82173634, -2.04761887, -0.75002146
10985, 37365455, 37365981, 1.69615233, 1.81944752, -2.14285660, -0.75002146
10986, 37366455, 37366985, 1.69035232, 1.81639576, -2.23809433, -0.40385768
10987, 37367455, 37367972, 1.68450618, 1.81372547, -2.30158615, -0.51924562
10988, 37368455, 37368970, 1.67861664, 1.81105518, -2.39682388, -0.51924562
10989, 37369455, 37369972, 1.67268670, 1.80838490, -2.52381134, -0.51924562
10990, 37370455, 37370984, 1.66671860, 1.80533314, -2.58730316, -0.75002146
10991, 37371455, 37371986, 1.66071475, 1.80228138, -2.68254089, -0.98079723
10992, 37372455, 37372968, 1.65467715, 1.79922962, -2.77777863, -1.09618521
10993, 37373455, 37373983, 1.64860797, 1.79579639, -2.87301636, -1.21157312
10994, 37374455, 37374969, 1.64250922, 1.79236317, -2.96825409, -0.75002146
10995, 37375455, 37375983, 1.63638306, 1.78892994, -3.09523773, -0.75002146
10996, 37376455, 37376983, 1.63023162, 1.78549671, -3.15872955, -0.51924562
10997, 37377455, 37377981, 1.62405694, 1.78206348, -3.22222137, -0.51924562
10998, 37378455, 37378982, 1.61786079, 1.77824783, -3.31745911, -0.28846979
10999, 37379455, 37379984, 1.61164510, 1.77481461, -3.41269684, -0.51924562
11000, 37380455, 37380982, 1.60541177, 1.77099991, -3.47618866, -0.40385768
11001, 37381455, 37381982, 1.59916234, 1.76718521, -3.53968430, -0.63463354
11002, 37382455, 37382984, 1.59289873, 1.76298904, -3.63492203, -0.98079723
11003, 37383455, 37383969, 1.58662164, 1.75879288, -3.69841385, -0.63463354
11004, 37384455, 37384987, 1.58033133, 1.75497818, -3.76190567, -0.63463354
11005, 37385455, 37385979, 1.57402897, 1.75078201, -3.85714340, -0.51924562
11006, 37386455, 37386981, 1.56771541, 1.74658585, -3.92063522, -0.40385768
11007, 37387455, 37387981, 1.56139159, 1.74238968, -3.98412704, -0.28846979
11008, 37388455, 37388981, 1.55505800, 1.73781204, -4.07936478, -0.40385768
11009, 37389455, 37389986, 1.54871404, 1.73323441, -4.14285660, -0.63463354
11010, 37390455, 37390978, 1.54235995, 1.72865677, -4.20634842, -0.63463354
11011, 37391455, 37391980, 1.53599715, 1.72446060, -4.30158615, -0.28846979
11012, 37392455, 37392978, 1.52962565, 1.71950150, -4.36507797, -0.28846979
11013, 37393455, 37393980, 1.52324522, 1.71492290, -4.46031570, -0.28846979
11014, 37394455, 37394986, 1.51685584, 1.71034527, -4.52381134, -0.17308187
11015, 37395455, 37395981, 1.51045692, 1.70538616, -4.58730316, -0.28846979
11016, 37396455, 37396985, 1.50404847, 1.70080853, -4.65079498, -0.40385768
11017, 37397455, 37397979, 1.49762952, 1.69546795, -4.68254089, -0.63463354
11018, 37398455, 37398987, 1.49119985, 1.69089031, -4.74603271, -0.40385768
11019, 37399455, 37399981, 1.48475933, 1.68593121, -4.77777863, -0.17308187
11020, 37400455, 37400982, 1.47830725, 1.68059063, -4.84127045, 0.05769395
11021, 37401455, 37401980, 1.47184241, 1.67563152, -4.87301636, -0.05769395
11022, 37402455, 37402980, 1.46536517, 1.67029095, -4.90476227, 0.17308187
11023, 37403455, 37403982, 1.45887649, 1.66533184, -4.96825409, -0.17308187
11024, 37404455, 37404980, 1.45237637, 1.66037273, -5.03174591, -0.28846979
11025, 37405455, 37405982, 1.44586611, 1.65464973, -5.09523773, -0.28846979
11026, 37406455, 37406987, 1.43934739, 1.64969063, -5.12698364, -0.05769395
11027, 37407455, 37407981, 1.43282056, 1.64435005, -5.15872955, 0.05769395
11028, 37408455, 37408983, 1.42628586, 1.63900948, -5.22222137, -0.17308187
11029, 37409455, 37409981, 1.41974461, 1.63366890, -5.22222137, -0.17308187
11030, 37410455, 37410983, 1.41319978, 1.62832832, -5.28571320, -0.51924562
11031, 37411455, 37411977, 1.40665305, 1.62260628, -5.31745911, -0.28846979
11032, 37412455, 37412990, 1.40010548, 1.61726570, -5.31745911, -0.28846979
11033, 37413455, 37413984, 1.39355886, 1.61192513, -5.38095093, 0.05769395
11034, 37414455, 37414980, 1.38701522, 1.60658455, -5.38095093, -0.28846979
11035, 37415455, 37415978, 1.38047719, 1.60048103, -5.44444275, -0.28846979
11036, 37416455, 37416984, 1.37394702, 1.59514046, -5.44444275, -0.17308187
11037, 37417455, 37417981, 1.36742723, 1.58941746, -5.53968430, -0.05769395
11038, 37418455, 37418987, 1.36092091, 1.58407688, -5.53968430, -0.05769395
11039, 37419455, 37419989, 1.35443187, 1.57797337, -5.57143021, -0.28846979
11040, 37420455, 37420981, 1.34796476, 1.57263279, -5.60317612, 0.17308187
11041, 37421455, 37421985, 1.34152341, 1.56729221, -5.63492203, -0.17308187
11042, 37422455, 37422983, 1.33511245, 1.56157017, -5.82539749, -0.05769395
11043, 37423455, 37423982, 1.32873762, 1.55546665, -5.76190567, 0.05769395
11044, 37424455, 37424982, 1.32240510, 1.54974461, -5.69841385, 0.05769395
11045, 37425455, 37425984, 1.31612170, 1.54402256, -5.69841385, -0.05769395
11046, 37426455, 37426988, 1.30989635, 1.53791904, -5.73015976, -0.17308187
11047, 37427455, 37427982, 1.30373919, 1.53219700, -5.73015976, -0.05769395
11048, 37428455, 37428985, 1.29766142, 1.52609253, -5.76190567, -0.17308187
11049, 37429455, 37429983, 1.29167747, 1.52037048, -5.79365158, 0.17308187
11050, 37430455, 37430985, 1.28580070, 1.51464844, -5.76190567, -0.05769395
11051, 37431455, 37431983, 1.28004444, 1.50854492, -5.76190567, -0.17308187
11052, 37432455, 37432985, 1.27442336, 1.50244141, -5.85714340, -0.40385768
11053, 37433455, 37433979, 1.26895237, 1.49671936, -5.85714340, -0.51924562
11054, 37434455, 37434984, 1.26364589, 1.49061584, -5.88888931, 0.05769395
11055, 37435455, 37435984, 1.25851798, 1.48451233, -5.92063522, 0.17308187
11056, 37436455, 37436990, 1.25358105, 1.47840881, -5.95238113, 0.05769395
11057, 37437455, 37437978, 1.24884427, 1.47268677, -5.95238113, 0.05769395
11058, 37438455, 37438988, 1.24431598, 1.46620083, -5.92063522, 0.05769395
11059, 37439455, 37439982, 1.24000204, 1.46009731, -6.01587296, 0.05769395
11060, 37440455, 37440979, 1.23590577, 1.45437527, -6.20634842, 0.17308187
11061, 37441455, 37441985, 1.23202693, 1.44827175, -6.07936478, 0.63463354
11062, 37442455, 37442989, 1.22836292, 1.44216824, -6.07936478, 0.17308187
11063, 37443455, 37443977, 1.22490931, 1.43644619, -6.07936478, 0.28846979
11064, 37444455, 37444991, 1.22165966, 1.43034267, -6.11111069, 0.17308187
11065, 37445455, 37445980, 1.21860731, 1.42423916, -6.17460251, 0.40385768
11066, 37446455, 37446988, 1.21574152, 1.41813564, -6.07936478, 0.51924562
11067, 37447455, 37447982, 1.21304953, 1.41203213, -6.04761887, 0.40385768
11068, 37448455, 37448986, 1.21051824, 1.40592766, -5.88888931, 0.63463354
11069, 37449455, 37449980, 1.20813572, 1.40020561, -6.01587296, 0.63463354
11070, 37450455, 37450979, 1.20588887, 1.39448357, -6.01587296, 0.75002146
11071, 37451455, 37451983, 1.20376408, 1.38876152, -5.98412704, 1.09618521
11072, 37452455, 37452983, 1.20174849, 1.38303947, -5.92063522, 0.86540931
11073, 37453455, 37453985, 1.19982946, 1.37769890, -5.79365158, 0.86540931
11074, 37454455, 37454981, 1.19799495, 1.37235832, -5.82539749, 1.21157312
11075, 37455455, 37455985, 1.19623375, 1.36663628, -5.73015976, 1.09618521
11076, 37456455, 37456984, 1.19453692, 1.36167717, -5.66666794, 0.86540931
11077, 37457455, 37457982, 1.19289660, 1.35633659, -5.57143021, 1.32696104
11078, 37458455, 37458984, 1.19130540, 1.35137749, -5.47618866, 1.32696104
11079, 37459455, 37459982, 1.18975711, 1.34641838, -5.38095093, 1.21157312
11080, 37460455, 37460982, 1.18824720, 1.34183979, -5.28571320, 1.32696104
11081, 37461455, 37461980, 1.18677175, 1.33688068, -5.19047546, 1.67312467
11082, 37462455, 37462983, 1.18532813, 1.33268452, -5.06349182, 1.21157312
11083, 37463455, 37463981, 1.18391621, 1.32810688, -4.96825409, 0.86540931
11084, 37464455, 37464981, 1.18253624, 1.32391071, -4.84127045, 1.21157312
11085, 37465455, 37465979, 1.18118751, 1.31933308, -4.71428680, 1.55773675
11086, 37466455, 37466981, 1.17987013, 1.31513691, -4.61904907, 1.09618521
11087, 37467455, 37467980, 1.17858803, 1.31132221, -4.49206161, 0.98079723
11088, 37468455, 37468980, 1.17734575, 1.30750751, -4.39682388, 0.75002146
11089, 37469455, 37469980, 1.17614722, 1.30369282, -4.26984024, 1.44234896
11090, 37470455, 37470982, 1.17499828, 1.29987812, -4.17460251, 0.98079723
11091, 37471455, 37471982, 1.17390561, 1.29606342, -4.07936478, 0.75002146
11092, 37472455, 37472986, 1.17287624, 1.29263020, -3.98412704, 1.09618521
11093, 37473455, 37473979, 1.17191708, 1.28919697, -3.85714340, 1.09618521
11094, 37474455, 37474979, 1.17103553, 1.28614521, -3.76190567, 1.09618521
11095, 37475455, 37475979, 1.17023933, 1.28271198, -3.66666794, 1.09618521
11096, 37476455, 37476985, 1.16953623, 1.27965927, -3.57143021, 0.86540931
11097, 37477455, 37477979, 1.16893530, 1.27660751, -3.47618866, 1.21157312
11098, 37478455, 37478981, 1.16844273, 1.27355576, -3.38095093, 0.75002146
11099, 37479455, 37479980, 1.16806281, 1.27088547, -3.25396729, 1.32696104
11100, 37480455, 37480984, 1.16779816, 1.26783371, -3.19047546, 0.51924562
11101, 37481455, 37481978, 1.16765201, 1.26516342, -3.12698364, 0.75002146
11102, 37482455, 37482978, 1.16762841, 1.26249313, -3.00000000, 0.75002146
11103, 37483455, 37483978, 1.16773033, 1.26020432, -2.90476227, 0.98079723
11104, 37484455, 37484980, 1.16795862, 1.25791550, -2.84127045, 0.98079723
11105, 37485455, 37485979, 1.16831338, 1.25524521, -2.71428680, 0.98079723
11106, 37486455, 37486977, 1.16879439, 1.25295639, -2.61904907, 1.09618521
11107, 37487455, 37487981, 1.16939998, 1.25104904, -2.55555725, 1.09618521
11108, 37488455, 37488977, 1.17012680, 1.24914169, -2.42856979, 0.75002146
11109, 37489455, 37489975, 1.17097175, 1.24685287, -2.33333206, 0.75002146
11110, 37490455, 37490982, 1.17193246, 1.24494553, -2.30158615, 0.63463354
11111, 37491455, 37491976, 1.17300427, 1.24303818, -2.20634842, 0.98079723
11112, 37492455, 37492978, 1.17418253, 1.24113083, -2.14285660, 0.86540931
11113, 37493455, 37493976, 1.17546463, 1.23922348, -2.07936478, 0.98079723
11114, 37494455, 37494978, 1.17684674, 1.23807907, -1.98412704, 1.21157312
11115, 37495455, 37495979, 1.17832458, 1.23617172, -1.92063522, 0.63463354
11116, 37496455, 37496977, 1.17989492, 1.23502731, -1.85714340, 0.40385768
11117, 37497455, 37497977, 1.18155658, 1.23350143, -1.76190567, 0.40385768
11118, 37498455, 37498975, 1.18330908, 1.23197556, -1.69841385, 0.75002146
11119, 37499455, 37499975, 1.18515062, 1.23083115, -1.60317612, 0.75002146
11120, 37500455, 37500979, 1.18708146, 1.22968674, -1.50793839, 0.75002146
11121, 37501455, 37501976, 1.18910050, 1.22854233, -1.41269684, 0.86540931
11122, 37502455, 37502988, 1.19120657, 1.22777939, -1.34920502, 0.98079723
11123, 37503455, 37503992, 1.19339895, 1.22663498, -1.25396729, 0.98079723
11124, 37504455, 37504974, 1.19567561, 1.22587204, -1.19047546, 0.98079723
11125, 37505455, 37505978, 1.19803369, 1.22510910, -1.12698364, 0.75002146
11126, 37506455, 37506976, 1.20047104, 1.22434616, -1.03174591, 0.75002146
11127, 37507455, 37507974, 1.20298576, 1.22396469, -0.93650818, 0.98079723
11128, 37508455, 37508975, 1.20557475, 1.22320175, -0.87301636, 0.86540931
11129, 37509455, 37509973, 1.20823431, 1.22282028, -0.80952454, 1.09618521
11130, 37510455, 37510975, 1.21096194, 1.22243881, -0.71428680, 1.21157312
11131, 37511455, 37511973, 1.21375442, 1.22243881, -0.65079498, 0.98079723
11132, 37512455, 37512975, 1.21660841, 1.22205734, -0.55555725, 1.09618521
11133, 37513455, 37513977, 1.21952152, 1.22205734, -0.46031952, 1.44234896
11134, 37514455, 37514974, 1.22249162, 1.22205734, -0.39682770, 1.21157312
11135, 37515455, 37515990, 1.22551680, 1.22167587, -0.33333588, 0.86540931
11136, 37516455, 37516974, 1.22859490, 1.22205734, -0.26984406, 1.21157312
11137, 37517455, 37517974, 1.23172343, 1.22205734, -0.17460632, 0.86540931
11138, 37518455, 37518978, 1.23490047, 1.22205734, -0.14286041, 0.86540931
11139, 37519455, 37519972, 1.23812246, 1.22243881, -0.07936859, 1.32696104
11140, 37520455, 37520973, 1.24138558, 1.22243881, -0.01587677, 1.09618521
11141, 37521455, 37521975, 1.24468637, 1.22282028, 0.04762268, 1.09618521
11142, 37522455, 37522991, 1.24801993, 1.22320175, 0.07936859, 0.98079723
11143, 37523455, 37523983, 1.25138175, 1.22358322, 0.17460632, 0.86540931
11144, 37524455, 37524985, 1.25476789, 1.22434616, 0.23809814, 1.09618521
11145, 37525455, 37525982, 1.25817573, 1.22472763, 0.30158997, 1.21157312
11146, 37526455, 37526984, 1.26160133, 1.22549057, 0.33333588, 1.21157312
11147, 37527455, 37527986, 1.26504278, 1.22587204, 0.39682770, 1.21157312
11148, 37528455, 37528984, 1.26850009, 1.22663498, 0.46031952, 0.98079723
11149, 37529455, 37529986, 1.27197218, 1.22739792, 0.49206543, 1.09618521
11150, 37530455, 37530981, 1.27545810, 1.22854233, 0.58730316, 0.98079723
11151, 37531455, 37531983, 1.27895963, 1.22892380, 0.61904907, 0.86540931
11152, 37532455, 37532983, 1.28247905, 1.23006821, 0.68254089, 0.75002146
11153, 37533455, 37533983, 1.28601754, 1.23121262, 0.74603271, 0.86540931
11154, 37534455, 37534983, 1.28957832, 1.23235703, 0.84127045, 1.09618521
11155, 37535455, 37535983, 1.29316425, 1.23388290, 0.90476227, 1.09618521
11156, 37536455, 37536982, 1.29677880, 1.23502731, 0.96825409, 1.32696104
11157, 37537455, 37537982, 1.30042470, 1.23617172, 1.06349182, 1.21157312
11158, 37538455, 37538982, 1.30410302, 1.23807907, 1.09523773, 1.32696104
11159, 37539455, 37539984, 1.30781519, 1.23922348, 1.19047546, 1.09618521
11160, 37540455, 37540980, 1.31156206, 1.24113083, 1.28571320, 1.09618521
11161, 37541455, 37541980, 1.31534362, 1.24227524, 1.34920502, 1.09618521
11162, 37542455, 37542985, 1.31915963, 1.24418259, 1.41269684, 0.98079723
11163, 37543455, 37543987, 1.32301021, 1.24570847, 1.47618866, 0.86540931
11164, 37544455, 37544981, 1.32689524, 1.24799728, 1.53968048, 1.09618521
11165, 37545455, 37545979, 1.33081448, 1.24952316, 1.63491821, 0.98079723
11166, 37546455, 37546981, 1.33476889, 1.25181198, 1.69841003, 1.09618521
11167, 37547455, 37547984, 1.33875716, 1.25371933, 1.73015594, 0.98079723
11168, 37548455, 37548986, 1.34277809, 1.25562668, 1.79364777, 0.98079723
11169, 37549455, 37549984, 1.34683144, 1.25791550, 1.85713959, 0.98079723
11170, 37550455, 37550982, 1.35091543, 1.26020432, 1.92063141, 1.09618521
11171, 37551455, 37551982, 1.35502911, 1.26211166, 1.95237732, 0.86540931
11172, 37552455, 37552982, 1.35917234, 1.26440048, 2.01587677, 0.86540931
11173, 37553455, 37553983, 1.36334467, 1.26707077, 2.07936859, 0.98079723
11174, 37554455, 37554981, 1.36754405, 1.26935959, 2.14286041, 1.21157312
11175, 37555455, 37555981, 1.37176824, 1.27164841, 2.20635223, 0.98079723
11176, 37556455, 37556985, 1.37601531, 1.27431870, 2.26984406, 0.98079723
11177, 37557455, 37557979, 1.38028288, 1.27660751, 2.30158997, 0.75002146
11178, 37558455, 37558979, 1.38456929, 1.27965927, 2.36508179, 0.75002146
11179, 37559455, 37559982, 1.38887203, 1.28233051, 2.42857361, 0.75002146
11180, 37560455, 37560984, 1.39318776, 1.28500080, 2.46031952, 0.98079723
11181, 37561455, 37561978, 1.39751458, 1.28728962, 2.49206543, 1.55773675
11182, 37562455, 37562982, 1.40184975, 1.29034138, 2.55555725, 0.75002146
11183, 37563455, 37563976, 1.40619159, 1.29301167, 2.58730316, 0.86540931
11184, 37564455, 37564978, 1.41053820, 1.29568195, 2.65079498, 0.75002146
11185, 37565455, 37565981, 1.41488731, 1.29873371, 2.68254089, 0.86540931
11186, 37566455, 37566975, 1.41923666, 1.30178547, 2.68254089, 0.51924562
11187, 37567455, 37567981, 1.42358482, 1.30483723, 2.77777863, 0.75002146
11188, 37568455, 37568975, 1.42792940, 1.30750751, 2.80952454, 0.51924562
11189, 37569455, 37569981, 1.43226862, 1.31055927, 2.84127045, 0.75002146
11190, 37570455, 37570981, 1.43660104, 1.31361103, 2.87301636, 0.63463354
11191, 37571455, 37571982, 1.44092500, 1.31666279, 2.90476227, 0.86540931
11192, 37572455, 37572984, 1.44523847, 1.31971455, 2.90476227, 0.98079723
11193, 37573455, 37573974, 1.44953990, 1.32276630, 2.93650818, 0.75002146
11194, 37574455, 37574980, 1.45382750, 1.32581806, 3.00000000, 0.86540931
11195, 37575455, 37575980, 1.45809996, 1.32925129, 3.03174591, 0.75002146
11196, 37576455, 37576981, 1.46235657, 1.33230305, 3.03174591, 0.40385768
11197, 37577455, 37577981, 1.46659625, 1.33573627, 3.09523773, 0.40385768
11198, 37578455, 37578981, 1.47081769, 1.33878803, 3.09523773, 0.75002146
11199, 37579455, 37579973, 1.47502017, 1.34183979, 3.12698364, 0.63463354
11200, 37580455, 37580977, 1.47920227, 1.34527397, 3.19047546, 0.63463354
11201, 37581455, 37581979, 1.48336363, 1.34870720, 3.22222137, 0.86540931
11202, 37582455, 37582980, 1.48750305, 1.35214043, 3.25396729, 0.98079723
11203, 37583455, 37583984, 1.49161994, 1.35557365, 3.28571320, 0.75002146
11204, 37584455, 37584984, 1.49571395, 1.35900688, 3.31745911, 0.75002146
11205, 37585455, 37585986, 1.49978328, 1.36282158, 3.31745911, 0.51924562
11206, 37586455, 37586990, 1.50382614, 1.36625481, 3.34920502, 0.75002146
11207, 37587455, 37587989, 1.50784254, 1.36968803, 3.38095093, 0.51924562
11208, 37588455, 37588989, 1.51183128, 1.37273979, 3.41269684, 0.63463354
11209, 37589455, 37589981, 1.51578963, 1.37655449, 3.41269684, 0.63463354
11210, 37590455, 37590981, 1.51971638, 1.37998772, 3.44444275, 0.40385768
11211, 37591455, 37591975, 1.52360964, 1.38342094, 3.47618866, 0.51924562
11212, 37592455, 37592975, 1.52746856, 1.38723564, 3.47618866, 0.86540931
11213, 37593455, 37593982, 1.53129292, 1.39066887, 3.50793457, 0.51924562
11214, 37594455, 37594984, 1.53508162, 1.39448357, 3.50793457, 0.28846979
11215, 37595455, 37595986, 1.53883302, 1.39791679, 3.53968048, 0.51924562
11216, 37596455, 37596978, 1.54254496, 1.40173149, 3.50793457, 0.40385768
11217, 37597455, 37597976, 1.54621661, 1.40516472, 3.53968048, 0.51924562
11218, 37598455, 37598980, 1.54984653, 1.40898037, 3.57142639, 0.63463354
11219, 37599455, 37599975, 1.55343390, 1.41241360, 3.57142639, 0.40385768
11220, 37600455, 37600985, 1.55697703, 1.41622829, 3.60317230, 0.28846979
11221, 37601455, 37601981, 1.56047344, 1.41966152, 3.60317230, 0.86540931
11222, 37602455, 37602983, 1.56392145, 1.42347622, 3.63491821, 0.51924562
11223, 37603455, 37603987, 1.56732023, 1.42729092, 3.60317230, 0.40385768
11224, 37604455, 37604984, 1.57066822, 1.43072414, 3.63491821, 0.40385768
11225, 37605455, 37605984, 1.57396388, 1.43453884, 3.63491821, 0.51924562
11226, 37606455, 37606982, 1.57720566, 1.43797207, 3.63491821, 0.28846979
11227, 37607455, 37607980, 1.58039188, 1.44178677, 3.66666412, 0.51924562
11228, 37608455, 37608982, 1.58352172, 1.44560146, 3.63491821, 0.17308187
11229, 37609455, 37609980, 1.58659375, 1.44941616, 3.63491821, 0.40385768
11230, 37610455, 37610985, 1.58960688, 1.45246792, 3.63491821, 0.40385768
11231, 37611455, 37611983, 1.59255946, 1.45628262, 3.63491821, 0.28846979
11232, 37612455, 37612981, 1.59545004, 1.46009731, 3.63491821, 0.40385768
11233, 37613455, 37613979, 1.59827781, 1.46353054, 3.63491821, 0.51924562
11234, 37614455, 37614989, 1.60104072, 1.46734524, 3.60317230, 0.17308187
11235, 37615455, 37615983, 1.60373783, 1.47116089, 3.60317230, 0.28846979
11236, 37616455, 37616986, 1.60636830, 1.47459412, 3.63491821, 0.28846979
11237, 37617455, 37617986, 1.60893106, 1.47840881, 3.60317230, 0.28846979
11238, 37618455, 37618986, 1.61142385, 1.48184204, 3.60317230, 0.51924562
11239, 37619455, 37619984, 1.61384559, 1.48565674, 3.63491821, 0.51924562
11240, 37620455, 37620986, 1.61619508, 1.48908997, 3.60317230, 0.17308187
11241, 37621455, 37621981, 1.61847246, 1.49252319, 3.60317230, 0.28846979
11242, 37622455, 37622987, 1.62067640, 1.49633789, 3.60317230, 0.05769395
11243, 37623455, 37623985, 1.62280524, 1.49977112, 3.57142639, -0.05769395
11244, 37624455, 37624983, 1.62485766, 1.50320435, 3.57142639, 0.40385768
11245, 37625455, 37625987, 1.62683225, 1.50663757, 3.57142639, 0.05769395
11246, 37626455, 37626987, 1.62872815, 1.50968933, 3.50793457, 0.17308187
11247, 37627455, 37627984, 1.63054395, 1.51312256, 3.50793457, 0.28846979
11248, 37628455, 37628986, 1.63227999, 1.51655579, 3.47618866, 0.05769395
11249, 37629455, 37629984, 1.63393497, 1.51998901, 3.41269684, 0.40385768
11250, 37630455, 37630984, 1.63550711, 1.52304077, 3.41269684, 0.17308187
11251, 37631455, 37631986, 1.63699448, 1.52647400, 3.41269684, 0.05769395
11252, 37632455, 37632985, 1.63839638, 1.52990723, 3.31745911, -0.05769395
11253, 37633455, 37633983, 1.63971210, 1.53295994, 3.31745911, 0.05769395
11254, 37634455, 37634981, 1.64094114, 1.53639317, 3.28571320, -0.28846979
11255, 37635455, 37635983, 1.64208281, 1.53944492, 3.25396729, 0.05769395
11256, 37636455, 37636983, 1.64313698, 1.54249668, 3.22222137, 0.05769395
11257, 37637455, 37637981, 1.64410210, 1.54554844, 3.22222137, 0.05769395
11258, 37638455, 37638984, 1.64497781, 1.54860020, 3.19047546, 0.17308187
11259, 37639455, 37639980, 1.64576232, 1.55127048, 3.12698364, 0.28846979
11260, 37640455, 37640994, 1.64645469, 1.55432224, 3.09523773, -0.05769395
11261, 37641455, 37641984, 1.64705455, 1.55737400, 3.03174591, 0.05769395
11262, 37642455, 37642984, 1.64756131, 1.56042576, 3.03174591, -0.17308187
11263, 37643455, 37643978, 1.64797473, 1.56309605, 2.96825409, -0.05769395
11264, 37644455, 37644977, 1.64829504, 1.56538486, 2.90476227, -0.40385768
11265, 37645455, 37645977, 1.64852083, 1.56805515, 2.87301636, -0.40385768
11266, 37646455, 37646977, 1.64865208, 1.57072544, 2.80952454, -0.51924562
11267, 37647455, 37647973, 1.64868891, 1.57339573, 2.77777863, -0.28846979
11268, 37648455, 37648975, 1.64863062, 1.57606602, 2.71428680, -0.17308187
11269, 37649455, 37649976, 1.64847696, 1.57835484, 2.68254089, -0.05769395
11270, 37650455, 37650978, 1.64822853, 1.58064365, 2.58730316, -0.05769395
11271, 37651455, 37651978, 1.64788461, 1.58331394, 2.52381134, 0.17308187
11272, 37652455, 37652986, 1.64744532, 1.58522129, 2.49206543, -0.28846979
11273, 37653455, 37653976, 1.64691150, 1.58751011, 2.42857361, -0.05769395
11274, 37654455, 37654974, 1.64628303, 1.58979893, 2.39682770, -0.17308187
11275, 37655455, 37655977, 1.64556038, 1.59170628, 2.33333588, -0.17308187
11276, 37656455, 37656989, 1.64474523, 1.59399605, 2.26984406, -0.17308187
11277, 37657455, 37657971, 1.64383781, 1.59590340, 2.20635223, -0.40385768
11278, 37658455, 37658973, 1.64283776, 1.59781075, 2.17460632, -0.05769395
11279, 37659455, 37659983, 1.64174485, 1.60009956, 2.14286041, -0.40385768
11280, 37660455, 37660978, 1.64055979, 1.60162544, 2.04762268, -0.28846979
11281, 37661455, 37661990, 1.63928211, 1.60353279, 1.98412323, -0.51924562
11282, 37662455, 37662976, 1.63791239, 1.60505867, 1.92063141, -0.28846979
11283, 37663455, 37663988, 1.63645077, 1.60658455, 1.88888550, -0.40385768
11284, 37664455, 37664972, 1.63489747, 1.60811043, 1.82539368, -0.28846979
11285, 37665455, 37665974, 1.63325453, 1.60963631, 1.76190186, -0.51924562
11286, 37666455, 37666977, 1.63152277, 1.61078072, 1.66666412, -0.51924562
11287, 37667455, 37667985, 1.62970257, 1.61230659, 1.60317230, -0.40385768
11288, 37668455, 37668987, 1.62779486, 1.61306953, 1.50793457, -0.51924562
11289, 37669455, 37669985, 1.62580049, 1.61459541, 1.44444275, -0.51924562
11290, 37670455, 37670973, 1.62371945, 1.61535835, 1.34920502, -0.63463354
11291, 37671455, 37671985, 1.62155330, 1.61612129, 1.25396729, -0.63463354
11292, 37672455, 37672970, 1.61930156, 1.61688423, 1.15872955, -0.75002146
11293, 37673455, 37673988, 1.61696434, 1.61764717, 1.06349182, -0.28846979
11294, 37674455, 37674986, 1.61454344, 1.61841011, 0.96825409, -0.17308187
11295, 37675455, 37675982, 1.61203969, 1.61879158, 0.87301636, -0.75002146
11296, 37676455, 37676984, 1.60945427, 1.61917305, 0.77777863, -0.63463354
11297, 37677455, 37677981, 1.60678816, 1.61955452, 0.68254089, -0.40385768
11298, 37678455, 37678981, 1.60404217, 1.61993599, 0.58730316, -0.63463354
11299, 37679455, 37679989, 1.60121679, 1.61993599, 0.52381134, -0.40385768
11300, 37680455, 37680969, 1.59831429, 1.61993599, 0.42857361, -0.75002146
11301, 37681455, 37681987, 1.59533679, 1.61993599, 0.33333588, -0.63463354
11302, 37682455, 37682989, 1.59228504, 1.61993599, 0.23809814, -0.75002146
11303, 37683455, 37683984, 1.58916092, 1.61993599, 0.14286041, -0.86540931
11304, 37684455, 37684986, 1.58596599, 1.61955452, 0.07936859, -0.63463354
11305, 37685455, 37685986, 1.58270049, 1.61917305, -0.01587677, -0.51924562
11306, 37686455, 37686986, 1.57936716, 1.61879158, -0.07936859, -0.63463354
11307, 37687455, 37687984, 1.57596815, 1.61841011, -0.14286041, -0.63463354
11308, 37688455, 37688984, 1.57250476, 1.61764717, -0.20635223, -0.86540931
11309, 37689455, 37689987, 1.56897724, 1.61688423, -0.26984406, -0.75002146
11310, 37690455, 37690987, 1.56538796, 1.61650276, -0.36508179, -0.75002146
11311, 37691455, 37691985, 1.56173885, 1.61573982, -0.46031952, -0.75002146
11312, 37692455, 37692987, 1.55803108, 1.61497688, -0.52381134, -0.75002146
11313, 37693455, 37693983, 1.55426705, 1.61383247, -0.68254089, -0.63463354
11314, 37694455, 37694986, 1.55044913, 1.61268806, -0.68254089, -0.28846979
11315, 37695455, 37695988, 1.54657900, 1.61192513, -0.74603271, -0.51924562
11316, 37696455, 37696988, 1.54265845, 1.61078072, -0.80952454, -0.51924562
11317, 37697455, 37697984, 1.53868890, 1.60963631, -0.90476227, -0.63463354
11318, 37698455, 37698986, 1.53467214, 1.60811043, -1.00000000, -0.63463354
11319, 37699455, 37699982, 1.53060973, 1.60658455, -1.06349182, -0.63463354
11320, 37700455, 37700985, 1.52650356, 1.60505867, -1.19047546, -0.63463354
11321, 37701455, 37701981, 1.52235663, 1.60353279, -1.15872955, -0.63463354
11322, 37702455, 37702983, 1.51817012, 1.60162544, -1.31745911, -0.51924562
11323, 37703455, 37703987, 1.51394701, 1.60009956, -1.41269684, -0.75002146
11324, 37704455, 37704987, 1.50968993, 1.59819221, -1.50793839, -0.40385768
11325, 37705455, 37705986, 1.50540173, 1.59628487, -1.60317612, -0.40385768
11326, 37706455, 37706982, 1.50108624, 1.59437752, -1.66666794, -0.40385768
11327, 37707455, 37707986, 1.49674606, 1.59246922, -1.88888931, -0.63463354
11328, 37708455, 37708982, 1.49238467, 1.59018040, -1.82539749, -0.63463354
11329, 37709455, 37709988, 1.48800635, 1.58789158, -1.88888931, -0.75002146
11330, 37710455, 37710980, 1.48361444, 1.58598423, -1.95238113, -0.86540931
11331, 37711455, 37711983, 1.47921324, 1.58369541, -2.01587296, -0.40385768
11332, 37712455, 37712989, 1.47480810, 1.58102512, -2.11111069, -0.51924562
11333, 37713455, 37713979, 1.47040248, 1.57873631, -2.17460251, -0.63463354
11334, 37714455, 37714979, 1.46600342, 1.57644749, -2.20634842, -0.51924562
11335, 37715455, 37715985, 1.46161807, 1.57377720, -2.11111069, -0.63463354
11336, 37716455, 37716985, 1.45725381, 1.57072544, -2.33333206, -0.28846979
11337, 37717455, 37717988, 1.45291889, 1.56843662, -2.39682388, -0.86540931
11338, 37718455, 37718986, 1.44862354, 1.56576633, -2.49206161, -0.75002146
11339, 37719455, 37719986, 1.44437814, 1.56271458, -2.55555725, -0.51924562
11340, 37720455, 37720982, 1.44019639, 1.56004429, -2.58730316, -0.40385768
11341, 37721455, 37721976, 1.43609393, 1.55737400, -2.65079498, -0.40385768
11342, 37722455, 37722979, 1.43208528, 1.55394077, -2.74603271, -0.28846979
11343, 37723455, 37723975, 1.42818880, 1.55088902, -2.80952454, -0.05769395
11344, 37724455, 37724983, 1.42442310, 1.54783726, -2.84127045, -0.05769395
11345, 37725455, 37725981, 1.42081022, 1.54478550, -2.90476227, -0.05769395
11346, 37726455, 37726973, 1.41737247, 1.54173374, -2.93650818, -0.28846979
11347, 37727455, 37727981, 1.41413057, 1.53868198, -3.00000000, 0.05769395
11348, 37728455, 37728994, 1.41110277, 1.53524876, -3.06349182, -0.05769395
11349, 37729455, 37729980, 1.40830708, 1.53219700, -3.09523773, -0.40385768
11350, 37730455, 37730982, 1.40575612, 1.52876282, -3.12698364, -0.28846979
11351, 37731455, 37731978, 1.40345514, 1.52571106, -3.19047546, -0.28846979
11352, 37732455, 37732978, 1.40140164, 1.52265930, -3.19047546, 0.17308187
11353, 37733455, 37733980, 1.39958465, 1.51922607, -3.22222137, -0.05769395
11354, 37734455, 37734983, 1.39798975, 1.51579285, -3.28571320, 0.17308187
11355, 37735455, 37735987, 1.39659846, 1.51235962, -3.31745911, -0.05769395
11356, 37736455, 37736981, 1.39538229, 1.50892639, -3.31745911, -0.05769395
11357, 37737455, 37737985, 1.39430988, 1.50549316, -3.34920502, -0.05769395
11358, 37738455, 37738979, 1.39334977, 1.50205994, -3.38095093, -0.05769395
11359, 37739455, 37739988, 1.39247608, 1.49862671, -3.38095093, -0.05769395
11360, 37740455, 37740984, 1.39166689, 1.49519348, -3.41269684, -0.17308187
11361, 37741455, 37741990, 1.39090705, 1.49176025, -3.41269684, -0.05769395
11362, 37742455, 37742978, 1.39018416, 1.48832703, -3.41269684, 0.17308187
11363, 37743455, 37743976, 1.38949156, 1.48451233, -3.41269684, 0.05769395
11364, 37744455, 37744982, 1.38882601, 1.48107910, -3.47618866, 0.17308187
11365, 37745455, 37745977, 1.38818693, 1.47764587, -3.47618866, 0.28846979
11366, 37746455, 37746983, 1.38757813, 1.47421265, -3.50793839, 0.51924562
11367, 37747455, 37747983, 1.38700509, 1.47039795, -3.50793839, 0.75002146
11368, 37748455, 37748985, 1.38647258, 1.46696377, -3.50793839, 0.28846979
11369, 37749455, 37749981, 1.38598800, 1.46391201, -3.50793839, 0.63463354
11370, 37750455, 37750982, 1.38555706, 1.46047878, -3.50793839, 0.75002146
11371, 37751455, 37751978, 1.38518572, 1.45704556, -3.50793839, 1.09618521
11372, 37752455, 37752982, 1.38487887, 1.45399380, -3.41269684, 1.44234896
11373, 37753455, 37753982, 1.38463914, 1.45094204, -3.38095093, 1.09618521
11374, 37754455, 37754976, 1.38446677, 1.44827175, -3.31745911, 1.09618521
11375, 37755455, 37755980, 1.38436031, 1.44521999, -3.25396729, 1.09618521
11376, 37756455, 37756981, 1.38431704, 1.44254971, -3.19047546, 1.44234896
11377, 37757455, 37757983, 1.38433218, 1.43987942, -3.12698364, 1.32696104
11378, 37758455, 37758983, 1.38439941, 1.43682766, -3.00000000, 1.44234896
11379, 37759455, 37759981, 1.38451266, 1.43453884, -2.90476227, 0.98079723
11380, 37760455, 37760983, 1.38466573, 1.43225002, -2.80952454, 0.98079723
11381, 37761455, 37761981, 1.38485479, 1.43034267, -2.71428680, 0.98079723
11382, 37762455, 37762980, 1.38507462, 1.42767239, -2.61904907, 0.98079723
11383, 37763455, 37763980, 1.38532126, 1.42576504, -2.52381134, 1.32696104
11384, 37764455, 37764984, 1.38559139, 1.42423916, -2.39682388, 1.32696104
11385, 37765455, 37765980, 1.38588119, 1.42195034, -2.26984024, 1.21157312
11386, 37766455, 37766978, 1.38618982, 1.42042446, -2.20634842, 1.32696104
11387, 37767455, 37767985, 1.38651955, 1.41851711, -2.07936478, 0.98079723
11388, 37768455, 37768985, 1.38687193, 1.41737270, -1.98412704, 0.98079723
11389, 37769455, 37769987, 1.38724911, 1.41584682, -1.88888931, 1.09618521
11390, 37770455, 37770985, 1.38765490, 1.41470242, -1.76190567, 1.21157312
11391, 37771455, 37771983, 1.38809550, 1.41317654, -1.66666794, 0.86540931
11392, 37772455, 37772981, 1.38857532, 1.41203213, -1.57143021, 0.75002146
11393, 37773455, 37773980, 1.38910055, 1.41088772, -1.50793839, 0.86540931
11394, 37774455, 37774984, 1.38967848, 1.40974331, -1.41269684, 1.09618521
11395, 37775455, 37775984, 1.39031732, 1.40898037, -1.31745911, 0.98079723
11396, 37776455, 37776980, 1.39102471, 1.40821743, -1.22222137, 0.98079723
11397, 37777455, 37777980, 1.39180791, 1.40745449, -1.12698364, 0.75002146
11398, 37778455, 37778979, 1.39267254, 1.40631008, -1.06349182, 0.75002146
11399, 37779455, 37779981, 1.39362359, 1.40554619, -1.00000000, 0.51924562
11400, 37780455, 37780981, 1.39466476, 1.40554619, -0.93650818, 0.75002146
11401, 37781455, 37781983, 1.39579999, 1.40478325, -0.87301636, 0.63463354
11402, 37782455, 37782981, 1.39703071, 1.40402031, -0.77777863, 0.63463354
11403, 37783455, 37783983, 1.39835668, 1.40363884, -0.74603271, 0.86540931
11404, 37784455, 37784978, 1.39977586, 1.40325737, -0.68254089, 0.86540931
11405, 37785455, 37785978, 1.40128720, 1.40287590, -0.61904907, 0.75002146
11406, 37786455, 37786978, 1.40288794, 1.40249443, -0.55555725, 0.75002146
11407, 37787455, 37787978, 1.40457451, 1.40211296, -0.49206543, 0.63463354
11408, 37788455, 37788980, 1.40634191, 1.40211296, -0.42857361, 0.17308187
11409, 37789455, 37789981, 1.40818644, 1.40173149, -0.36508179, 0.05769395
11410, 37790455, 37790977, 1.41010273, 1.40173149, -0.33333588, 0.51924562
11411, 37791455, 37791981, 1.41208756, 1.40173149, -0.26984406, 0.28846979
11412, 37792455, 37792981, 1.41413760, 1.40173149, -0.20635223, 0.28846979
11413, 37793455, 37793977, 1.41624856, 1.40173149, -0.17460632, 0.63463354
11414, 37794455, 37794979, 1.41841662, 1.40173149, -0.11111450, 0.40385768
11415, 37795455, 37795976, 1.42063916, 1.40211296, -0.07936859, 0.86540931
11416, 37796455, 37796980, 1.42291415, 1.40211296, -0.01587677, 0.28846979
11417, 37797455, 37797980, 1.42524064, 1.40249443, 0.01587677, 0.86540931
11418, 37798455, 37798976, 1.42761552, 1.40287590, 0.07936859, 0.98079723
11419, 37799455, 37799974, 1.43004024, 1.40325737, 0.11111450, 0.63463354
11420, 37800455, 37800976, 1.43251455, 1.40363884, 0.17460632, 0.63463354
11421, 37801455, 37801976, 1.43503988, 1.40402031, 0.20635223, 1.09618521
11422, 37802455, 37802975, 1.43761766, 1.40478325, 0.26984406, 0.75002146
11423, 37803455, 37803975, 1.44024944, 1.40516472, 0.26984406, 0.63463354
11424, 37804455, 37804975, 1.44293451, 1.40554619, 0.33333588, 0.98079723
11425, 37805455, 37805977, 1.44567347, 1.40592766, 0.39682770, 0.98079723
11426, 37806455, 37806975, 1.44846690, 1.40669155, 0.42857361, 0.86540931
11427, 37807455, 37807974, 1.45131481, 1.40783596, 0.52381134, 0.75002146
11428, 37808455, 37808974, 1.45421624, 1.40859890, 0.55555725, 0.98079723
11429, 37809455, 37809976, 1.45717013, 1.40936184, 0.58730316, 0.98079723
11430, 37810455, 37810974, 1.46017385, 1.41012478, 0.65079498, 0.98079723
11431, 37811455, 37811974, 1.46322346, 1.41088772, 0.68254089, 0.98079723
11432, 37812455, 37812988, 1.46631825, 1.41203213, 0.74603271, 0.98079723
11433, 37813455, 37813975, 1.46945453, 1.41279507, 0.77777863, 0.86540931
11434, 37814455, 37814987, 1.47262847, 1.41393948, 0.80952454, 0.86540931
11435, 37815455, 37815985, 1.47583747, 1.41508389, 0.87301636, 0.98079723
11436, 37816455, 37816973, 1.47907901, 1.41622829, 0.93650818, 1.21157312
11437, 37817455, 37817983, 1.48234951, 1.41775417, 0.96825409, 0.75002146
11438, 37818455, 37818991, 1.48564529, 1.41851711, 1.00000000, 0.86540931
11439, 37819455, 37819984, 1.48896277, 1.42004299, 1.09523773, 1.32696104
11440, 37820455, 37820990, 1.49229908, 1.42156887, 1.12698364, 0.98079723
11441, 37821455, 37821988, 1.49565136, 1.42309475, 1.19047546, 1.32696104
11442, 37822455, 37822986, 1.49901688, 1.42462063, 1.25396729, 0.75002146
11443, 37823455, 37823982, 1.50239360, 1.42614651, 1.31745911, 0.75002146
11444, 37824455, 37824985, 1.50577807, 1.42767239, 1.34920502, 0.86540931
11445, 37825455, 37825987, 1.50916767, 1.42919827, 1.41269684, 0.75002146
11446, 37826455, 37826981, 1.51256049, 1.43072414, 1.44444275, 0.75002146
11447, 37827455, 37827985, 1.51595449, 1.43263149, 1.50793457, 0.63463354
11448, 37828455, 37828987, 1.51934767, 1.43415737, 1.57142639, 0.40385768
11449, 37829455, 37829981, 1.52273834, 1.43644619, 1.60317230, 0.86540931
11450, 37830455, 37830982, 1.52612412, 1.43797207, 1.63491821, 0.98079723
11451, 37831455, 37831986, 1.52950263, 1.44026089, 1.69841003, 0.98079723
11452, 37832455, 37832986, 1.53287339, 1.44178677, 1.73015594, 0.98079723
11453, 37833455, 37833988, 1.53623486, 1.44369411, 1.79364777, 0.98079723
11454, 37834455, 37834986, 1.53958404, 1.44598293, 1.82539368, 0.98079723
11455, 37835455, 37835984, 1.54291880, 1.44789028, 1.85713959, 1.21157312
11456, 37836455, 37836983, 1.54623747, 1.44979763, 1.88888550, 0.75002146
11457, 37837455, 37837985, 1.54953909, 1.45208645, 1.92063141, 0.75002146
11458, 37838455, 37838983, 1.55282128, 1.45399380, 1.95237732, 0.86540931
11459, 37839455, 37839985, 1.55608356, 1.45628262, 1.98412323, 0.51924562
11460, 37840455, 37840987, 1.55932415, 1.45857143, 2.04762268, 0.75002146
11461, 37841455, 37841988, 1.56254256, 1.46086025, 2.07936859, 0.51924562
11462, 37842455, 37842984, 1.56573689, 1.46276760, 2.11111450, 0.51924562
11463, 37843455, 37843990, 1.56890595, 1.46543789, 2.14286041, 0.51924562
11464, 37844455, 37844988, 1.57204843, 1.46772671, 2.17460632, 0.40385768
11465, 37845455, 37845984, 1.57516313, 1.47001648, 2.20635223, 0.51924562
11466, 37846455, 37846985, 1.57824945, 1.47230530, 2.26984406, 0.75002146
11467, 37847455, 37847983, 1.58130777, 1.47497559, 2.26984406, 0.63463354
11468, 37848455, 37848985, 1.58433747, 1.47726440, 2.30158997, 0.63463354
11469, 37849455, 37849981, 1.58733797, 1.47955322, 2.33333588, 0.75002146
11470, 37850455, 37850983, 1.59030998, 1.48260498, 2.36508179, 0.63463354
11471, 37851455, 37851981, 1.59325087, 1.48489380, 2.42857361, 0.63463354
11472, 37852455, 37852982, 1.59616017, 1.48756409, 2.42857361, 0.75002146
11473, 37853455, 37853982, 1.59903729, 1.49023438, 2.46031952, 0.63463354
11474, 37854455, 37854988, 1.60188270, 1.49290466, 2.49206543, 0.86540931
11475, 37855455, 37855986, 1.60469568, 1.49519348, 2.52381134, 0.51924562
11476, 37856455, 37856990, 1.60747528, 1.49786377, 2.52381134, 0.51924562
11477, 37857455, 37857986, 1.61022031, 1.50015259, 2.55555725, 0.51924562
11478, 37858455, 37858981, 1.61293101, 1.50320435, 2.58730316, 0.63463354
11479, 37859455, 37859981, 1.61560738, 1.50587463, 2.58730316, 0.63463354
11480, 37860455, 37860979, 1.61824822, 1.50854492, 2.58730316, 0.86540931
11481, 37861455, 37861979, 1.62085259, 1.51121521, 2.58730316, 0.63463354
11482, 37862455, 37862987, 1.62342060, 1.51388550, 2.61904907, 1.09618521
11483, 37863455, 37863987, 1.62595272, 1.51655579, 2.61904907, 0.63463354
11484, 37864455, 37864984, 1.62844896, 1.51922607, 2.68254089, 1.09618521
11485, 37865455, 37865990, 1.63090813, 1.52265930, 2.71428680, 0.51924562
11486, 37866455, 37866986, 1.63332903, 1.52532959, 2.71428680, 0.63463354
11487, 37867455, 37867986, 1.63571167, 1.52799988, 2.71428680, 0.28846979
11488, 37868455, 37868978, 1.63805592, 1.53105164, 2.77777863, 0.40385768
11489, 37869455, 37869981, 1.64036155, 1.53372288, 2.77777863, 0.40385768
11490, 37870455, 37870985, 1.64262748, 1.53639317, 2.80952454, 0.51924562
11491, 37871455, 37871981, 1.64485228, 1.53944492, 2.84127045, 0.40385768
11492, 37872455, 37872983, 1.64703608, 1.54211521, 2.80952454, 0.51924562
11493, 37873455, 37873979, 1.64917886, 1.54478550, 2.77777863, 0.40385768
11494, 37874455, 37874979, 1.65128016, 1.54745579, 2.80952454, 0.51924562
11495, 37875455, 37875986, 1.65333855, 1.55050755, 2.80952454, 0.40385768
11496, 37876455, 37876984, 1.65535378, 1.55355930, 2.80952454, 0.40385768
11497, 37877455, 37877986, 1.65732622, 1.55622959, 2.77777863, 0.28846979
11498, 37878455, 37878988, 1.65925586, 1.55889988, 2.77777863, 0.40385768
11499, 37879455, 37879984, 1.66114295, 1.56157017, 2.77777863, 0.40385768
11500, 37880455, 37880981, 1.66298616, 1.56424046, 2.77777863, 0.40385768
11501, 37881455, 37881979, 1.66478503, 1.56729221, 2.74603271, 0.28846979
11502, 37882455, 37882977, 1.66653919, 1.56996250, 2.71428680, 0.40385768
11503, 37883455, 37883979, 1.66824937, 1.57263279, 2.71428680, 0.17308187
11504, 37884455, 37884983, 1.66991591, 1.57530308, 2.71428680, 0.40385768
11505, 37885455, 37885985, 1.67153859, 1.57797337, 2.71428680, 0.40385768
11506, 37886455, 37886978, 1.67311835, 1.58064365, 2.68254089, 0.28846979
11507, 37887455, 37887976, 1.67465460, 1.58293247, 2.68254089, 0.51924562
11508, 37888455, 37888976, 1.67614710, 1.58560276, 2.65079498, 0.40385768
11509, 37889455, 37889980, 1.67759657, 1.58827305, 2.65079498, 0.28846979
11510, 37890455, 37890974, 1.67900431, 1.59056187, 2.61904907, 0.28846979
11511, 37891455, 37891975, 1.68037045, 1.59323215, 2.58730316, 0.28846979
11512, 37892455, 37892979, 1.68169522, 1.59590340, 2.55555725, 0.17308187
11513, 37893455, 37893983, 1.68297911, 1.59819221, 2.55555725, -0.05769395
11514, 37894455, 37894977, 1.68422234, 1.60048103, 2.55555725, 0.17308187
11515, 37895455, 37895985, 1.68542516, 1.60353279, 2.52381134, 0.05769395
11516, 37896455, 37896985, 1.68658948, 1.60582161, 2.49206543, 0.17308187
11517, 37897455, 37897992, 1.68771577, 1.60811043, 2.46031952, 0.05769395
11518, 37898455, 37898984, 1.68880403, 1.61039925, 2.46031952, 0.05769395
11519, 37899455, 37899984, 1.68985438, 1.61268806, 2.42857361, 0.40385768
11520, 37900455, 37900984, 1.69086516, 1.61497688, 2.39682770, 0.05769395
11521, 37901455, 37901986, 1.69183624, 1.61726570, 2.39682770, -0.05769395
11522, 37902455, 37902986, 1.69276798, 1.61993599, 2.36508179, 0.40385768
11523, 37903455, 37903987, 1.69366086, 1.62184334, 2.33333588, 0.05769395
11524, 37904455, 37904987, 1.69451535, 1.62413216, 2.30158997, 0.17308187
11525, 37905455, 37905987, 1.69533098, 1.62603951, 2.26984406, 0.05769395
11526, 37906455, 37906981, 1.69610655, 1.62832832, 2.23809814, 0.05769395
11527, 37907455, 37907981, 1.69684243, 1.63023567, 2.20635223, -0.05769395
11528, 37908455, 37908981, 1.69753850, 1.63214302, 2.17460632, 0.05769395
11529, 37909455, 37909984, 1.69819486, 1.63443184, 2.14286041, -0.17308187
11530, 37910455, 37910984, 1.69881117, 1.63633919, 2.07936859, 0.05769395
11531, 37911455, 37911986, 1.69938743, 1.63824654, 2.04762268, -0.05769395
11532, 37912455, 37912986, 1.69992208, 1.64015388, 2.01587677, -0.17308187
11533, 37913455, 37913990, 1.70041466, 1.64167976, 1.98412323, 0.17308187
11534, 37914455, 37914985, 1.70086539, 1.64358711, 1.92063141, 0.05769395
11535, 37915455, 37915985, 1.70127439, 1.64511299, 1.92063141, 0.05769395
11536, 37916455, 37916985, 1.70164096, 1.64740181, 1.88888550, 0.05769395
11537, 37917455, 37917983, 1.70196462, 1.64892769, 1.82539368, 0.17308187
11538, 37918455, 37918983, 1.70224476, 1.65045357, 1.79364777, 0.28846979
11539, 37919455, 37919986, 1.70248103, 1.65197945, 1.76190186, 0.05769395
11540, 37920455, 37920986, 1.70267260, 1.65388680, 1.73015594, -0.05769395
11541, 37921455, 37921986, 1.70281780, 1.65503120, 1.69841003, 0.17308187
11542, 37922455, 37922986, 1.70291686, 1.65693951, 1.66666412, 0.05769395
11543, 37923455, 37923984, 1.70296955, 1.65808392, 1.60317230, 0.05769395
11544, 37924455, 37924984, 1.70297515, 1.65960979, 1.57142639, 0.05769395
11545, 37925455, 37925987, 1.70293283, 1.66113567, 1.53968048, -0.05769395
11546, 37926455, 37926983, 1.70284081, 1.66266155, 1.50793457, -0.05769395
11547, 37927455, 37927983, 1.70269811, 1.66342449, 1.44444275, -0.05769395
11548, 37928455, 37928983, 1.70250356, 1.66495037, 1.44444275, -0.05769395
11549, 37929455, 37929983, 1.70225739, 1.66647625, 1.41269684, 0.05769395
11550, 37930455, 37930981, 1.70195925, 1.66723919, 1.34920502, -0.05769395
11551, 37931455, 37931984, 1.70160699, 1.66876507, 1.28571320, 0.17308187
11552, 37932455, 37932980, 1.70120001, 1.66952801, 1.25396729, -0.17308187
11553, 37933455, 37933980, 1.70073795, 1.67067242, 1.22222137, -0.17308187
11554, 37934455, 37934980, 1.70022023, 1.67181683, 1.19047546, -0.17308187
11555, 37935455, 37935980, 1.69964564, 1.67296124, 1.15872955, -0.17308187
11556, 37936455, 37936982, 1.69901431, 1.67372417, 1.12698364, 0.05769395
11557, 37937455, 37937979, 1.69832516, 1.67486858, 1.06349182, 0.17308187
11558, 37938455, 37938981, 1.69757843, 1.67563152, 1.03174591, 0.05769395
11559, 37939455, 37939981, 1.69677365, 1.67677593, 1.00000000, 0.05769395
11560, 37940455, 37940979, 1.69591117, 1.67715740, 0.96825409, 0.05769395
11561, 37941455, 37941979, 1.69498920, 1.67792034, 0.90476227, 0.05769395
11562, 37942455, 37942982, 1.69400620, 1.67868328, 0.87301636, 0.05769395
11563, 37943455, 37943980, 1.69296098, 1.67944622, 0.80952454, 0.05769395
11564, 37944455, 37944978, 1.69185340, 1.67982769, 0.77777863, -0.05769395
11565, 37945455, 37945980, 1.69068468, 1.68059063, 0.74603271, -0.17308187
11566, 37946455, 37946976, 1.68945503, 1.68097210, 0.71428680, 0.40385768
11567, 37947455, 37947978, 1.68816245, 1.68173504, 0.65079498, 0.17308187
11568, 37948455, 37948977, 1.68680739, 1.68211651, 0.61904907, -0.05769395
11569, 37949455, 37949977, 1.68538940, 1.68249798, 0.58730316, -0.28846979
11570, 37950455, 37950979, 1.68391013, 1.68287945, 0.55555725, 0.05769395
11571, 37951455, 37951991, 1.68237007, 1.68287945, 0.49206543, 0.28846979
11572, 37952455, 37952977, 1.68077028, 1.68287945, 0.42857361, -0.05769395
11573, 37953455, 37953987, 1.67911077, 1.68326092, 0.39682770, -0.28846979
11574, 37954455, 37954976, 1.67739189, 1.68364239, 0.30158997, -0.28846979
11575, 37955455, 37955974, 1.67561400, 1.68364239, 0.30158997, 0.28846979
11576, 37956455, 37956974, 1.67377746, 1.68364239, 0.23809814, 0.51924562
11577, 37957455, 37957976, 1.67188191, 1.68364239, 0.17460632, 0.40385768
11578, 37958455, 37958988, 1.66992748, 1.68364239, 0.14286041, 0.17308187
11579, 37959455, 37959974, 1.66791487, 1.68364239, 0.07936859, -0.28846979
11580, 37960455, 37960975, 1.66584611, 1.68364239, 0.07936859, -0.05769395
11581, 37961455, 37961977, 1.66372013, 1.68364239, 0.04762268, 0.05769395
11582, 37962455, 37962987, 1.66153729, 1.68326092, 0.01587677, -0.05769395
11583, 37963455, 37963975, 1.65929830, 1.68326092, -0.04762268, 0.05769395
11584, 37964455, 37964985, 1.65700173, 1.68326092, -0.04762268, 0.28846979
11585, 37965455, 37965987, 1.65464878, 1.68287945, -0.07936859, 0.05769395
11586, 37966455, 37966990, 1.65224218, 1.68287945, -0.11111450, -0.05769395
11587, 37967455, 37967984, 1.64978206, 1.68249798, -0.14286041, 0.05769395
11588, 37968455, 37968984, 1.64726865, 1.68211651, -0.17460632, -0.05769395
11589, 37969455, 37969984, 1.64470363, 1.68173504, -0.23809814, 0.05769395
11590, 37970455, 37970986, 1.64208615, 1.68135357, -0.26984406, -0.28846979
11591, 37971455, 37971984, 1.63941777, 1.68059063, -0.30158997, 0.17308187
11592, 37972455, 37972984, 1.63669956, 1.68020916, -0.36508179, -0.28846979
11593, 37973455, 37973983, 1.63393211, 1.67982769, -0.39682770, -0.28846979
11594, 37974455, 37974987, 1.63111579, 1.67906475, -0.42857361, -0.05769395
11595, 37975455, 37975987, 1.62825072, 1.67830181, -0.49206543, -0.17308187
11596, 37976455, 37976985, 1.62533903, 1.67753887, -0.52381134, -0.28846979
11597, 37977455, 37977981, 1.62238097, 1.67715740, -0.55555725, -0.40385768
11598, 37978455, 37978984, 1.61937857, 1.67639446, -0.58730316, -0.40385768
11599, 37979455, 37979986, 1.61633217, 1.67525005, -0.65079498, -0.40385768
11600, 37980455, 37980984, 1.61324191, 1.67410564, -0.71428680, -0.51924562
11601, 37981455, 37981982, 1.61011004, 1.67372417, -0.74603271, -0.51924562
11602, 37982455, 37982984, 1.60693645, 1.67257977, -0.80952454, -0.51924562
11603, 37983455, 37983981, 1.60372174, 1.67143536, -0.84127045, -0.51924562
11604, 37984455, 37984987, 1.60046756, 1.66990948, -0.90476227, -0.40385768
11605, 37985455, 37985979, 1.59717429, 1.66914654, -0.96825409, -1.21157312
11606, 37986455, 37986983, 1.59384120, 1.66762066, -1.06349182, -0.63463354
11607, 37987455, 37987981, 1.59046841, 1.66647625, -1.09523773, -0.51924562
11608, 37988455, 37988983, 1.58705771, 1.66495037, -1.15872955, -0.63463354
11609, 37989455, 37989984, 1.58360887, 1.66342449, -1.22222137, -0.75002146
11610, 37990455, 37990984, 1.58012342, 1.66189861, -1.25396729, -0.51924562
11611, 37991455, 37991982, 1.57660103, 1.66037273, -1.34920502, -0.51924562
11612, 37992455, 37992986, 1.57304251, 1.65846539, -1.41269684, -0.63463354
11613, 37993455, 37993984, 1.56944835, 1.65693951, -1.47618866, -0.63463354
11614, 37994455, 37994982, 1.56581843, 1.65503120, -1.53968430, -0.40385768
11615, 37995455, 37995983, 1.56215239, 1.65312386, -1.60317612, -0.63463354
11616, 37996455, 37996983, 1.55844986, 1.65083504, -1.66666794, -0.63463354
11617, 37997455, 37997983, 1.55471098, 1.64930916, -1.73015976, -0.40385768
11618, 37998455, 37998983, 1.55093741, 1.64702034, -1.79365158, -0.40385768
11619, 37999455, 37999981, 1.54712868, 1.64473152, -1.85714340, -0.51924562
11620, 38000455, 38000982, 1.54328454, 1.64282417, -1.92063522, -0.40385768
11621, 38001455, 38001990, 1.53940582, 1.64053535, -1.98412704, -0.51924562
11622, 38002455, 38002990, 1.53549182, 1.63824654, -2.04761887, -0.28846979
11623, 38003455, 38003986, 1.53154218, 1.63595772, -2.11111069, -0.28846979
11624, 38004455, 38004986, 1.52755797, 1.63366890, -2.17460251, -0.40385768
11625, 38005455, 38005982, 1.52354026, 1.63099861, -2.23809433, -0.40385768
11626, 38006455, 38006985, 1.51948893, 1.62832832, -2.30158615, -0.17308187
11627, 38007455, 38007989, 1.51540363, 1.62603951, -2.36507797, -0.17308187
11628, 38008455, 38008989, 1.51128387, 1.62336922, -2.46031570, -0.40385768
11629, 38009455, 38009983, 1.50712872, 1.62069893, -2.46031570, -0.05769395
11630, 38010455, 38010981, 1.50293803, 1.61802864, -2.49206161, -0.28846979
11631, 38011455, 38011992, 1.49871171, 1.61535835, -2.55555725, 0.05769395
11632, 38012455, 38012994, 1.49444950, 1.61268806, -2.58730316, -0.28846979
11633, 38013455, 38013988, 1.49015081, 1.60963631, -2.61904907, -0.28846979
11634, 38014455, 38014990, 1.48581541, 1.60696602, -2.65079498, -0.17308187
11635, 38015455, 38015990, 1.48144352, 1.60391426, -2.77777863, -0.05769395
11636, 38016455, 38016986, 1.47703588, 1.60124397, -2.71428680, -0.40385768
11637, 38017455, 38017983, 1.47259259, 1.59819221, -2.80952454, -0.17308187
11638, 38018455, 38018981, 1.46811366, 1.59552193, -2.84127045, -0.17308187
11639, 38019455, 38019985, 1.46359944, 1.59246922, -2.87301636, -0.28846979
11640, 38020455, 38020979, 1.45905125, 1.58941746, -2.90476227, -0.17308187
11641, 38021455, 38021997, 1.45446777, 1.58636570, -2.93650818, -0.17308187
11642, 38022455, 38022981, 1.44984937, 1.58331394, -2.96825409, -0.17308187
11643, 38023455, 38023988, 1.44519746, 1.58026218, -2.90476227, -0.17308187
11644, 38024455, 38024988, 1.44051313, 1.57682896, -3.00000000, -0.28846979
11645, 38025455, 38025988, 1.43579578, 1.57377720, -3.03174591, -0.17308187
11646, 38026455, 38026982, 1.43104756, 1.57072544, -3.09523773, -0.28846979
11647, 38027455, 38027990, 1.42626894, 1.56729221, -3.09523773, -0.75002146
11648, 38028455, 38028989, 1.42145884, 1.56424046, -3.15872955, -0.28846979
11649, 38029455, 38029981, 1.41661775, 1.56080723, -3.19047546, -0.17308187
11650, 38030455, 38030977, 1.41174626, 1.55737400, -3.22222137, -0.28846979
11651, 38031455, 38031979, 1.40684903, 1.55394077, -3.25396729, -0.17308187
11652, 38032455, 38032987, 1.40192461, 1.55050755, -3.28571320, 0.05769395
11653, 38033455, 38033983, 1.39697480, 1.54707432, -3.34920502, -0.17308187
11654, 38034455, 38034982, 1.39200175, 1.54325962, -3.38095093, -0.17308187
11655, 38035455, 38035976, 1.38700759, 1.53982639, -3.44444275, -0.28846979
11656, 38036455, 38036988, 1.38199508, 1.53601170, -3.47618866, -0.17308187
11657, 38037455, 38037994, 1.37696433, 1.53219700, -3.50793839, -0.17308187
11658, 38038455, 38038982, 1.37191689, 1.52876282, -3.57143021, -0.28846979
11659, 38039455, 38039976, 1.36685276, 1.52532959, -3.57143021, -0.17308187
11660, 38040455, 38040977, 1.36177456, 1.52151489, -3.60317612, -0.28846979
11661, 38041455, 38041979, 1.35668266, 1.51770020, -3.63492203, 0.05769395
11662, 38042455, 38042985, 1.35157859, 1.51388550, -3.66666794, -0.17308187
11663, 38043455, 38043985, 1.34646475, 1.50968933, -3.66666794, -0.17308187
11664, 38044455, 38044979, 1.34134042, 1.50625610, -3.73015976, -0.28846979
11665, 38045455, 38045975, 1.33620870, 1.50244141, -3.76190567, -0.75002146
11666, 38046455, 38046986, 1.33107078, 1.49862671, -3.76190567, -0.17308187
11667, 38047455, 38047984, 1.32592738, 1.49443054, -3.82539749, -0.17308187
11668, 38048455, 38048986, 1.32078159, 1.49061584, -3.82539749, -0.17308187
11669, 38049455, 38049978, 1.31563413, 1.48641968, -3.85714340, 0.28846979
11670, 38050455, 38050986, 1.31048977, 1.48260498, -3.92063522, -0.05769395
11671, 38051455, 38051987, 1.30535173, 1.47840881, -3.95238113, -0.17308187
11672, 38052455, 38052981, 1.30022216, 1.47421265, -3.98412704, -0.40385768
11673, 38053455, 38053987, 1.29510331, 1.47001648, -4.04761887, -0.05769395
11674, 38054455, 38054983, 1.28999734, 1.46581936, -4.07936478, -0.28846979
11675, 38055455, 38055985, 1.28490794, 1.46162319, -4.07936478, -0.17308187
11676, 38056455, 38056984, 1.27983916, 1.45742702, -4.11111069, -0.28846979
11677, 38057455, 38057988, 1.27479565, 1.45284939, -4.17460251, -0.05769395
11678, 38058455, 38058984, 1.26978135, 1.44903469, -4.17460251, 0.05769395
11679, 38059455, 38059984, 1.26479995, 1.44445705, -4.17460251, -0.28846979
11680, 38060455, 38060986, 1.25985610, 1.44026089, -4.20634842, -0.17308187
11681, 38061455, 38061980, 1.25495625, 1.43606472, -4.23809433, -0.40385768
11682, 38062455, 38062983, 1.25010455, 1.43148708, -4.26984024, -0.17308187
11683, 38063455, 38063983, 1.24530590, 1.42729092, -4.30158615, -0.17308187
11684, 38064455, 38064981, 1.24056470, 1.42271328, -4.33333206, -0.17308187
11685, 38065455, 38065981, 1.23588681, 1.41851711, -4.33333206, -0.05769395
11686, 38066455, 38066981, 1.23127854, 1.41393948, -4.39682388, 0.17308187
11687, 38067455, 38067983, 1.22674918, 1.40936184, -4.42856979, 0.05769395
11688, 38068455, 38068982, 1.22230494, 1.40478325, -4.42856979, -0.17308187
11689, 38069455, 38069982, 1.21795535, 1.40020561, -4.46031570, -0.17308187
11690, 38070455, 38070982, 1.21371007, 1.39524651, -4.49206161, -0.05769395
11691, 38071455, 38071984, 1.20958102, 1.39105034, -4.52381134, 0.05769395
11692, 38072455, 38072980, 1.20558226, 1.38609123, -4.55555725, 0.17308187
11693, 38073455, 38073985, 1.20172644, 1.38151360, -4.58730316, -0.05769395
11694, 38074455, 38074985, 1.19802701, 1.37693596, -4.58730316, 0.05769395
11695, 38075455, 38075983, 1.19449711, 1.37273979, -4.58730316, -0.05769395
11696, 38076455, 38076983, 1.19115150, 1.36778069, -4.61904907, -0.17308187
11697, 38077455, 38077979, 1.18800187, 1.36358452, -4.61904907, -0.05769395
11698, 38078455, 38078979, 1.18505979, 1.35862541, -4.61904907, 0.05769395
11699, 38079455, 38079980, 1.18233120, 1.35404778, -4.65079498, 0.17308187
11700, 38080455, 38080980, 1.17982662, 1.34908867, -4.65079498, 0.05769395
11701, 38081455, 38081978, 1.17755127, 1.34489250, -4.61904907, 0.05769395
11702, 38082455, 38082978, 1.17550933, 1.33993244, -4.65079498, 0.05769395
11703, 38083455, 38083978, 1.17370164, 1.33535480, -4.65079498, -0.17308187
11704, 38084455, 38084982, 1.17212379, 1.33039570, -4.68254089, -0.05769395
11705, 38085455, 38085977, 1.17077017, 1.32581806, -4.68254089, 0.28846979
11706, 38086455, 38086975, 1.16963208, 1.32124043, -4.68254089, 0.51924562
11707, 38087455, 38087977, 1.16869354, 1.31704426, -4.68254089, 0.40385768
11708, 38088455, 38088977, 1.16793954, 1.31208515, -4.65079498, 0.40385768
11709, 38089455, 38089977, 1.16735017, 1.30788898, -4.65079498, 0.51924562
11710, 38090455, 38090978, 1.16690791, 1.30331135, -4.61904907, 0.86540931
11711, 38091455, 38091978, 1.16659451, 1.29873371, -4.58730316, 0.63463354
11712, 38092455, 38092974, 1.16639519, 1.29491901, -4.52381134, 0.86540931
11713, 38093455, 38093974, 1.16629195, 1.29072285, -4.49206161, 1.32696104
11714, 38094455, 38094976, 1.16627228, 1.28652668, -4.42856979, 1.55773675
11715, 38095455, 38095974, 1.16632009, 1.28233051, -4.36507797, 1.09618521
11716, 38096455, 38096973, 1.16642535, 1.27851486, -4.30158615, 1.09618521
11717, 38097455, 38097975, 1.16658306, 1.27470016, -4.20634842, 1.32696104
11718, 38098455, 38098977, 1.16678607, 1.27088547, -4.11111069, 1.55773675
11719, 38099455, 38099977, 1.16703188, 1.26745224, -4.01587296, 1.21157312
11720, 38100455, 38100973, 1.16731703, 1.26440048, -3.92063522, 1.21157312
11721, 38101455, 38101984, 1.16764009, 1.26096725, -3.82539749, 1.09618521
11722, 38102455, 38102988, 1.16800106, 1.25791550, -3.69841385, 1.44234896
11723, 38103455, 38103978, 1.16840100, 1.25524521, -3.57143021, 1.90390050
11724, 38104455, 38104972, 1.16884065, 1.25219345, -3.44444275, 1.09618521
11725, 38105455, 38105982, 1.16932297, 1.24952316, -3.31745911, 1.32696104
11726, 38106455, 38106982, 1.16984928, 1.24647141, -3.19047546, 0.86540931
11727, 38107455, 38107971, 1.17042470, 1.24418259, -3.09523773, 1.21157312
11728, 38108455, 38108971, 1.17105460, 1.24151230, -2.96825409, 1.32696104
11729, 38109455, 38109971, 1.17174470, 1.23922348, -2.84127045, 1.32696104
11730, 38110455, 38110973, 1.17249894, 1.23693466, -2.74603271, 1.32696104
11731, 38111455, 38111983, 1.17332053, 1.23502731, -2.61904907, 0.75002146
11732, 38112455, 38112973, 1.17421317, 1.23273849, -2.49206161, 0.98079723
11733, 38113455, 38113970, 1.17517781, 1.23083115, -2.42856979, 0.75002146
11734, 38114455, 38114982, 1.17621624, 1.22892380, -2.30158615, 0.75002146
11735, 38115455, 38115982, 1.17733264, 1.22739792, -2.17460251, 1.09618521
11736, 38116455, 38116970, 1.17852533, 1.22549057, -2.07936478, 1.09618521
11737, 38117455, 38117984, 1.17979395, 1.22434616, -1.95238113, 1.09618521
11738, 38118455, 38118971, 1.18113470, 1.22282028, -1.82539749, 1.32696104
11739, 38119455, 38119975, 1.18254542, 1.22167587, -1.73015976, 1.44234896
11740, 38120455, 38120987, 1.18402076, 1.22053146, -1.63492203, 1.09618521
11741, 38121455, 38121987, 1.18555737, 1.21900558, -1.53968430, 0.98079723
11742, 38122455, 38122981, 1.18715155, 1.21824169, -1.47618866, 0.86540931
11743, 38123455, 38123983, 1.18879867, 1.21709728, -1.38095093, 0.75002146
11744, 38124455, 38124984, 1.19049489, 1.21595287, -1.28571320, 1.09618521
11745, 38125455, 38125986, 1.19223714, 1.21557140, -1.22222137, 1.09618521
11746, 38126455, 38126986, 1.19402111, 1.21480846, -1.12698364, 0.63463354
11747, 38127455, 38127988, 1.19584286, 1.21404552, -1.03174591, 0.75002146
11748, 38128455, 38128982, 1.19770241, 1.21328259, -0.96825409, 0.75002146
11749, 38129455, 38129982, 1.19959831, 1.21290112, -0.87301636, 0.98079723
11750, 38130455, 38130981, 1.20152915, 1.21251965, -0.77777863, 0.75002146
11751, 38131455, 38131981, 1.20349252, 1.21251965, -0.71428680, 0.75002146
11752, 38132455, 38132983, 1.20548737, 1.21213818, -0.61904907, 0.86540931
11753, 38133455, 38133989, 1.20751333, 1.21175671, -0.52381134, 0.63463354
11754, 38134455, 38134979, 1.20957053, 1.21175671, -0.46031952, 0.63463354
11755, 38135455, 38135983, 1.21165633, 1.21175671, -0.39682770, 0.75002146
11756, 38136455, 38136986, 1.21376908, 1.21175671, -0.30158997, 0.63463354
11757, 38137455, 38137986, 1.21590877, 1.21213818, -0.20635223, 0.75002146
11758, 38138455, 38138984, 1.21807301, 1.21213818, -0.14286041, 0.63463354
11759, 38139455, 38139984, 1.22026122, 1.21251965, -0.04762268, 0.63463354
11760, 38140455, 38140986, 1.22247219, 1.21251965, 0.01587677, 0.40385768
11761, 38141455, 38141982, 1.22470498, 1.21290112, 0.04762268, 0.51924562
11762, 38142455, 38142987, 1.22695744, 1.21328259, 0.14286041, 0.63463354
11763, 38143455, 38143981, 1.22923005, 1.21366405, 0.20635223, 0.63463354
11764, 38144455, 38144981, 1.23152006, 1.21404552, 0.23809814, 0.40385768
11765, 38145455, 38145983, 1.23382759, 1.21480846, 0.26984406, 0.98079723
11766, 38146455, 38146981, 1.23615217, 1.21518993, 0.33333588, 0.63463354
11767, 38147455, 38147981, 1.23849392, 1.21557140, 0.36508179, 0.86540931
11768, 38148455, 38148980, 1.24085033, 1.21595287, 0.39682770, 0.86540931
11769, 38149455, 38149982, 1.24322224, 1.21671581, 0.42857361, 0.98079723
11770, 38150455, 38150986, 1.24561143, 1.21747875, 0.42857361, 0.86540931
11771, 38151455, 38151988, 1.24801648, 1.21824169, 0.49206543, 1.09618521
11772, 38152455, 38152978, 1.25043797, 1.21900558, 0.52381134, 0.63463354
11773, 38153455, 38153987, 1.25287485, 1.21938705, 0.55555725, 0.63463354
11774, 38154455, 38154981, 1.25532842, 1.22014999, 0.58730316, 0.86540931
11775, 38155455, 38155981, 1.25779843, 1.22129440, 0.65079498, 0.86540931
11776, 38156455, 38156981, 1.26028669, 1.22205734, 0.65079498, 1.09618521
11777, 38157455, 38157983, 1.26279306, 1.22282028, 0.71428680, 0.86540931
11778, 38158455, 38158984, 1.26531827, 1.22358322, 0.74603271, 0.63463354
11779, 38159455, 38159980, 1.26786077, 1.22472763, 0.77777863, 0.75002146
11780, 38160455, 38160980, 1.27042270, 1.22549057, 0.80952454, 0.75002146
11781, 38161455, 38161980, 1.27300346, 1.22663498, 0.84127045, 0.75002146
11782, 38162455, 38162982, 1.27560318, 1.22777939, 0.90476227, 0.86540931
11783, 38163455, 38163976, 1.27822351, 1.22854233, 0.93650818, 0.63463354
11784, 38164455, 38164987, 1.28086388, 1.23006821, 0.96825409, 0.28846979
11785, 38165455, 38165979, 1.28352475, 1.23121262, 1.00000000, 0.51924562
11786, 38166455, 38166979, 1.28620541, 1.23235703, 1.03174591, 0.86540931
11787, 38167455, 38167985, 1.28890622, 1.23350143, 1.06349182, 0.86540931
11788, 38168455, 38168983, 1.29162884, 1.23502731, 1.09523773, 0.75002146
11789, 38169455, 38169985, 1.29437065, 1.23617172, 1.12698364, 0.17308187
11790, 38170455, 38170984, 1.29713321, 1.23769760, 1.15872955, 0.86540931
11791, 38171455, 38171980, 1.29991591, 1.23884201, 1.19047546, 0.86540931
11792, 38172455, 38172986, 1.30271828, 1.24036789, 1.22222137, 0.86540931
11793, 38173455, 38173982, 1.30553722, 1.24189377, 1.25396729, 0.75002146
11794, 38174455, 38174982, 1.30837214, 1.24303818, 1.31745911, 0.75002146
11795, 38175455, 38175983, 1.31122196, 1.24494553, 1.34920502, 0.86540931
11796, 38176455, 38176981, 1.31408381, 1.24608994, 1.34920502, 0.86540931
11797, 38177455, 38177985, 1.31695533, 1.24799728, 1.41269684, 1.09618521
11798, 38178455, 38178991, 1.31983435, 1.24952316, 1.44444275, 0.63463354
11799, 38179455, 38179983, 1.32271922, 1.25104904, 1.50793457, 0.63463354
11800, 38180455, 38180985, 1.32560754, 1.25257492, 1.50793457, 0.63463354
11801, 38181455, 38181982, 1.32849729, 1.25448227, 1.53968048, 0.86540931
11802, 38182455, 38182986, 1.33138704, 1.25600815, 1.57142639, 0.63463354
11803, 38183455, 38183988, 1.33427429, 1.25791550, 1.60317230, 0.63463354
11804, 38184455, 38184984, 1.33715928, 1.25982285, 1.63491821, 0.51924562
11805, 38185455, 38185982, 1.34004080, 1.26134872, 1.66666412, 0.40385768
11806, 38186455, 38186982, 1.34291697, 1.26325607, 1.66666412, 0.40385768
11807, 38187455, 38187979, 1.34578454, 1.26516342, 1.69841003, 0.40385768
11808, 38188455, 38188989, 1.34864402, 1.26745224, 1.76190186, 0.63463354
11809, 38189455, 38189979, 1.35149419, 1.26897812, 1.79364777, 0.86540931
11810, 38190455, 38190983, 1.35433543, 1.27088547, 1.82539368, 0.63463354
11811, 38191455, 38191985, 1.35716724, 1.27317429, 1.85713959, 0.63463354
11812, 38192455, 38192984, 1.35998654, 1.27508163, 1.88888550, 0.63463354
11813, 38193455, 38193986, 1.36279345, 1.27698898, 1.92063141, 0.75002146
11814, 38194455, 38194984, 1.36558700, 1.27927780, 1.95237732, 0.63463354
11815, 38195455, 38195990, 1.36836684, 1.28156757, 1.95237732, 0.63463354
11816, 38196455, 38196986, 1.37113190, 1.28347492, 1.98412323, 0.63463354
11817, 38197455, 38197976, 1.37388194, 1.28576374, 2.04762268, 0.98079723
11818, 38198455, 38198985, 1.37661731, 1.28805256, 2.04762268, 1.09618521
11819, 38199455, 38199985, 1.37933707, 1.28995991, 2.04762268, 0.63463354
11820, 38200455, 38200985, 1.38204074, 1.29263020, 2.07936859, 0.63463354
11821, 38201455, 38201983, 1.38472807, 1.29453754, 2.11111450, 0.40385768
11822, 38202455, 38202983, 1.38739765, 1.29682636, 2.14286041, 0.40385768
11823, 38203455, 38203982, 1.39004815, 1.29873371, 2.17460632, 0.75002146
11824, 38204455, 38204978, 1.39267957, 1.30140400, 2.20635223, 0.40385768
11825, 38205455, 38205982, 1.39529097, 1.30369282, 2.20635223, 0.17308187
11826, 38206455, 38206984, 1.39788115, 1.30598164, 2.23809814, 0.51924562
11827, 38207455, 38207982, 1.40044940, 1.30827045, 2.26984406, 0.63463354
11828, 38208455, 38208980, 1.40299451, 1.31094074, 2.26984406, 0.63463354
11829, 38209455, 38209981, 1.40551567, 1.31322956, 2.30158997, 0.63463354
11830, 38210455, 38210983, 1.40801084, 1.31551838, 2.30158997, 0.86540931
11831, 38211455, 38211981, 1.41048014, 1.31780720, 2.30158997, 0.40385768
11832, 38212455, 38212981, 1.41292214, 1.32047749, 2.33333588, 0.63463354
11833, 38213455, 38213979, 1.41533720, 1.32276630, 2.33333588, 0.28846979
11834, 38214455, 38214981, 1.41772306, 1.32505512, 2.36508179, 0.28846979
11835, 38215455, 38215982, 1.42007923, 1.32734394, 2.36508179, 0.40385768
11836, 38216455, 38216980, 1.42240298, 1.33001423, 2.39682770, 0.28846979
11837, 38217455, 38217982, 1.42469382, 1.33268452, 2.39682770, 0.17308187
11838, 38218455, 38218982, 1.42695129, 1.33497334, 2.39682770, 0.17308187
11839, 38219455, 38219980, 1.42917585, 1.33726215, 2.42857361, 0.28846979
11840, 38220455, 38220981, 1.43136632, 1.33955097, 2.42857361, 0.28846979
11841, 38221455, 38221981, 1.43352211, 1.34222126, 2.42857361, 0.51924562
11842, 38222455, 38222979, 1.43564439, 1.34489250, 2.42857361, 0.40385768
11843, 38223455, 38223979, 1.43773115, 1.34718132, 2.42857361, 0.40385768
11844, 38224455, 38224979, 1.43978226, 1.34985161, 2.42857361, 0.28846979
11845, 38225455, 38225977, 1.44179988, 1.35214043, 2.42857361, 0.28846979
11846, 38226455, 38226980, 1.44378257, 1.35442924, 2.46031952, 0.75002146
11847, 38227455, 38227980, 1.44572997, 1.35709953, 2.46031952, 0.17308187
11848, 38228455, 38228978, 1.44764221, 1.35976982, 2.46031952, 0.28846979
11849, 38229455, 38229980, 1.44952011, 1.36205864, 2.42857361, 0.17308187
11850, 38230455, 38230978, 1.45136380, 1.36434746, 2.46031952, 0.28846979
11851, 38231455, 38231981, 1.45317316, 1.36663628, 2.46031952, 0.17308187
11852, 38232455, 38232983, 1.45494831, 1.36968803, 2.42857361, 0.17308187
11853, 38233455, 38233981, 1.45668888, 1.37197685, 2.42857361, 0.28846979
11854, 38234455, 38234975, 1.45839608, 1.37426567, 2.42857361, 0.28846979
11855, 38235455, 38235975, 1.46006739, 1.37655449, 2.39682770, 0.51924562
11856, 38236455, 38236977, 1.46170497, 1.37884331, 2.39682770, 0.40385768
11857, 38237455, 38237976, 1.46330774, 1.38113213, 2.39682770, 0.75002146
11858, 38238455, 38238978, 1.46487463, 1.38342094, 2.39682770, 0.28846979
11859, 38239455, 38239976, 1.46640754, 1.38570976, 2.36508179, 0.05769395
11860, 38240455, 38240976, 1.46790540, 1.38838005, 2.33333588, -0.05769395
11861, 38241455, 38241976, 1.46936810, 1.39066887, 2.33333588, 0.17308187
11862, 38242455, 38242976, 1.47079539, 1.39257622, 2.33333588, 0.17308187
11863, 38243455, 38243979, 1.47218704, 1.39524651, 2.30158997, 0.05769395
11864, 38244455, 38244975, 1.47354329, 1.39715385, 2.30158997, -0.17308187
11865, 38245455, 38245975, 1.47486174, 1.39944267, 2.26984406, 0.05769395
11866, 38246455, 38246977, 1.47614288, 1.40173149, 2.26984406, 0.05769395
11867, 38247455, 38247977, 1.47738636, 1.40402031, 2.23809814, 0.05769395
11868, 38248455, 38248986, 1.47859228, 1.40592766, 2.23809814, 0.05769395
11869, 38249455, 38249974, 1.47975922, 1.40859890, 2.23809814, 0.17308187
11870, 38250455, 38250974, 1.48088682, 1.41050625, 2.20635223, 0.17308187
11871, 38251455, 38251974, 1.48197436, 1.41241360, 2.17460632, 0.28846979
11872, 38252455, 38252974, 1.48302293, 1.41470242, 2.14286041, 0.28846979
11873, 38253455, 38253976, 1.48403287, 1.41660976, 2.14286041, 0.40385768
11874, 38254455, 38254985, 1.48500383, 1.41851711, 2.07936859, 0.28846979
11875, 38255455, 38255975, 1.48593521, 1.42080593, 2.07936859, 0.28846979
11876, 38256455, 38256977, 1.48682737, 1.42233181, 2.04762268, -0.05769395
11877, 38257455, 38257979, 1.48767829, 1.42462063, 2.01587677, -0.05769395
11878, 38258455, 38258987, 1.48848987, 1.42652798, 1.98412323, -0.05769395
11879, 38259455, 38259991, 1.48926163, 1.42805386, 1.98412323, -0.05769395
11880, 38260455, 38260989, 1.48999357, 1.42996120, 1.95237732, -0.05769395
11881, 38261455, 38261996, 1.49068451, 1.43186855, 1.95237732, -0.17308187
11882, 38262455, 38262988, 1.49133444, 1.43377590, 1.88888550, 0.17308187
11883, 38263455, 38263988, 1.49194407, 1.43530178, 1.85713959, -0.05769395
11884, 38264455, 38264988, 1.49251175, 1.43682766, 1.82539368, -0.17308187
11885, 38265455, 38265988, 1.49303877, 1.43873501, 1.85713959, 0.17308187
11886, 38266455, 38266975, 1.49352539, 1.44026089, 1.79364777, -0.17308187
11887, 38267455, 38267987, 1.49397147, 1.44216824, 1.73015594, 0.05769395
11888, 38268455, 38268985, 1.49437630, 1.44331264, 1.73015594, 0.17308187
11889, 38269455, 38269989, 1.49474084, 1.44521999, 1.66666412, 0.17308187
11890, 38270455, 38270985, 1.49506307, 1.44674587, 1.66666412, 0.17308187
11891, 38271455, 38271987, 1.49534428, 1.44827175, 1.63491821, 0.17308187
11892, 38272455, 38272990, 1.49558377, 1.44941616, 1.60317230, 0.05769395
11893, 38273455, 38273984, 1.49578226, 1.45132351, 1.50793457, -0.05769395
11894, 38274455, 38274988, 1.49593830, 1.45246792, 1.50793457, 0.28846979
11895, 38275455, 38275986, 1.49605250, 1.45399380, 1.47618866, 0.05769395
11896, 38276455, 38276988, 1.49612474, 1.45551968, 1.44444275, -0.17308187
11897, 38277455, 38277986, 1.49615502, 1.45666409, 1.44444275, -0.17308187
11898, 38278455, 38278987, 1.49614358, 1.45818996, 1.38095093, -0.05769395
11899, 38279455, 38279987, 1.49609029, 1.45895290, 1.38095093, -0.05769395
11900, 38280455, 38280989, 1.49599493, 1.46047878, 1.34920502, -0.17308187
11901, 38281455, 38281987, 1.49585724, 1.46162319, 1.31745911, -0.05769395
11902, 38282455, 38282987, 1.49567771, 1.46238613, 1.34920502, -0.17308187
11903, 38283455, 38283990, 1.49545586, 1.46391201, 1.25396729, -0.05769395
11904, 38284455, 38284990, 1.49519157, 1.46505642, 1.22222137, -0.28846979
11905, 38285455, 38285988, 1.49488533, 1.46581936, 1.19047546, -0.05769395
11906, 38286455, 38286996, 1.49453652, 1.46696377, 1.15872955, -0.17308187
11907, 38287455, 38287990, 1.49414551, 1.46810818, 1.09523773, -0.05769395
11908, 38288455, 38288988, 1.49371243, 1.46887207, 1.06349182, -0.05769395
11909, 38289455, 38289989, 1.49323678, 1.46963501, 1.03174591, -0.05769395
11910, 38290455, 38290991, 1.49271846, 1.47077942, 1.00000000, 0.28846979
11911, 38291455, 38291985, 1.49215722, 1.47154236, 0.96825409, -0.28846979
11912, 38292455, 38292987, 1.49155295, 1.47230530, 0.93650818, 0.05769395
11913, 38293455, 38293985, 1.49090672, 1.47306824, 0.90476227, 0.17308187
11914, 38294455, 38294985, 1.49022019, 1.47383118, 0.87301636, 0.05769395
11915, 38295455, 38295992, 1.48949194, 1.47459412, 0.80952454, 0.05769395
11916, 38296455, 38296986, 1.48872232, 1.47535706, 0.80952454, 0.05769395
11917, 38297455, 38297984, 1.48791289, 1.47573853, 0.77777863, 0.17308187
11918, 38298455, 38298984, 1.48706365, 1.47650146, 0.65079498, 0.17308187
11919, 38299455, 38299986, 1.48617506, 1.47688293, 0.68254089, 0.17308187
11920, 38300455, 38300983, 1.48524737, 1.47764587, 0.65079498, 0.17308187
11921, 38301455, 38301981, 1.48428059, 1.47802734, 0.61904907, 0.28846979
11922, 38302455, 38302981, 1.48327529, 1.47840881, 0.58730316, 0.28846979
11923, 38303455, 38303989, 1.48223293, 1.47840881, 0.55555725, 0.17308187
11924, 38304455, 38304983, 1.48115218, 1.47917175, 0.52381134, 0.05769395
11925, 38305455, 38305986, 1.48003399, 1.47917175, 0.49206543, 0.28846979
11926, 38306455, 38306988, 1.47887897, 1.47955322, 0.42857361, 0.17308187
11927, 38307455, 38307990, 1.47768760, 1.47993469, 0.39682770, 0.05769395
11928, 38308455, 38308992, 1.47645962, 1.48031616, 0.36508179, 0.05769395
11929, 38309455, 38309980, 1.47519600, 1.48031616, 0.33333588, 0.28846979
11930, 38310455, 38310988, 1.47389698, 1.48069763, 0.26984406, 0.05769395
11931, 38311455, 38311987, 1.47256339, 1.48069763, 0.26984406, 0.05769395
11932, 38312455, 38312987, 1.47119570, 1.48069763, 0.23809814, 0.05769395
11933, 38313455, 38313987, 1.46979463, 1.48107910, 0.17460632, 0.17308187
11934, 38314455, 38314987, 1.46836090, 1.48107910, 0.17460632, 0.17308187
11935, 38315455, 38315985, 1.46689487, 1.48107910, 0.14286041, 0.05769395
11936, 38316455, 38316983, 1.46539593, 1.48069763, 0.14286041, 0.63463354
11937, 38317455, 38317990, 1.46386552, 1.48069763, 0.04762268, -0.05769395
11938, 38318455, 38318984, 1.46230364, 1.48069763, 0.04762268, 0.17308187
11939, 38319455, 38319990, 1.46071112, 1.48069763, -0.01587677, 0.17308187
11940, 38320455, 38320978, 1.45908904, 1.48031616, -0.04762268, 0.17308187
11941, 38321455, 38321986, 1.45743883, 1.48031616, -0.04762268, 0.05769395
11942, 38322455, 38322987, 1.45576072, 1.47993469, -0.11111450, 0.17308187
11943, 38323455, 38323979, 1.45405424, 1.47993469, -0.14286041, 0.40385768
11944, 38324455, 38324983, 1.45232046, 1.47955322, -0.17460632, 0.17308187
11945, 38325455, 38325987, 1.45056021, 1.47917175, -0.17460632, 0.05769395
11946, 38326455, 38326989, 1.44877434, 1.47879028, -0.20635223, -0.05769395
11947, 38327455, 38327983, 1.44696391, 1.47879028, -0.23809814, 0.05769395
11948, 38328455, 38328988, 1.44512928, 1.47840881, -0.23809814, -0.05769395
11949, 38329455, 38329986, 1.44327080, 1.47840881, -0.23809814, -0.05769395
11950, 38330455, 38330994, 1.44138968, 1.47802734, -0.26984406, -0.05769395
11951, 38331455, 38331986, 1.43948650, 1.47764587, -0.30158997, -0.17308187
11952, 38332455, 38332992, 1.43756163, 1.47726440, -0.30158997, -0.05769395
11953, 38333455, 38333988, 1.43561637, 1.47688293, -0.30158997, -0.05769395
11954, 38334455, 38334985, 1.43365121, 1.47612000, -0.33333588, -0.05769395
11955, 38335455, 38335989, 1.43166661, 1.47573853, -0.36508179, -0.17308187
11956, 38336455, 38336983, 1.42966342, 1.47535706, -0.39682770, -0.28846979
11957, 38337455, 38337991, 1.42764318, 1.47497559, -0.39682770, -0.17308187
11958, 38338455, 38338983, 1.42560685, 1.47421265, -0.42857361, -0.05769395
11959, 38339455, 38339986, 1.42355454, 1.47383118, -0.46031952, -0.17308187
11960, 38340455, 38340990, 1.42148709, 1.47306824, -0.49206543, -0.17308187
11961, 38341455, 38341986, 1.41940618, 1.47230530, -0.52381134, -0.40385768
11962, 38342455, 38342986, 1.41731215, 1.47192383, -0.55555725, -0.17308187
11963, 38343455, 38343988, 1.41520727, 1.47116089, -0.55555725, -0.17308187
11964, 38344455, 38344994, 1.41309297, 1.47039795, -0.58730316, -0.17308187
11965, 38345455, 38345979, 1.41096914, 1.46963501, -0.61904907, -0.75002146
11966, 38346455, 38346983, 1.40883577, 1.46887207, -0.65079498, -0.86540931
11967, 38347455, 38347979, 1.40669501, 1.46810818, -0.68254089, -0.17308187
11968, 38348455, 38348987, 1.40454805, 1.46734524, -0.71428680, -0.40385768
11969, 38349455, 38349987, 1.40239501, 1.46620083, -0.77777863, -0.17308187
11970, 38350455, 38350988, 1.40023649, 1.46543789, -0.80952454, -0.51924562
11971, 38351455, 38351990, 1.39807308, 1.46429348, -0.80952454, -0.17308187
11972, 38352455, 38352982, 1.39590716, 1.46314907, -0.84127045, -0.28846979
11973, 38353455, 38353986, 1.39373994, 1.46238613, -0.90476227, -0.40385768
11974, 38354455, 38354984, 1.39157188, 1.46124172, -0.96825409, -0.28846979
11975, 38355455, 38355982, 1.38940525, 1.46009731, -0.96825409, -0.28846979
11976, 38356455, 38356985, 1.38724065, 1.45895290, -1.03174591, -0.28846979
11977, 38357455, 38357985, 1.38507915, 1.45780849, -1.06349182, -0.17308187
11978, 38358455, 38358989, 1.38292158, 1.45628262, -1.09523773, -0.05769395
11979, 38359455, 38359985, 1.38076973, 1.45513821, -1.19047546, -0.28846979
11980, 38360455, 38360987, 1.37862468, 1.45361233, -1.22222137, -0.05769395
11981, 38361455, 38361985, 1.37648618, 1.45246792, -1.25396729, -0.28846979
11982, 38362455, 38362986, 1.37435615, 1.45056057, -1.28571320, 0.05769395
11983, 38363455, 38363988, 1.37223625, 1.44941616, -1.31745911, -0.17308187
11984, 38364455, 38364984, 1.37012875, 1.44750881, -1.38095093, -0.17308187
11985, 38365455, 38365982, 1.36803317, 1.44636440, -1.41269684, -0.40385768
11986, 38366455, 38366982, 1.36595058, 1.44445705, -1.44444275, -0.40385768
11987, 38367455, 38367983, 1.36388314, 1.44293118, -1.47618866, -0.28846979
11988, 38368455, 38368983, 1.36183262, 1.44102383, -1.53968430, -0.28846979
11989, 38369455, 38369983, 1.35980058, 1.43949795, -1.57143021, -0.40385768
11990, 38370455, 38370981, 1.35778856, 1.43720913, -1.63492203, -0.28846979
11991, 38371455, 38371979, 1.35579789, 1.43568325, -1.69841385, -0.40385768
11992, 38372455, 38372981, 1.35382998, 1.43377590, -1.73015976, -0.17308187
11993, 38373455, 38373984, 1.35188568, 1.43186855, -1.76190567, -0.17308187
11994, 38374455, 38374980, 1.34996808, 1.42996120, -1.82539749, -0.40385768
11995, 38375455, 38375982, 1.34807920, 1.42767239, -1.85714340, -0.05769395
11996, 38376455, 38376982, 1.34622133, 1.42576504, -1.88888931, -0.05769395
11997, 38377455, 38377984, 1.34439504, 1.42385769, -1.95238113, -0.05769395
11998, 38378455, 38378983, 1.34260404, 1.42156887, -1.95238113, 0.17308187
11999, 38379455, 38379981, 1.34085107, 1.41966152, -1.98412704, -0.28846979
12000, 38380455, 38380983, 1.33913612, 1.41775417, -2.01587296, -0.17308187